/* Generated by tools/embed.fx. Do not edit. */
#include "faxal.h"

/* std/bytecode */
static const unsigned char embedded_0[] = {
  0x7f, 0x46, 0x58, 0x43, 0x01, 0x00, 0x01, 0x00, 0x00, 0x00, 0x00, 0x00, 0x05, 0x00, 0x00, 0x00,
  0x31, 0x2e, 0x30, 0x2e, 0x30, 0x0b, 0x00, 0x00, 0x00, 0x62, 0x79, 0x74, 0x65, 0x63, 0x6f, 0x64,
  0x65, 0x2e, 0x66, 0x78, 0x07, 0x00, 0x00, 0x00, 0x0e, 0x00, 0x00, 0x00, 0x5f, 0x63, 0x6f, 0x6e,
  0x73, 0x74, 0x61, 0x6e, 0x74, 0x5f, 0x74, 0x65, 0x78, 0x74, 0x01, 0x01, 0x00, 0x00, 0x00, 0x34,
  0x00, 0x00, 0x00, 0x09, 0x00, 0x00, 0x07, 0x01, 0x23, 0x01, 0x07, 0x02, 0x00, 0x00, 0x01, 0x13,
  0x21, 0x00, 0x19, 0x04, 0x00, 0x00, 0x02, 0x07, 0x01, 0x0e, 0x00, 0x03, 0x38, 0x00, 0x04, 0x04,
  0x00, 0x00, 0x04, 0x16, 0x00, 0x00, 0x05, 0x16, 0x27, 0x20, 0x00, 0x01, 0x04, 0x09, 0x00, 0x06,
  0x07, 0x01, 0x23, 0x01, 0x27, 0x01, 0x27, 0x04, 0x00, 0x00, 0x00, 0x25, 0x00, 0x00, 0x00, 0x07,
  0x00, 0x00, 0x00, 0x26, 0x00, 0x00, 0x00, 0x23, 0x00, 0x00, 0x00, 0x27, 0x00, 0x00, 0x00, 0x08,
  0x00, 0x00, 0x00, 0x28, 0x00, 0x00, 0x00, 0x02, 0x00, 0x00, 0x00, 0x07, 0x00, 0x00, 0x00, 0x01,
  0x04, 0x00, 0x00, 0x00, 0x74, 0x79, 0x70, 0x65, 0x01, 0x03, 0x00, 0x00, 0x00, 0x6d, 0x61, 0x70,
  0x01, 0x04, 0x00, 0x00, 0x00, 0x3c, 0x66, 0x6e, 0x20, 0x01, 0x04, 0x00, 0x00, 0x00, 0x6e, 0x61,
  0x6d, 0x65, 0x01, 0x09, 0x00, 0x00, 0x00, 0x61, 0x6e, 0x6f, 0x6e, 0x79, 0x6d, 0x6f, 0x75, 0x73,
  0x01, 0x01, 0x00, 0x00, 0x00, 0x3e, 0x01, 0x04, 0x00, 0x00, 0x00, 0x72, 0x65, 0x70, 0x72, 0x04,
  0x00, 0x00, 0x00, 0x5f, 0x75, 0x31, 0x36, 0x02, 0x02, 0x00, 0x00, 0x00, 0x16, 0x00, 0x00, 0x00,
  0x07, 0x01, 0x07, 0x02, 0x10, 0x00, 0x00, 0x00, 0x18, 0x07, 0x01, 0x07, 0x02, 0x00, 0x00, 0x01,
  0x16, 0x10, 0x16, 0x27, 0x01, 0x27, 0x01, 0x00, 0x00, 0x00, 0x2a, 0x00, 0x00, 0x00, 0x16, 0x00,
  0x00, 0x00, 0x02, 0x00, 0x00, 0x00, 0x00, 0x00, 0x00, 0x00, 0x00, 0x00, 0x00, 0x70, 0x40, 0x00,
  0x00, 0x00, 0x00, 0x00, 0x00, 0x00, 0xf0, 0x3f, 0x14, 0x00, 0x00, 0x00, 0x64, 0x69, 0x73, 0x61,
  0x73, 0x73, 0x65, 0x6d, 0x62, 0x6c, 0x65, 0x5f, 0x66, 0x75, 0x6e, 0x63, 0x74, 0x69, 0x6f, 0x6e,
  0x01, 0x01, 0x00, 0x00, 0x00, 0x48, 0x04, 0x00, 0x00, 0x28, 0x00, 0x00, 0x07, 0x01, 0x0e, 0x00,
  0x00, 0x07, 0x01, 0x0e, 0x00, 0x01, 0x38, 0x00, 0x17, 0x04, 0x07, 0x01, 0x0e, 0x00, 0x02, 0x21,
  0x00, 0x04, 0x04, 0x00, 0x00, 0x03, 0x21, 0x00, 0x03, 0x20, 0x00, 0x04, 0x04, 0x00, 0x00, 0x04,
  0x07, 0x02, 0x00, 0x00, 0x06, 0x07, 0x04, 0x16, 0x00, 0x00, 0x07, 0x16, 0x24, 0x00, 0x05, 0x01,
  0x04, 0x00, 0x00, 0x08, 0x07, 0x05, 0x07, 0x03, 0x24, 0x00, 0x09, 0x00, 0x15, 0x21, 0x03, 0xe6,
  0x04, 0x09, 0x00, 0x0a, 0x07, 0x03, 0x07, 0x05, 0x10, 0x10, 0x09, 0x00, 0x0b, 0x09, 0x00, 0x0d,
  0x07, 0x05, 0x23, 0x01, 0x00, 0x00, 0x0e, 0x00, 0x00, 0x0f, 0x24, 0x00, 0x0c, 0x03, 0x00, 0x00,
  0x10, 0x16, 0x07, 0x05, 0x00, 0x00, 0x11, 0x14, 0x21, 0x00, 0x16, 0x04, 0x07, 0x01, 0x0e, 0x00,
  0x12, 0x07, 0x05, 0x10, 0x07, 0x01, 0x0e, 0x00, 0x12, 0x07, 0x05, 0x00, 0x00, 0x13, 0x17, 0x10,
  0x13, 0x21, 0x00, 0x0d, 0x04, 0x07, 0x07, 0x00, 0x00, 0x14, 0x16, 0x08, 0x07, 0x04, 0x20, 0x00,
  0x22, 0x04, 0x07, 0x07, 0x09, 0x00, 0x0b, 0x09, 0x00, 0x0d, 0x07, 0x01, 0x0e, 0x00, 0x12, 0x07,
  0x05, 0x10, 0x23, 0x01, 0x00, 0x00, 0x15, 0x24, 0x00, 0x0c, 0x02, 0x00, 0x00, 0x16, 0x16, 0x16,
  0x08, 0x07, 0x04, 0x07, 0x07, 0x09, 0x00, 0x0b, 0x07, 0x06, 0x00, 0x00, 0x18, 0x24, 0x00, 0x17,
  0x02, 0x16, 0x08, 0x07, 0x04, 0x07, 0x05, 0x00, 0x00, 0x19, 0x16, 0x00, 0x00, 0x1a, 0x00, 0x00,
  0x1b, 0x00, 0x00, 0x1c, 0x00, 0x00, 0x1d, 0x00, 0x00, 0x1e, 0x00, 0x00, 0x1f, 0x00, 0x00, 0x20,
  0x00, 0x00, 0x21, 0x00, 0x00, 0x22, 0x28, 0x00, 0x09, 0x07, 0x06, 0x24, 0x00, 0x23, 0x01, 0x21,
  0x00, 0x4c, 0x04, 0x09, 0x00, 0x24, 0x07, 0x03, 0x07, 0x05, 0x00, 0x00, 0x25, 0x16, 0x23, 0x02,
  0x07, 0x07, 0x00, 0x00, 0x26, 0x09, 0x00, 0x0b, 0x09, 0x00, 0x0d, 0x07, 0x09, 0x23, 0x01, 0x00,
  0x00, 0x27, 0x24, 0x00, 0x0c, 0x02, 0x16, 0x00, 0x00, 0x28, 0x16, 0x09, 0x00, 0x29, 0x07, 0x01,
  0x0e, 0x00, 0x2a, 0x07, 0x09, 0x10, 0x23, 0x01, 0x16, 0x00, 0x00, 0x2b, 0x16, 0x16, 0x08, 0x07,
  0x04, 0x07, 0x05, 0x00, 0x00, 0x2c, 0x16, 0x08, 0x08, 0x04, 0x04, 0x20, 0x02, 0xc7, 0x04, 0x00,
  0x00, 0x2d, 0x00, 0x00, 0x2e, 0x00, 0x00, 0x2f, 0x00, 0x00, 0x30, 0x00, 0x00, 0x31, 0x28, 0x00,
  0x05, 0x07, 0x06, 0x24, 0x00, 0x23, 0x01, 0x21, 0x00, 0x2f, 0x04, 0x07, 0x07, 0x00, 0x00, 0x32,
  0x09, 0x00, 0x0b, 0x09, 0x00, 0x0d, 0x07, 0x03, 0x07, 0x05, 0x00, 0x00, 0x33, 0x16, 0x10, 0x23,
  0x01, 0x00, 0x00, 0x34, 0x24, 0x00, 0x0c, 0x02, 0x16, 0x16, 0x08, 0x07, 0x04, 0x07, 0x05, 0x00,
  0x00, 0x35, 0x16, 0x08, 0x08, 0x04, 0x20, 0x02, 0x7c, 0x04, 0x00, 0x00, 0x36, 0x00, 0x00, 0x37,
  0x00, 0x00, 0x38, 0x00, 0x00, 0x39, 0x00, 0x00, 0x3a, 0x28, 0x00, 0x05, 0x07, 0x06, 0x24, 0x00,
  0x23, 0x01, 0x21, 0x00, 0x46, 0x04, 0x07, 0x07, 0x00, 0x00, 0x3b, 0x09, 0x00, 0x0b, 0x09, 0x00,
  0x0d, 0x07, 0x05, 0x23, 0x01, 0x00, 0x00, 0x3c, 0x24, 0x00, 0x0c, 0x02, 0x16, 0x00, 0x00, 0x3d,
  0x16, 0x09, 0x00, 0x0d, 0x07, 0x05, 0x00, 0x00, 0x3e, 0x16, 0x09, 0x00, 0x24, 0x07, 0x03, 0x07,
  0x05, 0x00, 0x00, 0x3f, 0x16, 0x23, 0x02, 0x16, 0x23, 0x01, 0x16, 0x16, 0x08, 0x07, 0x04, 0x07,
  0x05, 0x00, 0x00, 0x40, 0x16, 0x08, 0x08, 0x04, 0x20, 0x02, 0x1a, 0x04, 0x07, 0x06, 0x00, 0x00,
  0x41, 0x13, 0x21, 0x00, 0x46, 0x04, 0x07, 0x07, 0x00, 0x00, 0x42, 0x09, 0x00, 0x0b, 0x09, 0x00,
  0x0d, 0x07, 0x05, 0x23, 0x01, 0x00, 0x00, 0x43, 0x24, 0x00, 0x0c, 0x02, 0x16, 0x00, 0x00, 0x44,
  0x16, 0x09, 0x00, 0x0d, 0x07, 0x05, 0x00, 0x00, 0x45, 0x16, 0x09, 0x00, 0x24, 0x07, 0x03, 0x07,
  0x05, 0x00, 0x00, 0x46, 0x16, 0x23, 0x02, 0x17, 0x23, 0x01, 0x16, 0x16, 0x08, 0x07, 0x04, 0x07,
  0x05, 0x00, 0x00, 0x47, 0x16, 0x08, 0x08, 0x04, 0x20, 0x01, 0xca, 0x04, 0x07, 0x06, 0x00, 0x00,
  0x48, 0x13, 0x21, 0x00, 0x03, 0x20, 0x00, 0x07, 0x04, 0x07, 0x06, 0x00, 0x00, 0x49, 0x13, 0x21,
  0x00, 0x49, 0x04, 0x09, 0x00, 0x24, 0x07, 0x03, 0x07, 0x05, 0x00, 0x00, 0x4a, 0x16, 0x23, 0x02,
  0x07, 0x07, 0x00, 0x00, 0x4b, 0x09, 0x00, 0x0d, 0x07, 0x03, 0x07, 0x05, 0x00, 0x00, 0x4c, 0x16,
  0x10, 0x23, 0x01, 0x16, 0x00, 0x00, 0x4d, 0x16, 0x09, 0x00, 0x29, 0x07, 0x01, 0x0e, 0x00, 0x2a,
  0x07, 0x09, 0x10, 0x23, 0x01, 0x16, 0x00, 0x00, 0x4e, 0x16, 0x16, 0x08, 0x07, 0x04, 0x07, 0x05,
  0x00, 0x00, 0x4f, 0x16, 0x08, 0x08, 0x04, 0x04, 0x20, 0x01, 0x6a, 0x04, 0x07, 0x06, 0x00, 0x00,
  0x50, 0x13, 0x21, 0x00, 0x03, 0x20, 0x00, 0x07, 0x04, 0x07, 0x06, 0x00, 0x00, 0x51, 0x13, 0x21,
  0x00, 0x33, 0x04, 0x07, 0x07, 0x00, 0x00, 0x52, 0x09, 0x00, 0x0b, 0x09, 0x00, 0x0d, 0x09, 0x00,
  0x24, 0x07, 0x03, 0x07, 0x05, 0x00, 0x00, 0x53, 0x16, 0x23, 0x02, 0x23, 0x01, 0x00, 0x00, 0x54,
  0x24, 0x00, 0x0c, 0x02, 0x16, 0x16, 0x08, 0x07, 0x04, 0x07, 0x05, 0x00, 0x00, 0x55, 0x16, 0x08,
  0x08, 0x04, 0x20, 0x01, 0x20, 0x04, 0x07, 0x06, 0x00, 0x00, 0x56, 0x13, 0x21, 0x00, 0x43, 0x04,
  0x07, 0x07, 0x00, 0x00, 0x57, 0x09, 0x00, 0x0d, 0x07, 0x03, 0x07, 0x05, 0x00, 0x00, 0x58, 0x16,
  0x10, 0x23, 0x01, 0x16, 0x00, 0x00, 0x59, 0x16, 0x09, 0x00, 0x0d, 0x07, 0x05, 0x00, 0x00, 0x5a,
  0x16, 0x09, 0x00, 0x24, 0x07, 0x03, 0x07, 0x05, 0x00, 0x00, 0x5b, 0x16, 0x23, 0x02, 0x16, 0x23,
  0x01, 0x16, 0x16, 0x08, 0x07, 0x04, 0x07, 0x05, 0x00, 0x00, 0x5c, 0x16, 0x08, 0x08, 0x04, 0x20,
  0x00, 0xd3, 0x04, 0x07, 0x06, 0x00, 0x00, 0x5d, 0x13, 0x21, 0x00, 0xc8, 0x04, 0x09, 0x00, 0x24,
  0x07, 0x03, 0x07, 0x05, 0x00, 0x00, 0x5e, 0x16, 0x23, 0x02, 0x07, 0x01, 0x0e, 0x00, 0x2a, 0x07,
  0x09, 0x10, 0x07, 0x07, 0x00, 0x00, 0x5f, 0x09, 0x00, 0x0b, 0x09, 0x00, 0x0d, 0x07, 0x09, 0x23,
  0x01, 0x00, 0x00, 0x60, 0x24, 0x00, 0x0c, 0x02, 0x16, 0x00, 0x00, 0x61, 0x16, 0x09, 0x00, 0x29,
  0x07, 0x0a, 0x23, 0x01, 0x16, 0x00, 0x00, 0x62, 0x16, 0x16, 0x08, 0x07, 0x04, 0x07, 0x02, 0x07,
  0x07, 0x24, 0x00, 0x05, 0x01, 0x04, 0x01, 0x08, 0x07, 0x04, 0x07, 0x05, 0x00, 0x00, 0x63, 0x16,
  0x08, 0x08, 0x04, 0x00, 0x00, 0x64, 0x07, 0x0a, 0x0e, 0x00, 0x65, 0x1f, 0x00, 0x00, 0x66, 0x2a,
  0x0b, 0x00, 0x5a, 0x07, 0x02, 0x09, 0x00, 0x0b, 0x09, 0x00, 0x0d, 0x07, 0x08, 0x23, 0x01, 0x00,
  0x00, 0x67, 0x00, 0x00, 0x68, 0x24, 0x00, 0x0c, 0x03, 0x00, 0x00, 0x69, 0x16, 0x07, 0x03, 0x07,
  0x08, 0x10, 0x00, 0x00, 0x6a, 0x13, 0x21, 0x00, 0x04, 0x04, 0x00, 0x00, 0x6b, 0x21, 0x00, 0x03,
  0x20, 0x00, 0x04, 0x04, 0x00, 0x00, 0x6c, 0x16, 0x00, 0x00, 0x6d, 0x16, 0x09, 0x00, 0x0d, 0x07,
  0x03, 0x07, 0x08, 0x00, 0x00, 0x6e, 0x16, 0x10, 0x23, 0x01, 0x16, 0x24, 0x00, 0x05, 0x01, 0x04,
  0x07, 0x08, 0x00, 0x00, 0x6f, 0x16, 0x08, 0x08, 0x04, 0x04, 0x22, 0x00, 0x5e, 0x04, 0x04, 0x04,
  0x04, 0x20, 0x00, 0x01, 0x04, 0x07, 0x07, 0x01, 0x13, 0x1d, 0x21, 0x00, 0x0d, 0x04, 0x07, 0x02,
  0x07, 0x07, 0x24, 0x00, 0x05, 0x01, 0x04, 0x20, 0x00, 0x01, 0x04, 0x07, 0x08, 0x08, 0x05, 0x04,
  0x04, 0x04, 0x04, 0x22, 0x03, 0xf2, 0x04, 0x07, 0x02, 0x00, 0x00, 0x70, 0x24, 0x00, 0x05, 0x01,
  0x04, 0x07, 0x02, 0x00, 0x00, 0x72, 0x24, 0x00, 0x71, 0x01, 0x00, 0x00, 0x73, 0x16, 0x27, 0x01,
  0x27, 0x34, 0x00, 0x00, 0x00, 0x2e, 0x00, 0x00, 0x00, 0x03, 0x00, 0x00, 0x00, 0x2f, 0x00, 0x00,
  0x00, 0x05, 0x00, 0x00, 0x00, 0x30, 0x00, 0x00, 0x00, 0x1f, 0x00, 0x00, 0x00, 0x31, 0x00, 0x00,
  0x00, 0x11, 0x00, 0x00, 0x00, 0x32, 0x00, 0x00, 0x00, 0x03, 0x00, 0x00, 0x00, 0x33, 0x00, 0x00,
  0x00, 0x0d, 0x00, 0x00, 0x00, 0x34, 0x00, 0x00, 0x00, 0x09, 0x00, 0x00, 0x00, 0x35, 0x00, 0x00,
  0x00, 0x18, 0x00, 0x00, 0x00, 0x36, 0x00, 0x00, 0x00, 0x51, 0x00, 0x00, 0x00, 0x37, 0x00, 0x00,
  0x00, 0x12, 0x00, 0x00, 0x00, 0x38, 0x00, 0x00, 0x00, 0x06, 0x00, 0x00, 0x00, 0x39, 0x00, 0x00,
  0x00, 0x28, 0x00, 0x00, 0x00, 0x3a, 0x00, 0x00, 0x00, 0x0d, 0x00, 0x00, 0x00, 0x3b, 0x00, 0x00,
  0x00, 0x31, 0x00, 0x00, 0x00, 0x3c, 0x00, 0x00, 0x00, 0x09, 0x00, 0x00, 0x00, 0x3d, 0x00, 0x00,
  0x00, 0x21, 0x00, 0x00, 0x00, 0x3e, 0x00, 0x00, 0x00, 0x22, 0x00, 0x00, 0x00, 0x3f, 0x00, 0x00,
  0x00, 0x09, 0x00, 0x00, 0x00, 0x40, 0x00, 0x00, 0x00, 0x20, 0x00, 0x00, 0x00, 0x41, 0x00, 0x00,
  0x00, 0x39, 0x00, 0x00, 0x00, 0x42, 0x00, 0x00, 0x00, 0x09, 0x00, 0x00, 0x00, 0x43, 0x00, 0x00,
  0x00, 0x0e, 0x00, 0x00, 0x00, 0x44, 0x00, 0x00, 0x00, 0x39, 0x00, 0x00, 0x00, 0x45, 0x00, 0x00,
  0x00, 0x09, 0x00, 0x00, 0x00, 0x46, 0x00, 0x00, 0x00, 0x1b, 0x00, 0x00, 0x00, 0x47, 0x00, 0x00,
  0x00, 0x0d, 0x00, 0x00, 0x00, 0x48, 0x00, 0x00, 0x00, 0x2e, 0x00, 0x00, 0x00, 0x49, 0x00, 0x00,
  0x00, 0x09, 0x00, 0x00, 0x00, 0x4a, 0x00, 0x00, 0x00, 0x1c, 0x00, 0x00, 0x00, 0x4b, 0x00, 0x00,
  0x00, 0x26, 0x00, 0x00, 0x00, 0x4c, 0x00, 0x00, 0x00, 0x09, 0x00, 0x00, 0x00, 0x4d, 0x00, 0x00,
  0x00, 0x0e, 0x00, 0x00, 0x00, 0x4e, 0x00, 0x00, 0x00, 0x36, 0x00, 0x00, 0x00, 0x4f, 0x00, 0x00,
  0x00, 0x09, 0x00, 0x00, 0x00, 0x50, 0x00, 0x00, 0x00, 0x0e, 0x00, 0x00, 0x00, 0x51, 0x00, 0x00,
  0x00, 0x0d, 0x00, 0x00, 0x00, 0x52, 0x00, 0x00, 0x00, 0x08, 0x00, 0x00, 0x00, 0x53, 0x00, 0x00,
  0x00, 0x2b, 0x00, 0x00, 0x00, 0x54, 0x00, 0x00, 0x00, 0x09, 0x00, 0x00, 0x00, 0x55, 0x00, 0x00,
  0x00, 0x04, 0x00, 0x00, 0x00, 0x56, 0x00, 0x00, 0x00, 0x09, 0x00, 0x00, 0x00, 0x57, 0x00, 0x00,
  0x00, 0x10, 0x00, 0x00, 0x00, 0x58, 0x00, 0x00, 0x00, 0x4d, 0x00, 0x00, 0x00, 0x59, 0x00, 0x00,
  0x00, 0x09, 0x00, 0x00, 0x00, 0x5a, 0x00, 0x00, 0x00, 0x06, 0x00, 0x00, 0x00, 0x5b, 0x00, 0x00,
  0x00, 0x06, 0x00, 0x00, 0x00, 0x5c, 0x00, 0x00, 0x00, 0x16, 0x00, 0x00, 0x00, 0x5d, 0x00, 0x00,
  0x00, 0x05, 0x00, 0x00, 0x00, 0x5e, 0x00, 0x00, 0x00, 0x07, 0x00, 0x00, 0x00, 0x5f, 0x00, 0x00,
  0x00, 0x0a, 0x00, 0x00, 0x00, 0x60, 0x00, 0x00, 0x00, 0x0e, 0x00, 0x00, 0x00, 0x61, 0x00, 0x00,
  0x00, 0x02, 0x00, 0x00, 0x00, 0x74, 0x00, 0x00, 0x00, 0x01, 0x04, 0x00, 0x00, 0x00, 0x63, 0x6f,
  0x64, 0x65, 0x01, 0x04, 0x00, 0x00, 0x00, 0x6e, 0x61, 0x6d, 0x65, 0x01, 0x09, 0x00, 0x00, 0x00,
  0x69, 0x73, 0x5f, 0x73, 0x63, 0x72, 0x69, 0x70, 0x74, 0x01, 0x08, 0x00, 0x00, 0x00, 0x3c, 0x73,
  0x63, 0x72, 0x69, 0x70, 0x74, 0x3e, 0x01, 0x08, 0x00, 0x00, 0x00, 0x3c, 0x6c, 0x61, 0x6d, 0x62,
  0x64, 0x61, 0x3e, 0x01, 0x04, 0x00, 0x00, 0x00, 0x70, 0x75, 0x73, 0x68, 0x01, 0x03, 0x00, 0x00,
  0x00, 0x3d, 0x3d, 0x20, 0x01, 0x03, 0x00, 0x00, 0x00, 0x20, 0x3d, 0x3d, 0x00, 0x00, 0x00, 0x00,
  0x00, 0x00, 0x00, 0x00, 0x00, 0x01, 0x03, 0x00, 0x00, 0x00, 0x6c, 0x65, 0x6e, 0x01, 0x03, 0x00,
  0x00, 0x00, 0x4f, 0x50, 0x53, 0x01, 0x02, 0x00, 0x00, 0x00, 0x74, 0x78, 0x01, 0x08, 0x00, 0x00,
  0x00, 0x70, 0x61, 0x64, 0x5f, 0x6c, 0x65, 0x66, 0x74, 0x01, 0x03, 0x00, 0x00, 0x00, 0x73, 0x74,
  0x72, 0x00, 0x00, 0x00, 0x00, 0x00, 0x00, 0x00, 0x10, 0x40, 0x01, 0x01, 0x00, 0x00, 0x00, 0x30,
  0x01, 0x01, 0x00, 0x00, 0x00, 0x20, 0x00, 0x00, 0x00, 0x00, 0x00, 0x00, 0x00, 0x00, 0x00, 0x01,
  0x05, 0x00, 0x00, 0x00, 0x6c, 0x69, 0x6e, 0x65, 0x73, 0x00, 0x00, 0x00, 0x00, 0x00, 0x00, 0x00,
  0xf0, 0x3f, 0x01, 0x05, 0x00, 0x00, 0x00, 0x20, 0x20, 0x20, 0x7c, 0x20, 0x00, 0x00, 0x00, 0x00,
  0x00, 0x00, 0x00, 0x10, 0x40, 0x01, 0x01, 0x00, 0x00, 0x00, 0x20, 0x01, 0x09, 0x00, 0x00, 0x00,
  0x70, 0x61, 0x64, 0x5f, 0x72, 0x69, 0x67, 0x68, 0x74, 0x00, 0x00, 0x00, 0x00, 0x00, 0x00, 0x00,
  0x30, 0x40, 0x00, 0x00, 0x00, 0x00, 0x00, 0x00, 0x00, 0xf0, 0x3f, 0x01, 0x08, 0x00, 0x00, 0x00,
  0x43, 0x4f, 0x4e, 0x53, 0x54, 0x41, 0x4e, 0x54, 0x01, 0x0a, 0x00, 0x00, 0x00, 0x47, 0x45, 0x54,
  0x5f, 0x47, 0x4c, 0x4f, 0x42, 0x41, 0x4c, 0x01, 0x0d, 0x00, 0x00, 0x00, 0x44, 0x45, 0x46, 0x49,
  0x4e, 0x45, 0x5f, 0x47, 0x4c, 0x4f, 0x42, 0x41, 0x4c, 0x01, 0x0a, 0x00, 0x00, 0x00, 0x53, 0x45,
  0x54, 0x5f, 0x47, 0x4c, 0x4f, 0x42, 0x41, 0x4c, 0x01, 0x0c, 0x00, 0x00, 0x00, 0x47, 0x45, 0x54,
  0x5f, 0x50, 0x52, 0x4f, 0x50, 0x45, 0x52, 0x54, 0x59, 0x01, 0x0c, 0x00, 0x00, 0x00, 0x53, 0x45,
  0x54, 0x5f, 0x50, 0x52, 0x4f, 0x50, 0x45, 0x52, 0x54, 0x59, 0x01, 0x05, 0x00, 0x00, 0x00, 0x43,
  0x4c, 0x41, 0x53, 0x53, 0x01, 0x06, 0x00, 0x00, 0x00, 0x4d, 0x45, 0x54, 0x48, 0x4f, 0x44, 0x01,
  0x09, 0x00, 0x00, 0x00, 0x47, 0x45, 0x54, 0x5f, 0x53, 0x55, 0x50, 0x45, 0x52, 0x01, 0x08, 0x00,
  0x00, 0x00, 0x63, 0x6f, 0x6e, 0x74, 0x61, 0x69, 0x6e, 0x73, 0x01, 0x04, 0x00, 0x00, 0x00, 0x5f,
  0x75, 0x31, 0x36, 0x00, 0x00, 0x00, 0x00, 0x00, 0x00, 0x00, 0xf0, 0x3f, 0x01, 0x01, 0x00, 0x00,
  0x00, 0x20, 0x00, 0x00, 0x00, 0x00, 0x00, 0x00, 0x00, 0x10, 0x40, 0x01, 0x02, 0x00, 0x00, 0x00,
  0x20, 0x27, 0x01, 0x0e, 0x00, 0x00, 0x00, 0x5f, 0x63, 0x6f, 0x6e, 0x73, 0x74, 0x61, 0x6e, 0x74,
  0x5f, 0x74, 0x65, 0x78, 0x74, 0x01, 0x09, 0x00, 0x00, 0x00, 0x63, 0x6f, 0x6e, 0x73, 0x74, 0x61,
  0x6e, 0x74, 0x73, 0x01, 0x01, 0x00, 0x00, 0x00, 0x27, 0x00, 0x00, 0x00, 0x00, 0x00, 0x00, 0x00,
  0x08, 0x40, 0x01, 0x09, 0x00, 0x00, 0x00, 0x47, 0x45, 0x54, 0x5f, 0x4c, 0x4f, 0x43, 0x41, 0x4c,
  0x01, 0x09, 0x00, 0x00, 0x00, 0x53, 0x45, 0x54, 0x5f, 0x4c, 0x4f, 0x43, 0x41, 0x4c, 0x01, 0x0b,
  0x00, 0x00, 0x00, 0x47, 0x45, 0x54, 0x5f, 0x55, 0x50, 0x56, 0x41, 0x4c, 0x55, 0x45, 0x01, 0x0b,
  0x00, 0x00, 0x00, 0x53, 0x45, 0x54, 0x5f, 0x55, 0x50, 0x56, 0x41, 0x4c, 0x55, 0x45, 0x01, 0x04,
  0x00, 0x00, 0x00, 0x43, 0x41, 0x4c, 0x4c, 0x01, 0x01, 0x00, 0x00, 0x00, 0x20, 0x00, 0x00, 0x00,
  0x00, 0x00, 0x00, 0x00, 0xf0, 0x3f, 0x00, 0x00, 0x00, 0x00, 0x00, 0x00, 0x00, 0x10, 0x40, 0x00,
  0x00, 0x00, 0x00, 0x00, 0x00, 0x00, 0x00, 0x40, 0x01, 0x04, 0x00, 0x00, 0x00, 0x4a, 0x55, 0x4d,
  0x50, 0x01, 0x0d, 0x00, 0x00, 0x00, 0x4a, 0x55, 0x4d, 0x50, 0x5f, 0x49, 0x46, 0x5f, 0x46, 0x41,
  0x4c, 0x53, 0x45, 0x01, 0x03, 0x00, 0x00, 0x00, 0x54, 0x52, 0x59, 0x01, 0x0b, 0x00, 0x00, 0x00,
  0x4a, 0x55, 0x4d, 0x50, 0x5f, 0x49, 0x46, 0x5f, 0x4e, 0x49, 0x4c, 0x01, 0x0f, 0x00, 0x00, 0x00,
  0x4a, 0x55, 0x4d, 0x50, 0x5f, 0x49, 0x46, 0x5f, 0x4e, 0x4f, 0x54, 0x5f, 0x4e, 0x49, 0x4c, 0x01,
  0x01, 0x00, 0x00, 0x00, 0x20, 0x00, 0x00, 0x00, 0x00, 0x00, 0x00, 0x00, 0x10, 0x40, 0x01, 0x04,
  0x00, 0x00, 0x00, 0x20, 0x2d, 0x3e, 0x20, 0x00, 0x00, 0x00, 0x00, 0x00, 0x00, 0x00, 0x08, 0x40,
  0x00, 0x00, 0x00, 0x00, 0x00, 0x00, 0x00, 0xf0, 0x3f, 0x00, 0x00, 0x00, 0x00, 0x00, 0x00, 0x00,
  0x08, 0x40, 0x01, 0x04, 0x00, 0x00, 0x00, 0x4c, 0x4f, 0x4f, 0x50, 0x01, 0x01, 0x00, 0x00, 0x00,
  0x20, 0x00, 0x00, 0x00, 0x00, 0x00, 0x00, 0x00, 0x10, 0x40, 0x01, 0x04, 0x00, 0x00, 0x00, 0x20,
  0x2d, 0x3e, 0x20, 0x00, 0x00, 0x00, 0x00, 0x00, 0x00, 0x00, 0x08, 0x40, 0x00, 0x00, 0x00, 0x00,
  0x00, 0x00, 0x00, 0xf0, 0x3f, 0x00, 0x00, 0x00, 0x00, 0x00, 0x00, 0x00, 0x08, 0x40, 0x01, 0x06,
  0x00, 0x00, 0x00, 0x49, 0x4e, 0x56, 0x4f, 0x4b, 0x45, 0x01, 0x0c, 0x00, 0x00, 0x00, 0x53, 0x55,
  0x50, 0x45, 0x52, 0x5f, 0x49, 0x4e, 0x56, 0x4f, 0x4b, 0x45, 0x00, 0x00, 0x00, 0x00, 0x00, 0x00,
  0x00, 0xf0, 0x3f, 0x01, 0x02, 0x00, 0x00, 0x00, 0x20, 0x28, 0x00, 0x00, 0x00, 0x00, 0x00, 0x00,
  0x00, 0x08, 0x40, 0x01, 0x08, 0x00, 0x00, 0x00, 0x20, 0x61, 0x72, 0x67, 0x73, 0x29, 0x20, 0x27,
  0x01, 0x01, 0x00, 0x00, 0x00, 0x27, 0x00, 0x00, 0x00, 0x00, 0x00, 0x00, 0x00, 0x10, 0x40, 0x01,
  0x0a, 0x00, 0x00, 0x00, 0x42, 0x55, 0x49, 0x4c, 0x44, 0x5f, 0x4c, 0x49, 0x53, 0x54, 0x01, 0x09,
  0x00, 0x00, 0x00, 0x42, 0x55, 0x49, 0x4c, 0x44, 0x5f, 0x4d, 0x41, 0x50, 0x01, 0x01, 0x00, 0x00,
  0x00, 0x20, 0x00, 0x00, 0x00, 0x00, 0x00, 0x00, 0x00, 0xf0, 0x3f, 0x00, 0x00, 0x00, 0x00, 0x00,
  0x00, 0x00, 0x10, 0x40, 0x00, 0x00, 0x00, 0x00, 0x00, 0x00, 0x00, 0x08, 0x40, 0x01, 0x08, 0x00,
  0x00, 0x00, 0x46, 0x4f, 0x52, 0x5f, 0x4e, 0x45, 0x58, 0x54, 0x01, 0x06, 0x00, 0x00, 0x00, 0x20,
  0x73, 0x6c, 0x6f, 0x74, 0x20, 0x00, 0x00, 0x00, 0x00, 0x00, 0x00, 0x00, 0xf0, 0x3f, 0x01, 0x0a,
  0x00, 0x00, 0x00, 0x2c, 0x20, 0x65, 0x78, 0x69, 0x74, 0x20, 0x2d, 0x3e, 0x20, 0x00, 0x00, 0x00,
  0x00, 0x00, 0x00, 0x00, 0x10, 0x40, 0x00, 0x00, 0x00, 0x00, 0x00, 0x00, 0x00, 0x00, 0x40, 0x00,
  0x00, 0x00, 0x00, 0x00, 0x00, 0x00, 0x10, 0x40, 0x01, 0x07, 0x00, 0x00, 0x00, 0x43, 0x4c, 0x4f,
  0x53, 0x55, 0x52, 0x45, 0x00, 0x00, 0x00, 0x00, 0x00, 0x00, 0x00, 0xf0, 0x3f, 0x01, 0x01, 0x00,
  0x00, 0x00, 0x20, 0x00, 0x00, 0x00, 0x00, 0x00, 0x00, 0x00, 0x10, 0x40, 0x01, 0x02, 0x00, 0x00,
  0x00, 0x20, 0x27, 0x01, 0x01, 0x00, 0x00, 0x00, 0x27, 0x00, 0x00, 0x00, 0x00, 0x00, 0x00, 0x00,
  0x08, 0x40, 0x00, 0x00, 0x00, 0x00, 0x00, 0x00, 0x00, 0x00, 0x00, 0x01, 0x0d, 0x00, 0x00, 0x00,
  0x75, 0x70, 0x76, 0x61, 0x6c, 0x75, 0x65, 0x5f, 0x63, 0x6f, 0x75, 0x6e, 0x74, 0x00, 0x00, 0x00,
  0x00, 0x00, 0x00, 0x00, 0x00, 0x00, 0x00, 0x00, 0x00, 0x00, 0x00, 0x00, 0x00, 0x10, 0x40, 0x01,
  0x01, 0x00, 0x00, 0x00, 0x30, 0x01, 0x18, 0x00, 0x00, 0x00, 0x20, 0x20, 0x20, 0x20, 0x7c, 0x20,
  0x20, 0x20, 0x20, 0x20, 0x20, 0x20, 0x20, 0x20, 0x20, 0x20, 0x20, 0x20, 0x20, 0x20, 0x20, 0x20,
  0x20, 0x20, 0x00, 0x00, 0x00, 0x00, 0x00, 0x00, 0x00, 0xf0, 0x3f, 0x01, 0x05, 0x00, 0x00, 0x00,
  0x6c, 0x6f, 0x63, 0x61, 0x6c, 0x01, 0x07, 0x00, 0x00, 0x00, 0x75, 0x70, 0x76, 0x61, 0x6c, 0x75,
  0x65, 0x01, 0x01, 0x00, 0x00, 0x00, 0x20, 0x00, 0x00, 0x00, 0x00, 0x00, 0x00, 0x00, 0xf0, 0x3f,
  0x00, 0x00, 0x00, 0x00, 0x00, 0x00, 0x00, 0x00, 0x40, 0x01, 0x00, 0x00, 0x00, 0x00, 0x01, 0x04,
  0x00, 0x00, 0x00, 0x6a, 0x6f, 0x69, 0x6e, 0x01, 0x01, 0x00, 0x00, 0x00, 0x0a, 0x01, 0x01, 0x00,
  0x00, 0x00, 0x0a, 0x0b, 0x00, 0x00, 0x00, 0x64, 0x69, 0x73, 0x61, 0x73, 0x73, 0x65, 0x6d, 0x62,
  0x6c, 0x65, 0x01, 0x01, 0x00, 0x00, 0x00, 0x16, 0x00, 0x00, 0x00, 0x07, 0x01, 0x0e, 0x00, 0x00,
  0x09, 0x00, 0x02, 0x24, 0x00, 0x01, 0x01, 0x00, 0x00, 0x04, 0x24, 0x00, 0x03, 0x01, 0x27, 0x01,
  0x27, 0x02, 0x00, 0x00, 0x00, 0x65, 0x00, 0x00, 0x00, 0x14, 0x00, 0x00, 0x00, 0x66, 0x00, 0x00,
  0x00, 0x02, 0x00, 0x00, 0x00, 0x05, 0x00, 0x00, 0x00, 0x01, 0x09, 0x00, 0x00, 0x00, 0x66, 0x75,
  0x6e, 0x63, 0x74, 0x69, 0x6f, 0x6e, 0x73, 0x01, 0x03, 0x00, 0x00, 0x00, 0x6d, 0x61, 0x70, 0x01,
  0x14, 0x00, 0x00, 0x00, 0x64, 0x69, 0x73, 0x61, 0x73, 0x73, 0x65, 0x6d, 0x62, 0x6c, 0x65, 0x5f,
  0x66, 0x75, 0x6e, 0x63, 0x74, 0x69, 0x6f, 0x6e, 0x01, 0x04, 0x00, 0x00, 0x00, 0x6a, 0x6f, 0x69,
  0x6e, 0x01, 0x00, 0x00, 0x00, 0x00, 0xff, 0xff, 0xff, 0xff, 0x01, 0x01, 0x00, 0x00, 0x00, 0x91,
  0x00, 0x00, 0x00, 0x09, 0x00, 0x00, 0x07, 0x01, 0x23, 0x01, 0x07, 0x02, 0x00, 0x00, 0x01, 0x13,
  0x21, 0x00, 0x10, 0x04, 0x00, 0x00, 0x02, 0x07, 0x01, 0x0e, 0x00, 0x03, 0x29, 0x00, 0x01, 0x27,
  0x20, 0x00, 0x01, 0x04, 0x07, 0x02, 0x00, 0x00, 0x04, 0x13, 0x21, 0x00, 0x28, 0x04, 0x07, 0x01,
  0x07, 0x01, 0x13, 0x1d, 0x21, 0x00, 0x03, 0x20, 0x00, 0x0a, 0x04, 0x07, 0x01, 0x09, 0x00, 0x05,
  0x0e, 0x00, 0x06, 0x13, 0x21, 0x00, 0x03, 0x20, 0x00, 0x0b, 0x04, 0x07, 0x01, 0x09, 0x00, 0x05,
  0x0e, 0x00, 0x06, 0x1c, 0x13, 0x21, 0x00, 0x36, 0x04, 0x00, 0x00, 0x07, 0x07, 0x01, 0x07, 0x01,
  0x13, 0x1d, 0x21, 0x00, 0x04, 0x04, 0x00, 0x00, 0x08, 0x21, 0x00, 0x03, 0x20, 0x00, 0x18, 0x04,
  0x07, 0x01, 0x00, 0x00, 0x09, 0x14, 0x21, 0x00, 0x04, 0x04, 0x00, 0x00, 0x0a, 0x21, 0x00, 0x03,
  0x20, 0x00, 0x04, 0x04, 0x00, 0x00, 0x0b, 0x29, 0x00, 0x01, 0x27, 0x20, 0x00, 0x01, 0x04, 0x07,
  0x01, 0x27, 0x01, 0x27, 0x07, 0x00, 0x00, 0x00, 0x6e, 0x00, 0x00, 0x00, 0x07, 0x00, 0x00, 0x00,
  0x6f, 0x00, 0x00, 0x00, 0x1a, 0x00, 0x00, 0x00, 0x70, 0x00, 0x00, 0x00, 0x35, 0x00, 0x00, 0x00,
  0x71, 0x00, 0x00, 0x00, 0x32, 0x00, 0x00, 0x00, 0x72, 0x00, 0x00, 0x00, 0x04, 0x00, 0x00, 0x00,
  0x73, 0x00, 0x00, 0x00, 0x03, 0x00, 0x00, 0x00, 0x74, 0x00, 0x00, 0x00, 0x02, 0x00, 0x00, 0x00,
  0x0c, 0x00, 0x00, 0x00, 0x01, 0x04, 0x00, 0x00, 0x00, 0x74, 0x79, 0x70, 0x65, 0x01, 0x03, 0x00,
  0x00, 0x00, 0x6d, 0x61, 0x70, 0x01, 0x02, 0x00, 0x00, 0x00, 0x66, 0x6e, 0x01, 0x05, 0x00, 0x00,
  0x00, 0x69, 0x6e, 0x64, 0x65, 0x78, 0x01, 0x06, 0x00, 0x00, 0x00, 0x6e, 0x75, 0x6d, 0x62, 0x65,
  0x72, 0x01, 0x04, 0x00, 0x00, 0x00, 0x6d, 0x61, 0x74, 0x68, 0x01, 0x03, 0x00, 0x00, 0x00, 0x69,
  0x6e, 0x66, 0x01, 0x03, 0x00, 0x00, 0x00, 0x6e, 0x75, 0x6d, 0x01, 0x03, 0x00, 0x00, 0x00, 0x6e,
  0x61, 0x6e, 0x00, 0x00, 0x00, 0x00, 0x00, 0x00, 0x00, 0x00, 0x00, 0x01, 0x03, 0x00, 0x00, 0x00,
  0x69, 0x6e, 0x66, 0x01, 0x04, 0x00, 0x00, 0x00, 0x2d, 0x69, 0x6e, 0x66, 0x07, 0x00, 0x00, 0x00,
  0x74, 0x6f, 0x5f, 0x77, 0x69, 0x72, 0x65, 0x01, 0x01, 0x00, 0x00, 0x00, 0x74, 0x00, 0x00, 0x00,
  0x28, 0x00, 0x00, 0x07, 0x01, 0x0e, 0x00, 0x00, 0x00, 0x00, 0x01, 0x2a, 0x03, 0x00, 0x58, 0x07,
  0x05, 0x0e, 0x00, 0x02, 0x25, 0x00, 0x04, 0x24, 0x00, 0x03, 0x01, 0x07, 0x02, 0x00, 0x00, 0x06,
  0x07, 0x05, 0x0e, 0x00, 0x06, 0x00, 0x00, 0x07, 0x07, 0x05, 0x0e, 0x00, 0x07, 0x00, 0x00, 0x08,
  0x07, 0x05, 0x0e, 0x00, 0x08, 0x00, 0x00, 0x09, 0x07, 0x05, 0x0e, 0x00, 0x0a, 0x00, 0x00, 0x0b,
  0x07, 0x05, 0x0e, 0x00, 0x0c, 0x00, 0x00, 0x0d, 0x07, 0x05, 0x0e, 0x00, 0x0d, 0x00, 0x00, 0x0e,
  0x07, 0x05, 0x0e, 0x00, 0x0e, 0x00, 0x00, 0x0f, 0x07, 0x06, 0x29, 0x00, 0x08, 0x24, 0x00, 0x05,
  0x01, 0x04, 0x04, 0x04, 0x22, 0x00, 0x5c, 0x04, 0x04, 0x00, 0x00, 0x10, 0x07, 0x02, 0x29, 0x00,
  0x01, 0x27, 0x01, 0x27, 0x11, 0x00, 0x00, 0x00, 0x6b, 0x00, 0x00, 0x00, 0x03, 0x00, 0x00, 0x00,
  0x6c, 0x00, 0x00, 0x00, 0x0c, 0x00, 0x00, 0x00, 0x6d, 0x00, 0x00, 0x00, 0x05, 0x00, 0x00, 0x00,
  0x74, 0x00, 0x00, 0x00, 0x07, 0x00, 0x00, 0x00, 0x75, 0x00, 0x00, 0x00, 0x02, 0x00, 0x00, 0x00,
  0x76, 0x00, 0x00, 0x00, 0x08, 0x00, 0x00, 0x00, 0x77, 0x00, 0x00, 0x00, 0x08, 0x00, 0x00, 0x00,
  0x78, 0x00, 0x00, 0x00, 0x08, 0x00, 0x00, 0x00, 0x79, 0x00, 0x00, 0x00, 0x08, 0x00, 0x00, 0x00,
  0x7a, 0x00, 0x00, 0x00, 0x08, 0x00, 0x00, 0x00, 0x7b, 0x00, 0x00, 0x00, 0x08, 0x00, 0x00, 0x00,
  0x7c, 0x00, 0x00, 0x00, 0x08, 0x00, 0x00, 0x00, 0x7d, 0x00, 0x00, 0x00, 0x05, 0x00, 0x00, 0x00,
  0x7e, 0x00, 0x00, 0x00, 0x08, 0x00, 0x00, 0x00, 0x7f, 0x00, 0x00, 0x00, 0x07, 0x00, 0x00, 0x00,
  0x80, 0x00, 0x00, 0x00, 0x09, 0x00, 0x00, 0x00, 0x81, 0x00, 0x00, 0x00, 0x02, 0x00, 0x00, 0x00,
  0x11, 0x00, 0x00, 0x00, 0x01, 0x09, 0x00, 0x00, 0x00, 0x66, 0x75, 0x6e, 0x63, 0x74, 0x69, 0x6f,
  0x6e, 0x73, 0x00, 0x00, 0x00, 0x00, 0x00, 0x00, 0x00, 0x00, 0x00, 0x01, 0x09, 0x00, 0x00, 0x00,
  0x63, 0x6f, 0x6e, 0x73, 0x74, 0x61, 0x6e, 0x74, 0x73, 0x01, 0x03, 0x00, 0x00, 0x00, 0x6d, 0x61,
  0x70, 0x02, 0x04, 0x00, 0x00, 0x00, 0x01, 0x04, 0x00, 0x00, 0x00, 0x70, 0x75, 0x73, 0x68, 0x01,
  0x04, 0x00, 0x00, 0x00, 0x6e, 0x61, 0x6d, 0x65, 0x01, 0x05, 0x00, 0x00, 0x00, 0x61, 0x72, 0x69,
  0x74, 0x79, 0x01, 0x09, 0x00, 0x00, 0x00, 0x6d, 0x69, 0x6e, 0x5f, 0x61, 0x72, 0x69, 0x74, 0x79,
  0x01, 0x08, 0x00, 0x00, 0x00, 0x75, 0x70, 0x76, 0x61, 0x6c, 0x75, 0x65, 0x73, 0x01, 0x0d, 0x00,
  0x00, 0x00, 0x75, 0x70, 0x76, 0x61, 0x6c, 0x75, 0x65, 0x5f, 0x63, 0x6f, 0x75, 0x6e, 0x74, 0x01,
  0x06, 0x00, 0x00, 0x00, 0x73, 0x63, 0x72, 0x69, 0x70, 0x74, 0x01, 0x09, 0x00, 0x00, 0x00, 0x69,
  0x73, 0x5f, 0x73, 0x63, 0x72, 0x69, 0x70, 0x74, 0x01, 0x04, 0x00, 0x00, 0x00, 0x63, 0x6f, 0x64,
  0x65, 0x01, 0x05, 0x00, 0x00, 0x00, 0x6c, 0x69, 0x6e, 0x65, 0x73, 0x01, 0x09, 0x00, 0x00, 0x00,
  0x63, 0x6f, 0x6e, 0x73, 0x74, 0x61, 0x6e, 0x74, 0x73, 0x01, 0x09, 0x00, 0x00, 0x00, 0x66, 0x75,
  0x6e, 0x63, 0x74, 0x69, 0x6f, 0x6e, 0x73, 0xff, 0xff, 0xff, 0xff, 0x00, 0x00, 0x00, 0x00, 0x01,
  0x03, 0x01, 0x00, 0x00, 0x00, 0x00, 0x00, 0x2e, 0x0a, 0x00, 0x01, 0x00, 0x00, 0x03, 0x00, 0x00,
  0x04, 0x00, 0x00, 0x05, 0x00, 0x00, 0x06, 0x00, 0x00, 0x07, 0x00, 0x00, 0x08, 0x00, 0x00, 0x09,
  0x00, 0x00, 0x0a, 0x00, 0x00, 0x0b, 0x00, 0x00, 0x0c, 0x00, 0x00, 0x0d, 0x00, 0x00, 0x0e, 0x00,
  0x00, 0x0f, 0x00, 0x00, 0x10, 0x00, 0x00, 0x11, 0x00, 0x00, 0x12, 0x00, 0x00, 0x13, 0x00, 0x00,
  0x14, 0x00, 0x00, 0x15, 0x00, 0x00, 0x16, 0x00, 0x00, 0x17, 0x00, 0x00, 0x18, 0x00, 0x00, 0x19,
  0x00, 0x00, 0x1a, 0x00, 0x00, 0x1b, 0x00, 0x00, 0x1c, 0x00, 0x00, 0x1d, 0x00, 0x00, 0x1e, 0x00,
  0x00, 0x1f, 0x00, 0x00, 0x20, 0x00, 0x00, 0x21, 0x00, 0x00, 0x22, 0x00, 0x00, 0x23, 0x00, 0x00,
  0x24, 0x00, 0x00, 0x25, 0x00, 0x00, 0x26, 0x00, 0x00, 0x27, 0x00, 0x00, 0x28, 0x00, 0x00, 0x29,
  0x00, 0x00, 0x2a, 0x00, 0x00, 0x2b, 0x00, 0x00, 0x2c, 0x00, 0x00, 0x2d, 0x00, 0x00, 0x2e, 0x00,
  0x00, 0x2f, 0x00, 0x00, 0x30, 0x00, 0x00, 0x31, 0x00, 0x00, 0x32, 0x00, 0x00, 0x33, 0x00, 0x00,
  0x34, 0x00, 0x00, 0x35, 0x00, 0x00, 0x36, 0x00, 0x00, 0x37, 0x00, 0x00, 0x38, 0x00, 0x00, 0x39,
  0x00, 0x00, 0x3a, 0x00, 0x00, 0x3b, 0x28, 0x00, 0x39, 0x0a, 0x00, 0x02, 0x29, 0x00, 0x00, 0x0a,
  0x00, 0x3c, 0x00, 0x00, 0x3d, 0x09, 0x00, 0x02, 0x24, 0x00, 0x3e, 0x00, 0x1f, 0x00, 0x00, 0x3f,
  0x2a, 0x01, 0x00, 0x11, 0x09, 0x00, 0x3c, 0x09, 0x00, 0x02, 0x07, 0x03, 0x10, 0x07, 0x03, 0x11,
  0x04, 0x04, 0x22, 0x00, 0x15, 0x04, 0x04, 0x25, 0x00, 0x41, 0x0a, 0x00, 0x40, 0x25, 0x00, 0x43,
  0x0a, 0x00, 0x42, 0x25, 0x00, 0x45, 0x0a, 0x00, 0x44, 0x25, 0x00, 0x47, 0x0a, 0x00, 0x46, 0x25,
  0x00, 0x49, 0x0a, 0x00, 0x48, 0x01, 0x27, 0x15, 0x00, 0x00, 0x00, 0x0e, 0x00, 0x00, 0x00, 0x07,
  0x00, 0x00, 0x00, 0x12, 0x00, 0x00, 0x00, 0x15, 0x00, 0x00, 0x00, 0x13, 0x00, 0x00, 0x00, 0x0f,
  0x00, 0x00, 0x00, 0x14, 0x00, 0x00, 0x00, 0x0c, 0x00, 0x00, 0x00, 0x15, 0x00, 0x00, 0x00, 0x09,
  0x00, 0x00, 0x00, 0x16, 0x00, 0x00, 0x00, 0x1b, 0x00, 0x00, 0x00, 0x17, 0x00, 0x00, 0x00, 0x0c,
  0x00, 0x00, 0x00, 0x18, 0x00, 0x00, 0x00, 0x09, 0x00, 0x00, 0x00, 0x19, 0x00, 0x00, 0x00, 0x0f,
  0x00, 0x00, 0x00, 0x1a, 0x00, 0x00, 0x00, 0x09, 0x00, 0x00, 0x00, 0x1b, 0x00, 0x00, 0x00, 0x0f,
  0x00, 0x00, 0x00, 0x1c, 0x00, 0x00, 0x00, 0x0f, 0x00, 0x00, 0x00, 0x1d, 0x00, 0x00, 0x00, 0x0c,
  0x00, 0x00, 0x00, 0x1e, 0x00, 0x00, 0x00, 0x06, 0x00, 0x00, 0x00, 0x21, 0x00, 0x00, 0x00, 0x06,
  0x00, 0x00, 0x00, 0x22, 0x00, 0x00, 0x00, 0x25, 0x00, 0x00, 0x00, 0x28, 0x00, 0x00, 0x00, 0x06,
  0x00, 0x00, 0x00, 0x2a, 0x00, 0x00, 0x00, 0x06, 0x00, 0x00, 0x00, 0x61, 0x00, 0x00, 0x00, 0x06,
  0x00, 0x00, 0x00, 0x66, 0x00, 0x00, 0x00, 0x06, 0x00, 0x00, 0x00, 0x81, 0x00, 0x00, 0x00, 0x08,
  0x00, 0x00, 0x00, 0x4a, 0x00, 0x00, 0x00, 0x01, 0x08, 0x00, 0x00, 0x00, 0x73, 0x74, 0x64, 0x2f,
  0x74, 0x65, 0x78, 0x74, 0x01, 0x02, 0x00, 0x00, 0x00, 0x74, 0x78, 0x01, 0x03, 0x00, 0x00, 0x00,
  0x4f, 0x50, 0x53, 0x01, 0x08, 0x00, 0x00, 0x00, 0x43, 0x4f, 0x4e, 0x53, 0x54, 0x41, 0x4e, 0x54,
  0x01, 0x03, 0x00, 0x00, 0x00, 0x4e, 0x49, 0x4c, 0x01, 0x04, 0x00, 0x00, 0x00, 0x54, 0x52, 0x55,
  0x45, 0x01, 0x05, 0x00, 0x00, 0x00, 0x46, 0x41, 0x4c, 0x53, 0x45, 0x01, 0x03, 0x00, 0x00, 0x00,
  0x50, 0x4f, 0x50, 0x01, 0x03, 0x00, 0x00, 0x00, 0x44, 0x55, 0x50, 0x01, 0x04, 0x00, 0x00, 0x00,
  0x44, 0x55, 0x50, 0x32, 0x01, 0x09, 0x00, 0x00, 0x00, 0x47, 0x45, 0x54, 0x5f, 0x4c, 0x4f, 0x43,
  0x41, 0x4c, 0x01, 0x09, 0x00, 0x00, 0x00, 0x53, 0x45, 0x54, 0x5f, 0x4c, 0x4f, 0x43, 0x41, 0x4c,
  0x01, 0x0a, 0x00, 0x00, 0x00, 0x47, 0x45, 0x54, 0x5f, 0x47, 0x4c, 0x4f, 0x42, 0x41, 0x4c, 0x01,
  0x0d, 0x00, 0x00, 0x00, 0x44, 0x45, 0x46, 0x49, 0x4e, 0x45, 0x5f, 0x47, 0x4c, 0x4f, 0x42, 0x41,
  0x4c, 0x01, 0x0a, 0x00, 0x00, 0x00, 0x53, 0x45, 0x54, 0x5f, 0x47, 0x4c, 0x4f, 0x42, 0x41, 0x4c,
  0x01, 0x0b, 0x00, 0x00, 0x00, 0x47, 0x45, 0x54, 0x5f, 0x55, 0x50, 0x56, 0x41, 0x4c, 0x55, 0x45,
  0x01, 0x0b, 0x00, 0x00, 0x00, 0x53, 0x45, 0x54, 0x5f, 0x55, 0x50, 0x56, 0x41, 0x4c, 0x55, 0x45,
  0x01, 0x0c, 0x00, 0x00, 0x00, 0x47, 0x45, 0x54, 0x5f, 0x50, 0x52, 0x4f, 0x50, 0x45, 0x52, 0x54,
  0x59, 0x01, 0x0c, 0x00, 0x00, 0x00, 0x53, 0x45, 0x54, 0x5f, 0x50, 0x52, 0x4f, 0x50, 0x45, 0x52,
  0x54, 0x59, 0x01, 0x09, 0x00, 0x00, 0x00, 0x47, 0x45, 0x54, 0x5f, 0x49, 0x4e, 0x44, 0x45, 0x58,
  0x01, 0x09, 0x00, 0x00, 0x00, 0x53, 0x45, 0x54, 0x5f, 0x49, 0x4e, 0x44, 0x45, 0x58, 0x01, 0x05,
  0x00, 0x00, 0x00, 0x53, 0x4c, 0x49, 0x43, 0x45, 0x01, 0x05, 0x00, 0x00, 0x00, 0x45, 0x51, 0x55,
  0x41, 0x4c, 0x01, 0x07, 0x00, 0x00, 0x00, 0x47, 0x52, 0x45, 0x41, 0x54, 0x45, 0x52, 0x01, 0x04,
  0x00, 0x00, 0x00, 0x4c, 0x45, 0x53, 0x53, 0x01, 0x03, 0x00, 0x00, 0x00, 0x41, 0x44, 0x44, 0x01,
  0x03, 0x00, 0x00, 0x00, 0x53, 0x55, 0x42, 0x01, 0x03, 0x00, 0x00, 0x00, 0x4d, 0x55, 0x4c, 0x01,
  0x03, 0x00, 0x00, 0x00, 0x44, 0x49, 0x56, 0x01, 0x03, 0x00, 0x00, 0x00, 0x4d, 0x4f, 0x44, 0x01,
  0x03, 0x00, 0x00, 0x00, 0x50, 0x4f, 0x57, 0x01, 0x03, 0x00, 0x00, 0x00, 0x4e, 0x45, 0x47, 0x01,
  0x03, 0x00, 0x00, 0x00, 0x4e, 0x4f, 0x54, 0x01, 0x02, 0x00, 0x00, 0x00, 0x49, 0x4e, 0x01, 0x05,
  0x00, 0x00, 0x00, 0x52, 0x41, 0x4e, 0x47, 0x45, 0x01, 0x04, 0x00, 0x00, 0x00, 0x4a, 0x55, 0x4d,
  0x50, 0x01, 0x0d, 0x00, 0x00, 0x00, 0x4a, 0x55, 0x4d, 0x50, 0x5f, 0x49, 0x46, 0x5f, 0x46, 0x41,
  0x4c, 0x53, 0x45, 0x01, 0x04, 0x00, 0x00, 0x00, 0x4c, 0x4f, 0x4f, 0x50, 0x01, 0x04, 0x00, 0x00,
  0x00, 0x43, 0x41, 0x4c, 0x4c, 0x01, 0x06, 0x00, 0x00, 0x00, 0x49, 0x4e, 0x56, 0x4f, 0x4b, 0x45,
  0x01, 0x07, 0x00, 0x00, 0x00, 0x43, 0x4c, 0x4f, 0x53, 0x55, 0x52, 0x45, 0x01, 0x0d, 0x00, 0x00,
  0x00, 0x43, 0x4c, 0x4f, 0x53, 0x45, 0x5f, 0x55, 0x50, 0x56, 0x41, 0x4c, 0x55, 0x45, 0x01, 0x06,
  0x00, 0x00, 0x00, 0x52, 0x45, 0x54, 0x55, 0x52, 0x4e, 0x01, 0x0a, 0x00, 0x00, 0x00, 0x42, 0x55,
  0x49, 0x4c, 0x44, 0x5f, 0x4c, 0x49, 0x53, 0x54, 0x01, 0x09, 0x00, 0x00, 0x00, 0x42, 0x55, 0x49,
  0x4c, 0x44, 0x5f, 0x4d, 0x41, 0x50, 0x01, 0x08, 0x00, 0x00, 0x00, 0x46, 0x4f, 0x52, 0x5f, 0x4e,
  0x45, 0x58, 0x54, 0x01, 0x03, 0x00, 0x00, 0x00, 0x54, 0x52, 0x59, 0x01, 0x07, 0x00, 0x00, 0x00,
  0x45, 0x4e, 0x44, 0x5f, 0x54, 0x52, 0x59, 0x01, 0x05, 0x00, 0x00, 0x00, 0x54, 0x48, 0x52, 0x4f,
  0x57, 0x01, 0x06, 0x00, 0x00, 0x00, 0x49, 0x4d, 0x50, 0x4f, 0x52, 0x54, 0x01, 0x0a, 0x00, 0x00,
  0x00, 0x52, 0x45, 0x50, 0x4c, 0x5f, 0x50, 0x52, 0x49, 0x4e, 0x54, 0x01, 0x05, 0x00, 0x00, 0x00,
  0x43, 0x4c, 0x41, 0x53, 0x53, 0x01, 0x07, 0x00, 0x00, 0x00, 0x49, 0x4e, 0x48, 0x45, 0x52, 0x49,
  0x54, 0x01, 0x06, 0x00, 0x00, 0x00, 0x4d, 0x45, 0x54, 0x48, 0x4f, 0x44, 0x01, 0x09, 0x00, 0x00,
  0x00, 0x47, 0x45, 0x54, 0x5f, 0x53, 0x55, 0x50, 0x45, 0x52, 0x01, 0x0c, 0x00, 0x00, 0x00, 0x53,
  0x55, 0x50, 0x45, 0x52, 0x5f, 0x49, 0x4e, 0x56, 0x4f, 0x4b, 0x45, 0x01, 0x04, 0x00, 0x00, 0x00,
  0x53, 0x57, 0x41, 0x50, 0x01, 0x02, 0x00, 0x00, 0x00, 0x42, 0x59, 0x01, 0x0b, 0x00, 0x00, 0x00,
  0x4a, 0x55, 0x4d, 0x50, 0x5f, 0x49, 0x46, 0x5f, 0x4e, 0x49, 0x4c, 0x01, 0x0f, 0x00, 0x00, 0x00,
  0x4a, 0x55, 0x4d, 0x50, 0x5f, 0x49, 0x46, 0x5f, 0x4e, 0x4f, 0x54, 0x5f, 0x4e, 0x49, 0x4c, 0x01,
  0x02, 0x00, 0x00, 0x00, 0x4f, 0x50, 0x00, 0x00, 0x00, 0x00, 0x00, 0x00, 0x00, 0x00, 0x00, 0x01,
  0x03, 0x00, 0x00, 0x00, 0x6c, 0x65, 0x6e, 0x00, 0x00, 0x00, 0x00, 0x00, 0x00, 0x00, 0x00, 0x00,
  0x01, 0x0e, 0x00, 0x00, 0x00, 0x5f, 0x63, 0x6f, 0x6e, 0x73, 0x74, 0x61, 0x6e, 0x74, 0x5f, 0x74,
  0x65, 0x78, 0x74, 0x02, 0x00, 0x00, 0x00, 0x00, 0x01, 0x04, 0x00, 0x00, 0x00, 0x5f, 0x75, 0x31,
  0x36, 0x02, 0x01, 0x00, 0x00, 0x00, 0x01, 0x14, 0x00, 0x00, 0x00, 0x64, 0x69, 0x73, 0x61, 0x73,
  0x73, 0x65, 0x6d, 0x62, 0x6c, 0x65, 0x5f, 0x66, 0x75, 0x6e, 0x63, 0x74, 0x69, 0x6f, 0x6e, 0x02,
  0x02, 0x00, 0x00, 0x00, 0x01, 0x0b, 0x00, 0x00, 0x00, 0x64, 0x69, 0x73, 0x61, 0x73, 0x73, 0x65,
  0x6d, 0x62, 0x6c, 0x65, 0x02, 0x03, 0x00, 0x00, 0x00, 0x01, 0x07, 0x00, 0x00, 0x00, 0x74, 0x6f,
  0x5f, 0x77, 0x69, 0x72, 0x65, 0x02, 0x05, 0x00, 0x00, 0x00, 0x13, 0x5e, 0x2e, 0xdb,
};

/* std/collections */
static const unsigned char embedded_1[] = {
  0x7f, 0x46, 0x58, 0x43, 0x01, 0x00, 0x01, 0x00, 0x00, 0x00, 0x00, 0x00, 0x05, 0x00, 0x00, 0x00,
  0x31, 0x2e, 0x30, 0x2e, 0x30, 0x0e, 0x00, 0x00, 0x00, 0x63, 0x6f, 0x6c, 0x6c, 0x65, 0x63, 0x74,
  0x69, 0x6f, 0x6e, 0x73, 0x2e, 0x66, 0x78, 0x28, 0x00, 0x00, 0x00, 0x04, 0x00, 0x00, 0x00, 0x69,
  0x6e, 0x69, 0x74, 0x00, 0x00, 0x00, 0x00, 0x00, 0x0c, 0x00, 0x00, 0x00, 0x07, 0x00, 0x28, 0x00,
  0x00, 0x0f, 0x00, 0x00, 0x04, 0x07, 0x00, 0x27, 0x01, 0x00, 0x00, 0x00, 0x04, 0x00, 0x00, 0x00,
  0x0c, 0x00, 0x00, 0x00, 0x01, 0x00, 0x00, 0x00, 0x01, 0x05, 0x00, 0x00, 0x00, 0x69, 0x74, 0x65,
  0x6d, 0x73, 0x04, 0x00, 0x00, 0x00, 0x70, 0x75, 0x73, 0x68, 0x01, 0x01, 0x00, 0x00, 0x00, 0x11,
  0x00, 0x00, 0x00, 0x07, 0x00, 0x0e, 0x00, 0x00, 0x07, 0x01, 0x24, 0x00, 0x01, 0x01, 0x04, 0x07,
  0x00, 0x27, 0x01, 0x27, 0x01, 0x00, 0x00, 0x00, 0x05, 0x00, 0x00, 0x00, 0x11, 0x00, 0x00, 0x00,
  0x02, 0x00, 0x00, 0x00, 0x01, 0x05, 0x00, 0x00, 0x00, 0x69, 0x74, 0x65, 0x6d, 0x73, 0x01, 0x04,
  0x00, 0x00, 0x00, 0x70, 0x75, 0x73, 0x68, 0x03, 0x00, 0x00, 0x00, 0x70, 0x6f, 0x70, 0x00, 0x00,
  0x00, 0x00, 0x00, 0x25, 0x00, 0x00, 0x00, 0x07, 0x00, 0x0e, 0x00, 0x00, 0x24, 0x00, 0x01, 0x00,
  0x00, 0x00, 0x02, 0x13, 0x21, 0x00, 0x08, 0x04, 0x00, 0x00, 0x03, 0x2d, 0x20, 0x00, 0x01, 0x04,
  0x07, 0x00, 0x0e, 0x00, 0x00, 0x24, 0x00, 0x04, 0x00, 0x27, 0x01, 0x27, 0x03, 0x00, 0x00, 0x00,
  0x07, 0x00, 0x00, 0x00, 0x19, 0x00, 0x00, 0x00, 0x08, 0x00, 0x00, 0x00, 0x0a, 0x00, 0x00, 0x00,
  0x09, 0x00, 0x00, 0x00, 0x02, 0x00, 0x00, 0x00, 0x05, 0x00, 0x00, 0x00, 0x01, 0x05, 0x00, 0x00,
  0x00, 0x69, 0x74, 0x65, 0x6d, 0x73, 0x01, 0x03, 0x00, 0x00, 0x00, 0x6c, 0x65, 0x6e, 0x00, 0x00,
  0x00, 0x00, 0x00, 0x00, 0x00, 0x00, 0x00, 0x01, 0x17, 0x00, 0x00, 0x00, 0x70, 0x6f, 0x70, 0x20,
  0x66, 0x72, 0x6f, 0x6d, 0x20, 0x61, 0x6e, 0x20, 0x65, 0x6d, 0x70, 0x74, 0x79, 0x20, 0x53, 0x74,
  0x61, 0x63, 0x6b, 0x01, 0x03, 0x00, 0x00, 0x00, 0x70, 0x6f, 0x70, 0x04, 0x00, 0x00, 0x00, 0x70,
  0x65, 0x65, 0x6b, 0x00, 0x00, 0x00, 0x00, 0x00, 0x26, 0x00, 0x00, 0x00, 0x07, 0x00, 0x0e, 0x00,
  0x00, 0x24, 0x00, 0x01, 0x00, 0x00, 0x00, 0x02, 0x13, 0x21, 0x00, 0x08, 0x04, 0x00, 0x00, 0x03,
  0x2d, 0x20, 0x00, 0x01, 0x04, 0x07, 0x00, 0x0e, 0x00, 0x00, 0x00, 0x00, 0x04, 0x1c, 0x10, 0x27,
  0x01, 0x27, 0x03, 0x00, 0x00, 0x00, 0x0b, 0x00, 0x00, 0x00, 0x19, 0x00, 0x00, 0x00, 0x0c, 0x00,
  0x00, 0x00, 0x0b, 0x00, 0x00, 0x00, 0x0d, 0x00, 0x00, 0x00, 0x02, 0x00, 0x00, 0x00, 0x05, 0x00,
  0x00, 0x00, 0x01, 0x05, 0x00, 0x00, 0x00, 0x69, 0x74, 0x65, 0x6d, 0x73, 0x01, 0x03, 0x00, 0x00,
  0x00, 0x6c, 0x65, 0x6e, 0x00, 0x00, 0x00, 0x00, 0x00, 0x00, 0x00, 0x00, 0x00, 0x01, 0x16, 0x00,
  0x00, 0x00, 0x70, 0x65, 0x65, 0x6b, 0x20, 0x61, 0x74, 0x20, 0x61, 0x6e, 0x20, 0x65, 0x6d, 0x70,
  0x74, 0x79, 0x20, 0x53, 0x74, 0x61, 0x63, 0x6b, 0x00, 0x00, 0x00, 0x00, 0x00, 0x00, 0x00, 0xf0,
  0x3f, 0x03, 0x00, 0x00, 0x00, 0x6c, 0x65, 0x6e, 0x00, 0x00, 0x00, 0x00, 0x00, 0x0c, 0x00, 0x00,
  0x00, 0x07, 0x00, 0x0e, 0x00, 0x00, 0x24, 0x00, 0x01, 0x00, 0x27, 0x01, 0x27, 0x01, 0x00, 0x00,
  0x00, 0x0e, 0x00, 0x00, 0x00, 0x0c, 0x00, 0x00, 0x00, 0x02, 0x00, 0x00, 0x00, 0x01, 0x05, 0x00,
  0x00, 0x00, 0x69, 0x74, 0x65, 0x6d, 0x73, 0x01, 0x03, 0x00, 0x00, 0x00, 0x6c, 0x65, 0x6e, 0x08,
  0x00, 0x00, 0x00, 0x69, 0x73, 0x5f, 0x65, 0x6d, 0x70, 0x74, 0x79, 0x00, 0x00, 0x00, 0x00, 0x00,
  0x10, 0x00, 0x00, 0x00, 0x07, 0x00, 0x0e, 0x00, 0x00, 0x24, 0x00, 0x01, 0x00, 0x00, 0x00, 0x02,
  0x13, 0x27, 0x01, 0x27, 0x01, 0x00, 0x00, 0x00, 0x0f, 0x00, 0x00, 0x00, 0x10, 0x00, 0x00, 0x00,
  0x03, 0x00, 0x00, 0x00, 0x01, 0x05, 0x00, 0x00, 0x00, 0x69, 0x74, 0x65, 0x6d, 0x73, 0x01, 0x03,
  0x00, 0x00, 0x00, 0x6c, 0x65, 0x6e, 0x00, 0x00, 0x00, 0x00, 0x00, 0x00, 0x00, 0x00, 0x00, 0x07,
  0x00, 0x00, 0x00, 0x74, 0x6f, 0x5f, 0x6c, 0x69, 0x73, 0x74, 0x00, 0x00, 0x00, 0x00, 0x00, 0x0c,
  0x00, 0x00, 0x00, 0x07, 0x00, 0x0e, 0x00, 0x00, 0x24, 0x00, 0x01, 0x00, 0x27, 0x01, 0x27, 0x01,
  0x00, 0x00, 0x00, 0x10, 0x00, 0x00, 0x00, 0x0c, 0x00, 0x00, 0x00, 0x02, 0x00, 0x00, 0x00, 0x01,
  0x05, 0x00, 0x00, 0x00, 0x69, 0x74, 0x65, 0x6d, 0x73, 0x01, 0x04, 0x00, 0x00, 0x00, 0x63, 0x6f,
  0x70, 0x79, 0x06, 0x00, 0x00, 0x00, 0x74, 0x6f, 0x5f, 0x73, 0x74, 0x72, 0x00, 0x00, 0x00, 0x00,
  0x00, 0x11, 0x00, 0x00, 0x00, 0x00, 0x00, 0x00, 0x09, 0x00, 0x01, 0x07, 0x00, 0x0e, 0x00, 0x02,
  0x23, 0x01, 0x16, 0x27, 0x01, 0x27, 0x01, 0x00, 0x00, 0x00, 0x11, 0x00, 0x00, 0x00, 0x11, 0x00,
  0x00, 0x00, 0x03, 0x00, 0x00, 0x00, 0x01, 0x05, 0x00, 0x00, 0x00, 0x53, 0x74, 0x61, 0x63, 0x6b,
  0x01, 0x03, 0x00, 0x00, 0x00, 0x73, 0x74, 0x72, 0x01, 0x05, 0x00, 0x00, 0x00, 0x69, 0x74, 0x65,
  0x6d, 0x73, 0x04, 0x00, 0x00, 0x00, 0x69, 0x6e, 0x69, 0x74, 0x00, 0x00, 0x00, 0x00, 0x00, 0x15,
  0x00, 0x00, 0x00, 0x07, 0x00, 0x28, 0x00, 0x00, 0x0f, 0x00, 0x00, 0x04, 0x07, 0x00, 0x00, 0x00,
  0x02, 0x0f, 0x00, 0x01, 0x04, 0x07, 0x00, 0x27, 0x03, 0x00, 0x00, 0x00, 0x17, 0x00, 0x00, 0x00,
  0x09, 0x00, 0x00, 0x00, 0x18, 0x00, 0x00, 0x00, 0x09, 0x00, 0x00, 0x00, 0x19, 0x00, 0x00, 0x00,
  0x03, 0x00, 0x00, 0x00, 0x03, 0x00, 0x00, 0x00, 0x01, 0x05, 0x00, 0x00, 0x00, 0x69, 0x74, 0x65,
  0x6d, 0x73, 0x01, 0x04, 0x00, 0x00, 0x00, 0x68, 0x65, 0x61, 0x64, 0x00, 0x00, 0x00, 0x00, 0x00,
  0x00, 0x00, 0x00, 0x00, 0x04, 0x00, 0x00, 0x00, 0x70, 0x75, 0x73, 0x68, 0x01, 0x01, 0x00, 0x00,
  0x00, 0x11, 0x00, 0x00, 0x00, 0x07, 0x00, 0x0e, 0x00, 0x00, 0x07, 0x01, 0x24, 0x00, 0x01, 0x01,
  0x04, 0x07, 0x00, 0x27, 0x01, 0x27, 0x01, 0x00, 0x00, 0x00, 0x1a, 0x00, 0x00, 0x00, 0x11, 0x00,
  0x00, 0x00, 0x02, 0x00, 0x00, 0x00, 0x01, 0x05, 0x00, 0x00, 0x00, 0x69, 0x74, 0x65, 0x6d, 0x73,
  0x01, 0x04, 0x00, 0x00, 0x00, 0x70, 0x75, 0x73, 0x68, 0x03, 0x00, 0x00, 0x00, 0x70, 0x6f, 0x70,
  0x00, 0x00, 0x00, 0x00, 0x00, 0x8c, 0x00, 0x00, 0x00, 0x07, 0x00, 0x0e, 0x00, 0x00, 0x07, 0x00,
  0x0e, 0x00, 0x01, 0x24, 0x00, 0x02, 0x00, 0x15, 0x1d, 0x21, 0x00, 0x08, 0x04, 0x00, 0x00, 0x03,
  0x2d, 0x20, 0x00, 0x01, 0x04, 0x07, 0x00, 0x0e, 0x00, 0x01, 0x07, 0x00, 0x0e, 0x00, 0x00, 0x10,
  0x07, 0x00, 0x0e, 0x00, 0x01, 0x07, 0x00, 0x0e, 0x00, 0x00, 0x01, 0x11, 0x04, 0x07, 0x00, 0x05,
  0x0e, 0x00, 0x00, 0x00, 0x00, 0x04, 0x16, 0x0f, 0x00, 0x00, 0x04, 0x07, 0x00, 0x0e, 0x00, 0x00,
  0x00, 0x00, 0x05, 0x14, 0x21, 0x00, 0x14, 0x04, 0x07, 0x00, 0x0e, 0x00, 0x00, 0x00, 0x00, 0x06,
  0x18, 0x07, 0x00, 0x0e, 0x00, 0x01, 0x24, 0x00, 0x02, 0x00, 0x14, 0x21, 0x00, 0x21, 0x04, 0x07,
  0x00, 0x07, 0x00, 0x0e, 0x00, 0x01, 0x07, 0x00, 0x0e, 0x00, 0x00, 0x24, 0x00, 0x07, 0x01, 0x0f,
  0x00, 0x01, 0x04, 0x07, 0x00, 0x00, 0x00, 0x08, 0x0f, 0x00, 0x00, 0x04, 0x20, 0x00, 0x01, 0x04,
  0x07, 0x01, 0x27, 0x01, 0x27, 0x0a, 0x00, 0x00, 0x00, 0x1c, 0x00, 0x00, 0x00, 0x1c, 0x00, 0x00,
  0x00, 0x1d, 0x00, 0x00, 0x00, 0x0b, 0x00, 0x00, 0x00, 0x1e, 0x00, 0x00, 0x00, 0x0d, 0x00, 0x00,
  0x00, 0x1f, 0x00, 0x00, 0x00, 0x0e, 0x00, 0x00, 0x00, 0x20, 0x00, 0x00, 0x00, 0x24, 0x00, 0x00,
  0x00, 0x21, 0x00, 0x00, 0x00, 0x14, 0x00, 0x00, 0x00, 0x22, 0x00, 0x00, 0x00, 0x09, 0x00, 0x00,
  0x00, 0x23, 0x00, 0x00, 0x00, 0x04, 0x00, 0x00, 0x00, 0x24, 0x00, 0x00, 0x00, 0x03, 0x00, 0x00,
  0x00, 0x25, 0x00, 0x00, 0x00, 0x02, 0x00, 0x00, 0x00, 0x09, 0x00, 0x00, 0x00, 0x01, 0x04, 0x00,
  0x00, 0x00, 0x68, 0x65, 0x61, 0x64, 0x01, 0x05, 0x00, 0x00, 0x00, 0x69, 0x74, 0x65, 0x6d, 0x73,
  0x01, 0x03, 0x00, 0x00, 0x00, 0x6c, 0x65, 0x6e, 0x01, 0x17, 0x00, 0x00, 0x00, 0x70, 0x6f, 0x70,
  0x20, 0x66, 0x72, 0x6f, 0x6d, 0x20, 0x61, 0x6e, 0x20, 0x65, 0x6d, 0x70, 0x74, 0x79, 0x20, 0x51,
  0x75, 0x65, 0x75, 0x65, 0x00, 0x00, 0x00, 0x00, 0x00, 0x00, 0x00, 0xf0, 0x3f, 0x00, 0x00, 0x00,
  0x00, 0x00, 0x00, 0x00, 0x40, 0x40, 0x00, 0x00, 0x00, 0x00, 0x00, 0x00, 0x00, 0x00, 0x40, 0x01,
  0x05, 0x00, 0x00, 0x00, 0x73, 0x6c, 0x69, 0x63, 0x65, 0x00, 0x00, 0x00, 0x00, 0x00, 0x00, 0x00,
  0x00, 0x00, 0x04, 0x00, 0x00, 0x00, 0x70, 0x65, 0x65, 0x6b, 0x00, 0x00, 0x00, 0x00, 0x00, 0x2a,
  0x00, 0x00, 0x00, 0x07, 0x00, 0x0e, 0x00, 0x00, 0x07, 0x00, 0x0e, 0x00, 0x01, 0x24, 0x00, 0x02,
  0x00, 0x15, 0x1d, 0x21, 0x00, 0x08, 0x04, 0x00, 0x00, 0x03, 0x2d, 0x20, 0x00, 0x01, 0x04, 0x07,
  0x00, 0x0e, 0x00, 0x01, 0x07, 0x00, 0x0e, 0x00, 0x00, 0x10, 0x27, 0x01, 0x27, 0x03, 0x00, 0x00,
  0x00, 0x27, 0x00, 0x00, 0x00, 0x1c, 0x00, 0x00, 0x00, 0x28, 0x00, 0x00, 0x00, 0x0c, 0x00, 0x00,
  0x00, 0x29, 0x00, 0x00, 0x00, 0x02, 0x00, 0x00, 0x00, 0x04, 0x00, 0x00, 0x00, 0x01, 0x04, 0x00,
  0x00, 0x00, 0x68, 0x65, 0x61, 0x64, 0x01, 0x05, 0x00, 0x00, 0x00, 0x69, 0x74, 0x65, 0x6d, 0x73,
  0x01, 0x03, 0x00, 0x00, 0x00, 0x6c, 0x65, 0x6e, 0x01, 0x16, 0x00, 0x00, 0x00, 0x70, 0x65, 0x65,
  0x6b, 0x20, 0x61, 0x74, 0x20, 0x61, 0x6e, 0x20, 0x65, 0x6d, 0x70, 0x74, 0x79, 0x20, 0x51, 0x75,
  0x65, 0x75, 0x65, 0x03, 0x00, 0x00, 0x00, 0x6c, 0x65, 0x6e, 0x00, 0x00, 0x00, 0x00, 0x00, 0x12,
  0x00, 0x00, 0x00, 0x07, 0x00, 0x0e, 0x00, 0x00, 0x24, 0x00, 0x01, 0x00, 0x07, 0x00, 0x0e, 0x00,
  0x02, 0x17, 0x27, 0x01, 0x27, 0x01, 0x00, 0x00, 0x00, 0x2a, 0x00, 0x00, 0x00, 0x12, 0x00, 0x00,
  0x00, 0x03, 0x00, 0x00, 0x00, 0x01, 0x05, 0x00, 0x00, 0x00, 0x69, 0x74, 0x65, 0x6d, 0x73, 0x01,
  0x03, 0x00, 0x00, 0x00, 0x6c, 0x65, 0x6e, 0x01, 0x04, 0x00, 0x00, 0x00, 0x68, 0x65, 0x61, 0x64,
  0x08, 0x00, 0x00, 0x00, 0x69, 0x73, 0x5f, 0x65, 0x6d, 0x70, 0x74, 0x79, 0x00, 0x00, 0x00, 0x00,
  0x00, 0x13, 0x00, 0x00, 0x00, 0x07, 0x00, 0x0e, 0x00, 0x00, 0x07, 0x00, 0x0e, 0x00, 0x01, 0x24,
  0x00, 0x02, 0x00, 0x15, 0x1d, 0x27, 0x01, 0x27, 0x01, 0x00, 0x00, 0x00, 0x2b, 0x00, 0x00, 0x00,
  0x13, 0x00, 0x00, 0x00, 0x03, 0x00, 0x00, 0x00, 0x01, 0x04, 0x00, 0x00, 0x00, 0x68, 0x65, 0x61,
  0x64, 0x01, 0x05, 0x00, 0x00, 0x00, 0x69, 0x74, 0x65, 0x6d, 0x73, 0x01, 0x03, 0x00, 0x00, 0x00,
  0x6c, 0x65, 0x6e, 0x07, 0x00, 0x00, 0x00, 0x74, 0x6f, 0x5f, 0x6c, 0x69, 0x73, 0x74, 0x00, 0x00,
  0x00, 0x00, 0x00, 0x11, 0x00, 0x00, 0x00, 0x07, 0x00, 0x0e, 0x00, 0x00, 0x07, 0x00, 0x0e, 0x00,
  0x02, 0x24, 0x00, 0x01, 0x01, 0x27, 0x01, 0x27, 0x01, 0x00, 0x00, 0x00, 0x2c, 0x00, 0x00, 0x00,
  0x11, 0x00, 0x00, 0x00, 0x03, 0x00, 0x00, 0x00, 0x01, 0x05, 0x00, 0x00, 0x00, 0x69, 0x74, 0x65,
  0x6d, 0x73, 0x01, 0x05, 0x00, 0x00, 0x00, 0x73, 0x6c, 0x69, 0x63, 0x65, 0x01, 0x04, 0x00, 0x00,
  0x00, 0x68, 0x65, 0x61, 0x64, 0x06, 0x00, 0x00, 0x00, 0x74, 0x6f, 0x5f, 0x73, 0x74, 0x72, 0x00,
  0x00, 0x00, 0x00, 0x00, 0x12, 0x00, 0x00, 0x00, 0x00, 0x00, 0x00, 0x09, 0x00, 0x01, 0x07, 0x00,
  0x24, 0x00, 0x02, 0x00, 0x23, 0x01, 0x16, 0x27, 0x01, 0x27, 0x01, 0x00, 0x00, 0x00, 0x2d, 0x00,
  0x00, 0x00, 0x12, 0x00, 0x00, 0x00, 0x03, 0x00, 0x00, 0x00, 0x01, 0x05, 0x00, 0x00, 0x00, 0x51,
  0x75, 0x65, 0x75, 0x65, 0x01, 0x03, 0x00, 0x00, 0x00, 0x73, 0x74, 0x72, 0x01, 0x07, 0x00, 0x00,
  0x00, 0x74, 0x6f, 0x5f, 0x6c, 0x69, 0x73, 0x74, 0x04, 0x00, 0x00, 0x00, 0x69, 0x6e, 0x69, 0x74,
  0x00, 0x00, 0x00, 0x00, 0x00, 0x0c, 0x00, 0x00, 0x00, 0x07, 0x00, 0x29, 0x00, 0x00, 0x0f, 0x00,
  0x00, 0x04, 0x07, 0x00, 0x27, 0x01, 0x00, 0x00, 0x00, 0x32, 0x00, 0x00, 0x00, 0x0c, 0x00, 0x00,
  0x00, 0x01, 0x00, 0x00, 0x00, 0x01, 0x04, 0x00, 0x00, 0x00, 0x64, 0x61, 0x74, 0x61, 0x03, 0x00,
  0x00, 0x00, 0x61, 0x64, 0x64, 0x01, 0x01, 0x00, 0x00, 0x00, 0x0f, 0x00, 0x00, 0x00, 0x07, 0x00,
  0x0e, 0x00, 0x00, 0x07, 0x01, 0x02, 0x11, 0x04, 0x07, 0x00, 0x27, 0x01, 0x27, 0x01, 0x00, 0x00,
  0x00, 0x33, 0x00, 0x00, 0x00, 0x0f, 0x00, 0x00, 0x00, 0x01, 0x00, 0x00, 0x00, 0x01, 0x04, 0x00,
  0x00, 0x00, 0x64, 0x61, 0x74, 0x61, 0x03, 0x00, 0x00, 0x00, 0x68, 0x61, 0x73, 0x01, 0x01, 0x00,
  0x00, 0x00, 0x0e, 0x00, 0x00, 0x00, 0x07, 0x00, 0x0e, 0x00, 0x00, 0x07, 0x01, 0x24, 0x00, 0x01,
  0x01, 0x27, 0x01, 0x27, 0x01, 0x00, 0x00, 0x00, 0x34, 0x00, 0x00, 0x00, 0x0e, 0x00, 0x00, 0x00,
  0x02, 0x00, 0x00, 0x00, 0x01, 0x04, 0x00, 0x00, 0x00, 0x64, 0x61, 0x74, 0x61, 0x01, 0x03, 0x00,
  0x00, 0x00, 0x68, 0x61, 0x73, 0x06, 0x00, 0x00, 0x00, 0x72, 0x65, 0x6d, 0x6f, 0x76, 0x65, 0x01,
  0x01, 0x00, 0x00, 0x00, 0x11, 0x00, 0x00, 0x00, 0x07, 0x00, 0x0e, 0x00, 0x00, 0x07, 0x01, 0x24,
  0x00, 0x01, 0x01, 0x04, 0x07, 0x00, 0x27, 0x01, 0x27, 0x01, 0x00, 0x00, 0x00, 0x35, 0x00, 0x00,
  0x00, 0x11, 0x00, 0x00, 0x00, 0x02, 0x00, 0x00, 0x00, 0x01, 0x04, 0x00, 0x00, 0x00, 0x64, 0x61,
  0x74, 0x61, 0x01, 0x06, 0x00, 0x00, 0x00, 0x72, 0x65, 0x6d, 0x6f, 0x76, 0x65, 0x03, 0x00, 0x00,
  0x00, 0x6c, 0x65, 0x6e, 0x00, 0x00, 0x00, 0x00, 0x00, 0x0c, 0x00, 0x00, 0x00, 0x07, 0x00, 0x0e,
  0x00, 0x00, 0x24, 0x00, 0x01, 0x00, 0x27, 0x01, 0x27, 0x01, 0x00, 0x00, 0x00, 0x36, 0x00, 0x00,
  0x00, 0x0c, 0x00, 0x00, 0x00, 0x02, 0x00, 0x00, 0x00, 0x01, 0x04, 0x00, 0x00, 0x00, 0x64, 0x61,
  0x74, 0x61, 0x01, 0x03, 0x00, 0x00, 0x00, 0x6c, 0x65, 0x6e, 0x08, 0x00, 0x00, 0x00, 0x69, 0x73,
  0x5f, 0x65, 0x6d, 0x70, 0x74, 0x79, 0x00, 0x00, 0x00, 0x00, 0x00, 0x10, 0x00, 0x00, 0x00, 0x07,
  0x00, 0x0e, 0x00, 0x00, 0x24, 0x00, 0x01, 0x00, 0x00, 0x00, 0x02, 0x13, 0x27, 0x01, 0x27, 0x01,
  0x00, 0x00, 0x00, 0x37, 0x00, 0x00, 0x00, 0x10, 0x00, 0x00, 0x00, 0x03, 0x00, 0x00, 0x00, 0x01,
  0x04, 0x00, 0x00, 0x00, 0x64, 0x61, 0x74, 0x61, 0x01, 0x03, 0x00, 0x00, 0x00, 0x6c, 0x65, 0x6e,
  0x00, 0x00, 0x00, 0x00, 0x00, 0x00, 0x00, 0x00, 0x00, 0x07, 0x00, 0x00, 0x00, 0x74, 0x6f, 0x5f,
  0x6c, 0x69, 0x73, 0x74, 0x00, 0x00, 0x00, 0x00, 0x00, 0x0c, 0x00, 0x00, 0x00, 0x07, 0x00, 0x0e,
  0x00, 0x00, 0x24, 0x00, 0x01, 0x00, 0x27, 0x01, 0x27, 0x01, 0x00, 0x00, 0x00, 0x38, 0x00, 0x00,
  0x00, 0x0c, 0x00, 0x00, 0x00, 0x02, 0x00, 0x00, 0x00, 0x01, 0x04, 0x00, 0x00, 0x00, 0x64, 0x61,
  0x74, 0x61, 0x01, 0x04, 0x00, 0x00, 0x00, 0x6b, 0x65, 0x79, 0x73, 0x04, 0x00, 0x00, 0x00, 0x65,
  0x61, 0x63, 0x68, 0x01, 0x01, 0x00, 0x00, 0x00, 0x12, 0x00, 0x00, 0x00, 0x07, 0x00, 0x0e, 0x00,
  0x00, 0x24, 0x00, 0x01, 0x00, 0x07, 0x01, 0x24, 0x00, 0x02, 0x01, 0x04, 0x01, 0x27, 0x01, 0x00,
  0x00, 0x00, 0x39, 0x00, 0x00, 0x00, 0x12, 0x00, 0x00, 0x00, 0x03, 0x00, 0x00, 0x00, 0x01, 0x04,
  0x00, 0x00, 0x00, 0x64, 0x61, 0x74, 0x61, 0x01, 0x04, 0x00, 0x00, 0x00, 0x6b, 0x65, 0x79, 0x73,
  0x01, 0x04, 0x00, 0x00, 0x00, 0x65, 0x61, 0x63, 0x68, 0x05, 0x00, 0x00, 0x00, 0x75, 0x6e, 0x69,
  0x6f, 0x6e, 0x01, 0x01, 0x00, 0x00, 0x00, 0x2c, 0x00, 0x00, 0x00, 0x09, 0x00, 0x00, 0x07, 0x00,
  0x24, 0x00, 0x01, 0x00, 0x23, 0x01, 0x07, 0x01, 0x24, 0x00, 0x01, 0x00, 0x00, 0x00, 0x02, 0x2a,
  0x03, 0x00, 0x0d, 0x07, 0x02, 0x07, 0x05, 0x24, 0x00, 0x03, 0x01, 0x04, 0x04, 0x22, 0x00, 0x11,
  0x04, 0x04, 0x07, 0x02, 0x27, 0x01, 0x27, 0x04, 0x00, 0x00, 0x00, 0x3b, 0x00, 0x00, 0x00, 0x0b,
  0x00, 0x00, 0x00, 0x3c, 0x00, 0x00, 0x00, 0x1c, 0x00, 0x00, 0x00, 0x3d, 0x00, 0x00, 0x00, 0x03,
  0x00, 0x00, 0x00, 0x3e, 0x00, 0x00, 0x00, 0x02, 0x00, 0x00, 0x00, 0x04, 0x00, 0x00, 0x00, 0x01,
  0x06, 0x00, 0x00, 0x00, 0x73, 0x65, 0x74, 0x5f, 0x6f, 0x66, 0x01, 0x07, 0x00, 0x00, 0x00, 0x74,
  0x6f, 0x5f, 0x6c, 0x69, 0x73, 0x74, 0x00, 0x00, 0x00, 0x00, 0x00, 0x00, 0x00, 0x00, 0x00, 0x01,
  0x03, 0x00, 0x00, 0x00, 0x61, 0x64, 0x64, 0x09, 0x00, 0x00, 0x00, 0x69, 0x6e, 0x74, 0x65, 0x72,
  0x73, 0x65, 0x63, 0x74, 0x01, 0x01, 0x00, 0x00, 0x00, 0x36, 0x00, 0x00, 0x00, 0x09, 0x00, 0x00,
  0x23, 0x00, 0x07, 0x00, 0x24, 0x00, 0x01, 0x00, 0x00, 0x00, 0x02, 0x2a, 0x03, 0x00, 0x1d, 0x07,
  0x01, 0x07, 0x05, 0x24, 0x00, 0x03, 0x01, 0x21, 0x00, 0x0d, 0x04, 0x07, 0x02, 0x07, 0x05, 0x24,
  0x00, 0x04, 0x01, 0x04, 0x20, 0x00, 0x01, 0x04, 0x04, 0x22, 0x00, 0x21, 0x04, 0x04, 0x07, 0x02,
  0x27, 0x01, 0x27, 0x04, 0x00, 0x00, 0x00, 0x40, 0x00, 0x00, 0x00, 0x05, 0x00, 0x00, 0x00, 0x41,
  0x00, 0x00, 0x00, 0x2c, 0x00, 0x00, 0x00, 0x42, 0x00, 0x00, 0x00, 0x03, 0x00, 0x00, 0x00, 0x43,
  0x00, 0x00, 0x00, 0x02, 0x00, 0x00, 0x00, 0x05, 0x00, 0x00, 0x00, 0x01, 0x03, 0x00, 0x00, 0x00,
  0x53, 0x65, 0x74, 0x01, 0x07, 0x00, 0x00, 0x00, 0x74, 0x6f, 0x5f, 0x6c, 0x69, 0x73, 0x74, 0x00,
  0x00, 0x00, 0x00, 0x00, 0x00, 0x00, 0x00, 0x00, 0x01, 0x03, 0x00, 0x00, 0x00, 0x68, 0x61, 0x73,
  0x01, 0x03, 0x00, 0x00, 0x00, 0x61, 0x64, 0x64, 0x05, 0x00, 0x00, 0x00, 0x6d, 0x69, 0x6e, 0x75,
  0x73, 0x01, 0x01, 0x00, 0x00, 0x00, 0x37, 0x00, 0x00, 0x00, 0x09, 0x00, 0x00, 0x23, 0x00, 0x07,
  0x00, 0x24, 0x00, 0x01, 0x00, 0x00, 0x00, 0x02, 0x2a, 0x03, 0x00, 0x1e, 0x07, 0x01, 0x07, 0x05,
  0x24, 0x00, 0x03, 0x01, 0x1d, 0x21, 0x00, 0x0d, 0x04, 0x07, 0x02, 0x07, 0x05, 0x24, 0x00, 0x04,
  0x01, 0x04, 0x20, 0x00, 0x01, 0x04, 0x04, 0x22, 0x00, 0x22, 0x04, 0x04, 0x07, 0x02, 0x27, 0x01,
  0x27, 0x04, 0x00, 0x00, 0x00, 0x45, 0x00, 0x00, 0x00, 0x05, 0x00, 0x00, 0x00, 0x46, 0x00, 0x00,
  0x00, 0x2d, 0x00, 0x00, 0x00, 0x47, 0x00, 0x00, 0x00, 0x03, 0x00, 0x00, 0x00, 0x48, 0x00, 0x00,
  0x00, 0x02, 0x00, 0x00, 0x00, 0x05, 0x00, 0x00, 0x00, 0x01, 0x03, 0x00, 0x00, 0x00, 0x53, 0x65,
  0x74, 0x01, 0x07, 0x00, 0x00, 0x00, 0x74, 0x6f, 0x5f, 0x6c, 0x69, 0x73, 0x74, 0x00, 0x00, 0x00,
  0x00, 0x00, 0x00, 0x00, 0x00, 0x00, 0x01, 0x03, 0x00, 0x00, 0x00, 0x68, 0x61, 0x73, 0x01, 0x03,
  0x00, 0x00, 0x00, 0x61, 0x64, 0x64, 0x09, 0x00, 0x00, 0x00, 0x69, 0x73, 0x5f, 0x73, 0x75, 0x62,
  0x73, 0x65, 0x74, 0x01, 0x01, 0x00, 0x00, 0x00, 0x2a, 0x00, 0x00, 0x00, 0x07, 0x00, 0x24, 0x00,
  0x00, 0x00, 0x00, 0x00, 0x01, 0x2a, 0x02, 0x00, 0x17, 0x07, 0x01, 0x07, 0x04, 0x24, 0x00, 0x02,
  0x01, 0x1d, 0x21, 0x00, 0x06, 0x04, 0x03, 0x27, 0x20, 0x00, 0x01, 0x04, 0x04, 0x22, 0x00, 0x1b,
  0x04, 0x04, 0x02, 0x27, 0x01, 0x27, 0x03, 0x00, 0x00, 0x00, 0x4a, 0x00, 0x00, 0x00, 0x26, 0x00,
  0x00, 0x00, 0x4b, 0x00, 0x00, 0x00, 0x02, 0x00, 0x00, 0x00, 0x4c, 0x00, 0x00, 0x00, 0x02, 0x00,
  0x00, 0x00, 0x03, 0x00, 0x00, 0x00, 0x01, 0x07, 0x00, 0x00, 0x00, 0x74, 0x6f, 0x5f, 0x6c, 0x69,
  0x73, 0x74, 0x00, 0x00, 0x00, 0x00, 0x00, 0x00, 0x00, 0x00, 0x00, 0x01, 0x03, 0x00, 0x00, 0x00,
  0x68, 0x61, 0x73, 0x06, 0x00, 0x00, 0x00, 0x74, 0x6f, 0x5f, 0x73, 0x74, 0x72, 0x00, 0x00, 0x00,
  0x00, 0x00, 0x12, 0x00, 0x00, 0x00, 0x00, 0x00, 0x00, 0x09, 0x00, 0x01, 0x07, 0x00, 0x24, 0x00,
  0x02, 0x00, 0x23, 0x01, 0x16, 0x27, 0x01, 0x27, 0x01, 0x00, 0x00, 0x00, 0x4d, 0x00, 0x00, 0x00,
  0x12, 0x00, 0x00, 0x00, 0x03, 0x00, 0x00, 0x00, 0x01, 0x03, 0x00, 0x00, 0x00, 0x53, 0x65, 0x74,
  0x01, 0x03, 0x00, 0x00, 0x00, 0x73, 0x74, 0x72, 0x01, 0x07, 0x00, 0x00, 0x00, 0x74, 0x6f, 0x5f,
  0x6c, 0x69, 0x73, 0x74, 0x06, 0x00, 0x00, 0x00, 0x73, 0x65, 0x74, 0x5f, 0x6f, 0x66, 0x01, 0x01,
  0x00, 0x00, 0x00, 0x22, 0x00, 0x00, 0x00, 0x09, 0x00, 0x00, 0x23, 0x00, 0x07, 0x01, 0x00, 0x00,
  0x01, 0x2a, 0x03, 0x00, 0x0d, 0x07, 0x02, 0x07, 0x05, 0x24, 0x00, 0x02, 0x01, 0x04, 0x04, 0x22,
  0x00, 0x11, 0x04, 0x04, 0x07, 0x02, 0x27, 0x01, 0x27, 0x04, 0x00, 0x00, 0x00, 0x51, 0x00, 0x00,
  0x00, 0x05, 0x00, 0x00, 0x00, 0x52, 0x00, 0x00, 0x00, 0x18, 0x00, 0x00, 0x00, 0x53, 0x00, 0x00,
  0x00, 0x03, 0x00, 0x00, 0x00, 0x54, 0x00, 0x00, 0x00, 0x02, 0x00, 0x00, 0x00, 0x03, 0x00, 0x00,
  0x00, 0x01, 0x03, 0x00, 0x00, 0x00, 0x53, 0x65, 0x74, 0x00, 0x00, 0x00, 0x00, 0x00, 0x00, 0x00,
  0x00, 0x00, 0x01, 0x03, 0x00, 0x00, 0x00, 0x61, 0x64, 0x64, 0x07, 0x00, 0x00, 0x00, 0x63, 0x6f,
  0x75, 0x6e, 0x74, 0x65, 0x72, 0x01, 0x01, 0x00, 0x00, 0x00, 0x2c, 0x00, 0x00, 0x00, 0x29, 0x00,
  0x00, 0x07, 0x01, 0x00, 0x00, 0x00, 0x2a, 0x03, 0x00, 0x19, 0x07, 0x02, 0x07, 0x05, 0x07, 0x02,
  0x07, 0x05, 0x00, 0x00, 0x02, 0x24, 0x00, 0x01, 0x02, 0x00, 0x00, 0x03, 0x16, 0x11, 0x04, 0x04,
  0x22, 0x00, 0x1d, 0x04, 0x04, 0x07, 0x02, 0x27, 0x01, 0x27, 0x04, 0x00, 0x00, 0x00, 0x58, 0x00,
  0x00, 0x00, 0x03, 0x00, 0x00, 0x00, 0x59, 0x00, 0x00, 0x00, 0x24, 0x00, 0x00, 0x00, 0x5a, 0x00,
  0x00, 0x00, 0x03, 0x00, 0x00, 0x00, 0x5b, 0x00, 0x00, 0x00, 0x02, 0x00, 0x00, 0x00, 0x04, 0x00,
  0x00, 0x00, 0x00, 0x00, 0x00, 0x00, 0x00, 0x00, 0x00, 0x00, 0x00, 0x01, 0x03, 0x00, 0x00, 0x00,
  0x67, 0x65, 0x74, 0x00, 0x00, 0x00, 0x00, 0x00, 0x00, 0x00, 0x00, 0x00, 0x00, 0x00, 0x00, 0x00,
  0x00, 0x00, 0x00, 0xf0, 0x3f, 0x10, 0x00, 0x00, 0x00, 0x5f, 0x64, 0x65, 0x66, 0x61, 0x75, 0x6c,
  0x74, 0x5f, 0x63, 0x6f, 0x6d, 0x70, 0x61, 0x72, 0x65, 0x02, 0x02, 0x00, 0x00, 0x00, 0x29, 0x00,
  0x00, 0x00, 0x07, 0x01, 0x07, 0x02, 0x15, 0x21, 0x00, 0x09, 0x04, 0x00, 0x00, 0x00, 0x1c, 0x27,
  0x20, 0x00, 0x01, 0x04, 0x07, 0x01, 0x07, 0x02, 0x14, 0x21, 0x00, 0x08, 0x04, 0x00, 0x00, 0x01,
  0x27, 0x20, 0x00, 0x01, 0x04, 0x00, 0x00, 0x02, 0x27, 0x01, 0x27, 0x04, 0x00, 0x00, 0x00, 0x5e,
  0x00, 0x00, 0x00, 0x12, 0x00, 0x00, 0x00, 0x5f, 0x00, 0x00, 0x00, 0x11, 0x00, 0x00, 0x00, 0x60,
  0x00, 0x00, 0x00, 0x04, 0x00, 0x00, 0x00, 0x61, 0x00, 0x00, 0x00, 0x02, 0x00, 0x00, 0x00, 0x03,
  0x00, 0x00, 0x00, 0x00, 0x00, 0x00, 0x00, 0x00, 0x00, 0x00, 0xf0, 0x3f, 0x00, 0x00, 0x00, 0x00,
  0x00, 0x00, 0x00, 0xf0, 0x3f, 0x00, 0x00, 0x00, 0x00, 0x00, 0x00, 0x00, 0x00, 0x00, 0x04, 0x00,
  0x00, 0x00, 0x69, 0x6e, 0x69, 0x74, 0x01, 0x00, 0x00, 0x00, 0x00, 0x25, 0x00, 0x00, 0x00, 0x07,
  0x01, 0x38, 0x00, 0x04, 0x04, 0x01, 0x08, 0x01, 0x04, 0x07, 0x00, 0x28, 0x00, 0x00, 0x0f, 0x00,
  0x00, 0x04, 0x07, 0x00, 0x07, 0x01, 0x38, 0x00, 0x04, 0x04, 0x09, 0x00, 0x02, 0x0f, 0x00, 0x01,
  0x04, 0x07, 0x00, 0x27, 0x04, 0x00, 0x00, 0x00, 0x66, 0x00, 0x00, 0x00, 0x0a, 0x00, 0x00, 0x00,
  0x67, 0x00, 0x00, 0x00, 0x09, 0x00, 0x00, 0x00, 0x68, 0x00, 0x00, 0x00, 0x0f, 0x00, 0x00, 0x00,
  0x69, 0x00, 0x00, 0x00, 0x03, 0x00, 0x00, 0x00, 0x03, 0x00, 0x00, 0x00, 0x01, 0x05, 0x00, 0x00,
  0x00, 0x69, 0x74, 0x65, 0x6d, 0x73, 0x01, 0x07, 0x00, 0x00, 0x00, 0x63, 0x6f, 0x6d, 0x70, 0x61,
  0x72, 0x65, 0x01, 0x10, 0x00, 0x00, 0x00, 0x5f, 0x64, 0x65, 0x66, 0x61, 0x75, 0x6c, 0x74, 0x5f,
  0x63, 0x6f, 0x6d, 0x70, 0x61, 0x72, 0x65, 0x03, 0x00, 0x00, 0x00, 0x6c, 0x65, 0x6e, 0x00, 0x00,
  0x00, 0x00, 0x00, 0x0c, 0x00, 0x00, 0x00, 0x07, 0x00, 0x0e, 0x00, 0x00, 0x24, 0x00, 0x01, 0x00,
  0x27, 0x01, 0x27, 0x01, 0x00, 0x00, 0x00, 0x6a, 0x00, 0x00, 0x00, 0x0c, 0x00, 0x00, 0x00, 0x02,
  0x00, 0x00, 0x00, 0x01, 0x05, 0x00, 0x00, 0x00, 0x69, 0x74, 0x65, 0x6d, 0x73, 0x01, 0x03, 0x00,
  0x00, 0x00, 0x6c, 0x65, 0x6e, 0x08, 0x00, 0x00, 0x00, 0x69, 0x73, 0x5f, 0x65, 0x6d, 0x70, 0x74,
  0x79, 0x00, 0x00, 0x00, 0x00, 0x00, 0x10, 0x00, 0x00, 0x00, 0x07, 0x00, 0x0e, 0x00, 0x00, 0x24,
  0x00, 0x01, 0x00, 0x00, 0x00, 0x02, 0x13, 0x27, 0x01, 0x27, 0x01, 0x00, 0x00, 0x00, 0x6b, 0x00,
  0x00, 0x00, 0x10, 0x00, 0x00, 0x00, 0x03, 0x00, 0x00, 0x00, 0x01, 0x05, 0x00, 0x00, 0x00, 0x69,
  0x74, 0x65, 0x6d, 0x73, 0x01, 0x03, 0x00, 0x00, 0x00, 0x6c, 0x65, 0x6e, 0x00, 0x00, 0x00, 0x00,
  0x00, 0x00, 0x00, 0x00, 0x00, 0x04, 0x00, 0x00, 0x00, 0x70, 0x65, 0x65, 0x6b, 0x00, 0x00, 0x00,
  0x00, 0x00, 0x25, 0x00, 0x00, 0x00, 0x07, 0x00, 0x0e, 0x00, 0x00, 0x24, 0x00, 0x01, 0x00, 0x00,
  0x00, 0x02, 0x13, 0x21, 0x00, 0x08, 0x04, 0x00, 0x00, 0x03, 0x2d, 0x20, 0x00, 0x01, 0x04, 0x07,
  0x00, 0x0e, 0x00, 0x00, 0x00, 0x00, 0x04, 0x10, 0x27, 0x01, 0x27, 0x03, 0x00, 0x00, 0x00, 0x6d,
  0x00, 0x00, 0x00, 0x19, 0x00, 0x00, 0x00, 0x6e, 0x00, 0x00, 0x00, 0x0a, 0x00, 0x00, 0x00, 0x6f,
  0x00, 0x00, 0x00, 0x02, 0x00, 0x00, 0x00, 0x05, 0x00, 0x00, 0x00, 0x01, 0x05, 0x00, 0x00, 0x00,
  0x69, 0x74, 0x65, 0x6d, 0x73, 0x01, 0x03, 0x00, 0x00, 0x00, 0x6c, 0x65, 0x6e, 0x00, 0x00, 0x00,
  0x00, 0x00, 0x00, 0x00, 0x00, 0x00, 0x01, 0x15, 0x00, 0x00, 0x00, 0x70, 0x65, 0x65, 0x6b, 0x20,
  0x61, 0x74, 0x20, 0x61, 0x6e, 0x20, 0x65, 0x6d, 0x70, 0x74, 0x79, 0x20, 0x48, 0x65, 0x61, 0x70,
  0x00, 0x00, 0x00, 0x00, 0x00, 0x00, 0x00, 0x00, 0x00, 0x04, 0x00, 0x00, 0x00, 0x70, 0x75, 0x73,
  0x68, 0x01, 0x01, 0x00, 0x00, 0x00, 0x8d, 0x00, 0x00, 0x00, 0x07, 0x00, 0x0e, 0x00, 0x00, 0x07,
  0x01, 0x24, 0x00, 0x01, 0x01, 0x04, 0x07, 0x00, 0x0e, 0x00, 0x00, 0x24, 0x00, 0x02, 0x00, 0x00,
  0x00, 0x03, 0x17, 0x07, 0x02, 0x00, 0x00, 0x04, 0x14, 0x21, 0x00, 0x65, 0x04, 0x09, 0x00, 0x05,
  0x07, 0x02, 0x00, 0x00, 0x06, 0x17, 0x00, 0x00, 0x07, 0x19, 0x23, 0x01, 0x07, 0x00, 0x07, 0x00,
  0x0e, 0x00, 0x00, 0x07, 0x02, 0x10, 0x07, 0x00, 0x0e, 0x00, 0x00, 0x07, 0x03, 0x10, 0x24, 0x00,
  0x08, 0x02, 0x00, 0x00, 0x09, 0x15, 0x1d, 0x21, 0x00, 0x08, 0x04, 0x04, 0x20, 0x00, 0x33, 0x20,
  0x00, 0x01, 0x04, 0x07, 0x00, 0x0e, 0x00, 0x00, 0x07, 0x02, 0x10, 0x07, 0x00, 0x0e, 0x00, 0x00,
  0x07, 0x02, 0x07, 0x00, 0x0e, 0x00, 0x00, 0x07, 0x03, 0x10, 0x11, 0x04, 0x07, 0x00, 0x0e, 0x00,
  0x00, 0x07, 0x03, 0x07, 0x04, 0x11, 0x04, 0x07, 0x03, 0x08, 0x02, 0x04, 0x04, 0x04, 0x22, 0x00,
  0x6e, 0x04, 0x07, 0x00, 0x27, 0x01, 0x27, 0x0c, 0x00, 0x00, 0x00, 0x71, 0x00, 0x00, 0x00, 0x0c,
  0x00, 0x00, 0x00, 0x72, 0x00, 0x00, 0x00, 0x0d, 0x00, 0x00, 0x00, 0x73, 0x00, 0x00, 0x00, 0x0a,
  0x00, 0x00, 0x00, 0x74, 0x00, 0x00, 0x00, 0x0f, 0x00, 0x00, 0x00, 0x75, 0x00, 0x00, 0x00, 0x27,
  0x00, 0x00, 0x00, 0x76, 0x00, 0x00, 0x00, 0x08, 0x00, 0x00, 0x00, 0x77, 0x00, 0x00, 0x00, 0x11,
  0x00, 0x00, 0x00, 0x78, 0x00, 0x00, 0x00, 0x0b, 0x00, 0x00, 0x00, 0x79, 0x00, 0x00, 0x00, 0x05,
  0x00, 0x00, 0x00, 0x7a, 0x00, 0x00, 0x00, 0x06, 0x00, 0x00, 0x00, 0x7b, 0x00, 0x00, 0x00, 0x03,
  0x00, 0x00, 0x00, 0x7c, 0x00, 0x00, 0x00, 0x02, 0x00, 0x00, 0x00, 0x0a, 0x00, 0x00, 0x00, 0x01,
  0x05, 0x00, 0x00, 0x00, 0x69, 0x74, 0x65, 0x6d, 0x73, 0x01, 0x04, 0x00, 0x00, 0x00, 0x70, 0x75,
  0x73, 0x68, 0x01, 0x03, 0x00, 0x00, 0x00, 0x6c, 0x65, 0x6e, 0x00, 0x00, 0x00, 0x00, 0x00, 0x00,
  0x00, 0xf0, 0x3f, 0x00, 0x00, 0x00, 0x00, 0x00, 0x00, 0x00, 0x00, 0x00, 0x01, 0x05, 0x00, 0x00,
  0x00, 0x66, 0x6c, 0x6f, 0x6f, 0x72, 0x00, 0x00, 0x00, 0x00, 0x00, 0x00, 0x00, 0xf0, 0x3f, 0x00,
  0x00, 0x00, 0x00, 0x00, 0x00, 0x00, 0x00, 0x40, 0x01, 0x07, 0x00, 0x00, 0x00, 0x63, 0x6f, 0x6d,
  0x70, 0x61, 0x72, 0x65, 0x00, 0x00, 0x00, 0x00, 0x00, 0x00, 0x00, 0x00, 0x00, 0x03, 0x00, 0x00,
  0x00, 0x70, 0x6f, 0x70, 0x00, 0x00, 0x00, 0x00, 0x00, 0x14, 0x01, 0x00, 0x00, 0x07, 0x00, 0x0e,
  0x00, 0x00, 0x24, 0x00, 0x01, 0x00, 0x07, 0x01, 0x00, 0x00, 0x02, 0x13, 0x21, 0x00, 0x08, 0x04,
  0x00, 0x00, 0x03, 0x2d, 0x20, 0x00, 0x01, 0x04, 0x07, 0x00, 0x0e, 0x00, 0x00, 0x00, 0x00, 0x04,
  0x10, 0x07, 0x00, 0x0e, 0x00, 0x00, 0x24, 0x00, 0x05, 0x00, 0x07, 0x01, 0x00, 0x00, 0x06, 0x17,
  0x08, 0x01, 0x04, 0x07, 0x01, 0x00, 0x00, 0x07, 0x14, 0x21, 0x00, 0xcf, 0x04, 0x07, 0x00, 0x0e,
  0x00, 0x00, 0x00, 0x00, 0x08, 0x07, 0x03, 0x11, 0x04, 0x00, 0x00, 0x09, 0x02, 0x21, 0x00, 0xb6,
  0x04, 0x07, 0x04, 0x00, 0x00, 0x0a, 0x18, 0x00, 0x00, 0x0b, 0x16, 0x07, 0x05, 0x00, 0x00, 0x0c,
  0x16, 0x07, 0x04, 0x07, 0x05, 0x07, 0x01, 0x15, 0x21, 0x00, 0x1b, 0x04, 0x07, 0x00, 0x07, 0x00,
  0x0e, 0x00, 0x00, 0x07, 0x05, 0x10, 0x07, 0x00, 0x0e, 0x00, 0x00, 0x07, 0x07, 0x10, 0x24, 0x00,
  0x0d, 0x02, 0x00, 0x00, 0x0e, 0x15, 0x21, 0x00, 0x09, 0x04, 0x07, 0x05, 0x08, 0x07, 0x04, 0x20,
  0x00, 0x01, 0x04, 0x07, 0x06, 0x07, 0x01, 0x15, 0x21, 0x00, 0x1b, 0x04, 0x07, 0x00, 0x07, 0x00,
  0x0e, 0x00, 0x00, 0x07, 0x06, 0x10, 0x07, 0x00, 0x0e, 0x00, 0x00, 0x07, 0x07, 0x10, 0x24, 0x00,
  0x0d, 0x02, 0x00, 0x00, 0x0f, 0x15, 0x21, 0x00, 0x09, 0x04, 0x07, 0x06, 0x08, 0x07, 0x04, 0x20,
  0x00, 0x01, 0x04, 0x07, 0x07, 0x07, 0x04, 0x13, 0x21, 0x00, 0x0a, 0x04, 0x04, 0x04, 0x04, 0x20,
  0x00, 0x35, 0x20, 0x00, 0x01, 0x04, 0x07, 0x00, 0x0e, 0x00, 0x00, 0x07, 0x04, 0x10, 0x07, 0x00,
  0x0e, 0x00, 0x00, 0x07, 0x04, 0x07, 0x00, 0x0e, 0x00, 0x00, 0x07, 0x07, 0x10, 0x11, 0x04, 0x07,
  0x00, 0x0e, 0x00, 0x00, 0x07, 0x07, 0x07, 0x08, 0x11, 0x04, 0x07, 0x07, 0x08, 0x04, 0x04, 0x04,
  0x04, 0x04, 0x04, 0x22, 0x00, 0xba, 0x04, 0x04, 0x20, 0x00, 0x01, 0x04, 0x07, 0x02, 0x27, 0x01,
  0x27, 0x17, 0x00, 0x00, 0x00, 0x7e, 0x00, 0x00, 0x00, 0x09, 0x00, 0x00, 0x00, 0x7f, 0x00, 0x00,
  0x00, 0x12, 0x00, 0x00, 0x00, 0x80, 0x00, 0x00, 0x00, 0x09, 0x00, 0x00, 0x00, 0x81, 0x00, 0x00,
  0x00, 0x09, 0x00, 0x00, 0x00, 0x82, 0x00, 0x00, 0x00, 0x09, 0x00, 0x00, 0x00, 0x83, 0x00, 0x00,
  0x00, 0x0a, 0x00, 0x00, 0x00, 0x84, 0x00, 0x00, 0x00, 0x0c, 0x00, 0x00, 0x00, 0x85, 0x00, 0x00,
  0x00, 0x03, 0x00, 0x00, 0x00, 0x86, 0x00, 0x00, 0x00, 0x05, 0x00, 0x00, 0x00, 0x87, 0x00, 0x00,
  0x00, 0x0a, 0x00, 0x00, 0x00, 0x88, 0x00, 0x00, 0x00, 0x06, 0x00, 0x00, 0x00, 0x89, 0x00, 0x00,
  0x00, 0x02, 0x00, 0x00, 0x00, 0x8a, 0x00, 0x00, 0x00, 0x30, 0x00, 0x00, 0x00, 0x8b, 0x00, 0x00,
  0x00, 0x30, 0x00, 0x00, 0x00, 0x8c, 0x00, 0x00, 0x00, 0x13, 0x00, 0x00, 0x00, 0x8d, 0x00, 0x00,
  0x00, 0x08, 0x00, 0x00, 0x00, 0x8e, 0x00, 0x00, 0x00, 0x11, 0x00, 0x00, 0x00, 0x8f, 0x00, 0x00,
  0x00, 0x0b, 0x00, 0x00, 0x00, 0x90, 0x00, 0x00, 0x00, 0x05, 0x00, 0x00, 0x00, 0x91, 0x00, 0x00,
  0x00, 0x08, 0x00, 0x00, 0x00, 0x92, 0x00, 0x00, 0x00, 0x05, 0x00, 0x00, 0x00, 0x93, 0x00, 0x00,
  0x00, 0x03, 0x00, 0x00, 0x00, 0x94, 0x00, 0x00, 0x00, 0x02, 0x00, 0x00, 0x00, 0x10, 0x00, 0x00,
  0x00, 0x01, 0x05, 0x00, 0x00, 0x00, 0x69, 0x74, 0x65, 0x6d, 0x73, 0x01, 0x03, 0x00, 0x00, 0x00,
  0x6c, 0x65, 0x6e, 0x00, 0x00, 0x00, 0x00, 0x00, 0x00, 0x00, 0x00, 0x00, 0x01, 0x16, 0x00, 0x00,
  0x00, 0x70, 0x6f, 0x70, 0x20, 0x66, 0x72, 0x6f, 0x6d, 0x20, 0x61, 0x6e, 0x20, 0x65, 0x6d, 0x70,
  0x74, 0x79, 0x20, 0x48, 0x65, 0x61, 0x70, 0x00, 0x00, 0x00, 0x00, 0x00, 0x00, 0x00, 0x00, 0x00,
  0x01, 0x03, 0x00, 0x00, 0x00, 0x70, 0x6f, 0x70, 0x00, 0x00, 0x00, 0x00, 0x00, 0x00, 0x00, 0xf0,
  0x3f, 0x00, 0x00, 0x00, 0x00, 0x00, 0x00, 0x00, 0x00, 0x00, 0x00, 0x00, 0x00, 0x00, 0x00, 0x00,
  0x00, 0x00, 0x00, 0x00, 0x00, 0x00, 0x00, 0x00, 0x00, 0x00, 0x00, 0x00, 0x00, 0x00, 0x00, 0x00,
  0x00, 0x00, 0x00, 0x00, 0x40, 0x00, 0x00, 0x00, 0x00, 0x00, 0x00, 0x00, 0xf0, 0x3f, 0x00, 0x00,
  0x00, 0x00, 0x00, 0x00, 0x00, 0xf0, 0x3f, 0x01, 0x07, 0x00, 0x00, 0x00, 0x63, 0x6f, 0x6d, 0x70,
  0x61, 0x72, 0x65, 0x00, 0x00, 0x00, 0x00, 0x00, 0x00, 0x00, 0x00, 0x00, 0x00, 0x00, 0x00, 0x00,
  0x00, 0x00, 0x00, 0x00, 0x00, 0x06, 0x00, 0x00, 0x00, 0x74, 0x6f, 0x5f, 0x73, 0x74, 0x72, 0x00,
  0x00, 0x00, 0x00, 0x00, 0x19, 0x00, 0x00, 0x00, 0x00, 0x00, 0x00, 0x09, 0x00, 0x01, 0x07, 0x00,
  0x0e, 0x00, 0x02, 0x24, 0x00, 0x03, 0x00, 0x23, 0x01, 0x16, 0x00, 0x00, 0x04, 0x16, 0x27, 0x01,
  0x27, 0x01, 0x00, 0x00, 0x00, 0x95, 0x00, 0x00, 0x00, 0x19, 0x00, 0x00, 0x00, 0x05, 0x00, 0x00,
  0x00, 0x01, 0x05, 0x00, 0x00, 0x00, 0x48, 0x65, 0x61, 0x70, 0x28, 0x01, 0x03, 0x00, 0x00, 0x00,
  0x73, 0x74, 0x72, 0x01, 0x05, 0x00, 0x00, 0x00, 0x69, 0x74, 0x65, 0x6d, 0x73, 0x01, 0x03, 0x00,
  0x00, 0x00, 0x6c, 0x65, 0x6e, 0x01, 0x07, 0x00, 0x00, 0x00, 0x20, 0x69, 0x74, 0x65, 0x6d, 0x73,
  0x29, 0xff, 0xff, 0xff, 0xff, 0x00, 0x00, 0x00, 0x00, 0x01, 0x14, 0x01, 0x00, 0x00, 0x30, 0x00,
  0x00, 0x0a, 0x00, 0x00, 0x09, 0x00, 0x00, 0x25, 0x00, 0x02, 0x32, 0x00, 0x01, 0x25, 0x00, 0x04,
  0x32, 0x00, 0x03, 0x25, 0x00, 0x06, 0x32, 0x00, 0x05, 0x25, 0x00, 0x08, 0x32, 0x00, 0x07, 0x25,
  0x00, 0x0a, 0x32, 0x00, 0x09, 0x25, 0x00, 0x0c, 0x32, 0x00, 0x0b, 0x25, 0x00, 0x0e, 0x32, 0x00,
  0x0d, 0x25, 0x00, 0x10, 0x32, 0x00, 0x0f, 0x04, 0x30, 0x00, 0x11, 0x0a, 0x00, 0x11, 0x09, 0x00,
  0x11, 0x25, 0x00, 0x12, 0x32, 0x00, 0x01, 0x25, 0x00, 0x13, 0x32, 0x00, 0x03, 0x25, 0x00, 0x14,
  0x32, 0x00, 0x05, 0x25, 0x00, 0x15, 0x32, 0x00, 0x07, 0x25, 0x00, 0x16, 0x32, 0x00, 0x09, 0x25,
  0x00, 0x17, 0x32, 0x00, 0x0b, 0x25, 0x00, 0x18, 0x32, 0x00, 0x0d, 0x25, 0x00, 0x19, 0x32, 0x00,
  0x0f, 0x04, 0x30, 0x00, 0x1a, 0x0a, 0x00, 0x1a, 0x09, 0x00, 0x1a, 0x25, 0x00, 0x1b, 0x32, 0x00,
  0x01, 0x25, 0x00, 0x1d, 0x32, 0x00, 0x1c, 0x25, 0x00, 0x1f, 0x32, 0x00, 0x1e, 0x25, 0x00, 0x21,
  0x32, 0x00, 0x20, 0x25, 0x00, 0x22, 0x32, 0x00, 0x09, 0x25, 0x00, 0x23, 0x32, 0x00, 0x0b, 0x25,
  0x00, 0x24, 0x32, 0x00, 0x0d, 0x25, 0x00, 0x26, 0x32, 0x00, 0x25, 0x25, 0x00, 0x28, 0x32, 0x00,
  0x27, 0x25, 0x00, 0x2a, 0x32, 0x00, 0x29, 0x25, 0x00, 0x2c, 0x32, 0x00, 0x2b, 0x25, 0x00, 0x2e,
  0x32, 0x00, 0x2d, 0x25, 0x00, 0x2f, 0x32, 0x00, 0x0f, 0x04, 0x25, 0x00, 0x31, 0x0a, 0x00, 0x30,
  0x25, 0x00, 0x33, 0x0a, 0x00, 0x32, 0x25, 0x00, 0x35, 0x0a, 0x00, 0x34, 0x30, 0x00, 0x36, 0x0a,
  0x00, 0x36, 0x09, 0x00, 0x36, 0x25, 0x00, 0x37, 0x32, 0x00, 0x01, 0x25, 0x00, 0x38, 0x32, 0x00,
  0x09, 0x25, 0x00, 0x39, 0x32, 0x00, 0x0b, 0x25, 0x00, 0x3a, 0x32, 0x00, 0x07, 0x25, 0x00, 0x3b,
  0x32, 0x00, 0x03, 0x25, 0x00, 0x3c, 0x32, 0x00, 0x05, 0x25, 0x00, 0x3d, 0x32, 0x00, 0x0f, 0x04,
  0x01, 0x27, 0x2f, 0x00, 0x00, 0x00, 0x03, 0x00, 0x00, 0x00, 0x09, 0x00, 0x00, 0x00, 0x04, 0x00,
  0x00, 0x00, 0x06, 0x00, 0x00, 0x00, 0x05, 0x00, 0x00, 0x00, 0x06, 0x00, 0x00, 0x00, 0x09, 0x00,
  0x00, 0x00, 0x06, 0x00, 0x00, 0x00, 0x0d, 0x00, 0x00, 0x00, 0x06, 0x00, 0x00, 0x00, 0x0e, 0x00,
  0x00, 0x00, 0x06, 0x00, 0x00, 0x00, 0x0f, 0x00, 0x00, 0x00, 0x06, 0x00, 0x00, 0x00, 0x10, 0x00,
  0x00, 0x00, 0x06, 0x00, 0x00, 0x00, 0x11, 0x00, 0x00, 0x00, 0x06, 0x00, 0x00, 0x00, 0x12, 0x00,
  0x00, 0x00, 0x01, 0x00, 0x00, 0x00, 0x15, 0x00, 0x00, 0x00, 0x09, 0x00, 0x00, 0x00, 0x19, 0x00,
  0x00, 0x00, 0x06, 0x00, 0x00, 0x00, 0x1a, 0x00, 0x00, 0x00, 0x06, 0x00, 0x00, 0x00, 0x25, 0x00,
  0x00, 0x00, 0x06, 0x00, 0x00, 0x00, 0x29, 0x00, 0x00, 0x00, 0x06, 0x00, 0x00, 0x00, 0x2a, 0x00,
  0x00, 0x00, 0x06, 0x00, 0x00, 0x00, 0x2b, 0x00, 0x00, 0x00, 0x06, 0x00, 0x00, 0x00, 0x2c, 0x00,
  0x00, 0x00, 0x06, 0x00, 0x00, 0x00, 0x2d, 0x00, 0x00, 0x00, 0x06, 0x00, 0x00, 0x00, 0x2e, 0x00,
  0x00, 0x00, 0x01, 0x00, 0x00, 0x00, 0x31, 0x00, 0x00, 0x00, 0x09, 0x00, 0x00, 0x00, 0x32, 0x00,
  0x00, 0x00, 0x06, 0x00, 0x00, 0x00, 0x33, 0x00, 0x00, 0x00, 0x06, 0x00, 0x00, 0x00, 0x34, 0x00,
  0x00, 0x00, 0x06, 0x00, 0x00, 0x00, 0x35, 0x00, 0x00, 0x00, 0x06, 0x00, 0x00, 0x00, 0x36, 0x00,
  0x00, 0x00, 0x06, 0x00, 0x00, 0x00, 0x37, 0x00, 0x00, 0x00, 0x06, 0x00, 0x00, 0x00, 0x38, 0x00,
  0x00, 0x00, 0x06, 0x00, 0x00, 0x00, 0x39, 0x00, 0x00, 0x00, 0x06, 0x00, 0x00, 0x00, 0x3e, 0x00,
  0x00, 0x00, 0x06, 0x00, 0x00, 0x00, 0x43, 0x00, 0x00, 0x00, 0x06, 0x00, 0x00, 0x00, 0x48, 0x00,
  0x00, 0x00, 0x06, 0x00, 0x00, 0x00, 0x4c, 0x00, 0x00, 0x00, 0x06, 0x00, 0x00, 0x00, 0x4d, 0x00,
  0x00, 0x00, 0x06, 0x00, 0x00, 0x00, 0x4e, 0x00, 0x00, 0x00, 0x01, 0x00, 0x00, 0x00, 0x54, 0x00,
  0x00, 0x00, 0x06, 0x00, 0x00, 0x00, 0x5b, 0x00, 0x00, 0x00, 0x06, 0x00, 0x00, 0x00, 0x61, 0x00,
  0x00, 0x00, 0x06, 0x00, 0x00, 0x00, 0x65, 0x00, 0x00, 0x00, 0x09, 0x00, 0x00, 0x00, 0x69, 0x00,
  0x00, 0x00, 0x06, 0x00, 0x00, 0x00, 0x6a, 0x00, 0x00, 0x00, 0x06, 0x00, 0x00, 0x00, 0x6b, 0x00,
  0x00, 0x00, 0x06, 0x00, 0x00, 0x00, 0x6f, 0x00, 0x00, 0x00, 0x06, 0x00, 0x00, 0x00, 0x7c, 0x00,
  0x00, 0x00, 0x06, 0x00, 0x00, 0x00, 0x94, 0x00, 0x00, 0x00, 0x06, 0x00, 0x00, 0x00, 0x95, 0x00,
  0x00, 0x00, 0x06, 0x00, 0x00, 0x00, 0x96, 0x00, 0x00, 0x00, 0x03, 0x00, 0x00, 0x00, 0x3e, 0x00,
  0x00, 0x00, 0x01, 0x05, 0x00, 0x00, 0x00, 0x53, 0x74, 0x61, 0x63, 0x6b, 0x01, 0x04, 0x00, 0x00,
  0x00, 0x69, 0x6e, 0x69, 0x74, 0x02, 0x00, 0x00, 0x00, 0x00, 0x01, 0x04, 0x00, 0x00, 0x00, 0x70,
  0x75, 0x73, 0x68, 0x02, 0x01, 0x00, 0x00, 0x00, 0x01, 0x03, 0x00, 0x00, 0x00, 0x70, 0x6f, 0x70,
  0x02, 0x02, 0x00, 0x00, 0x00, 0x01, 0x04, 0x00, 0x00, 0x00, 0x70, 0x65, 0x65, 0x6b, 0x02, 0x03,
  0x00, 0x00, 0x00, 0x01, 0x03, 0x00, 0x00, 0x00, 0x6c, 0x65, 0x6e, 0x02, 0x04, 0x00, 0x00, 0x00,
  0x01, 0x08, 0x00, 0x00, 0x00, 0x69, 0x73, 0x5f, 0x65, 0x6d, 0x70, 0x74, 0x79, 0x02, 0x05, 0x00,
  0x00, 0x00, 0x01, 0x07, 0x00, 0x00, 0x00, 0x74, 0x6f, 0x5f, 0x6c, 0x69, 0x73, 0x74, 0x02, 0x06,
  0x00, 0x00, 0x00, 0x01, 0x06, 0x00, 0x00, 0x00, 0x74, 0x6f, 0x5f, 0x73, 0x74, 0x72, 0x02, 0x07,
  0x00, 0x00, 0x00, 0x01, 0x05, 0x00, 0x00, 0x00, 0x51, 0x75, 0x65, 0x75, 0x65, 0x02, 0x08, 0x00,
  0x00, 0x00, 0x02, 0x09, 0x00, 0x00, 0x00, 0x02, 0x0a, 0x00, 0x00, 0x00, 0x02, 0x0b, 0x00, 0x00,
  0x00, 0x02, 0x0c, 0x00, 0x00, 0x00, 0x02, 0x0d, 0x00, 0x00, 0x00, 0x02, 0x0e, 0x00, 0x00, 0x00,
  0x02, 0x0f, 0x00, 0x00, 0x00, 0x01, 0x03, 0x00, 0x00, 0x00, 0x53, 0x65, 0x74, 0x02, 0x10, 0x00,
  0x00, 0x00, 0x01, 0x03, 0x00, 0x00, 0x00, 0x61, 0x64, 0x64, 0x02, 0x11, 0x00, 0x00, 0x00, 0x01,
  0x03, 0x00, 0x00, 0x00, 0x68, 0x61, 0x73, 0x02, 0x12, 0x00, 0x00, 0x00, 0x01, 0x06, 0x00, 0x00,
  0x00, 0x72, 0x65, 0x6d, 0x6f, 0x76, 0x65, 0x02, 0x13, 0x00, 0x00, 0x00, 0x02, 0x14, 0x00, 0x00,
  0x00, 0x02, 0x15, 0x00, 0x00, 0x00, 0x02, 0x16, 0x00, 0x00, 0x00, 0x01, 0x04, 0x00, 0x00, 0x00,
  0x65, 0x61, 0x63, 0x68, 0x02, 0x17, 0x00, 0x00, 0x00, 0x01, 0x05, 0x00, 0x00, 0x00, 0x75, 0x6e,
  0x69, 0x6f, 0x6e, 0x02, 0x18, 0x00, 0x00, 0x00, 0x01, 0x09, 0x00, 0x00, 0x00, 0x69, 0x6e, 0x74,
  0x65, 0x72, 0x73, 0x65, 0x63, 0x74, 0x02, 0x19, 0x00, 0x00, 0x00, 0x01, 0x05, 0x00, 0x00, 0x00,
  0x6d, 0x69, 0x6e, 0x75, 0x73, 0x02, 0x1a, 0x00, 0x00, 0x00, 0x01, 0x09, 0x00, 0x00, 0x00, 0x69,
  0x73, 0x5f, 0x73, 0x75, 0x62, 0x73, 0x65, 0x74, 0x02, 0x1b, 0x00, 0x00, 0x00, 0x02, 0x1c, 0x00,
  0x00, 0x00, 0x01, 0x06, 0x00, 0x00, 0x00, 0x73, 0x65, 0x74, 0x5f, 0x6f, 0x66, 0x02, 0x1d, 0x00,
  0x00, 0x00, 0x01, 0x07, 0x00, 0x00, 0x00, 0x63, 0x6f, 0x75, 0x6e, 0x74, 0x65, 0x72, 0x02, 0x1e,
  0x00, 0x00, 0x00, 0x01, 0x10, 0x00, 0x00, 0x00, 0x5f, 0x64, 0x65, 0x66, 0x61, 0x75, 0x6c, 0x74,
  0x5f, 0x63, 0x6f, 0x6d, 0x70, 0x61, 0x72, 0x65, 0x02, 0x1f, 0x00, 0x00, 0x00, 0x01, 0x04, 0x00,
  0x00, 0x00, 0x48, 0x65, 0x61, 0x70, 0x02, 0x20, 0x00, 0x00, 0x00, 0x02, 0x21, 0x00, 0x00, 0x00,
  0x02, 0x22, 0x00, 0x00, 0x00, 0x02, 0x23, 0x00, 0x00, 0x00, 0x02, 0x24, 0x00, 0x00, 0x00, 0x02,
  0x25, 0x00, 0x00, 0x00, 0x02, 0x26, 0x00, 0x00, 0x00, 0xce, 0x92, 0xd3, 0xe5,
};

/* std/color */
static const unsigned char embedded_2[] = {
  0x7f, 0x46, 0x58, 0x43, 0x01, 0x00, 0x01, 0x00, 0x00, 0x00, 0x00, 0x00, 0x05, 0x00, 0x00, 0x00,
  0x31, 0x2e, 0x30, 0x2e, 0x30, 0x08, 0x00, 0x00, 0x00, 0x63, 0x6f, 0x6c, 0x6f, 0x72, 0x2e, 0x66,
  0x78, 0x05, 0x00, 0x00, 0x00, 0x03, 0x00, 0x00, 0x00, 0x72, 0x67, 0x62, 0x03, 0x03, 0x00, 0x00,
  0x00, 0x2a, 0x00, 0x00, 0x00, 0x00, 0x00, 0x00, 0x09, 0x00, 0x01, 0x07, 0x01, 0x23, 0x01, 0x16,
  0x00, 0x00, 0x02, 0x16, 0x09, 0x00, 0x01, 0x07, 0x02, 0x23, 0x01, 0x16, 0x00, 0x00, 0x03, 0x16,
  0x09, 0x00, 0x01, 0x07, 0x03, 0x23, 0x01, 0x16, 0x00, 0x00, 0x04, 0x16, 0x27, 0x01, 0x27, 0x02,
  0x00, 0x00, 0x00, 0x05, 0x00, 0x00, 0x00, 0x28, 0x00, 0x00, 0x00, 0x06, 0x00, 0x00, 0x00, 0x02,
  0x00, 0x00, 0x00, 0x05, 0x00, 0x00, 0x00, 0x01, 0x04, 0x00, 0x00, 0x00, 0x72, 0x67, 0x62, 0x28,
  0x01, 0x05, 0x00, 0x00, 0x00, 0x72, 0x6f, 0x75, 0x6e, 0x64, 0x01, 0x02, 0x00, 0x00, 0x00, 0x2c,
  0x20, 0x01, 0x02, 0x00, 0x00, 0x00, 0x2c, 0x20, 0x01, 0x01, 0x00, 0x00, 0x00, 0x29, 0x03, 0x00,
  0x00, 0x00, 0x68, 0x73, 0x6c, 0x03, 0x01, 0x00, 0x00, 0x00, 0x46, 0x00, 0x00, 0x00, 0x07, 0x02,
  0x38, 0x00, 0x06, 0x04, 0x00, 0x00, 0x00, 0x08, 0x02, 0x04, 0x07, 0x03, 0x38, 0x00, 0x06, 0x04,
  0x00, 0x00, 0x01, 0x08, 0x03, 0x04, 0x00, 0x00, 0x02, 0x09, 0x00, 0x03, 0x07, 0x01, 0x23, 0x01,
  0x00, 0x00, 0x04, 0x1a, 0x16, 0x00, 0x00, 0x05, 0x16, 0x09, 0x00, 0x03, 0x07, 0x02, 0x23, 0x01,
  0x16, 0x00, 0x00, 0x06, 0x16, 0x09, 0x00, 0x03, 0x07, 0x03, 0x23, 0x01, 0x16, 0x00, 0x00, 0x07,
  0x16, 0x27, 0x01, 0x27, 0x03, 0x00, 0x00, 0x00, 0x09, 0x00, 0x00, 0x00, 0x18, 0x00, 0x00, 0x00,
  0x0a, 0x00, 0x00, 0x00, 0x2c, 0x00, 0x00, 0x00, 0x0b, 0x00, 0x00, 0x00, 0x02, 0x00, 0x00, 0x00,
  0x08, 0x00, 0x00, 0x00, 0x00, 0x00, 0x00, 0x00, 0x00, 0x00, 0x80, 0x51, 0x40, 0x00, 0x00, 0x00,
  0x00, 0x00, 0x00, 0x00, 0x49, 0x40, 0x01, 0x04, 0x00, 0x00, 0x00, 0x68, 0x73, 0x6c, 0x28, 0x01,
  0x05, 0x00, 0x00, 0x00, 0x72, 0x6f, 0x75, 0x6e, 0x64, 0x00, 0x00, 0x00, 0x00, 0x00, 0x00, 0x80,
  0x76, 0x40, 0x01, 0x02, 0x00, 0x00, 0x00, 0x2c, 0x20, 0x01, 0x03, 0x00, 0x00, 0x00, 0x25, 0x2c,
  0x20, 0x01, 0x02, 0x00, 0x00, 0x00, 0x25, 0x29, 0x04, 0x00, 0x00, 0x00, 0x67, 0x72, 0x61, 0x79,
  0x01, 0x01, 0x00, 0x00, 0x00, 0x26, 0x00, 0x00, 0x00, 0x09, 0x00, 0x00, 0x09, 0x00, 0x01, 0x07,
  0x01, 0x00, 0x00, 0x03, 0x00, 0x00, 0x04, 0x24, 0x00, 0x02, 0x03, 0x00, 0x00, 0x05, 0x18, 0x23,
  0x01, 0x09, 0x00, 0x06, 0x07, 0x02, 0x07, 0x02, 0x07, 0x02, 0x23, 0x03, 0x27, 0x01, 0x27, 0x03,
  0x00, 0x00, 0x00, 0x0f, 0x00, 0x00, 0x00, 0x18, 0x00, 0x00, 0x00, 0x10, 0x00, 0x00, 0x00, 0x0c,
  0x00, 0x00, 0x00, 0x11, 0x00, 0x00, 0x00, 0x02, 0x00, 0x00, 0x00, 0x07, 0x00, 0x00, 0x00, 0x01,
  0x05, 0x00, 0x00, 0x00, 0x72, 0x6f, 0x75, 0x6e, 0x64, 0x01, 0x04, 0x00, 0x00, 0x00, 0x6d, 0x61,
  0x74, 0x68, 0x01, 0x05, 0x00, 0x00, 0x00, 0x63, 0x6c, 0x61, 0x6d, 0x70, 0x00, 0x00, 0x00, 0x00,
  0x00, 0x00, 0x00, 0x00, 0x00, 0x00, 0x00, 0x00, 0x00, 0x00, 0x00, 0x00, 0xf0, 0x3f, 0x00, 0x00,
  0x00, 0x00, 0x00, 0x00, 0xe0, 0x6f, 0x40, 0x01, 0x03, 0x00, 0x00, 0x00, 0x72, 0x67, 0x62, 0x07,
  0x00, 0x00, 0x00, 0x72, 0x61, 0x69, 0x6e, 0x62, 0x6f, 0x77, 0x04, 0x02, 0x00, 0x00, 0x00, 0x2d,
  0x00, 0x00, 0x00, 0x07, 0x03, 0x38, 0x00, 0x06, 0x04, 0x00, 0x00, 0x00, 0x08, 0x03, 0x04, 0x07,
  0x04, 0x38, 0x00, 0x06, 0x04, 0x00, 0x00, 0x01, 0x08, 0x04, 0x04, 0x09, 0x00, 0x02, 0x00, 0x00,
  0x03, 0x07, 0x01, 0x18, 0x07, 0x02, 0x19, 0x07, 0x03, 0x07, 0x04, 0x23, 0x03, 0x27, 0x01, 0x27,
  0x03, 0x00, 0x00, 0x00, 0x14, 0x00, 0x00, 0x00, 0x18, 0x00, 0x00, 0x00, 0x15, 0x00, 0x00, 0x00,
  0x13, 0x00, 0x00, 0x00, 0x16, 0x00, 0x00, 0x00, 0x02, 0x00, 0x00, 0x00, 0x04, 0x00, 0x00, 0x00,
  0x00, 0x00, 0x00, 0x00, 0x00, 0x00, 0x00, 0x54, 0x40, 0x00, 0x00, 0x00, 0x00, 0x00, 0x00, 0x80,
  0x4b, 0x40, 0x01, 0x03, 0x00, 0x00, 0x00, 0x68, 0x73, 0x6c, 0x00, 0x00, 0x00, 0x00, 0x00, 0x00,
  0x80, 0x76, 0x40, 0xff, 0xff, 0xff, 0xff, 0x00, 0x00, 0x00, 0x00, 0x01, 0x1a, 0x00, 0x00, 0x00,
  0x25, 0x00, 0x01, 0x0a, 0x00, 0x00, 0x25, 0x00, 0x03, 0x0a, 0x00, 0x02, 0x25, 0x00, 0x05, 0x0a,
  0x00, 0x04, 0x25, 0x00, 0x07, 0x0a, 0x00, 0x06, 0x01, 0x27, 0x04, 0x00, 0x00, 0x00, 0x06, 0x00,
  0x00, 0x00, 0x06, 0x00, 0x00, 0x00, 0x0b, 0x00, 0x00, 0x00, 0x06, 0x00, 0x00, 0x00, 0x11, 0x00,
  0x00, 0x00, 0x06, 0x00, 0x00, 0x00, 0x16, 0x00, 0x00, 0x00, 0x08, 0x00, 0x00, 0x00, 0x08, 0x00,
  0x00, 0x00, 0x01, 0x03, 0x00, 0x00, 0x00, 0x72, 0x67, 0x62, 0x02, 0x00, 0x00, 0x00, 0x00, 0x01,
  0x03, 0x00, 0x00, 0x00, 0x68, 0x73, 0x6c, 0x02, 0x01, 0x00, 0x00, 0x00, 0x01, 0x04, 0x00, 0x00,
  0x00, 0x67, 0x72, 0x61, 0x79, 0x02, 0x02, 0x00, 0x00, 0x00, 0x01, 0x07, 0x00, 0x00, 0x00, 0x72,
  0x61, 0x69, 0x6e, 0x62, 0x6f, 0x77, 0x02, 0x03, 0x00, 0x00, 0x00, 0x1e, 0x6c, 0x12, 0xac,
};

/* std/compiler */
static const unsigned char embedded_3[] = {
  0x7f, 0x46, 0x58, 0x43, 0x01, 0x00, 0x01, 0x00, 0x00, 0x00, 0x00, 0x00, 0x05, 0x00, 0x00, 0x00,
  0x31, 0x2e, 0x30, 0x2e, 0x30, 0x0b, 0x00, 0x00, 0x00, 0x63, 0x6f, 0x6d, 0x70, 0x69, 0x6c, 0x65,
  0x72, 0x2e, 0x66, 0x78, 0x60, 0x00, 0x00, 0x00, 0x0b, 0x00, 0x00, 0x00, 0x5f, 0x6c, 0x69, 0x6e,
  0x65, 0x5f, 0x73, 0x74, 0x61, 0x72, 0x74, 0x02, 0x02, 0x00, 0x00, 0x00, 0x35, 0x00, 0x00, 0x00,
  0x07, 0x02, 0x00, 0x00, 0x00, 0x17, 0x07, 0x03, 0x00, 0x00, 0x01, 0x15, 0x1d, 0x21, 0x00, 0x0b,
  0x04, 0x07, 0x01, 0x07, 0x03, 0x10, 0x00, 0x00, 0x02, 0x13, 0x1d, 0x21, 0x00, 0x0d, 0x04, 0x07,
  0x03, 0x00, 0x00, 0x03, 0x17, 0x08, 0x03, 0x04, 0x22, 0x00, 0x25, 0x04, 0x07, 0x03, 0x00, 0x00,
  0x04, 0x16, 0x27, 0x01, 0x27, 0x04, 0x00, 0x00, 0x00, 0x29, 0x00, 0x00, 0x00, 0x06, 0x00, 0x00,
  0x00, 0x2a, 0x00, 0x00, 0x00, 0x26, 0x00, 0x00, 0x00, 0x2b, 0x00, 0x00, 0x00, 0x07, 0x00, 0x00,
  0x00, 0x2c, 0x00, 0x00, 0x00, 0x02, 0x00, 0x00, 0x00, 0x05, 0x00, 0x00, 0x00, 0x00, 0x00, 0x00,
  0x00, 0x00, 0x00, 0x00, 0xf0, 0x3f, 0x00, 0x00, 0x00, 0x00, 0x00, 0x00, 0x00, 0x00, 0x00, 0x01,
  0x01, 0x00, 0x00, 0x00, 0x0a, 0x00, 0x00, 0x00, 0x00, 0x00, 0x00, 0x00, 0xf0, 0x3f, 0x00, 0x00,
  0x00, 0x00, 0x00, 0x00, 0x00, 0xf0, 0x3f, 0x0e, 0x00, 0x00, 0x00, 0x5f, 0x65, 0x72, 0x72, 0x6f,
  0x72, 0x5f, 0x6d, 0x65, 0x73, 0x73, 0x61, 0x67, 0x65, 0x01, 0x01, 0x00, 0x00, 0x00, 0x3c, 0x00,
  0x00, 0x00, 0x07, 0x01, 0x00, 0x00, 0x00, 0x13, 0x21, 0x00, 0x08, 0x04, 0x00, 0x00, 0x01, 0x27,
  0x20, 0x00, 0x01, 0x04, 0x07, 0x01, 0x00, 0x00, 0x02, 0x13, 0x21, 0x00, 0x08, 0x04, 0x00, 0x00,
  0x03, 0x27, 0x20, 0x00, 0x01, 0x04, 0x07, 0x01, 0x00, 0x00, 0x04, 0x13, 0x21, 0x00, 0x08, 0x04,
  0x00, 0x00, 0x05, 0x27, 0x20, 0x00, 0x01, 0x04, 0x00, 0x00, 0x06, 0x27, 0x01, 0x27, 0x05, 0x00,
  0x00, 0x00, 0x2f, 0x00, 0x00, 0x00, 0x12, 0x00, 0x00, 0x00, 0x30, 0x00, 0x00, 0x00, 0x12, 0x00,
  0x00, 0x00, 0x31, 0x00, 0x00, 0x00, 0x12, 0x00, 0x00, 0x00, 0x32, 0x00, 0x00, 0x00, 0x04, 0x00,
  0x00, 0x00, 0x33, 0x00, 0x00, 0x00, 0x02, 0x00, 0x00, 0x00, 0x07, 0x00, 0x00, 0x00, 0x01, 0x01,
  0x00, 0x00, 0x00, 0x21, 0x01, 0x3e, 0x00, 0x00, 0x00, 0x55, 0x6e, 0x65, 0x78, 0x70, 0x65, 0x63,
  0x74, 0x65, 0x64, 0x20, 0x27, 0x21, 0x27, 0x2e, 0x20, 0x55, 0x73, 0x65, 0x20, 0x27, 0x6e, 0x6f,
  0x74, 0x27, 0x20, 0x66, 0x6f, 0x72, 0x20, 0x6e, 0x65, 0x67, 0x61, 0x74, 0x69, 0x6f, 0x6e, 0x20,
  0x61, 0x6e, 0x64, 0x20, 0x27, 0x21, 0x3d, 0x27, 0x20, 0x66, 0x6f, 0x72, 0x20, 0x6e, 0x6f, 0x74,
  0x2d, 0x65, 0x71, 0x75, 0x61, 0x6c, 0x2e, 0x01, 0x01, 0x00, 0x00, 0x00, 0x7c, 0x01, 0x31, 0x00,
  0x00, 0x00, 0x55, 0x6e, 0x65, 0x78, 0x70, 0x65, 0x63, 0x74, 0x65, 0x64, 0x20, 0x27, 0x7c, 0x27,
  0x2e, 0x20, 0x44, 0x69, 0x64, 0x20, 0x79, 0x6f, 0x75, 0x20, 0x6d, 0x65, 0x61, 0x6e, 0x20, 0x27,
  0x7c, 0x3e, 0x27, 0x20, 0x28, 0x70, 0x69, 0x70, 0x65, 0x29, 0x20, 0x6f, 0x72, 0x20, 0x27, 0x6f,
  0x72, 0x27, 0x3f, 0x01, 0x01, 0x00, 0x00, 0x00, 0x3f, 0x01, 0x50, 0x00, 0x00, 0x00, 0x55, 0x6e,
  0x65, 0x78, 0x70, 0x65, 0x63, 0x74, 0x65, 0x64, 0x20, 0x27, 0x3f, 0x27, 0x2e, 0x20, 0x46, 0x61,
  0x78, 0x61, 0x6c, 0x20, 0x68, 0x61, 0x73, 0x20, 0x74, 0x68, 0x65, 0x20, 0x6f, 0x70, 0x65, 0x72,
  0x61, 0x74, 0x6f, 0x72, 0x73, 0x20, 0x3f, 0x3f, 0x20, 0x28, 0x64, 0x65, 0x66, 0x61, 0x75, 0x6c,
  0x74, 0x20, 0x76, 0x61, 0x6c, 0x75, 0x65, 0x29, 0x20, 0x61, 0x6e, 0x64, 0x20, 0x3f, 0x2e, 0x20,
  0x28, 0x73, 0x61, 0x66, 0x65, 0x20, 0x61, 0x63, 0x63, 0x65, 0x73, 0x73, 0x29, 0x2e, 0x01, 0x15,
  0x00, 0x00, 0x00, 0x55, 0x6e, 0x65, 0x78, 0x70, 0x65, 0x63, 0x74, 0x65, 0x64, 0x20, 0x63, 0x68,
  0x61, 0x72, 0x61, 0x63, 0x74, 0x65, 0x72, 0x2e, 0x06, 0x00, 0x00, 0x00, 0x6c, 0x61, 0x79, 0x6f,
  0x75, 0x74, 0x02, 0x01, 0x00, 0x00, 0x00, 0x84, 0x03, 0x00, 0x00, 0x07, 0x02, 0x38, 0x00, 0x06,
  0x04, 0x00, 0x00, 0x00, 0x08, 0x02, 0x04, 0x09, 0x00, 0x01, 0x07, 0x01, 0x24, 0x00, 0x02, 0x01,
  0x28, 0x00, 0x00, 0x28, 0x00, 0x00, 0x00, 0x00, 0x03, 0x01, 0x03, 0x01, 0x07, 0x02, 0x00, 0x00,
  0x04, 0x17, 0x07, 0x03, 0x00, 0x00, 0x05, 0x2a, 0x0b, 0x03, 0x4d, 0x07, 0x0d, 0x0e, 0x00, 0x06,
  0x00, 0x00, 0x07, 0x14, 0x21, 0x00, 0x04, 0x04, 0x07, 0x08, 0x1d, 0x21, 0x00, 0x0d, 0x04, 0x02,
  0x08, 0x08, 0x04, 0x07, 0x07, 0x08, 0x09, 0x04, 0x20, 0x00, 0x01, 0x04, 0x07, 0x0d, 0x0e, 0x00,
  0x08, 0x00, 0x00, 0x09, 0x13, 0x21, 0x00, 0x0d, 0x04, 0x07, 0x0d, 0x08, 0x07, 0x04, 0x04, 0x22,
  0x00, 0x3b, 0x20, 0x00, 0x01, 0x04, 0x07, 0x05, 0x24, 0x00, 0x0a, 0x00, 0x07, 0x0e, 0x00, 0x00,
  0x0b, 0x13, 0x21, 0x00, 0x03, 0x20, 0x00, 0x19, 0x04, 0x07, 0x0e, 0x00, 0x00, 0x0c, 0x14, 0x1d,
  0x21, 0x00, 0x0e, 0x04, 0x07, 0x05, 0x07, 0x0e, 0x00, 0x00, 0x0d, 0x17, 0x10, 0x00, 0x00, 0x0e,
  0x13, 0x00, 0x00, 0x0f, 0x07, 0x0d, 0x0e, 0x00, 0x08, 0x00, 0x00, 0x10, 0x13, 0x21, 0x00, 0x0a,
  0x04, 0x00, 0x00, 0x11, 0x08, 0x10, 0x04, 0x20, 0x00, 0xac, 0x04, 0x07, 0x0d, 0x0e, 0x00, 0x08,
  0x00, 0x00, 0x12, 0x13, 0x21, 0x00, 0x0a, 0x04, 0x00, 0x00, 0x13, 0x08, 0x10, 0x04, 0x20, 0x00,
  0x95, 0x04, 0x07, 0x0d, 0x0e, 0x00, 0x08, 0x00, 0x00, 0x14, 0x13, 0x21, 0x00, 0x0a, 0x04, 0x00,
  0x00, 0x15, 0x08, 0x10, 0x04, 0x20, 0x00, 0x7e, 0x04, 0x07, 0x0d, 0x0e, 0x00, 0x08, 0x00, 0x00,
  0x16, 0x13, 0x21, 0x00, 0x0a, 0x04, 0x00, 0x00, 0x17, 0x08, 0x10, 0x04, 0x20, 0x00, 0x67, 0x04,
  0x07, 0x0d, 0x0e, 0x00, 0x08, 0x00, 0x00, 0x18, 0x13, 0x21, 0x00, 0x0a, 0x04, 0x00, 0x00, 0x19,
  0x08, 0x10, 0x04, 0x20, 0x00, 0x50, 0x04, 0x07, 0x0d, 0x0e, 0x00, 0x08, 0x00, 0x00, 0x1a, 0x13,
  0x21, 0x00, 0x0c, 0x04, 0x07, 0x0d, 0x0e, 0x00, 0x1b, 0x08, 0x10, 0x04, 0x20, 0x00, 0x37, 0x04,
  0x07, 0x0d, 0x0e, 0x00, 0x08, 0x00, 0x00, 0x1c, 0x13, 0x21, 0x00, 0x0a, 0x04, 0x00, 0x00, 0x1d,
  0x08, 0x10, 0x04, 0x20, 0x00, 0x20, 0x04, 0x07, 0x0d, 0x0e, 0x00, 0x1b, 0x00, 0x00, 0x1e, 0x13,
  0x21, 0x00, 0x0a, 0x04, 0x00, 0x00, 0x1f, 0x08, 0x10, 0x04, 0x20, 0x00, 0x09, 0x04, 0x07, 0x0d,
  0x0e, 0x00, 0x1b, 0x08, 0x10, 0x04, 0x07, 0x10, 0x00, 0x00, 0x20, 0x13, 0x21, 0x00, 0x03, 0x20,
  0x00, 0x07, 0x04, 0x07, 0x10, 0x00, 0x00, 0x21, 0x13, 0x21, 0x00, 0x06, 0x04, 0x07, 0x0d, 0x0e,
  0x00, 0x22, 0x21, 0x00, 0x0a, 0x04, 0x00, 0x00, 0x23, 0x08, 0x10, 0x04, 0x20, 0x00, 0x01, 0x04,
  0x07, 0x08, 0x21, 0x00, 0x0a, 0x04, 0x09, 0x00, 0x24, 0x07, 0x06, 0x24, 0x00, 0x25, 0x01, 0x21,
  0x00, 0x03, 0x04, 0x07, 0x0f, 0x21, 0x00, 0x0b, 0x04, 0x09, 0x00, 0x26, 0x07, 0x10, 0x24, 0x00,
  0x25, 0x01, 0x1d, 0x21, 0x00, 0x06, 0x04, 0x07, 0x09, 0x01, 0x13, 0x1d, 0x21, 0x00, 0x68, 0x04,
  0x07, 0x01, 0x00, 0x00, 0x28, 0x07, 0x09, 0x0e, 0x00, 0x29, 0x09, 0x00, 0x0a, 0x07, 0x09, 0x0e,
  0x00, 0x1b, 0x23, 0x01, 0x16, 0x24, 0x00, 0x27, 0x02, 0x09, 0x00, 0x2a, 0x07, 0x01, 0x07, 0x11,
  0x23, 0x02, 0x07, 0x04, 0x00, 0x00, 0x2c, 0x00, 0x00, 0x2d, 0x00, 0x00, 0x2e, 0x00, 0x00, 0x2f,
  0x00, 0x00, 0x30, 0x07, 0x09, 0x0e, 0x00, 0x30, 0x07, 0x09, 0x0e, 0x00, 0x1b, 0x00, 0x00, 0x32,
  0x24, 0x00, 0x31, 0x01, 0x16, 0x07, 0x0a, 0x16, 0x00, 0x00, 0x33, 0x07, 0x11, 0x07, 0x12, 0x17,
  0x00, 0x00, 0x34, 0x16, 0x29, 0x00, 0x04, 0x24, 0x00, 0x2b, 0x01, 0x04, 0x00, 0x00, 0x35, 0x08,
  0x06, 0x04, 0x04, 0x04, 0x20, 0x00, 0x58, 0x04, 0x07, 0x10, 0x00, 0x00, 0x36, 0x13, 0x21, 0x00,
  0x04, 0x04, 0x07, 0x08, 0x1d, 0x21, 0x00, 0x0a, 0x04, 0x09, 0x00, 0x24, 0x07, 0x06, 0x24, 0x00,
  0x25, 0x01, 0x21, 0x00, 0x03, 0x04, 0x07, 0x0f, 0x21, 0x00, 0x33, 0x04, 0x07, 0x04, 0x00, 0x00,
  0x37, 0x00, 0x00, 0x38, 0x00, 0x00, 0x39, 0x00, 0x00, 0x3a, 0x00, 0x00, 0x3b, 0x07, 0x0d, 0x0e,
  0x00, 0x30, 0x07, 0x0a, 0x16, 0x00, 0x00, 0x3c, 0x07, 0x0d, 0x0e, 0x00, 0x33, 0x29, 0x00, 0x04,
  0x24, 0x00, 0x2b, 0x01, 0x04, 0x00, 0x00, 0x3d, 0x08, 0x06, 0x04, 0x20, 0x00, 0x01, 0x04, 0x03,
  0x08, 0x08, 0x04, 0x01, 0x08, 0x09, 0x04, 0x07, 0x10, 0x00, 0x00, 0x3e, 0x13, 0x21, 0x00, 0x52,
  0x04, 0x07, 0x0d, 0x0e, 0x00, 0x22, 0x21, 0x00, 0x04, 0x04, 0x00, 0x00, 0x3f, 0x21, 0x00, 0x03,
  0x20, 0x00, 0x0b, 0x04, 0x09, 0x00, 0x40, 0x07, 0x0d, 0x0e, 0x00, 0x1b, 0x23, 0x01, 0x07, 0x04,
  0x00, 0x00, 0x41, 0x00, 0x00, 0x42, 0x00, 0x00, 0x43, 0x07, 0x0d, 0x0e, 0x00, 0x1b, 0x00, 0x00,
  0x44, 0x07, 0x0d, 0x0e, 0x00, 0x30, 0x07, 0x0a, 0x16, 0x00, 0x00, 0x45, 0x07, 0x0d, 0x0e, 0x00,
  0x33, 0x00, 0x00, 0x46, 0x07, 0x11, 0x29, 0x00, 0x05, 0x24, 0x00, 0x2b, 0x01, 0x04, 0x04, 0x20,
  0x00, 0x9a, 0x04, 0x07, 0x04, 0x00, 0x00, 0x47, 0x07, 0x10, 0x00, 0x00, 0x48, 0x07, 0x0d, 0x0e,
  0x00, 0x1b, 0x00, 0x00, 0x49, 0x07, 0x0d, 0x0e, 0x00, 0x30, 0x07, 0x0a, 0x16, 0x00, 0x00, 0x4a,
  0x07, 0x0d, 0x0e, 0x00, 0x33, 0x29, 0x00, 0x04, 0x24, 0x00, 0x2b, 0x01, 0x04, 0x07, 0x10, 0x08,
  0x06, 0x04, 0x07, 0x10, 0x00, 0x00, 0x4b, 0x13, 0x21, 0x00, 0x03, 0x20, 0x00, 0x07, 0x04, 0x07,
  0x10, 0x00, 0x00, 0x4c, 0x13, 0x21, 0x00, 0x03, 0x20, 0x00, 0x07, 0x04, 0x07, 0x10, 0x00, 0x00,
  0x4d, 0x13, 0x21, 0x00, 0x0d, 0x04, 0x07, 0x05, 0x07, 0x10, 0x24, 0x00, 0x2b, 0x01, 0x04, 0x20,
  0x00, 0x3a, 0x04, 0x07, 0x10, 0x00, 0x00, 0x4e, 0x13, 0x21, 0x00, 0x03, 0x20, 0x00, 0x07, 0x04,
  0x07, 0x10, 0x00, 0x00, 0x4f, 0x13, 0x21, 0x00, 0x03, 0x20, 0x00, 0x07, 0x04, 0x07, 0x10, 0x00,
  0x00, 0x50, 0x13, 0x21, 0x00, 0x07, 0x04, 0x07, 0x0e, 0x00, 0x00, 0x51, 0x14, 0x21, 0x00, 0x0b,
  0x04, 0x07, 0x05, 0x24, 0x00, 0x52, 0x00, 0x04, 0x20, 0x00, 0x01, 0x04, 0x07, 0x0d, 0x08, 0x07,
  0x04, 0x04, 0x04, 0x04, 0x04, 0x22, 0x03, 0x51, 0x04, 0x04, 0x07, 0x04, 0x27, 0x01, 0x27, 0x39,
  0x00, 0x00, 0x00, 0x3a, 0x00, 0x00, 0x00, 0x0c, 0x00, 0x00, 0x00, 0x3b, 0x00, 0x00, 0x00, 0x09,
  0x00, 0x00, 0x00, 0x3c, 0x00, 0x00, 0x00, 0x03, 0x00, 0x00, 0x00, 0x3d, 0x00, 0x00, 0x00, 0x03,
  0x00, 0x00, 0x00, 0x3e, 0x00, 0x00, 0x00, 0x03, 0x00, 0x00, 0x00, 0x3f, 0x00, 0x00, 0x00, 0x01,
  0x00, 0x00, 0x00, 0x40, 0x00, 0x00, 0x00, 0x01, 0x00, 0x00, 0x00, 0x41, 0x00, 0x00, 0x00, 0x01,
  0x00, 0x00, 0x00, 0x42, 0x00, 0x00, 0x00, 0x06, 0x00, 0x00, 0x00, 0x44, 0x00, 0x00, 0x00, 0x09,
  0x00, 0x00, 0x00, 0x45, 0x00, 0x00, 0x00, 0x14, 0x00, 0x00, 0x00, 0x46, 0x00, 0x00, 0x00, 0x04,
  0x00, 0x00, 0x00, 0x47, 0x00, 0x00, 0x00, 0x05, 0x00, 0x00, 0x00, 0x48, 0x00, 0x00, 0x00, 0x04,
  0x00, 0x00, 0x00, 0x49, 0x00, 0x00, 0x00, 0x0d, 0x00, 0x00, 0x00, 0x4a, 0x00, 0x00, 0x00, 0x05,
  0x00, 0x00, 0x00, 0x4b, 0x00, 0x00, 0x00, 0x04, 0x00, 0x00, 0x00, 0x4c, 0x00, 0x00, 0x00, 0x04,
  0x00, 0x00, 0x00, 0x4d, 0x00, 0x00, 0x00, 0x06, 0x00, 0x00, 0x00, 0x4e, 0x00, 0x00, 0x00, 0x25,
  0x00, 0x00, 0x00, 0x4f, 0x00, 0x00, 0x00, 0x03, 0x00, 0x00, 0x00, 0x50, 0x00, 0x00, 0x00, 0x17,
  0x00, 0x00, 0x00, 0x51, 0x00, 0x00, 0x00, 0x17, 0x00, 0x00, 0x00, 0x52, 0x00, 0x00, 0x00, 0x17,
  0x00, 0x00, 0x00, 0x53, 0x00, 0x00, 0x00, 0x17, 0x00, 0x00, 0x00, 0x54, 0x00, 0x00, 0x00, 0x17,
  0x00, 0x00, 0x00, 0x55, 0x00, 0x00, 0x00, 0x19, 0x00, 0x00, 0x00, 0x56, 0x00, 0x00, 0x00, 0x17,
  0x00, 0x00, 0x00, 0x57, 0x00, 0x00, 0x00, 0x17, 0x00, 0x00, 0x00, 0x58, 0x00, 0x00, 0x00, 0x08,
  0x00, 0x00, 0x00, 0x59, 0x00, 0x00, 0x00, 0x2a, 0x00, 0x00, 0x00, 0x5c, 0x00, 0x00, 0x00, 0x30,
  0x00, 0x00, 0x00, 0x5d, 0x00, 0x00, 0x00, 0x19, 0x00, 0x00, 0x00, 0x5e, 0x00, 0x00, 0x00, 0x09,
  0x00, 0x00, 0x00, 0x5f, 0x00, 0x00, 0x00, 0x3a, 0x00, 0x00, 0x00, 0x60, 0x00, 0x00, 0x00, 0x06,
  0x00, 0x00, 0x00, 0x61, 0x00, 0x00, 0x00, 0x2a, 0x00, 0x00, 0x00, 0x62, 0x00, 0x00, 0x00, 0x29,
  0x00, 0x00, 0x00, 0x63, 0x00, 0x00, 0x00, 0x06, 0x00, 0x00, 0x00, 0x64, 0x00, 0x00, 0x00, 0x04,
  0x00, 0x00, 0x00, 0x65, 0x00, 0x00, 0x00, 0x04, 0x00, 0x00, 0x00, 0x66, 0x00, 0x00, 0x00, 0x04,
  0x00, 0x00, 0x00, 0x68, 0x00, 0x00, 0x00, 0x0a, 0x00, 0x00, 0x00, 0x69, 0x00, 0x00, 0x00, 0x1d,
  0x00, 0x00, 0x00, 0x6a, 0x00, 0x00, 0x00, 0x30, 0x00, 0x00, 0x00, 0x6b, 0x00, 0x00, 0x00, 0x05,
  0x00, 0x00, 0x00, 0x6c, 0x00, 0x00, 0x00, 0x2a, 0x00, 0x00, 0x00, 0x6d, 0x00, 0x00, 0x00, 0x05,
  0x00, 0x00, 0x00, 0x6e, 0x00, 0x00, 0x00, 0x24, 0x00, 0x00, 0x00, 0x6f, 0x00, 0x00, 0x00, 0x09,
  0x00, 0x00, 0x00, 0x70, 0x00, 0x00, 0x00, 0x32, 0x00, 0x00, 0x00, 0x71, 0x00, 0x00, 0x00, 0x07,
  0x00, 0x00, 0x00, 0x72, 0x00, 0x00, 0x00, 0x04, 0x00, 0x00, 0x00, 0x74, 0x00, 0x00, 0x00, 0x05,
  0x00, 0x00, 0x00, 0x75, 0x00, 0x00, 0x00, 0x09, 0x00, 0x00, 0x00, 0x76, 0x00, 0x00, 0x00, 0x03,
  0x00, 0x00, 0x00, 0x77, 0x00, 0x00, 0x00, 0x02, 0x00, 0x00, 0x00, 0x53, 0x00, 0x00, 0x00, 0x00,
  0x00, 0x00, 0x00, 0x00, 0x00, 0x00, 0xf0, 0x3f, 0x01, 0x03, 0x00, 0x00, 0x00, 0x6c, 0x65, 0x78,
  0x01, 0x08, 0x00, 0x00, 0x00, 0x74, 0x6f, 0x6b, 0x65, 0x6e, 0x69, 0x7a, 0x65, 0x01, 0x04, 0x00,
  0x00, 0x00, 0x53, 0x45, 0x4d, 0x49, 0x00, 0x00, 0x00, 0x00, 0x00, 0x00, 0x00, 0xf0, 0x3f, 0x00,
  0x00, 0x00, 0x00, 0x00, 0x00, 0x00, 0x00, 0x00, 0x01, 0x02, 0x00, 0x00, 0x00, 0x6e, 0x6c, 0x00,
  0x00, 0x00, 0x00, 0x00, 0x00, 0x00, 0x00, 0x00, 0x01, 0x04, 0x00, 0x00, 0x00, 0x6b, 0x69, 0x6e,
  0x64, 0x01, 0x07, 0x00, 0x00, 0x00, 0x63, 0x6f, 0x6d, 0x6d, 0x65, 0x6e, 0x74, 0x01, 0x03, 0x00,
  0x00, 0x00, 0x6c, 0x65, 0x6e, 0x00, 0x00, 0x00, 0x00, 0x00, 0x00, 0x00, 0x00, 0x00, 0x00, 0x00,
  0x00, 0x00, 0x00, 0x00, 0xe0, 0x6f, 0x40, 0x00, 0x00, 0x00, 0x00, 0x00, 0x00, 0x00, 0xf0, 0x3f,
  0x01, 0x01, 0x00, 0x00, 0x00, 0x7b, 0x01, 0x00, 0x00, 0x00, 0x00, 0x01, 0x03, 0x00, 0x00, 0x00,
  0x65, 0x6f, 0x66, 0x01, 0x03, 0x00, 0x00, 0x00, 0x45, 0x4f, 0x46, 0x01, 0x05, 0x00, 0x00, 0x00,
  0x69, 0x64, 0x65, 0x6e, 0x74, 0x01, 0x05, 0x00, 0x00, 0x00, 0x49, 0x44, 0x45, 0x4e, 0x54, 0x01,
  0x06, 0x00, 0x00, 0x00, 0x6e, 0x75, 0x6d, 0x62, 0x65, 0x72, 0x01, 0x06, 0x00, 0x00, 0x00, 0x4e,
  0x55, 0x4d, 0x42, 0x45, 0x52, 0x01, 0x06, 0x00, 0x00, 0x00, 0x73, 0x74, 0x72, 0x69, 0x6e, 0x67,
  0x01, 0x06, 0x00, 0x00, 0x00, 0x53, 0x54, 0x52, 0x49, 0x4e, 0x47, 0x01, 0x07, 0x00, 0x00, 0x00,
  0x66, 0x73, 0x74, 0x72, 0x69, 0x6e, 0x67, 0x01, 0x07, 0x00, 0x00, 0x00, 0x46, 0x53, 0x54, 0x52,
  0x49, 0x4e, 0x47, 0x01, 0x07, 0x00, 0x00, 0x00, 0x6b, 0x65, 0x79, 0x77, 0x6f, 0x72, 0x64, 0x01,
  0x04, 0x00, 0x00, 0x00, 0x74, 0x65, 0x78, 0x74, 0x01, 0x05, 0x00, 0x00, 0x00, 0x65, 0x72, 0x72,
  0x6f, 0x72, 0x01, 0x05, 0x00, 0x00, 0x00, 0x45, 0x52, 0x52, 0x4f, 0x52, 0x01, 0x01, 0x00, 0x00,
  0x00, 0x3b, 0x01, 0x04, 0x00, 0x00, 0x00, 0x53, 0x45, 0x4d, 0x49, 0x01, 0x06, 0x00, 0x00, 0x00,
  0x53, 0x54, 0x52, 0x49, 0x4e, 0x47, 0x01, 0x07, 0x00, 0x00, 0x00, 0x46, 0x53, 0x54, 0x52, 0x49,
  0x4e, 0x47, 0x01, 0x04, 0x00, 0x00, 0x00, 0x6f, 0x70, 0x65, 0x6e, 0x01, 0x05, 0x00, 0x00, 0x00,
  0x45, 0x52, 0x52, 0x4f, 0x52, 0x01, 0x0a, 0x00, 0x00, 0x00, 0x4e, 0x45, 0x45, 0x44, 0x53, 0x5f,
  0x53, 0x45, 0x4d, 0x49, 0x01, 0x03, 0x00, 0x00, 0x00, 0x68, 0x61, 0x73, 0x01, 0x0e, 0x00, 0x00,
  0x00, 0x43, 0x4f, 0x4e, 0x54, 0x49, 0x4e, 0x55, 0x45, 0x53, 0x5f, 0x4c, 0x49, 0x4e, 0x45, 0x01,
  0x04, 0x00, 0x00, 0x00, 0x66, 0x69, 0x6e, 0x64, 0x01, 0x01, 0x00, 0x00, 0x00, 0x0a, 0x01, 0x03,
  0x00, 0x00, 0x00, 0x70, 0x6f, 0x73, 0x01, 0x0b, 0x00, 0x00, 0x00, 0x5f, 0x6c, 0x69, 0x6e, 0x65,
  0x5f, 0x73, 0x74, 0x61, 0x72, 0x74, 0x01, 0x04, 0x00, 0x00, 0x00, 0x70, 0x75, 0x73, 0x68, 0x01,
  0x04, 0x00, 0x00, 0x00, 0x74, 0x79, 0x70, 0x65, 0x01, 0x04, 0x00, 0x00, 0x00, 0x53, 0x45, 0x4d,
  0x49, 0x01, 0x04, 0x00, 0x00, 0x00, 0x74, 0x65, 0x78, 0x74, 0x01, 0x01, 0x00, 0x00, 0x00, 0x0a,
  0x01, 0x04, 0x00, 0x00, 0x00, 0x6c, 0x69, 0x6e, 0x65, 0x01, 0x05, 0x00, 0x00, 0x00, 0x63, 0x6f,
  0x75, 0x6e, 0x74, 0x01, 0x01, 0x00, 0x00, 0x00, 0x0a, 0x01, 0x03, 0x00, 0x00, 0x00, 0x63, 0x6f,
  0x6c, 0x00, 0x00, 0x00, 0x00, 0x00, 0x00, 0x00, 0xf0, 0x3f, 0x01, 0x04, 0x00, 0x00, 0x00, 0x53,
  0x45, 0x4d, 0x49, 0x01, 0x03, 0x00, 0x00, 0x00, 0x45, 0x4f, 0x46, 0x01, 0x04, 0x00, 0x00, 0x00,
  0x74, 0x79, 0x70, 0x65, 0x01, 0x04, 0x00, 0x00, 0x00, 0x53, 0x45, 0x4d, 0x49, 0x01, 0x04, 0x00,
  0x00, 0x00, 0x74, 0x65, 0x78, 0x74, 0x01, 0x00, 0x00, 0x00, 0x00, 0x01, 0x04, 0x00, 0x00, 0x00,
  0x6c, 0x69, 0x6e, 0x65, 0x01, 0x03, 0x00, 0x00, 0x00, 0x63, 0x6f, 0x6c, 0x01, 0x04, 0x00, 0x00,
  0x00, 0x53, 0x45, 0x4d, 0x49, 0x01, 0x05, 0x00, 0x00, 0x00, 0x45, 0x52, 0x52, 0x4f, 0x52, 0x01,
  0x14, 0x00, 0x00, 0x00, 0x55, 0x6e, 0x74, 0x65, 0x72, 0x6d, 0x69, 0x6e, 0x61, 0x74, 0x65, 0x64,
  0x20, 0x73, 0x74, 0x72, 0x69, 0x6e, 0x67, 0x2e, 0x01, 0x0e, 0x00, 0x00, 0x00, 0x5f, 0x65, 0x72,
  0x72, 0x6f, 0x72, 0x5f, 0x6d, 0x65, 0x73, 0x73, 0x61, 0x67, 0x65, 0x01, 0x04, 0x00, 0x00, 0x00,
  0x74, 0x79, 0x70, 0x65, 0x01, 0x05, 0x00, 0x00, 0x00, 0x45, 0x52, 0x52, 0x4f, 0x52, 0x01, 0x04,
  0x00, 0x00, 0x00, 0x74, 0x65, 0x78, 0x74, 0x01, 0x04, 0x00, 0x00, 0x00, 0x6c, 0x69, 0x6e, 0x65,
  0x01, 0x03, 0x00, 0x00, 0x00, 0x63, 0x6f, 0x6c, 0x01, 0x07, 0x00, 0x00, 0x00, 0x6d, 0x65, 0x73,
  0x73, 0x61, 0x67, 0x65, 0x01, 0x04, 0x00, 0x00, 0x00, 0x74, 0x79, 0x70, 0x65, 0x01, 0x04, 0x00,
  0x00, 0x00, 0x74, 0x65, 0x78, 0x74, 0x01, 0x04, 0x00, 0x00, 0x00, 0x6c, 0x69, 0x6e, 0x65, 0x01,
  0x03, 0x00, 0x00, 0x00, 0x63, 0x6f, 0x6c, 0x01, 0x01, 0x00, 0x00, 0x00, 0x28, 0x01, 0x01, 0x00,
  0x00, 0x00, 0x5b, 0x01, 0x01, 0x00, 0x00, 0x00, 0x7b, 0x01, 0x01, 0x00, 0x00, 0x00, 0x29, 0x01,
  0x01, 0x00, 0x00, 0x00, 0x5d, 0x01, 0x01, 0x00, 0x00, 0x00, 0x7d, 0x00, 0x00, 0x00, 0x00, 0x00,
  0x00, 0x00, 0x00, 0x00, 0x01, 0x03, 0x00, 0x00, 0x00, 0x70, 0x6f, 0x70, 0x04, 0x00, 0x00, 0x00,
  0x69, 0x6e, 0x69, 0x74, 0x03, 0x03, 0x00, 0x00, 0x00, 0xd5, 0x00, 0x00, 0x00, 0x07, 0x00, 0x07,
  0x01, 0x0f, 0x00, 0x00, 0x04, 0x07, 0x00, 0x07, 0x02, 0x0f, 0x00, 0x01, 0x04, 0x07, 0x00, 0x07,
  0x03, 0x0f, 0x00, 0x02, 0x04, 0x07, 0x00, 0x28, 0x00, 0x00, 0x0f, 0x00, 0x03, 0x04, 0x07, 0x00,
  0x28, 0x00, 0x00, 0x0f, 0x00, 0x04, 0x04, 0x07, 0x00, 0x28, 0x00, 0x00, 0x0f, 0x00, 0x05, 0x04,
  0x07, 0x00, 0x00, 0x00, 0x07, 0x0f, 0x00, 0x06, 0x04, 0x07, 0x00, 0x00, 0x00, 0x09, 0x0f, 0x00,
  0x08, 0x04, 0x07, 0x00, 0x00, 0x00, 0x0b, 0x07, 0x01, 0x00, 0x00, 0x0c, 0x13, 0x21, 0x00, 0x03,
  0x20, 0x00, 0x07, 0x04, 0x07, 0x01, 0x00, 0x00, 0x0d, 0x13, 0x21, 0x00, 0x04, 0x04, 0x00, 0x00,
  0x0e, 0x21, 0x00, 0x03, 0x20, 0x00, 0x04, 0x04, 0x00, 0x00, 0x0f, 0x00, 0x00, 0x10, 0x00, 0x00,
  0x11, 0x00, 0x00, 0x12, 0x03, 0x29, 0x00, 0x03, 0x28, 0x00, 0x01, 0x0f, 0x00, 0x0a, 0x04, 0x07,
  0x00, 0x28, 0x00, 0x00, 0x0f, 0x00, 0x13, 0x04, 0x07, 0x00, 0x00, 0x00, 0x15, 0x0f, 0x00, 0x14,
  0x04, 0x07, 0x00, 0x00, 0x00, 0x17, 0x0f, 0x00, 0x16, 0x04, 0x07, 0x00, 0x01, 0x0f, 0x00, 0x18,
  0x04, 0x07, 0x00, 0x00, 0x00, 0x1a, 0x0f, 0x00, 0x19, 0x04, 0x07, 0x00, 0x07, 0x02, 0x01, 0x13,
  0x21, 0x00, 0x04, 0x04, 0x00, 0x00, 0x1c, 0x21, 0x00, 0x03, 0x20, 0x00, 0x0e, 0x04, 0x07, 0x02,
  0x00, 0x00, 0x1d, 0x00, 0x00, 0x1e, 0x12, 0x00, 0x00, 0x1f, 0x16, 0x0f, 0x00, 0x1b, 0x04, 0x07,
  0x00, 0x27, 0x10, 0x00, 0x00, 0x00, 0x94, 0x00, 0x00, 0x00, 0x08, 0x00, 0x00, 0x00, 0x95, 0x00,
  0x00, 0x00, 0x08, 0x00, 0x00, 0x00, 0x96, 0x00, 0x00, 0x00, 0x08, 0x00, 0x00, 0x00, 0x97, 0x00,
  0x00, 0x00, 0x09, 0x00, 0x00, 0x00, 0x98, 0x00, 0x00, 0x00, 0x09, 0x00, 0x00, 0x00, 0x99, 0x00,
  0x00, 0x00, 0x09, 0x00, 0x00, 0x00, 0x9a, 0x00, 0x00, 0x00, 0x09, 0x00, 0x00, 0x00, 0x9b, 0x00,
  0x00, 0x00, 0x09, 0x00, 0x00, 0x00, 0x9c, 0x00, 0x00, 0x00, 0x3d, 0x00, 0x00, 0x00, 0x9d, 0x00,
  0x00, 0x00, 0x09, 0x00, 0x00, 0x00, 0x9e, 0x00, 0x00, 0x00, 0x09, 0x00, 0x00, 0x00, 0x9f, 0x00,
  0x00, 0x00, 0x09, 0x00, 0x00, 0x00, 0xa0, 0x00, 0x00, 0x00, 0x07, 0x00, 0x00, 0x00, 0xa1, 0x00,
  0x00, 0x00, 0x09, 0x00, 0x00, 0x00, 0xa2, 0x00, 0x00, 0x00, 0x25, 0x00, 0x00, 0x00, 0xa3, 0x00,
  0x00, 0x00, 0x03, 0x00, 0x00, 0x00, 0x20, 0x00, 0x00, 0x00, 0x01, 0x04, 0x00, 0x00, 0x00, 0x74,
  0x79, 0x70, 0x65, 0x01, 0x04, 0x00, 0x00, 0x00, 0x6e, 0x61, 0x6d, 0x65, 0x01, 0x09, 0x00, 0x00,
  0x00, 0x65, 0x6e, 0x63, 0x6c, 0x6f, 0x73, 0x69, 0x6e, 0x67, 0x01, 0x04, 0x00, 0x00, 0x00, 0x63,
  0x6f, 0x64, 0x65, 0x01, 0x05, 0x00, 0x00, 0x00, 0x6c, 0x69, 0x6e, 0x65, 0x73, 0x01, 0x09, 0x00,
  0x00, 0x00, 0x63, 0x6f, 0x6e, 0x73, 0x74, 0x61, 0x6e, 0x74, 0x73, 0x01, 0x05, 0x00, 0x00, 0x00,
  0x61, 0x72, 0x69, 0x74, 0x79, 0x00, 0x00, 0x00, 0x00, 0x00, 0x00, 0x00, 0x00, 0x00, 0x01, 0x09,
  0x00, 0x00, 0x00, 0x6d, 0x69, 0x6e, 0x5f, 0x61, 0x72, 0x69, 0x74, 0x79, 0x00, 0x00, 0x00, 0x00,
  0x00, 0x00, 0x00, 0x00, 0x00, 0x01, 0x06, 0x00, 0x00, 0x00, 0x6c, 0x6f, 0x63, 0x61, 0x6c, 0x73,
  0x01, 0x04, 0x00, 0x00, 0x00, 0x6e, 0x61, 0x6d, 0x65, 0x01, 0x06, 0x00, 0x00, 0x00, 0x6d, 0x65,
  0x74, 0x68, 0x6f, 0x64, 0x01, 0x0b, 0x00, 0x00, 0x00, 0x69, 0x6e, 0x69, 0x74, 0x69, 0x61, 0x6c,
  0x69, 0x7a, 0x65, 0x72, 0x01, 0x04, 0x00, 0x00, 0x00, 0x73, 0x65, 0x6c, 0x66, 0x01, 0x00, 0x00,
  0x00, 0x00, 0x01, 0x05, 0x00, 0x00, 0x00, 0x64, 0x65, 0x70, 0x74, 0x68, 0x00, 0x00, 0x00, 0x00,
  0x00, 0x00, 0x00, 0x00, 0x00, 0x01, 0x08, 0x00, 0x00, 0x00, 0x63, 0x61, 0x70, 0x74, 0x75, 0x72,
  0x65, 0x64, 0x01, 0x08, 0x00, 0x00, 0x00, 0x75, 0x70, 0x76, 0x61, 0x6c, 0x75, 0x65, 0x73, 0x01,
  0x0b, 0x00, 0x00, 0x00, 0x73, 0x63, 0x6f, 0x70, 0x65, 0x5f, 0x64, 0x65, 0x70, 0x74, 0x68, 0x00,
  0x00, 0x00, 0x00, 0x00, 0x00, 0x00, 0x00, 0x00, 0x01, 0x09, 0x00, 0x00, 0x00, 0x74, 0x72, 0x79,
  0x5f, 0x64, 0x65, 0x70, 0x74, 0x68, 0x00, 0x00, 0x00, 0x00, 0x00, 0x00, 0x00, 0x00, 0x00, 0x01,
  0x04, 0x00, 0x00, 0x00, 0x6c, 0x6f, 0x6f, 0x70, 0x01, 0x08, 0x00, 0x00, 0x00, 0x72, 0x65, 0x74,
  0x5f, 0x73, 0x70, 0x65, 0x63, 0x01, 0x00, 0x00, 0x00, 0x00, 0x01, 0x05, 0x00, 0x00, 0x00, 0x6c,
  0x61, 0x62, 0x65, 0x6c, 0x01, 0x0c, 0x00, 0x00, 0x00, 0x74, 0x68, 0x65, 0x20, 0x66, 0x75, 0x6e,
  0x63, 0x74, 0x69, 0x6f, 0x6e, 0x00, 0x00, 0x00, 0x00, 0x00, 0x00, 0x00, 0x00, 0x00, 0x00, 0x00,
  0x00, 0x00, 0x00, 0x00, 0x00, 0x4e, 0x40, 0x01, 0x02, 0x00, 0x00, 0x00, 0x28, 0x29, 0x08, 0x00,
  0x00, 0x00, 0x65, 0x72, 0x72, 0x6f, 0x72, 0x5f, 0x61, 0x74, 0x02, 0x02, 0x00, 0x00, 0x00, 0x06,
  0x01, 0x00, 0x00, 0x09, 0x00, 0x00, 0x0e, 0x00, 0x01, 0x21, 0x00, 0x06, 0x04, 0x01, 0x27, 0x20,
  0x00, 0x01, 0x04, 0x09, 0x00, 0x00, 0x02, 0x0f, 0x00, 0x01, 0x04, 0x09, 0x00, 0x00, 0x02, 0x0f,
  0x00, 0x02, 0x04, 0x07, 0x01, 0x0e, 0x00, 0x03, 0x00, 0x00, 0x04, 0x13, 0x21, 0x00, 0x03, 0x20,
  0x00, 0x17, 0x04, 0x07, 0x01, 0x0e, 0x00, 0x03, 0x00, 0x00, 0x05, 0x13, 0x21, 0x00, 0x0a, 0x04,
  0x07, 0x01, 0x0e, 0x00, 0x06, 0x00, 0x00, 0x07, 0x13, 0x21, 0x00, 0x0c, 0x04, 0x09, 0x00, 0x00,
  0x02, 0x0f, 0x00, 0x08, 0x04, 0x20, 0x00, 0x01, 0x04, 0x07, 0x01, 0x0e, 0x00, 0x09, 0x09, 0x00,
  0x00, 0x0e, 0x00, 0x0a, 0x17, 0x07, 0x03, 0x00, 0x00, 0x0b, 0x15, 0x1d, 0x21, 0x00, 0x0e, 0x04,
  0x07, 0x03, 0x09, 0x00, 0x00, 0x0e, 0x00, 0x0c, 0x24, 0x00, 0x0d, 0x00, 0x15, 0x21, 0x00, 0x0a,
  0x04, 0x09, 0x00, 0x00, 0x0e, 0x00, 0x0c, 0x07, 0x03, 0x10, 0x21, 0x00, 0x03, 0x20, 0x00, 0x04,
  0x04, 0x00, 0x00, 0x0e, 0x07, 0x01, 0x0e, 0x00, 0x03, 0x00, 0x00, 0x0f, 0x13, 0x21, 0x00, 0x03,
  0x20, 0x00, 0x0f, 0x04, 0x09, 0x00, 0x0d, 0x07, 0x01, 0x0e, 0x00, 0x06, 0x23, 0x01, 0x00, 0x00,
  0x10, 0x15, 0x21, 0x00, 0x03, 0x20, 0x00, 0x0a, 0x04, 0x07, 0x01, 0x0e, 0x00, 0x03, 0x00, 0x00,
  0x11, 0x13, 0x21, 0x00, 0x04, 0x04, 0x00, 0x00, 0x12, 0x21, 0x00, 0x03, 0x20, 0x00, 0x0b, 0x04,
  0x09, 0x00, 0x0d, 0x07, 0x01, 0x0e, 0x00, 0x06, 0x23, 0x01, 0x09, 0x00, 0x00, 0x0e, 0x00, 0x13,
  0x00, 0x00, 0x15, 0x07, 0x02, 0x00, 0x00, 0x16, 0x07, 0x01, 0x0e, 0x00, 0x09, 0x00, 0x00, 0x17,
  0x07, 0x01, 0x0e, 0x00, 0x17, 0x00, 0x00, 0x18, 0x07, 0x04, 0x00, 0x00, 0x19, 0x07, 0x05, 0x29,
  0x00, 0x05, 0x24, 0x00, 0x14, 0x01, 0x04, 0x01, 0x27, 0x09, 0x00, 0x00, 0x00, 0xa9, 0x00, 0x00,
  0x00, 0x10, 0x00, 0x00, 0x00, 0xaa, 0x00, 0x00, 0x00, 0x08, 0x00, 0x00, 0x00, 0xab, 0x00, 0x00,
  0x00, 0x08, 0x00, 0x00, 0x00, 0xac, 0x00, 0x00, 0x00, 0x36, 0x00, 0x00, 0x00, 0xad, 0x00, 0x00,
  0x00, 0x0c, 0x00, 0x00, 0x00, 0xae, 0x00, 0x00, 0x00, 0x2f, 0x00, 0x00, 0x00, 0xaf, 0x00, 0x00,
  0x00, 0x46, 0x00, 0x00, 0x00, 0xb0, 0x00, 0x00, 0x00, 0x2d, 0x00, 0x00, 0x00, 0xb1, 0x00, 0x00,
  0x00, 0x02, 0x00, 0x00, 0x00, 0x1a, 0x00, 0x00, 0x00, 0x01, 0x02, 0x00, 0x00, 0x00, 0x70, 0x73,
  0x01, 0x05, 0x00, 0x00, 0x00, 0x70, 0x61, 0x6e, 0x69, 0x63, 0x01, 0x09, 0x00, 0x00, 0x00, 0x68,
  0x61, 0x64, 0x5f, 0x65, 0x72, 0x72, 0x6f, 0x72, 0x01, 0x04, 0x00, 0x00, 0x00, 0x74, 0x79, 0x70,
  0x65, 0x01, 0x03, 0x00, 0x00, 0x00, 0x45, 0x4f, 0x46, 0x01, 0x04, 0x00, 0x00, 0x00, 0x53, 0x45,
  0x4d, 0x49, 0x01, 0x04, 0x00, 0x00, 0x00, 0x74, 0x65, 0x78, 0x74, 0x01, 0x00, 0x00, 0x00, 0x00,
  0x01, 0x09, 0x00, 0x00, 0x00, 0x65, 0x6f, 0x66, 0x5f, 0x65, 0x72, 0x72, 0x6f, 0x72, 0x01, 0x04,
  0x00, 0x00, 0x00, 0x6c, 0x69, 0x6e, 0x65, 0x01, 0x0a, 0x00, 0x00, 0x00, 0x66, 0x69, 0x72, 0x73,
  0x74, 0x5f, 0x6c, 0x69, 0x6e, 0x65, 0x00, 0x00, 0x00, 0x00, 0x00, 0x00, 0x00, 0x00, 0x00, 0x01,
  0x09, 0x00, 0x00, 0x00, 0x73, 0x72, 0x63, 0x5f, 0x6c, 0x69, 0x6e, 0x65, 0x73, 0x01, 0x03, 0x00,
  0x00, 0x00, 0x6c, 0x65, 0x6e, 0x01, 0x00, 0x00, 0x00, 0x00, 0x01, 0x03, 0x00, 0x00, 0x00, 0x45,
  0x4f, 0x46, 0x00, 0x00, 0x00, 0x00, 0x00, 0x00, 0x00, 0xf0, 0x3f, 0x01, 0x05, 0x00, 0x00, 0x00,
  0x45, 0x52, 0x52, 0x4f, 0x52, 0x00, 0x00, 0x00, 0x00, 0x00, 0x00, 0x00, 0xf0, 0x3f, 0x01, 0x06,
  0x00, 0x00, 0x00, 0x65, 0x72, 0x72, 0x6f, 0x72, 0x73, 0x01, 0x04, 0x00, 0x00, 0x00, 0x70, 0x75,
  0x73, 0x68, 0x01, 0x07, 0x00, 0x00, 0x00, 0x6d, 0x65, 0x73, 0x73, 0x61, 0x67, 0x65, 0x01, 0x04,
  0x00, 0x00, 0x00, 0x6c, 0x69, 0x6e, 0x65, 0x01, 0x03, 0x00, 0x00, 0x00, 0x63, 0x6f, 0x6c, 0x01,
  0x04, 0x00, 0x00, 0x00, 0x74, 0x65, 0x78, 0x74, 0x01, 0x06, 0x00, 0x00, 0x00, 0x6c, 0x65, 0x6e,
  0x67, 0x74, 0x68, 0x05, 0x00, 0x00, 0x00, 0x65, 0x72, 0x72, 0x6f, 0x72, 0x01, 0x01, 0x00, 0x00,
  0x00, 0x10, 0x00, 0x00, 0x00, 0x09, 0x00, 0x00, 0x09, 0x00, 0x01, 0x0e, 0x00, 0x02, 0x07, 0x01,
  0x23, 0x02, 0x04, 0x01, 0x27, 0x01, 0x00, 0x00, 0x00, 0xb3, 0x00, 0x00, 0x00, 0x10, 0x00, 0x00,
  0x00, 0x03, 0x00, 0x00, 0x00, 0x01, 0x08, 0x00, 0x00, 0x00, 0x65, 0x72, 0x72, 0x6f, 0x72, 0x5f,
  0x61, 0x74, 0x01, 0x02, 0x00, 0x00, 0x00, 0x70, 0x73, 0x01, 0x08, 0x00, 0x00, 0x00, 0x70, 0x72,
  0x65, 0x76, 0x69, 0x6f, 0x75, 0x73, 0x10, 0x00, 0x00, 0x00, 0x65, 0x72, 0x72, 0x6f, 0x72, 0x5f,
  0x61, 0x74, 0x5f, 0x63, 0x75, 0x72, 0x72, 0x65, 0x6e, 0x74, 0x01, 0x01, 0x00, 0x00, 0x00, 0x10,
  0x00, 0x00, 0x00, 0x09, 0x00, 0x00, 0x09, 0x00, 0x01, 0x0e, 0x00, 0x02, 0x07, 0x01, 0x23, 0x02,
  0x04, 0x01, 0x27, 0x01, 0x00, 0x00, 0x00, 0xb4, 0x00, 0x00, 0x00, 0x10, 0x00, 0x00, 0x00, 0x03,
  0x00, 0x00, 0x00, 0x01, 0x08, 0x00, 0x00, 0x00, 0x65, 0x72, 0x72, 0x6f, 0x72, 0x5f, 0x61, 0x74,
  0x01, 0x02, 0x00, 0x00, 0x00, 0x70, 0x73, 0x01, 0x07, 0x00, 0x00, 0x00, 0x63, 0x75, 0x72, 0x72,
  0x65, 0x6e, 0x74, 0x07, 0x00, 0x00, 0x00, 0x61, 0x64, 0x76, 0x61, 0x6e, 0x63, 0x65, 0x00, 0x00,
  0x00, 0x00, 0x00, 0x80, 0x00, 0x00, 0x00, 0x09, 0x00, 0x00, 0x09, 0x00, 0x00, 0x0e, 0x00, 0x02,
  0x0f, 0x00, 0x01, 0x04, 0x02, 0x21, 0x00, 0x6c, 0x04, 0x09, 0x00, 0x00, 0x09, 0x00, 0x00, 0x0e,
  0x00, 0x03, 0x09, 0x00, 0x00, 0x0e, 0x00, 0x04, 0x10, 0x0f, 0x00, 0x02, 0x04, 0x09, 0x00, 0x00,
  0x0e, 0x00, 0x04, 0x09, 0x00, 0x00, 0x0e, 0x00, 0x03, 0x24, 0x00, 0x05, 0x00, 0x00, 0x00, 0x06,
  0x17, 0x15, 0x21, 0x00, 0x13, 0x04, 0x09, 0x00, 0x00, 0x05, 0x0e, 0x00, 0x04, 0x00, 0x00, 0x07,
  0x16, 0x0f, 0x00, 0x04, 0x04, 0x20, 0x00, 0x01, 0x04, 0x09, 0x00, 0x00, 0x0e, 0x00, 0x02, 0x0e,
  0x00, 0x08, 0x00, 0x00, 0x09, 0x13, 0x1d, 0x21, 0x00, 0x07, 0x04, 0x20, 0x00, 0x17, 0x20, 0x00,
  0x01, 0x04, 0x09, 0x00, 0x0a, 0x09, 0x00, 0x00, 0x0e, 0x00, 0x02, 0x0e, 0x00, 0x0b, 0x23, 0x01,
  0x04, 0x22, 0x00, 0x70, 0x04, 0x01, 0x27, 0x08, 0x00, 0x00, 0x00, 0xb7, 0x00, 0x00, 0x00, 0x0d,
  0x00, 0x00, 0x00, 0xb8, 0x00, 0x00, 0x00, 0x05, 0x00, 0x00, 0x00, 0xb9, 0x00, 0x00, 0x00, 0x14,
  0x00, 0x00, 0x00, 0xba, 0x00, 0x00, 0x00, 0x2c, 0x00, 0x00, 0x00, 0xbb, 0x00, 0x00, 0x00, 0x19,
  0x00, 0x00, 0x00, 0xbc, 0x00, 0x00, 0x00, 0x0f, 0x00, 0x00, 0x00, 0xbd, 0x00, 0x00, 0x00, 0x04,
  0x00, 0x00, 0x00, 0xbe, 0x00, 0x00, 0x00, 0x02, 0x00, 0x00, 0x00, 0x0c, 0x00, 0x00, 0x00, 0x01,
  0x02, 0x00, 0x00, 0x00, 0x70, 0x73, 0x01, 0x08, 0x00, 0x00, 0x00, 0x70, 0x72, 0x65, 0x76, 0x69,
  0x6f, 0x75, 0x73, 0x01, 0x07, 0x00, 0x00, 0x00, 0x63, 0x75, 0x72, 0x72, 0x65, 0x6e, 0x74, 0x01,
  0x04, 0x00, 0x00, 0x00, 0x74, 0x6f, 0x6b, 0x73, 0x01, 0x03, 0x00, 0x00, 0x00, 0x70, 0x6f, 0x73,
  0x01, 0x03, 0x00, 0x00, 0x00, 0x6c, 0x65, 0x6e, 0x00, 0x00, 0x00, 0x00, 0x00, 0x00, 0x00, 0xf0,
  0x3f, 0x00, 0x00, 0x00, 0x00, 0x00, 0x00, 0x00, 0xf0, 0x3f, 0x01, 0x04, 0x00, 0x00, 0x00, 0x74,
  0x79, 0x70, 0x65, 0x01, 0x05, 0x00, 0x00, 0x00, 0x45, 0x52, 0x52, 0x4f, 0x52, 0x01, 0x10, 0x00,
  0x00, 0x00, 0x65, 0x72, 0x72, 0x6f, 0x72, 0x5f, 0x61, 0x74, 0x5f, 0x63, 0x75, 0x72, 0x72, 0x65,
  0x6e, 0x74, 0x01, 0x07, 0x00, 0x00, 0x00, 0x6d, 0x65, 0x73, 0x73, 0x61, 0x67, 0x65, 0x05, 0x00,
  0x00, 0x00, 0x63, 0x68, 0x65, 0x63, 0x6b, 0x01, 0x01, 0x00, 0x00, 0x00, 0x0f, 0x00, 0x00, 0x00,
  0x09, 0x00, 0x00, 0x0e, 0x00, 0x01, 0x0e, 0x00, 0x02, 0x07, 0x01, 0x13, 0x27, 0x01, 0x27, 0x01,
  0x00, 0x00, 0x00, 0xc0, 0x00, 0x00, 0x00, 0x0f, 0x00, 0x00, 0x00, 0x03, 0x00, 0x00, 0x00, 0x01,
  0x02, 0x00, 0x00, 0x00, 0x70, 0x73, 0x01, 0x07, 0x00, 0x00, 0x00, 0x63, 0x75, 0x72, 0x72, 0x65,
  0x6e, 0x74, 0x01, 0x04, 0x00, 0x00, 0x00, 0x74, 0x79, 0x70, 0x65, 0x05, 0x00, 0x00, 0x00, 0x6d,
  0x61, 0x74, 0x63, 0x68, 0x01, 0x01, 0x00, 0x00, 0x00, 0x1c, 0x00, 0x00, 0x00, 0x09, 0x00, 0x00,
  0x07, 0x01, 0x23, 0x01, 0x1d, 0x21, 0x00, 0x06, 0x04, 0x03, 0x27, 0x20, 0x00, 0x01, 0x04, 0x09,
  0x00, 0x01, 0x23, 0x00, 0x04, 0x02, 0x27, 0x01, 0x27, 0x04, 0x00, 0x00, 0x00, 0xc3, 0x00, 0x00,
  0x00, 0x12, 0x00, 0x00, 0x00, 0xc4, 0x00, 0x00, 0x00, 0x06, 0x00, 0x00, 0x00, 0xc5, 0x00, 0x00,
  0x00, 0x02, 0x00, 0x00, 0x00, 0xc6, 0x00, 0x00, 0x00, 0x02, 0x00, 0x00, 0x00, 0x02, 0x00, 0x00,
  0x00, 0x01, 0x05, 0x00, 0x00, 0x00, 0x63, 0x68, 0x65, 0x63, 0x6b, 0x01, 0x07, 0x00, 0x00, 0x00,
  0x61, 0x64, 0x76, 0x61, 0x6e, 0x63, 0x65, 0x07, 0x00, 0x00, 0x00, 0x63, 0x6f, 0x6e, 0x73, 0x75,
  0x6d, 0x65, 0x02, 0x02, 0x00, 0x00, 0x00, 0x21, 0x00, 0x00, 0x00, 0x09, 0x00, 0x00, 0x07, 0x01,
  0x23, 0x01, 0x21, 0x00, 0x0c, 0x04, 0x09, 0x00, 0x01, 0x23, 0x00, 0x04, 0x01, 0x27, 0x20, 0x00,
  0x01, 0x04, 0x09, 0x00, 0x02, 0x07, 0x02, 0x23, 0x01, 0x04, 0x01, 0x27, 0x06, 0x00, 0x00, 0x00,
  0xc9, 0x00, 0x00, 0x00, 0x0b, 0x00, 0x00, 0x00, 0xca, 0x00, 0x00, 0x00, 0x06, 0x00, 0x00, 0x00,
  0xcb, 0x00, 0x00, 0x00, 0x02, 0x00, 0x00, 0x00, 0xcc, 0x00, 0x00, 0x00, 0x04, 0x00, 0x00, 0x00,
  0xcd, 0x00, 0x00, 0x00, 0x08, 0x00, 0x00, 0x00, 0xce, 0x00, 0x00, 0x00, 0x02, 0x00, 0x00, 0x00,
  0x03, 0x00, 0x00, 0x00, 0x01, 0x05, 0x00, 0x00, 0x00, 0x63, 0x68, 0x65, 0x63, 0x6b, 0x01, 0x07,
  0x00, 0x00, 0x00, 0x61, 0x64, 0x76, 0x61, 0x6e, 0x63, 0x65, 0x01, 0x10, 0x00, 0x00, 0x00, 0x65,
  0x72, 0x72, 0x6f, 0x72, 0x5f, 0x61, 0x74, 0x5f, 0x63, 0x75, 0x72, 0x72, 0x65, 0x6e, 0x74, 0x0a,
  0x00, 0x00, 0x00, 0x73, 0x6b, 0x69, 0x70, 0x5f, 0x73, 0x65, 0x6d, 0x69, 0x73, 0x00, 0x00, 0x00,
  0x00, 0x00, 0x18, 0x00, 0x00, 0x00, 0x09, 0x00, 0x00, 0x00, 0x00, 0x01, 0x23, 0x01, 0x21, 0x00,
  0x0a, 0x04, 0x09, 0x00, 0x02, 0x23, 0x00, 0x04, 0x22, 0x00, 0x15, 0x04, 0x01, 0x27, 0x02, 0x00,
  0x00, 0x00, 0xd1, 0x00, 0x00, 0x00, 0x16, 0x00, 0x00, 0x00, 0xd2, 0x00, 0x00, 0x00, 0x02, 0x00,
  0x00, 0x00, 0x03, 0x00, 0x00, 0x00, 0x01, 0x05, 0x00, 0x00, 0x00, 0x63, 0x68, 0x65, 0x63, 0x6b,
  0x01, 0x04, 0x00, 0x00, 0x00, 0x53, 0x45, 0x4d, 0x49, 0x01, 0x07, 0x00, 0x00, 0x00, 0x61, 0x64,
  0x76, 0x61, 0x6e, 0x63, 0x65, 0x09, 0x00, 0x00, 0x00, 0x70, 0x65, 0x65, 0x6b, 0x5f, 0x6e, 0x65,
  0x78, 0x74, 0x00, 0x00, 0x00, 0x00, 0x00, 0x10, 0x00, 0x00, 0x00, 0x09, 0x00, 0x00, 0x0e, 0x00,
  0x01, 0x09, 0x00, 0x00, 0x0e, 0x00, 0x02, 0x10, 0x27, 0x01, 0x27, 0x02, 0x00, 0x00, 0x00, 0xd6,
  0x00, 0x00, 0x00, 0x0e, 0x00, 0x00, 0x00, 0xd7, 0x00, 0x00, 0x00, 0x02, 0x00, 0x00, 0x00, 0x03,
  0x00, 0x00, 0x00, 0x01, 0x02, 0x00, 0x00, 0x00, 0x70, 0x73, 0x01, 0x04, 0x00, 0x00, 0x00, 0x74,
  0x6f, 0x6b, 0x73, 0x01, 0x03, 0x00, 0x00, 0x00, 0x70, 0x6f, 0x73, 0x09, 0x00, 0x00, 0x00, 0x65,
  0x6d, 0x69, 0x74, 0x5f, 0x62, 0x79, 0x74, 0x65, 0x01, 0x01, 0x00, 0x00, 0x00, 0x23, 0x00, 0x00,
  0x00, 0x09, 0x00, 0x00, 0x0e, 0x00, 0x01, 0x07, 0x01, 0x24, 0x00, 0x02, 0x01, 0x04, 0x09, 0x00,
  0x00, 0x0e, 0x00, 0x03, 0x09, 0x00, 0x04, 0x0e, 0x00, 0x05, 0x0e, 0x00, 0x06, 0x24, 0x00, 0x02,
  0x01, 0x04, 0x01, 0x27, 0x03, 0x00, 0x00, 0x00, 0xdc, 0x00, 0x00, 0x00, 0x0d, 0x00, 0x00, 0x00,
  0xdd, 0x00, 0x00, 0x00, 0x14, 0x00, 0x00, 0x00, 0xde, 0x00, 0x00, 0x00, 0x02, 0x00, 0x00, 0x00,
  0x07, 0x00, 0x00, 0x00, 0x01, 0x03, 0x00, 0x00, 0x00, 0x63, 0x75, 0x72, 0x01, 0x04, 0x00, 0x00,
  0x00, 0x63, 0x6f, 0x64, 0x65, 0x01, 0x04, 0x00, 0x00, 0x00, 0x70, 0x75, 0x73, 0x68, 0x01, 0x05,
  0x00, 0x00, 0x00, 0x6c, 0x69, 0x6e, 0x65, 0x73, 0x01, 0x02, 0x00, 0x00, 0x00, 0x70, 0x73, 0x01,
  0x08, 0x00, 0x00, 0x00, 0x70, 0x72, 0x65, 0x76, 0x69, 0x6f, 0x75, 0x73, 0x01, 0x04, 0x00, 0x00,
  0x00, 0x6c, 0x69, 0x6e, 0x65, 0x0a, 0x00, 0x00, 0x00, 0x65, 0x6d, 0x69, 0x74, 0x5f, 0x62, 0x79,
  0x74, 0x65, 0x73, 0x02, 0x02, 0x00, 0x00, 0x00, 0x12, 0x00, 0x00, 0x00, 0x09, 0x00, 0x00, 0x07,
  0x01, 0x23, 0x01, 0x04, 0x09, 0x00, 0x00, 0x07, 0x02, 0x23, 0x01, 0x04, 0x01, 0x27, 0x03, 0x00,
  0x00, 0x00, 0xe1, 0x00, 0x00, 0x00, 0x08, 0x00, 0x00, 0x00, 0xe2, 0x00, 0x00, 0x00, 0x08, 0x00,
  0x00, 0x00, 0xe3, 0x00, 0x00, 0x00, 0x02, 0x00, 0x00, 0x00, 0x01, 0x00, 0x00, 0x00, 0x01, 0x09,
  0x00, 0x00, 0x00, 0x65, 0x6d, 0x69, 0x74, 0x5f, 0x62, 0x79, 0x74, 0x65, 0x0a, 0x00, 0x00, 0x00,
  0x65, 0x6d, 0x69, 0x74, 0x5f, 0x73, 0x68, 0x6f, 0x72, 0x74, 0x01, 0x01, 0x00, 0x00, 0x00, 0x23,
  0x00, 0x00, 0x00, 0x09, 0x00, 0x00, 0x09, 0x00, 0x01, 0x07, 0x01, 0x00, 0x00, 0x02, 0x19, 0x23,
  0x01, 0x00, 0x00, 0x03, 0x1a, 0x23, 0x01, 0x04, 0x09, 0x00, 0x00, 0x07, 0x01, 0x00, 0x00, 0x04,
  0x1a, 0x23, 0x01, 0x04, 0x01, 0x27, 0x03, 0x00, 0x00, 0x00, 0xe6, 0x00, 0x00, 0x00, 0x15, 0x00,
  0x00, 0x00, 0xe7, 0x00, 0x00, 0x00, 0x0c, 0x00, 0x00, 0x00, 0xe8, 0x00, 0x00, 0x00, 0x02, 0x00,
  0x00, 0x00, 0x05, 0x00, 0x00, 0x00, 0x01, 0x09, 0x00, 0x00, 0x00, 0x65, 0x6d, 0x69, 0x74, 0x5f,
  0x62, 0x79, 0x74, 0x65, 0x01, 0x05, 0x00, 0x00, 0x00, 0x66, 0x6c, 0x6f, 0x6f, 0x72, 0x00, 0x00,
  0x00, 0x00, 0x00, 0x00, 0x00, 0x70, 0x40, 0x00, 0x00, 0x00, 0x00, 0x00, 0x00, 0x00, 0x70, 0x40,
  0x00, 0x00, 0x00, 0x00, 0x00, 0x00, 0x00, 0x70, 0x40, 0x0d, 0x00, 0x00, 0x00, 0x6d, 0x61, 0x6b,
  0x65, 0x5f, 0x63, 0x6f, 0x6e, 0x73, 0x74, 0x61, 0x6e, 0x74, 0x01, 0x01, 0x00, 0x00, 0x00, 0x3b,
  0x00, 0x00, 0x00, 0x09, 0x00, 0x00, 0x0e, 0x00, 0x01, 0x07, 0x01, 0x24, 0x00, 0x02, 0x01, 0x04,
  0x09, 0x00, 0x00, 0x0e, 0x00, 0x01, 0x24, 0x00, 0x03, 0x00, 0x00, 0x00, 0x04, 0x17, 0x07, 0x02,
  0x00, 0x00, 0x05, 0x14, 0x21, 0x00, 0x11, 0x04, 0x09, 0x00, 0x06, 0x00, 0x00, 0x07, 0x23, 0x01,
  0x04, 0x00, 0x00, 0x08, 0x27, 0x20, 0x00, 0x01, 0x04, 0x07, 0x02, 0x27, 0x01, 0x27, 0x08, 0x00,
  0x00, 0x00, 0xeb, 0x00, 0x00, 0x00, 0x0d, 0x00, 0x00, 0x00, 0xec, 0x00, 0x00, 0x00, 0x0e, 0x00,
  0x00, 0x00, 0xed, 0x00, 0x00, 0x00, 0x0a, 0x00, 0x00, 0x00, 0xee, 0x00, 0x00, 0x00, 0x09, 0x00,
  0x00, 0x00, 0xef, 0x00, 0x00, 0x00, 0x04, 0x00, 0x00, 0x00, 0xf0, 0x00, 0x00, 0x00, 0x04, 0x00,
  0x00, 0x00, 0xf1, 0x00, 0x00, 0x00, 0x03, 0x00, 0x00, 0x00, 0xf2, 0x00, 0x00, 0x00, 0x02, 0x00,
  0x00, 0x00, 0x09, 0x00, 0x00, 0x00, 0x01, 0x03, 0x00, 0x00, 0x00, 0x63, 0x75, 0x72, 0x01, 0x09,
  0x00, 0x00, 0x00, 0x63, 0x6f, 0x6e, 0x73, 0x74, 0x61, 0x6e, 0x74, 0x73, 0x01, 0x04, 0x00, 0x00,
  0x00, 0x70, 0x75, 0x73, 0x68, 0x01, 0x03, 0x00, 0x00, 0x00, 0x6c, 0x65, 0x6e, 0x00, 0x00, 0x00,
  0x00, 0x00, 0x00, 0x00, 0xf0, 0x3f, 0x00, 0x00, 0x00, 0x00, 0x00, 0xe0, 0xff, 0xef, 0x40, 0x01,
  0x05, 0x00, 0x00, 0x00, 0x65, 0x72, 0x72, 0x6f, 0x72, 0x01, 0x23, 0x00, 0x00, 0x00, 0x54, 0x6f,
  0x6f, 0x20, 0x6d, 0x61, 0x6e, 0x79, 0x20, 0x63, 0x6f, 0x6e, 0x73, 0x74, 0x61, 0x6e, 0x74, 0x73,
  0x20, 0x69, 0x6e, 0x20, 0x6f, 0x6e, 0x65, 0x20, 0x66, 0x75, 0x6e, 0x63, 0x74, 0x69, 0x6f, 0x6e,
  0x2e, 0x00, 0x00, 0x00, 0x00, 0x00, 0x00, 0x00, 0x00, 0x00, 0x0d, 0x00, 0x00, 0x00, 0x65, 0x6d,
  0x69, 0x74, 0x5f, 0x63, 0x6f, 0x6e, 0x73, 0x74, 0x61, 0x6e, 0x74, 0x01, 0x01, 0x00, 0x00, 0x00,
  0x1b, 0x00, 0x00, 0x00, 0x09, 0x00, 0x00, 0x09, 0x00, 0x01, 0x0e, 0x00, 0x02, 0x23, 0x01, 0x04,
  0x09, 0x00, 0x03, 0x09, 0x00, 0x04, 0x07, 0x01, 0x23, 0x01, 0x23, 0x01, 0x04, 0x01, 0x27, 0x03,
  0x00, 0x00, 0x00, 0xf5, 0x00, 0x00, 0x00, 0x0c, 0x00, 0x00, 0x00, 0xf6, 0x00, 0x00, 0x00, 0x0d,
  0x00, 0x00, 0x00, 0xf7, 0x00, 0x00, 0x00, 0x02, 0x00, 0x00, 0x00, 0x05, 0x00, 0x00, 0x00, 0x01,
  0x09, 0x00, 0x00, 0x00, 0x65, 0x6d, 0x69, 0x74, 0x5f, 0x62, 0x79, 0x74, 0x65, 0x01, 0x02, 0x00,
  0x00, 0x00, 0x4f, 0x50, 0x01, 0x08, 0x00, 0x00, 0x00, 0x43, 0x4f, 0x4e, 0x53, 0x54, 0x41, 0x4e,
  0x54, 0x01, 0x0a, 0x00, 0x00, 0x00, 0x65, 0x6d, 0x69, 0x74, 0x5f, 0x73, 0x68, 0x6f, 0x72, 0x74,
  0x01, 0x0d, 0x00, 0x00, 0x00, 0x6d, 0x61, 0x6b, 0x65, 0x5f, 0x63, 0x6f, 0x6e, 0x73, 0x74, 0x61,
  0x6e, 0x74, 0x13, 0x00, 0x00, 0x00, 0x69, 0x64, 0x65, 0x6e, 0x74, 0x69, 0x66, 0x69, 0x65, 0x72,
  0x5f, 0x63, 0x6f, 0x6e, 0x73, 0x74, 0x61, 0x6e, 0x74, 0x01, 0x01, 0x00, 0x00, 0x00, 0x4c, 0x00,
  0x00, 0x00, 0x09, 0x00, 0x00, 0x0e, 0x00, 0x01, 0x00, 0x00, 0x02, 0x07, 0x02, 0x24, 0x00, 0x03,
  0x00, 0x1f, 0x00, 0x00, 0x04, 0x2a, 0x03, 0x00, 0x29, 0x09, 0x00, 0x05, 0x07, 0x02, 0x07, 0x05,
  0x10, 0x23, 0x01, 0x00, 0x00, 0x06, 0x13, 0x21, 0x00, 0x09, 0x04, 0x07, 0x02, 0x07, 0x05, 0x10,
  0x07, 0x01, 0x13, 0x21, 0x00, 0x07, 0x04, 0x07, 0x05, 0x27, 0x20, 0x00, 0x01, 0x04, 0x04, 0x22,
  0x00, 0x2d, 0x04, 0x04, 0x09, 0x00, 0x07, 0x07, 0x01, 0x23, 0x01, 0x27, 0x01, 0x27, 0x06, 0x00,
  0x00, 0x00, 0xfb, 0x00, 0x00, 0x00, 0x06, 0x00, 0x00, 0x00, 0xfc, 0x00, 0x00, 0x00, 0x11, 0x00,
  0x00, 0x00, 0xfd, 0x00, 0x00, 0x00, 0x25, 0x00, 0x00, 0x00, 0xfe, 0x00, 0x00, 0x00, 0x06, 0x00,
  0x00, 0x00, 0xff, 0x00, 0x00, 0x00, 0x08, 0x00, 0x00, 0x00, 0x00, 0x01, 0x00, 0x00, 0x02, 0x00,
  0x00, 0x00, 0x08, 0x00, 0x00, 0x00, 0x01, 0x03, 0x00, 0x00, 0x00, 0x63, 0x75, 0x72, 0x01, 0x09,
  0x00, 0x00, 0x00, 0x63, 0x6f, 0x6e, 0x73, 0x74, 0x61, 0x6e, 0x74, 0x73, 0x00, 0x00, 0x00, 0x00,
  0x00, 0x00, 0x00, 0x00, 0x00, 0x01, 0x03, 0x00, 0x00, 0x00, 0x6c, 0x65, 0x6e, 0x00, 0x00, 0x00,
  0x00, 0x00, 0x00, 0x00, 0x00, 0x00, 0x01, 0x04, 0x00, 0x00, 0x00, 0x74, 0x79, 0x70, 0x65, 0x01,
  0x06, 0x00, 0x00, 0x00, 0x73, 0x74, 0x72, 0x69, 0x6e, 0x67, 0x01, 0x0d, 0x00, 0x00, 0x00, 0x6d,
  0x61, 0x6b, 0x65, 0x5f, 0x63, 0x6f, 0x6e, 0x73, 0x74, 0x61, 0x6e, 0x74, 0x09, 0x00, 0x00, 0x00,
  0x65, 0x6d, 0x69, 0x74, 0x5f, 0x6a, 0x75, 0x6d, 0x70, 0x01, 0x01, 0x00, 0x00, 0x00, 0x2b, 0x00,
  0x00, 0x00, 0x09, 0x00, 0x00, 0x07, 0x01, 0x23, 0x01, 0x04, 0x09, 0x00, 0x00, 0x00, 0x00, 0x01,
  0x23, 0x01, 0x04, 0x09, 0x00, 0x00, 0x00, 0x00, 0x02, 0x23, 0x01, 0x04, 0x09, 0x00, 0x03, 0x0e,
  0x00, 0x04, 0x24, 0x00, 0x05, 0x00, 0x00, 0x00, 0x06, 0x17, 0x27, 0x01, 0x27, 0x05, 0x00, 0x00,
  0x00, 0x03, 0x01, 0x00, 0x00, 0x08, 0x00, 0x00, 0x00, 0x04, 0x01, 0x00, 0x00, 0x09, 0x00, 0x00,
  0x00, 0x05, 0x01, 0x00, 0x00, 0x09, 0x00, 0x00, 0x00, 0x06, 0x01, 0x00, 0x00, 0x0f, 0x00, 0x00,
  0x00, 0x07, 0x01, 0x00, 0x00, 0x02, 0x00, 0x00, 0x00, 0x07, 0x00, 0x00, 0x00, 0x01, 0x09, 0x00,
  0x00, 0x00, 0x65, 0x6d, 0x69, 0x74, 0x5f, 0x62, 0x79, 0x74, 0x65, 0x00, 0x00, 0x00, 0x00, 0x00,
  0x00, 0xe0, 0x6f, 0x40, 0x00, 0x00, 0x00, 0x00, 0x00, 0x00, 0xe0, 0x6f, 0x40, 0x01, 0x03, 0x00,
  0x00, 0x00, 0x63, 0x75, 0x72, 0x01, 0x04, 0x00, 0x00, 0x00, 0x63, 0x6f, 0x64, 0x65, 0x01, 0x03,
  0x00, 0x00, 0x00, 0x6c, 0x65, 0x6e, 0x00, 0x00, 0x00, 0x00, 0x00, 0x00, 0x00, 0x00, 0x40, 0x0a,
  0x00, 0x00, 0x00, 0x70, 0x61, 0x74, 0x63, 0x68, 0x5f, 0x6a, 0x75, 0x6d, 0x70, 0x01, 0x01, 0x00,
  0x00, 0x00, 0x57, 0x00, 0x00, 0x00, 0x09, 0x00, 0x00, 0x0e, 0x00, 0x01, 0x24, 0x00, 0x02, 0x00,
  0x07, 0x01, 0x17, 0x00, 0x00, 0x03, 0x17, 0x07, 0x02, 0x00, 0x00, 0x04, 0x14, 0x21, 0x00, 0x0d,
  0x04, 0x09, 0x00, 0x05, 0x00, 0x00, 0x06, 0x23, 0x01, 0x04, 0x20, 0x00, 0x01, 0x04, 0x09, 0x00,
  0x00, 0x0e, 0x00, 0x01, 0x07, 0x01, 0x09, 0x00, 0x07, 0x07, 0x02, 0x00, 0x00, 0x08, 0x19, 0x23,
  0x01, 0x00, 0x00, 0x09, 0x1a, 0x11, 0x04, 0x09, 0x00, 0x00, 0x0e, 0x00, 0x01, 0x07, 0x01, 0x00,
  0x00, 0x0a, 0x16, 0x07, 0x02, 0x00, 0x00, 0x0b, 0x1a, 0x11, 0x04, 0x01, 0x27, 0x05, 0x00, 0x00,
  0x00, 0x0a, 0x01, 0x00, 0x00, 0x11, 0x00, 0x00, 0x00, 0x0b, 0x01, 0x00, 0x00, 0x17, 0x00, 0x00,
  0x00, 0x0c, 0x01, 0x00, 0x00, 0x19, 0x00, 0x00, 0x00, 0x0d, 0x01, 0x00, 0x00, 0x14, 0x00, 0x00,
  0x00, 0x0e, 0x01, 0x00, 0x00, 0x02, 0x00, 0x00, 0x00, 0x0c, 0x00, 0x00, 0x00, 0x01, 0x03, 0x00,
  0x00, 0x00, 0x63, 0x75, 0x72, 0x01, 0x04, 0x00, 0x00, 0x00, 0x63, 0x6f, 0x64, 0x65, 0x01, 0x03,
  0x00, 0x00, 0x00, 0x6c, 0x65, 0x6e, 0x00, 0x00, 0x00, 0x00, 0x00, 0x00, 0x00, 0x00, 0x40, 0x00,
  0x00, 0x00, 0x00, 0x00, 0xe0, 0xff, 0xef, 0x40, 0x01, 0x05, 0x00, 0x00, 0x00, 0x65, 0x72, 0x72,
  0x6f, 0x72, 0x01, 0x1b, 0x00, 0x00, 0x00, 0x54, 0x6f, 0x6f, 0x20, 0x6d, 0x75, 0x63, 0x68, 0x20,
  0x63, 0x6f, 0x64, 0x65, 0x20, 0x74, 0x6f, 0x20, 0x6a, 0x75, 0x6d, 0x70, 0x20, 0x6f, 0x76, 0x65,
  0x72, 0x2e, 0x01, 0x05, 0x00, 0x00, 0x00, 0x66, 0x6c, 0x6f, 0x6f, 0x72, 0x00, 0x00, 0x00, 0x00,
  0x00, 0x00, 0x00, 0x70, 0x40, 0x00, 0x00, 0x00, 0x00, 0x00, 0x00, 0x00, 0x70, 0x40, 0x00, 0x00,
  0x00, 0x00, 0x00, 0x00, 0x00, 0xf0, 0x3f, 0x00, 0x00, 0x00, 0x00, 0x00, 0x00, 0x00, 0x70, 0x40,
  0x09, 0x00, 0x00, 0x00, 0x65, 0x6d, 0x69, 0x74, 0x5f, 0x6c, 0x6f, 0x6f, 0x70, 0x01, 0x01, 0x00,
  0x00, 0x00, 0x3e, 0x00, 0x00, 0x00, 0x09, 0x00, 0x00, 0x09, 0x00, 0x01, 0x0e, 0x00, 0x02, 0x23,
  0x01, 0x04, 0x09, 0x00, 0x03, 0x0e, 0x00, 0x04, 0x24, 0x00, 0x05, 0x00, 0x07, 0x01, 0x17, 0x00,
  0x00, 0x06, 0x16, 0x07, 0x02, 0x00, 0x00, 0x07, 0x14, 0x21, 0x00, 0x0d, 0x04, 0x09, 0x00, 0x08,
  0x00, 0x00, 0x09, 0x23, 0x01, 0x04, 0x20, 0x00, 0x01, 0x04, 0x09, 0x00, 0x0a, 0x07, 0x02, 0x23,
  0x01, 0x04, 0x01, 0x27, 0x05, 0x00, 0x00, 0x00, 0x11, 0x01, 0x00, 0x00, 0x0c, 0x00, 0x00, 0x00,
  0x12, 0x01, 0x00, 0x00, 0x11, 0x00, 0x00, 0x00, 0x13, 0x01, 0x00, 0x00, 0x17, 0x00, 0x00, 0x00,
  0x14, 0x01, 0x00, 0x00, 0x08, 0x00, 0x00, 0x00, 0x15, 0x01, 0x00, 0x00, 0x02, 0x00, 0x00, 0x00,
  0x0b, 0x00, 0x00, 0x00, 0x01, 0x09, 0x00, 0x00, 0x00, 0x65, 0x6d, 0x69, 0x74, 0x5f, 0x62, 0x79,
  0x74, 0x65, 0x01, 0x02, 0x00, 0x00, 0x00, 0x4f, 0x50, 0x01, 0x04, 0x00, 0x00, 0x00, 0x4c, 0x4f,
  0x4f, 0x50, 0x01, 0x03, 0x00, 0x00, 0x00, 0x63, 0x75, 0x72, 0x01, 0x04, 0x00, 0x00, 0x00, 0x63,
  0x6f, 0x64, 0x65, 0x01, 0x03, 0x00, 0x00, 0x00, 0x6c, 0x65, 0x6e, 0x00, 0x00, 0x00, 0x00, 0x00,
  0x00, 0x00, 0x00, 0x40, 0x00, 0x00, 0x00, 0x00, 0x00, 0xe0, 0xff, 0xef, 0x40, 0x01, 0x05, 0x00,
  0x00, 0x00, 0x65, 0x72, 0x72, 0x6f, 0x72, 0x01, 0x17, 0x00, 0x00, 0x00, 0x4c, 0x6f, 0x6f, 0x70,
  0x20, 0x62, 0x6f, 0x64, 0x79, 0x20, 0x69, 0x73, 0x20, 0x74, 0x6f, 0x6f, 0x20, 0x6c, 0x61, 0x72,
  0x67, 0x65, 0x2e, 0x01, 0x0a, 0x00, 0x00, 0x00, 0x65, 0x6d, 0x69, 0x74, 0x5f, 0x73, 0x68, 0x6f,
  0x72, 0x74, 0x0e, 0x00, 0x00, 0x00, 0x65, 0x6d, 0x69, 0x74, 0x5f, 0x63, 0x68, 0x65, 0x63, 0x6b,
  0x5f, 0x74, 0x6f, 0x70, 0x02, 0x02, 0x00, 0x00, 0x00, 0x47, 0x00, 0x00, 0x00, 0x09, 0x00, 0x00,
  0x09, 0x00, 0x01, 0x0e, 0x00, 0x02, 0x23, 0x01, 0x04, 0x09, 0x00, 0x03, 0x09, 0x00, 0x04, 0x00,
  0x00, 0x05, 0x23, 0x01, 0x23, 0x01, 0x04, 0x09, 0x00, 0x00, 0x09, 0x00, 0x01, 0x0e, 0x00, 0x06,
  0x23, 0x01, 0x04, 0x09, 0x00, 0x07, 0x07, 0x01, 0x23, 0x01, 0x04, 0x09, 0x00, 0x07, 0x07, 0x02,
  0x23, 0x01, 0x04, 0x09, 0x00, 0x08, 0x09, 0x00, 0x01, 0x0e, 0x00, 0x09, 0x00, 0x00, 0x0a, 0x23,
  0x02, 0x04, 0x01, 0x27, 0x07, 0x00, 0x00, 0x00, 0x1a, 0x01, 0x00, 0x00, 0x0c, 0x00, 0x00, 0x00,
  0x1b, 0x01, 0x00, 0x00, 0x0e, 0x00, 0x00, 0x00, 0x1c, 0x01, 0x00, 0x00, 0x0c, 0x00, 0x00, 0x00,
  0x1d, 0x01, 0x00, 0x00, 0x08, 0x00, 0x00, 0x00, 0x1e, 0x01, 0x00, 0x00, 0x08, 0x00, 0x00, 0x00,
  0x1f, 0x01, 0x00, 0x00, 0x0f, 0x00, 0x00, 0x00, 0x20, 0x01, 0x00, 0x00, 0x02, 0x00, 0x00, 0x00,
  0x0b, 0x00, 0x00, 0x00, 0x01, 0x09, 0x00, 0x00, 0x00, 0x65, 0x6d, 0x69, 0x74, 0x5f, 0x62, 0x79,
  0x74, 0x65, 0x01, 0x02, 0x00, 0x00, 0x00, 0x4f, 0x50, 0x01, 0x0a, 0x00, 0x00, 0x00, 0x47, 0x45,
  0x54, 0x5f, 0x47, 0x4c, 0x4f, 0x42, 0x41, 0x4c, 0x01, 0x0a, 0x00, 0x00, 0x00, 0x65, 0x6d, 0x69,
  0x74, 0x5f, 0x73, 0x68, 0x6f, 0x72, 0x74, 0x01, 0x13, 0x00, 0x00, 0x00, 0x69, 0x64, 0x65, 0x6e,
  0x74, 0x69, 0x66, 0x69, 0x65, 0x72, 0x5f, 0x63, 0x6f, 0x6e, 0x73, 0x74, 0x61, 0x6e, 0x74, 0x01,
  0x07, 0x00, 0x00, 0x00, 0x5f, 0x5f, 0x63, 0x68, 0x65, 0x63, 0x6b, 0x01, 0x04, 0x00, 0x00, 0x00,
  0x53, 0x57, 0x41, 0x50, 0x01, 0x0d, 0x00, 0x00, 0x00, 0x65, 0x6d, 0x69, 0x74, 0x5f, 0x63, 0x6f,
  0x6e, 0x73, 0x74, 0x61, 0x6e, 0x74, 0x01, 0x0a, 0x00, 0x00, 0x00, 0x65, 0x6d, 0x69, 0x74, 0x5f,
  0x62, 0x79, 0x74, 0x65, 0x73, 0x01, 0x04, 0x00, 0x00, 0x00, 0x43, 0x41, 0x4c, 0x4c, 0x00, 0x00,
  0x00, 0x00, 0x00, 0x00, 0x00, 0x08, 0x40, 0x10, 0x00, 0x00, 0x00, 0x73, 0x70, 0x65, 0x63, 0x5f,
  0x61, 0x63, 0x63, 0x65, 0x70, 0x74, 0x73, 0x5f, 0x6e, 0x69, 0x6c, 0x01, 0x01, 0x00, 0x00, 0x00,
  0x37, 0x00, 0x00, 0x00, 0x07, 0x01, 0x00, 0x00, 0x01, 0x24, 0x00, 0x00, 0x01, 0x00, 0x00, 0x02,
  0x2a, 0x02, 0x00, 0x21, 0x07, 0x04, 0x00, 0x00, 0x03, 0x13, 0x21, 0x00, 0x03, 0x20, 0x00, 0x07,
  0x04, 0x07, 0x04, 0x00, 0x00, 0x04, 0x13, 0x21, 0x00, 0x06, 0x04, 0x02, 0x27, 0x20, 0x00, 0x01,
  0x04, 0x04, 0x22, 0x00, 0x25, 0x04, 0x04, 0x03, 0x27, 0x01, 0x27, 0x05, 0x00, 0x00, 0x00, 0x23,
  0x01, 0x00, 0x00, 0x10, 0x00, 0x00, 0x00, 0x24, 0x01, 0x00, 0x00, 0x1d, 0x00, 0x00, 0x00, 0x25,
  0x01, 0x00, 0x00, 0x06, 0x00, 0x00, 0x00, 0x26, 0x01, 0x00, 0x00, 0x02, 0x00, 0x00, 0x00, 0x27,
  0x01, 0x00, 0x00, 0x02, 0x00, 0x00, 0x00, 0x05, 0x00, 0x00, 0x00, 0x01, 0x05, 0x00, 0x00, 0x00,
  0x73, 0x70, 0x6c, 0x69, 0x74, 0x01, 0x01, 0x00, 0x00, 0x00, 0x7c, 0x00, 0x00, 0x00, 0x00, 0x00,
  0x00, 0x00, 0x00, 0x00, 0x01, 0x03, 0x00, 0x00, 0x00, 0x6e, 0x69, 0x6c, 0x01, 0x03, 0x00, 0x00,
  0x00, 0x61, 0x6e, 0x79, 0x0b, 0x00, 0x00, 0x00, 0x65, 0x6d, 0x69, 0x74, 0x5f, 0x72, 0x65, 0x74,
  0x75, 0x72, 0x6e, 0x00, 0x00, 0x00, 0x00, 0x00, 0x74, 0x00, 0x00, 0x00, 0x09, 0x00, 0x00, 0x0e,
  0x00, 0x01, 0x00, 0x00, 0x02, 0x13, 0x21, 0x00, 0x13, 0x04, 0x09, 0x00, 0x03, 0x09, 0x00, 0x04,
  0x0e, 0x00, 0x05, 0x00, 0x00, 0x06, 0x23, 0x02, 0x04, 0x20, 0x00, 0x46, 0x04, 0x09, 0x00, 0x07,
  0x09, 0x00, 0x04, 0x0e, 0x00, 0x08, 0x23, 0x01, 0x04, 0x09, 0x00, 0x00, 0x0e, 0x00, 0x09, 0x00,
  0x00, 0x0a, 0x13, 0x1d, 0x21, 0x00, 0x0d, 0x04, 0x09, 0x00, 0x0b, 0x09, 0x00, 0x00, 0x0e, 0x00,
  0x09, 0x23, 0x01, 0x1d, 0x21, 0x00, 0x1a, 0x04, 0x09, 0x00, 0x0c, 0x09, 0x00, 0x00, 0x0e, 0x00,
  0x09, 0x00, 0x00, 0x0d, 0x09, 0x00, 0x00, 0x0e, 0x00, 0x0e, 0x16, 0x23, 0x02, 0x04, 0x20, 0x00,
  0x01, 0x04, 0x09, 0x00, 0x07, 0x09, 0x00, 0x04, 0x0e, 0x00, 0x0f, 0x23, 0x01, 0x04, 0x01, 0x27,
  0x09, 0x00, 0x00, 0x00, 0x2a, 0x01, 0x00, 0x00, 0x0e, 0x00, 0x00, 0x00, 0x2b, 0x01, 0x00, 0x00,
  0x0f, 0x00, 0x00, 0x00, 0x2c, 0x01, 0x00, 0x00, 0x04, 0x00, 0x00, 0x00, 0x2d, 0x01, 0x00, 0x00,
  0x0c, 0x00, 0x00, 0x00, 0x2e, 0x01, 0x00, 0x00, 0x1f, 0x00, 0x00, 0x00, 0x2f, 0x01, 0x00, 0x00,
  0x16, 0x00, 0x00, 0x00, 0x30, 0x01, 0x00, 0x00, 0x04, 0x00, 0x00, 0x00, 0x32, 0x01, 0x00, 0x00,
  0x0c, 0x00, 0x00, 0x00, 0x33, 0x01, 0x00, 0x00, 0x02, 0x00, 0x00, 0x00, 0x10, 0x00, 0x00, 0x00,
  0x01, 0x03, 0x00, 0x00, 0x00, 0x63, 0x75, 0x72, 0x01, 0x04, 0x00, 0x00, 0x00, 0x74, 0x79, 0x70,
  0x65, 0x01, 0x0b, 0x00, 0x00, 0x00, 0x69, 0x6e, 0x69, 0x74, 0x69, 0x61, 0x6c, 0x69, 0x7a, 0x65,
  0x72, 0x01, 0x0a, 0x00, 0x00, 0x00, 0x65, 0x6d, 0x69, 0x74, 0x5f, 0x62, 0x79, 0x74, 0x65, 0x73,
  0x01, 0x02, 0x00, 0x00, 0x00, 0x4f, 0x50, 0x01, 0x09, 0x00, 0x00, 0x00, 0x47, 0x45, 0x54, 0x5f,
  0x4c, 0x4f, 0x43, 0x41, 0x4c, 0x00, 0x00, 0x00, 0x00, 0x00, 0x00, 0x00, 0x00, 0x00, 0x01, 0x09,
  0x00, 0x00, 0x00, 0x65, 0x6d, 0x69, 0x74, 0x5f, 0x62, 0x79, 0x74, 0x65, 0x01, 0x03, 0x00, 0x00,
  0x00, 0x4e, 0x49, 0x4c, 0x01, 0x08, 0x00, 0x00, 0x00, 0x72, 0x65, 0x74, 0x5f, 0x73, 0x70, 0x65,
  0x63, 0x01, 0x00, 0x00, 0x00, 0x00, 0x01, 0x10, 0x00, 0x00, 0x00, 0x73, 0x70, 0x65, 0x63, 0x5f,
  0x61, 0x63, 0x63, 0x65, 0x70, 0x74, 0x73, 0x5f, 0x6e, 0x69, 0x6c, 0x01, 0x0e, 0x00, 0x00, 0x00,
  0x65, 0x6d, 0x69, 0x74, 0x5f, 0x63, 0x68, 0x65, 0x63, 0x6b, 0x5f, 0x74, 0x6f, 0x70, 0x01, 0x10,
  0x00, 0x00, 0x00, 0x72, 0x65, 0x74, 0x75, 0x72, 0x6e, 0x20, 0x76, 0x61, 0x6c, 0x75, 0x65, 0x20,
  0x6f, 0x66, 0x20, 0x01, 0x05, 0x00, 0x00, 0x00, 0x6c, 0x61, 0x62, 0x65, 0x6c, 0x01, 0x06, 0x00,
  0x00, 0x00, 0x52, 0x45, 0x54, 0x55, 0x52, 0x4e, 0x0e, 0x00, 0x00, 0x00, 0x62, 0x65, 0x67, 0x69,
  0x6e, 0x5f, 0x66, 0x75, 0x6e, 0x63, 0x74, 0x69, 0x6f, 0x6e, 0x02, 0x02, 0x00, 0x00, 0x00, 0x12,
  0x00, 0x00, 0x00, 0x09, 0x00, 0x01, 0x07, 0x01, 0x07, 0x02, 0x09, 0x00, 0x00, 0x23, 0x03, 0x0b,
  0x00, 0x00, 0x04, 0x01, 0x27, 0x02, 0x00, 0x00, 0x00, 0x36, 0x01, 0x00, 0x00, 0x10, 0x00, 0x00,
  0x00, 0x37, 0x01, 0x00, 0x00, 0x02, 0x00, 0x00, 0x00, 0x02, 0x00, 0x00, 0x00, 0x01, 0x03, 0x00,
  0x00, 0x00, 0x63, 0x75, 0x72, 0x01, 0x07, 0x00, 0x00, 0x00, 0x46, 0x6e, 0x53, 0x74, 0x61, 0x74,
  0x65, 0x0c, 0x00, 0x00, 0x00, 0x65, 0x6e, 0x64, 0x5f, 0x63, 0x6f, 0x6d, 0x70, 0x69, 0x6c, 0x65,
  0x72, 0x00, 0x00, 0x00, 0x00, 0x00, 0x85, 0x00, 0x00, 0x00, 0x09, 0x00, 0x00, 0x23, 0x00, 0x04,
  0x00, 0x00, 0x01, 0x09, 0x00, 0x02, 0x0e, 0x00, 0x01, 0x00, 0x00, 0x03, 0x09, 0x00, 0x02, 0x0e,
  0x00, 0x03, 0x00, 0x00, 0x04, 0x09, 0x00, 0x02, 0x0e, 0x00, 0x04, 0x00, 0x00, 0x05, 0x09, 0x00,
  0x02, 0x0e, 0x00, 0x06, 0x24, 0x00, 0x07, 0x00, 0x00, 0x00, 0x08, 0x09, 0x00, 0x02, 0x0e, 0x00,
  0x09, 0x00, 0x00, 0x0a, 0x13, 0x00, 0x00, 0x0b, 0x09, 0x00, 0x02, 0x0e, 0x00, 0x0b, 0x00, 0x00,
  0x0c, 0x09, 0x00, 0x02, 0x0e, 0x00, 0x0c, 0x00, 0x00, 0x0d, 0x09, 0x00, 0x02, 0x0e, 0x00, 0x0d,
  0x00, 0x00, 0x0e, 0x09, 0x00, 0x02, 0x0e, 0x00, 0x06, 0x00, 0x00, 0x0f, 0x09, 0x00, 0x10, 0x24,
  0x00, 0x07, 0x00, 0x29, 0x00, 0x0a, 0x09, 0x00, 0x10, 0x07, 0x01, 0x24, 0x00, 0x11, 0x01, 0x04,
  0x09, 0x00, 0x02, 0x0e, 0x00, 0x12, 0x0b, 0x00, 0x02, 0x04, 0x07, 0x01, 0x27, 0x01, 0x27, 0x10,
  0x00, 0x00, 0x00, 0x3b, 0x01, 0x00, 0x00, 0x06, 0x00, 0x00, 0x00, 0x3d, 0x01, 0x00, 0x00, 0x09,
  0x00, 0x00, 0x00, 0x3e, 0x01, 0x00, 0x00, 0x09, 0x00, 0x00, 0x00, 0x3f, 0x01, 0x00, 0x00, 0x09,
  0x00, 0x00, 0x00, 0x40, 0x01, 0x00, 0x00, 0x0d, 0x00, 0x00, 0x00, 0x41, 0x01, 0x00, 0x00, 0x0d,
  0x00, 0x00, 0x00, 0x42, 0x01, 0x00, 0x00, 0x09, 0x00, 0x00, 0x00, 0x43, 0x01, 0x00, 0x00, 0x09,
  0x00, 0x00, 0x00, 0x44, 0x01, 0x00, 0x00, 0x09, 0x00, 0x00, 0x00, 0x45, 0x01, 0x00, 0x00, 0x09,
  0x00, 0x00, 0x00, 0x46, 0x01, 0x00, 0x00, 0x0a, 0x00, 0x00, 0x00, 0x47, 0x01, 0x00, 0x00, 0x03,
  0x00, 0x00, 0x00, 0x48, 0x01, 0x00, 0x00, 0x0a, 0x00, 0x00, 0x00, 0x49, 0x01, 0x00, 0x00, 0x0a,
  0x00, 0x00, 0x00, 0x4a, 0x01, 0x00, 0x00, 0x03, 0x00, 0x00, 0x00, 0x4b, 0x01, 0x00, 0x00, 0x02,
  0x00, 0x00, 0x00, 0x13, 0x00, 0x00, 0x00, 0x01, 0x0b, 0x00, 0x00, 0x00, 0x65, 0x6d, 0x69, 0x74,
  0x5f, 0x72, 0x65, 0x74, 0x75, 0x72, 0x6e, 0x01, 0x04, 0x00, 0x00, 0x00, 0x6e, 0x61, 0x6d, 0x65,
  0x01, 0x03, 0x00, 0x00, 0x00, 0x63, 0x75, 0x72, 0x01, 0x05, 0x00, 0x00, 0x00, 0x61, 0x72, 0x69,
  0x74, 0x79, 0x01, 0x09, 0x00, 0x00, 0x00, 0x6d, 0x69, 0x6e, 0x5f, 0x61, 0x72, 0x69, 0x74, 0x79,
  0x01, 0x0d, 0x00, 0x00, 0x00, 0x75, 0x70, 0x76, 0x61, 0x6c, 0x75, 0x65, 0x5f, 0x63, 0x6f, 0x75,
  0x6e, 0x74, 0x01, 0x08, 0x00, 0x00, 0x00, 0x75, 0x70, 0x76, 0x61, 0x6c, 0x75, 0x65, 0x73, 0x01,
  0x03, 0x00, 0x00, 0x00, 0x6c, 0x65, 0x6e, 0x01, 0x09, 0x00, 0x00, 0x00, 0x69, 0x73, 0x5f, 0x73,
  0x63, 0x72, 0x69, 0x70, 0x74, 0x01, 0x04, 0x00, 0x00, 0x00, 0x74, 0x79, 0x70, 0x65, 0x01, 0x06,
  0x00, 0x00, 0x00, 0x73, 0x63, 0x72, 0x69, 0x70, 0x74, 0x01, 0x04, 0x00, 0x00, 0x00, 0x63, 0x6f,
  0x64, 0x65, 0x01, 0x05, 0x00, 0x00, 0x00, 0x6c, 0x69, 0x6e, 0x65, 0x73, 0x01, 0x09, 0x00, 0x00,
  0x00, 0x63, 0x6f, 0x6e, 0x73, 0x74, 0x61, 0x6e, 0x74, 0x73, 0x01, 0x08, 0x00, 0x00, 0x00, 0x75,
  0x70, 0x76, 0x61, 0x6c, 0x75, 0x65, 0x73, 0x01, 0x05, 0x00, 0x00, 0x00, 0x69, 0x6e, 0x64, 0x65,
  0x78, 0x01, 0x09, 0x00, 0x00, 0x00, 0x66, 0x75, 0x6e, 0x63, 0x74, 0x69, 0x6f, 0x6e, 0x73, 0x01,
  0x04, 0x00, 0x00, 0x00, 0x70, 0x75, 0x73, 0x68, 0x01, 0x09, 0x00, 0x00, 0x00, 0x65, 0x6e, 0x63,
  0x6c, 0x6f, 0x73, 0x69, 0x6e, 0x67, 0x0b, 0x00, 0x00, 0x00, 0x62, 0x65, 0x67, 0x69, 0x6e, 0x5f,
  0x73, 0x63, 0x6f, 0x70, 0x65, 0x00, 0x00, 0x00, 0x00, 0x00, 0x11, 0x00, 0x00, 0x00, 0x09, 0x00,
  0x00, 0x05, 0x0e, 0x00, 0x01, 0x00, 0x00, 0x02, 0x16, 0x0f, 0x00, 0x01, 0x04, 0x01, 0x27, 0x01,
  0x00, 0x00, 0x00, 0x4d, 0x01, 0x00, 0x00, 0x11, 0x00, 0x00, 0x00, 0x03, 0x00, 0x00, 0x00, 0x01,
  0x03, 0x00, 0x00, 0x00, 0x63, 0x75, 0x72, 0x01, 0x0b, 0x00, 0x00, 0x00, 0x73, 0x63, 0x6f, 0x70,
  0x65, 0x5f, 0x64, 0x65, 0x70, 0x74, 0x68, 0x00, 0x00, 0x00, 0x00, 0x00, 0x00, 0x00, 0xf0, 0x3f,
  0x09, 0x00, 0x00, 0x00, 0x65, 0x6e, 0x64, 0x5f, 0x73, 0x63, 0x6f, 0x70, 0x65, 0x00, 0x00, 0x00,
  0x00, 0x00, 0x76, 0x00, 0x00, 0x00, 0x09, 0x00, 0x00, 0x05, 0x0e, 0x00, 0x01, 0x00, 0x00, 0x02,
  0x17, 0x0f, 0x00, 0x01, 0x04, 0x09, 0x00, 0x00, 0x0e, 0x00, 0x03, 0x24, 0x00, 0x04, 0x00, 0x00,
  0x00, 0x05, 0x14, 0x21, 0x00, 0x16, 0x04, 0x09, 0x00, 0x00, 0x0e, 0x00, 0x03, 0x00, 0x00, 0x06,
  0x1c, 0x10, 0x0e, 0x00, 0x07, 0x09, 0x00, 0x00, 0x0e, 0x00, 0x01, 0x14, 0x21, 0x00, 0x3a, 0x04,
  0x09, 0x00, 0x08, 0x09, 0x00, 0x00, 0x0e, 0x00, 0x03, 0x00, 0x00, 0x09, 0x1c, 0x10, 0x0e, 0x00,
  0x0a, 0x21, 0x00, 0x07, 0x04, 0x09, 0x00, 0x0b, 0x0e, 0x00, 0x0c, 0x21, 0x00, 0x03, 0x20, 0x00,
  0x07, 0x04, 0x09, 0x00, 0x0b, 0x0e, 0x00, 0x0d, 0x23, 0x01, 0x04, 0x09, 0x00, 0x00, 0x0e, 0x00,
  0x03, 0x24, 0x00, 0x0e, 0x00, 0x04, 0x22, 0x00, 0x64, 0x04, 0x01, 0x27, 0x06, 0x00, 0x00, 0x00,
  0x50, 0x01, 0x00, 0x00, 0x0f, 0x00, 0x00, 0x00, 0x51, 0x01, 0x00, 0x00, 0x2b, 0x00, 0x00, 0x00,
  0x52, 0x01, 0x00, 0x00, 0x2b, 0x00, 0x00, 0x00, 0x53, 0x01, 0x00, 0x00, 0x0b, 0x00, 0x00, 0x00,
  0x54, 0x01, 0x00, 0x00, 0x04, 0x00, 0x00, 0x00, 0x55, 0x01, 0x00, 0x00, 0x02, 0x00, 0x00, 0x00,
  0x0f, 0x00, 0x00, 0x00, 0x01, 0x03, 0x00, 0x00, 0x00, 0x63, 0x75, 0x72, 0x01, 0x0b, 0x00, 0x00,
  0x00, 0x73, 0x63, 0x6f, 0x70, 0x65, 0x5f, 0x64, 0x65, 0x70, 0x74, 0x68, 0x00, 0x00, 0x00, 0x00,
  0x00, 0x00, 0x00, 0xf0, 0x3f, 0x01, 0x06, 0x00, 0x00, 0x00, 0x6c, 0x6f, 0x63, 0x61, 0x6c, 0x73,
  0x01, 0x03, 0x00, 0x00, 0x00, 0x6c, 0x65, 0x6e, 0x00, 0x00, 0x00, 0x00, 0x00, 0x00, 0x00, 0x00,
  0x00, 0x00, 0x00, 0x00, 0x00, 0x00, 0x00, 0x00, 0xf0, 0x3f, 0x01, 0x05, 0x00, 0x00, 0x00, 0x64,
  0x65, 0x70, 0x74, 0x68, 0x01, 0x09, 0x00, 0x00, 0x00, 0x65, 0x6d, 0x69, 0x74, 0x5f, 0x62, 0x79,
  0x74, 0x65, 0x00, 0x00, 0x00, 0x00, 0x00, 0x00, 0x00, 0xf0, 0x3f, 0x01, 0x08, 0x00, 0x00, 0x00,
  0x63, 0x61, 0x70, 0x74, 0x75, 0x72, 0x65, 0x64, 0x01, 0x02, 0x00, 0x00, 0x00, 0x4f, 0x50, 0x01,
  0x0d, 0x00, 0x00, 0x00, 0x43, 0x4c, 0x4f, 0x53, 0x45, 0x5f, 0x55, 0x50, 0x56, 0x41, 0x4c, 0x55,
  0x45, 0x01, 0x03, 0x00, 0x00, 0x00, 0x50, 0x4f, 0x50, 0x01, 0x03, 0x00, 0x00, 0x00, 0x70, 0x6f,
  0x70, 0x0c, 0x00, 0x00, 0x00, 0x65, 0x6d, 0x69, 0x74, 0x5f, 0x70, 0x6f, 0x70, 0x73, 0x5f, 0x74,
  0x6f, 0x01, 0x01, 0x00, 0x00, 0x00, 0x50, 0x00, 0x00, 0x00, 0x09, 0x00, 0x00, 0x0e, 0x00, 0x01,
  0x24, 0x00, 0x02, 0x00, 0x00, 0x00, 0x03, 0x17, 0x07, 0x02, 0x07, 0x01, 0x15, 0x1d, 0x21, 0x00,
  0x36, 0x04, 0x09, 0x00, 0x04, 0x09, 0x00, 0x00, 0x0e, 0x00, 0x01, 0x07, 0x02, 0x10, 0x0e, 0x00,
  0x05, 0x21, 0x00, 0x07, 0x04, 0x09, 0x00, 0x06, 0x0e, 0x00, 0x07, 0x21, 0x00, 0x03, 0x20, 0x00,
  0x07, 0x04, 0x09, 0x00, 0x06, 0x0e, 0x00, 0x08, 0x23, 0x01, 0x04, 0x07, 0x02, 0x00, 0x00, 0x09,
  0x17, 0x08, 0x02, 0x04, 0x22, 0x00, 0x3f, 0x04, 0x01, 0x27, 0x06, 0x00, 0x00, 0x00, 0x59, 0x01,
  0x00, 0x00, 0x0e, 0x00, 0x00, 0x00, 0x5a, 0x01, 0x00, 0x00, 0x0a, 0x00, 0x00, 0x00, 0x5b, 0x01,
  0x00, 0x00, 0x29, 0x00, 0x00, 0x00, 0x5c, 0x01, 0x00, 0x00, 0x09, 0x00, 0x00, 0x00, 0x5d, 0x01,
  0x00, 0x00, 0x04, 0x00, 0x00, 0x00, 0x5e, 0x01, 0x00, 0x00, 0x02, 0x00, 0x00, 0x00, 0x0a, 0x00,
  0x00, 0x00, 0x01, 0x03, 0x00, 0x00, 0x00, 0x63, 0x75, 0x72, 0x01, 0x06, 0x00, 0x00, 0x00, 0x6c,
  0x6f, 0x63, 0x61, 0x6c, 0x73, 0x01, 0x03, 0x00, 0x00, 0x00, 0x6c, 0x65, 0x6e, 0x00, 0x00, 0x00,
  0x00, 0x00, 0x00, 0x00, 0xf0, 0x3f, 0x01, 0x09, 0x00, 0x00, 0x00, 0x65, 0x6d, 0x69, 0x74, 0x5f,
  0x62, 0x79, 0x74, 0x65, 0x01, 0x08, 0x00, 0x00, 0x00, 0x63, 0x61, 0x70, 0x74, 0x75, 0x72, 0x65,
  0x64, 0x01, 0x02, 0x00, 0x00, 0x00, 0x4f, 0x50, 0x01, 0x0d, 0x00, 0x00, 0x00, 0x43, 0x4c, 0x4f,
  0x53, 0x45, 0x5f, 0x55, 0x50, 0x56, 0x41, 0x4c, 0x55, 0x45, 0x01, 0x03, 0x00, 0x00, 0x00, 0x50,
  0x4f, 0x50, 0x00, 0x00, 0x00, 0x00, 0x00, 0x00, 0x00, 0xf0, 0x3f, 0x0d, 0x00, 0x00, 0x00, 0x72,
  0x65, 0x73, 0x6f, 0x6c, 0x76, 0x65, 0x5f, 0x6c, 0x6f, 0x63, 0x61, 0x6c, 0x02, 0x02, 0x00, 0x00,
  0x00, 0x63, 0x00, 0x00, 0x00, 0x07, 0x01, 0x0e, 0x00, 0x00, 0x24, 0x00, 0x01, 0x00, 0x00, 0x00,
  0x02, 0x17, 0x07, 0x03, 0x00, 0x00, 0x03, 0x15, 0x1d, 0x21, 0x00, 0x44, 0x04, 0x07, 0x01, 0x0e,
  0x00, 0x00, 0x07, 0x03, 0x10, 0x07, 0x04, 0x0e, 0x00, 0x04, 0x07, 0x02, 0x13, 0x21, 0x00, 0x22,
  0x04, 0x07, 0x04, 0x0e, 0x00, 0x05, 0x00, 0x00, 0x06, 0x1c, 0x13, 0x21, 0x00, 0x0d, 0x04, 0x09,
  0x00, 0x07, 0x00, 0x00, 0x08, 0x23, 0x01, 0x04, 0x20, 0x00, 0x01, 0x04, 0x07, 0x03, 0x27, 0x20,
  0x00, 0x01, 0x04, 0x07, 0x03, 0x00, 0x00, 0x09, 0x17, 0x08, 0x03, 0x04, 0x04, 0x22, 0x00, 0x4e,
  0x04, 0x00, 0x00, 0x0a, 0x1c, 0x27, 0x01, 0x27, 0x0b, 0x00, 0x00, 0x00, 0x63, 0x01, 0x00, 0x00,
  0x0d, 0x00, 0x00, 0x00, 0x64, 0x01, 0x00, 0x00, 0x0b, 0x00, 0x00, 0x00, 0x65, 0x01, 0x00, 0x00,
  0x08, 0x00, 0x00, 0x00, 0x66, 0x01, 0x00, 0x00, 0x0c, 0x00, 0x00, 0x00, 0x67, 0x01, 0x00, 0x00,
  0x1b, 0x00, 0x00, 0x00, 0x68, 0x01, 0x00, 0x00, 0x03, 0x00, 0x00, 0x00, 0x69, 0x01, 0x00, 0x00,
  0x04, 0x00, 0x00, 0x00, 0x6a, 0x01, 0x00, 0x00, 0x09, 0x00, 0x00, 0x00, 0x6b, 0x01, 0x00, 0x00,
  0x05, 0x00, 0x00, 0x00, 0x6c, 0x01, 0x00, 0x00, 0x05, 0x00, 0x00, 0x00, 0x6d, 0x01, 0x00, 0x00,
  0x02, 0x00, 0x00, 0x00, 0x0b, 0x00, 0x00, 0x00, 0x01, 0x06, 0x00, 0x00, 0x00, 0x6c, 0x6f, 0x63,
  0x61, 0x6c, 0x73, 0x01, 0x03, 0x00, 0x00, 0x00, 0x6c, 0x65, 0x6e, 0x00, 0x00, 0x00, 0x00, 0x00,
  0x00, 0x00, 0xf0, 0x3f, 0x00, 0x00, 0x00, 0x00, 0x00, 0x00, 0x00, 0x00, 0x00, 0x01, 0x04, 0x00,
  0x00, 0x00, 0x6e, 0x61, 0x6d, 0x65, 0x01, 0x05, 0x00, 0x00, 0x00, 0x64, 0x65, 0x70, 0x74, 0x68,
  0x00, 0x00, 0x00, 0x00, 0x00, 0x00, 0x00, 0xf0, 0x3f, 0x01, 0x05, 0x00, 0x00, 0x00, 0x65, 0x72,
  0x72, 0x6f, 0x72, 0x01, 0x2d, 0x00, 0x00, 0x00, 0x43, 0x61, 0x6e, 0x27, 0x74, 0x20, 0x72, 0x65,
  0x61, 0x64, 0x20, 0x61, 0x20, 0x76, 0x61, 0x72, 0x69, 0x61, 0x62, 0x6c, 0x65, 0x20, 0x69, 0x6e,
  0x20, 0x69, 0x74, 0x73, 0x20, 0x6f, 0x77, 0x6e, 0x20, 0x69, 0x6e, 0x69, 0x74, 0x69, 0x61, 0x6c,
  0x69, 0x7a, 0x65, 0x72, 0x2e, 0x00, 0x00, 0x00, 0x00, 0x00, 0x00, 0x00, 0xf0, 0x3f, 0x00, 0x00,
  0x00, 0x00, 0x00, 0x00, 0x00, 0xf0, 0x3f, 0x0b, 0x00, 0x00, 0x00, 0x61, 0x64, 0x64, 0x5f, 0x75,
  0x70, 0x76, 0x61, 0x6c, 0x75, 0x65, 0x03, 0x03, 0x00, 0x00, 0x00, 0x7e, 0x00, 0x00, 0x00, 0x07,
  0x01, 0x0e, 0x00, 0x00, 0x24, 0x00, 0x01, 0x00, 0x00, 0x00, 0x02, 0x07, 0x04, 0x1f, 0x00, 0x00,
  0x03, 0x2a, 0x05, 0x00, 0x2f, 0x07, 0x01, 0x0e, 0x00, 0x00, 0x07, 0x07, 0x10, 0x0e, 0x00, 0x04,
  0x07, 0x02, 0x13, 0x21, 0x00, 0x0f, 0x04, 0x07, 0x01, 0x0e, 0x00, 0x00, 0x07, 0x07, 0x10, 0x0e,
  0x00, 0x05, 0x07, 0x03, 0x13, 0x21, 0x00, 0x07, 0x04, 0x07, 0x07, 0x27, 0x20, 0x00, 0x01, 0x04,
  0x04, 0x22, 0x00, 0x33, 0x04, 0x04, 0x07, 0x04, 0x00, 0x00, 0x06, 0x13, 0x21, 0x00, 0x11, 0x04,
  0x09, 0x00, 0x07, 0x00, 0x00, 0x08, 0x23, 0x01, 0x04, 0x00, 0x00, 0x09, 0x27, 0x20, 0x00, 0x01,
  0x04, 0x07, 0x01, 0x0e, 0x00, 0x00, 0x00, 0x00, 0x0b, 0x07, 0x02, 0x00, 0x00, 0x0c, 0x07, 0x03,
  0x29, 0x00, 0x02, 0x24, 0x00, 0x0a, 0x01, 0x04, 0x07, 0x04, 0x27, 0x01, 0x27, 0x0b, 0x00, 0x00,
  0x00, 0x70, 0x01, 0x00, 0x00, 0x09, 0x00, 0x00, 0x00, 0x71, 0x01, 0x00, 0x00, 0x0d, 0x00, 0x00,
  0x00, 0x72, 0x01, 0x00, 0x00, 0x2b, 0x00, 0x00, 0x00, 0x73, 0x01, 0x00, 0x00, 0x06, 0x00, 0x00,
  0x00, 0x74, 0x01, 0x00, 0x00, 0x0a, 0x00, 0x00, 0x00, 0x75, 0x01, 0x00, 0x00, 0x09, 0x00, 0x00,
  0x00, 0x76, 0x01, 0x00, 0x00, 0x04, 0x00, 0x00, 0x00, 0x77, 0x01, 0x00, 0x00, 0x04, 0x00, 0x00,
  0x00, 0x78, 0x01, 0x00, 0x00, 0x17, 0x00, 0x00, 0x00, 0x79, 0x01, 0x00, 0x00, 0x03, 0x00, 0x00,
  0x00, 0x7a, 0x01, 0x00, 0x00, 0x02, 0x00, 0x00, 0x00, 0x0d, 0x00, 0x00, 0x00, 0x01, 0x08, 0x00,
  0x00, 0x00, 0x75, 0x70, 0x76, 0x61, 0x6c, 0x75, 0x65, 0x73, 0x01, 0x03, 0x00, 0x00, 0x00, 0x6c,
  0x65, 0x6e, 0x00, 0x00, 0x00, 0x00, 0x00, 0x00, 0x00, 0x00, 0x00, 0x00, 0x00, 0x00, 0x00, 0x00,
  0x00, 0x00, 0x00, 0x00, 0x01, 0x05, 0x00, 0x00, 0x00, 0x69, 0x6e, 0x64, 0x65, 0x78, 0x01, 0x08,
  0x00, 0x00, 0x00, 0x69, 0x73, 0x5f, 0x6c, 0x6f, 0x63, 0x61, 0x6c, 0x00, 0x00, 0x00, 0x00, 0x00,
  0x00, 0x00, 0x70, 0x40, 0x01, 0x05, 0x00, 0x00, 0x00, 0x65, 0x72, 0x72, 0x6f, 0x72, 0x01, 0x2c,
  0x00, 0x00, 0x00, 0x54, 0x6f, 0x6f, 0x20, 0x6d, 0x61, 0x6e, 0x79, 0x20, 0x63, 0x61, 0x70, 0x74,
  0x75, 0x72, 0x65, 0x64, 0x20, 0x76, 0x61, 0x72, 0x69, 0x61, 0x62, 0x6c, 0x65, 0x73, 0x20, 0x69,
  0x6e, 0x20, 0x6f, 0x6e, 0x65, 0x20, 0x66, 0x75, 0x6e, 0x63, 0x74, 0x69, 0x6f, 0x6e, 0x2e, 0x00,
  0x00, 0x00, 0x00, 0x00, 0x00, 0x00, 0x00, 0x00, 0x01, 0x04, 0x00, 0x00, 0x00, 0x70, 0x75, 0x73,
  0x68, 0x01, 0x05, 0x00, 0x00, 0x00, 0x69, 0x6e, 0x64, 0x65, 0x78, 0x01, 0x08, 0x00, 0x00, 0x00,
  0x69, 0x73, 0x5f, 0x6c, 0x6f, 0x63, 0x61, 0x6c, 0x0f, 0x00, 0x00, 0x00, 0x72, 0x65, 0x73, 0x6f,
  0x6c, 0x76, 0x65, 0x5f, 0x75, 0x70, 0x76, 0x61, 0x6c, 0x75, 0x65, 0x02, 0x02, 0x00, 0x00, 0x00,
  0x79, 0x00, 0x00, 0x00, 0x07, 0x01, 0x0e, 0x00, 0x00, 0x01, 0x13, 0x21, 0x00, 0x09, 0x04, 0x00,
  0x00, 0x01, 0x1c, 0x27, 0x20, 0x00, 0x01, 0x04, 0x09, 0x00, 0x02, 0x07, 0x01, 0x0e, 0x00, 0x00,
  0x07, 0x02, 0x23, 0x02, 0x07, 0x03, 0x00, 0x00, 0x03, 0x1c, 0x13, 0x1d, 0x21, 0x00, 0x1f, 0x04,
  0x07, 0x01, 0x0e, 0x00, 0x00, 0x0e, 0x00, 0x04, 0x07, 0x03, 0x10, 0x02, 0x0f, 0x00, 0x05, 0x04,
  0x09, 0x00, 0x06, 0x07, 0x01, 0x07, 0x03, 0x02, 0x23, 0x03, 0x27, 0x20, 0x00, 0x01, 0x04, 0x09,
  0x00, 0x07, 0x07, 0x01, 0x0e, 0x00, 0x00, 0x07, 0x02, 0x23, 0x02, 0x07, 0x04, 0x00, 0x00, 0x08,
  0x1c, 0x13, 0x1d, 0x21, 0x00, 0x0f, 0x04, 0x09, 0x00, 0x06, 0x07, 0x01, 0x07, 0x04, 0x03, 0x23,
  0x03, 0x27, 0x20, 0x00, 0x01, 0x04, 0x00, 0x00, 0x09, 0x1c, 0x27, 0x01, 0x27, 0x0a, 0x00, 0x00,
  0x00, 0x7d, 0x01, 0x00, 0x00, 0x14, 0x00, 0x00, 0x00, 0x7e, 0x01, 0x00, 0x00, 0x0c, 0x00, 0x00,
  0x00, 0x7f, 0x01, 0x00, 0x00, 0x0c, 0x00, 0x00, 0x00, 0x80, 0x01, 0x00, 0x00, 0x10, 0x00, 0x00,
  0x00, 0x81, 0x01, 0x00, 0x00, 0x0b, 0x00, 0x00, 0x00, 0x82, 0x01, 0x00, 0x00, 0x04, 0x00, 0x00,
  0x00, 0x83, 0x01, 0x00, 0x00, 0x0c, 0x00, 0x00, 0x00, 0x84, 0x01, 0x00, 0x00, 0x1b, 0x00, 0x00,
  0x00, 0x85, 0x01, 0x00, 0x00, 0x05, 0x00, 0x00, 0x00, 0x86, 0x01, 0x00, 0x00, 0x02, 0x00, 0x00,
  0x00, 0x0a, 0x00, 0x00, 0x00, 0x01, 0x09, 0x00, 0x00, 0x00, 0x65, 0x6e, 0x63, 0x6c, 0x6f, 0x73,
  0x69, 0x6e, 0x67, 0x00, 0x00, 0x00, 0x00, 0x00, 0x00, 0x00, 0xf0, 0x3f, 0x01, 0x0d, 0x00, 0x00,
  0x00, 0x72, 0x65, 0x73, 0x6f, 0x6c, 0x76, 0x65, 0x5f, 0x6c, 0x6f, 0x63, 0x61, 0x6c, 0x00, 0x00,
  0x00, 0x00, 0x00, 0x00, 0x00, 0xf0, 0x3f, 0x01, 0x06, 0x00, 0x00, 0x00, 0x6c, 0x6f, 0x63, 0x61,
  0x6c, 0x73, 0x01, 0x08, 0x00, 0x00, 0x00, 0x63, 0x61, 0x70, 0x74, 0x75, 0x72, 0x65, 0x64, 0x01,
  0x0b, 0x00, 0x00, 0x00, 0x61, 0x64, 0x64, 0x5f, 0x75, 0x70, 0x76, 0x61, 0x6c, 0x75, 0x65, 0x01,
  0x0f, 0x00, 0x00, 0x00, 0x72, 0x65, 0x73, 0x6f, 0x6c, 0x76, 0x65, 0x5f, 0x75, 0x70, 0x76, 0x61,
  0x6c, 0x75, 0x65, 0x00, 0x00, 0x00, 0x00, 0x00, 0x00, 0x00, 0xf0, 0x3f, 0x00, 0x00, 0x00, 0x00,
  0x00, 0x00, 0x00, 0xf0, 0x3f, 0x09, 0x00, 0x00, 0x00, 0x61, 0x64, 0x64, 0x5f, 0x6c, 0x6f, 0x63,
  0x61, 0x6c, 0x01, 0x01, 0x00, 0x00, 0x00, 0x41, 0x00, 0x00, 0x00, 0x09, 0x00, 0x00, 0x0e, 0x00,
  0x01, 0x24, 0x00, 0x02, 0x00, 0x00, 0x00, 0x03, 0x13, 0x21, 0x00, 0x0f, 0x04, 0x09, 0x00, 0x04,
  0x00, 0x00, 0x05, 0x23, 0x01, 0x04, 0x01, 0x27, 0x20, 0x00, 0x01, 0x04, 0x09, 0x00, 0x00, 0x0e,
  0x00, 0x01, 0x00, 0x00, 0x07, 0x07, 0x01, 0x00, 0x00, 0x08, 0x00, 0x00, 0x09, 0x1c, 0x00, 0x00,
  0x0a, 0x03, 0x29, 0x00, 0x03, 0x24, 0x00, 0x06, 0x01, 0x04, 0x01, 0x27, 0x06, 0x00, 0x00, 0x00,
  0x89, 0x01, 0x00, 0x00, 0x12, 0x00, 0x00, 0x00, 0x8a, 0x01, 0x00, 0x00, 0x09, 0x00, 0x00, 0x00,
  0x8b, 0x01, 0x00, 0x00, 0x02, 0x00, 0x00, 0x00, 0x8c, 0x01, 0x00, 0x00, 0x04, 0x00, 0x00, 0x00,
  0x8d, 0x01, 0x00, 0x00, 0x1e, 0x00, 0x00, 0x00, 0x8e, 0x01, 0x00, 0x00, 0x02, 0x00, 0x00, 0x00,
  0x0b, 0x00, 0x00, 0x00, 0x01, 0x03, 0x00, 0x00, 0x00, 0x63, 0x75, 0x72, 0x01, 0x06, 0x00, 0x00,
  0x00, 0x6c, 0x6f, 0x63, 0x61, 0x6c, 0x73, 0x01, 0x03, 0x00, 0x00, 0x00, 0x6c, 0x65, 0x6e, 0x00,
  0x00, 0x00, 0x00, 0x00, 0x00, 0x00, 0x70, 0x40, 0x01, 0x05, 0x00, 0x00, 0x00, 0x65, 0x72, 0x72,
  0x6f, 0x72, 0x01, 0x29, 0x00, 0x00, 0x00, 0x54, 0x6f, 0x6f, 0x20, 0x6d, 0x61, 0x6e, 0x79, 0x20,
  0x6c, 0x6f, 0x63, 0x61, 0x6c, 0x20, 0x76, 0x61, 0x72, 0x69, 0x61, 0x62, 0x6c, 0x65, 0x73, 0x20,
  0x69, 0x6e, 0x20, 0x6f, 0x6e, 0x65, 0x20, 0x66, 0x75, 0x6e, 0x63, 0x74, 0x69, 0x6f, 0x6e, 0x2e,
  0x01, 0x04, 0x00, 0x00, 0x00, 0x70, 0x75, 0x73, 0x68, 0x01, 0x04, 0x00, 0x00, 0x00, 0x6e, 0x61,
  0x6d, 0x65, 0x01, 0x05, 0x00, 0x00, 0x00, 0x64, 0x65, 0x70, 0x74, 0x68, 0x00, 0x00, 0x00, 0x00,
  0x00, 0x00, 0x00, 0xf0, 0x3f, 0x01, 0x08, 0x00, 0x00, 0x00, 0x63, 0x61, 0x70, 0x74, 0x75, 0x72,
  0x65, 0x64, 0x10, 0x00, 0x00, 0x00, 0x6d, 0x61, 0x72, 0x6b, 0x5f, 0x69, 0x6e, 0x69, 0x74, 0x69,
  0x61, 0x6c, 0x69, 0x7a, 0x65, 0x64, 0x00, 0x00, 0x00, 0x00, 0x00, 0x2b, 0x00, 0x00, 0x00, 0x09,
  0x00, 0x00, 0x0e, 0x00, 0x01, 0x00, 0x00, 0x02, 0x13, 0x21, 0x00, 0x06, 0x04, 0x01, 0x27, 0x20,
  0x00, 0x01, 0x04, 0x09, 0x00, 0x00, 0x0e, 0x00, 0x03, 0x00, 0x00, 0x04, 0x1c, 0x10, 0x09, 0x00,
  0x00, 0x0e, 0x00, 0x01, 0x0f, 0x00, 0x05, 0x04, 0x01, 0x27, 0x03, 0x00, 0x00, 0x00, 0x91, 0x01,
  0x00, 0x00, 0x14, 0x00, 0x00, 0x00, 0x92, 0x01, 0x00, 0x00, 0x15, 0x00, 0x00, 0x00, 0x93, 0x01,
  0x00, 0x00, 0x02, 0x00, 0x00, 0x00, 0x06, 0x00, 0x00, 0x00, 0x01, 0x03, 0x00, 0x00, 0x00, 0x63,
  0x75, 0x72, 0x01, 0x0b, 0x00, 0x00, 0x00, 0x73, 0x63, 0x6f, 0x70, 0x65, 0x5f, 0x64, 0x65, 0x70,
  0x74, 0x68, 0x00, 0x00, 0x00, 0x00, 0x00, 0x00, 0x00, 0x00, 0x00, 0x01, 0x06, 0x00, 0x00, 0x00,
  0x6c, 0x6f, 0x63, 0x61, 0x6c, 0x73, 0x00, 0x00, 0x00, 0x00, 0x00, 0x00, 0x00, 0xf0, 0x3f, 0x01,
  0x05, 0x00, 0x00, 0x00, 0x64, 0x65, 0x70, 0x74, 0x68, 0x10, 0x00, 0x00, 0x00, 0x64, 0x65, 0x63,
  0x6c, 0x61, 0x72, 0x65, 0x5f, 0x76, 0x61, 0x72, 0x69, 0x61, 0x62, 0x6c, 0x65, 0x00, 0x00, 0x00,
  0x00, 0x00, 0x97, 0x00, 0x00, 0x00, 0x09, 0x00, 0x00, 0x0e, 0x00, 0x01, 0x00, 0x00, 0x02, 0x13,
  0x21, 0x00, 0x06, 0x04, 0x01, 0x27, 0x20, 0x00, 0x01, 0x04, 0x09, 0x00, 0x03, 0x0e, 0x00, 0x04,
  0x0e, 0x00, 0x05, 0x09, 0x00, 0x00, 0x0e, 0x00, 0x06, 0x24, 0x00, 0x07, 0x00, 0x00, 0x00, 0x08,
  0x17, 0x07, 0x02, 0x00, 0x00, 0x09, 0x15, 0x1d, 0x21, 0x00, 0x57, 0x04, 0x09, 0x00, 0x00, 0x0e,
  0x00, 0x06, 0x07, 0x02, 0x10, 0x07, 0x03, 0x0e, 0x00, 0x0a, 0x00, 0x00, 0x0b, 0x1c, 0x13, 0x1d,
  0x21, 0x00, 0x0d, 0x04, 0x07, 0x03, 0x0e, 0x00, 0x0a, 0x09, 0x00, 0x00, 0x0e, 0x00, 0x01, 0x15,
  0x21, 0x00, 0x08, 0x04, 0x04, 0x20, 0x00, 0x2b, 0x20, 0x00, 0x01, 0x04, 0x07, 0x03, 0x0e, 0x00,
  0x0c, 0x07, 0x01, 0x13, 0x21, 0x00, 0x0d, 0x04, 0x09, 0x00, 0x0d, 0x00, 0x00, 0x0e, 0x23, 0x01,
  0x04, 0x20, 0x00, 0x01, 0x04, 0x07, 0x02, 0x00, 0x00, 0x0f, 0x17, 0x08, 0x02, 0x04, 0x04, 0x22,
  0x00, 0x61, 0x04, 0x09, 0x00, 0x10, 0x07, 0x01, 0x23, 0x01, 0x04, 0x01, 0x27, 0x0b, 0x00, 0x00,
  0x00, 0x96, 0x01, 0x00, 0x00, 0x14, 0x00, 0x00, 0x00, 0x97, 0x01, 0x00, 0x00, 0x09, 0x00, 0x00,
  0x00, 0x98, 0x01, 0x00, 0x00, 0x0e, 0x00, 0x00, 0x00, 0x99, 0x01, 0x00, 0x00, 0x0b, 0x00, 0x00,
  0x00, 0x9a, 0x01, 0x00, 0x00, 0x09, 0x00, 0x00, 0x00, 0x9b, 0x01, 0x00, 0x00, 0x27, 0x00, 0x00,
  0x00, 0x9c, 0x01, 0x00, 0x00, 0x19, 0x00, 0x00, 0x00, 0x9d, 0x01, 0x00, 0x00, 0x09, 0x00, 0x00,
  0x00, 0x9e, 0x01, 0x00, 0x00, 0x05, 0x00, 0x00, 0x00, 0x9f, 0x01, 0x00, 0x00, 0x08, 0x00, 0x00,
  0x00, 0xa0, 0x01, 0x00, 0x00, 0x02, 0x00, 0x00, 0x00, 0x11, 0x00, 0x00, 0x00, 0x01, 0x03, 0x00,
  0x00, 0x00, 0x63, 0x75, 0x72, 0x01, 0x0b, 0x00, 0x00, 0x00, 0x73, 0x63, 0x6f, 0x70, 0x65, 0x5f,
  0x64, 0x65, 0x70, 0x74, 0x68, 0x00, 0x00, 0x00, 0x00, 0x00, 0x00, 0x00, 0x00, 0x00, 0x01, 0x02,
  0x00, 0x00, 0x00, 0x70, 0x73, 0x01, 0x08, 0x00, 0x00, 0x00, 0x70, 0x72, 0x65, 0x76, 0x69, 0x6f,
  0x75, 0x73, 0x01, 0x04, 0x00, 0x00, 0x00, 0x74, 0x65, 0x78, 0x74, 0x01, 0x06, 0x00, 0x00, 0x00,
  0x6c, 0x6f, 0x63, 0x61, 0x6c, 0x73, 0x01, 0x03, 0x00, 0x00, 0x00, 0x6c, 0x65, 0x6e, 0x00, 0x00,
  0x00, 0x00, 0x00, 0x00, 0x00, 0xf0, 0x3f, 0x00, 0x00, 0x00, 0x00, 0x00, 0x00, 0x00, 0x00, 0x00,
  0x01, 0x05, 0x00, 0x00, 0x00, 0x64, 0x65, 0x70, 0x74, 0x68, 0x00, 0x00, 0x00, 0x00, 0x00, 0x00,
  0x00, 0xf0, 0x3f, 0x01, 0x04, 0x00, 0x00, 0x00, 0x6e, 0x61, 0x6d, 0x65, 0x01, 0x05, 0x00, 0x00,
  0x00, 0x65, 0x72, 0x72, 0x6f, 0x72, 0x01, 0x39, 0x00, 0x00, 0x00, 0x54, 0x68, 0x65, 0x72, 0x65,
  0x20, 0x69, 0x73, 0x20, 0x61, 0x6c, 0x72, 0x65, 0x61, 0x64, 0x79, 0x20, 0x61, 0x20, 0x76, 0x61,
  0x72, 0x69, 0x61, 0x62, 0x6c, 0x65, 0x20, 0x77, 0x69, 0x74, 0x68, 0x20, 0x74, 0x68, 0x69, 0x73,
  0x20, 0x6e, 0x61, 0x6d, 0x65, 0x20, 0x69, 0x6e, 0x20, 0x74, 0x68, 0x69, 0x73, 0x20, 0x73, 0x63,
  0x6f, 0x70, 0x65, 0x2e, 0x00, 0x00, 0x00, 0x00, 0x00, 0x00, 0x00, 0xf0, 0x3f, 0x01, 0x09, 0x00,
  0x00, 0x00, 0x61, 0x64, 0x64, 0x5f, 0x6c, 0x6f, 0x63, 0x61, 0x6c, 0x0e, 0x00, 0x00, 0x00, 0x70,
  0x61, 0x72, 0x73, 0x65, 0x5f, 0x76, 0x61, 0x72, 0x69, 0x61, 0x62, 0x6c, 0x65, 0x01, 0x01, 0x00,
  0x00, 0x00, 0x38, 0x00, 0x00, 0x00, 0x09, 0x00, 0x00, 0x00, 0x00, 0x01, 0x07, 0x01, 0x23, 0x02,
  0x04, 0x09, 0x00, 0x02, 0x23, 0x00, 0x04, 0x09, 0x00, 0x03, 0x0e, 0x00, 0x04, 0x00, 0x00, 0x05,
  0x14, 0x21, 0x00, 0x08, 0x04, 0x00, 0x00, 0x06, 0x27, 0x20, 0x00, 0x01, 0x04, 0x09, 0x00, 0x07,
  0x09, 0x00, 0x08, 0x0e, 0x00, 0x09, 0x0e, 0x00, 0x0a, 0x23, 0x01, 0x27, 0x01, 0x27, 0x05, 0x00,
  0x00, 0x00, 0xa3, 0x01, 0x00, 0x00, 0x0b, 0x00, 0x00, 0x00, 0xa4, 0x01, 0x00, 0x00, 0x06, 0x00,
  0x00, 0x00, 0xa5, 0x01, 0x00, 0x00, 0x16, 0x00, 0x00, 0x00, 0xa6, 0x01, 0x00, 0x00, 0x0f, 0x00,
  0x00, 0x00, 0xa7, 0x01, 0x00, 0x00, 0x02, 0x00, 0x00, 0x00, 0x0b, 0x00, 0x00, 0x00, 0x01, 0x07,
  0x00, 0x00, 0x00, 0x63, 0x6f, 0x6e, 0x73, 0x75, 0x6d, 0x65, 0x01, 0x05, 0x00, 0x00, 0x00, 0x49,
  0x44, 0x45, 0x4e, 0x54, 0x01, 0x10, 0x00, 0x00, 0x00, 0x64, 0x65, 0x63, 0x6c, 0x61, 0x72, 0x65,
  0x5f, 0x76, 0x61, 0x72, 0x69, 0x61, 0x62, 0x6c, 0x65, 0x01, 0x03, 0x00, 0x00, 0x00, 0x63, 0x75,
  0x72, 0x01, 0x0b, 0x00, 0x00, 0x00, 0x73, 0x63, 0x6f, 0x70, 0x65, 0x5f, 0x64, 0x65, 0x70, 0x74,
  0x68, 0x00, 0x00, 0x00, 0x00, 0x00, 0x00, 0x00, 0x00, 0x00, 0x00, 0x00, 0x00, 0x00, 0x00, 0x00,
  0x00, 0x00, 0x00, 0x01, 0x13, 0x00, 0x00, 0x00, 0x69, 0x64, 0x65, 0x6e, 0x74, 0x69, 0x66, 0x69,
  0x65, 0x72, 0x5f, 0x63, 0x6f, 0x6e, 0x73, 0x74, 0x61, 0x6e, 0x74, 0x01, 0x02, 0x00, 0x00, 0x00,
  0x70, 0x73, 0x01, 0x08, 0x00, 0x00, 0x00, 0x70, 0x72, 0x65, 0x76, 0x69, 0x6f, 0x75, 0x73, 0x01,
  0x04, 0x00, 0x00, 0x00, 0x74, 0x65, 0x78, 0x74, 0x0f, 0x00, 0x00, 0x00, 0x64, 0x65, 0x66, 0x69,
  0x6e, 0x65, 0x5f, 0x76, 0x61, 0x72, 0x69, 0x61, 0x62, 0x6c, 0x65, 0x01, 0x01, 0x00, 0x00, 0x00,
  0x30, 0x00, 0x00, 0x00, 0x09, 0x00, 0x00, 0x0e, 0x00, 0x01, 0x00, 0x00, 0x02, 0x14, 0x21, 0x00,
  0x0c, 0x04, 0x09, 0x00, 0x03, 0x23, 0x00, 0x04, 0x01, 0x27, 0x20, 0x00, 0x01, 0x04, 0x09, 0x00,
  0x04, 0x09, 0x00, 0x05, 0x0e, 0x00, 0x06, 0x23, 0x01, 0x04, 0x09, 0x00, 0x07, 0x07, 0x01, 0x23,
  0x01, 0x04, 0x01, 0x27, 0x07, 0x00, 0x00, 0x00, 0xaa, 0x01, 0x00, 0x00, 0x0e, 0x00, 0x00, 0x00,
  0xab, 0x01, 0x00, 0x00, 0x06, 0x00, 0x00, 0x00, 0xac, 0x01, 0x00, 0x00, 0x02, 0x00, 0x00, 0x00,
  0xad, 0x01, 0x00, 0x00, 0x04, 0x00, 0x00, 0x00, 0xae, 0x01, 0x00, 0x00, 0x0c, 0x00, 0x00, 0x00,
  0xaf, 0x01, 0x00, 0x00, 0x08, 0x00, 0x00, 0x00, 0xb0, 0x01, 0x00, 0x00, 0x02, 0x00, 0x00, 0x00,
  0x08, 0x00, 0x00, 0x00, 0x01, 0x03, 0x00, 0x00, 0x00, 0x63, 0x75, 0x72, 0x01, 0x0b, 0x00, 0x00,
  0x00, 0x73, 0x63, 0x6f, 0x70, 0x65, 0x5f, 0x64, 0x65, 0x70, 0x74, 0x68, 0x00, 0x00, 0x00, 0x00,
  0x00, 0x00, 0x00, 0x00, 0x00, 0x01, 0x10, 0x00, 0x00, 0x00, 0x6d, 0x61, 0x72, 0x6b, 0x5f, 0x69,
  0x6e, 0x69, 0x74, 0x69, 0x61, 0x6c, 0x69, 0x7a, 0x65, 0x64, 0x01, 0x09, 0x00, 0x00, 0x00, 0x65,
  0x6d, 0x69, 0x74, 0x5f, 0x62, 0x79, 0x74, 0x65, 0x01, 0x02, 0x00, 0x00, 0x00, 0x4f, 0x50, 0x01,
  0x0d, 0x00, 0x00, 0x00, 0x44, 0x45, 0x46, 0x49, 0x4e, 0x45, 0x5f, 0x47, 0x4c, 0x4f, 0x42, 0x41,
  0x4c, 0x01, 0x0a, 0x00, 0x00, 0x00, 0x65, 0x6d, 0x69, 0x74, 0x5f, 0x73, 0x68, 0x6f, 0x72, 0x74,
  0x10, 0x00, 0x00, 0x00, 0x70, 0x61, 0x72, 0x73, 0x65, 0x5f, 0x70, 0x72, 0x65, 0x63, 0x65, 0x64,
  0x65, 0x6e, 0x63, 0x65, 0x01, 0x01, 0x00, 0x00, 0x00, 0x43, 0x01, 0x00, 0x00, 0x09, 0x00, 0x00,
  0x05, 0x0e, 0x00, 0x01, 0x00, 0x00, 0x02, 0x16, 0x0f, 0x00, 0x01, 0x04, 0x09, 0x00, 0x00, 0x0e,
  0x00, 0x01, 0x00, 0x00, 0x03, 0x14, 0x21, 0x00, 0x1e, 0x04, 0x09, 0x00, 0x04, 0x00, 0x00, 0x05,
  0x23, 0x01, 0x04, 0x09, 0x00, 0x00, 0x05, 0x0e, 0x00, 0x01, 0x00, 0x00, 0x06, 0x17, 0x0f, 0x00,
  0x01, 0x04, 0x01, 0x27, 0x20, 0x00, 0x01, 0x04, 0x09, 0x00, 0x07, 0x23, 0x00, 0x04, 0x09, 0x00,
  0x08, 0x09, 0x00, 0x00, 0x0e, 0x00, 0x09, 0x0e, 0x00, 0x0a, 0x23, 0x01, 0x00, 0x00, 0x0b, 0x10,
  0x07, 0x02, 0x01, 0x13, 0x21, 0x00, 0x1e, 0x04, 0x09, 0x00, 0x04, 0x00, 0x00, 0x0c, 0x23, 0x01,
  0x04, 0x09, 0x00, 0x00, 0x05, 0x0e, 0x00, 0x01, 0x00, 0x00, 0x0d, 0x17, 0x0f, 0x00, 0x01, 0x04,
  0x01, 0x27, 0x20, 0x00, 0x01, 0x04, 0x07, 0x01, 0x09, 0x00, 0x0e, 0x14, 0x1d, 0x07, 0x02, 0x07,
  0x03, 0x23, 0x01, 0x04, 0x07, 0x01, 0x09, 0x00, 0x08, 0x09, 0x00, 0x00, 0x0e, 0x00, 0x0f, 0x0e,
  0x00, 0x0a, 0x23, 0x01, 0x00, 0x00, 0x10, 0x10, 0x14, 0x1d, 0x21, 0x00, 0x21, 0x04, 0x09, 0x00,
  0x07, 0x23, 0x00, 0x04, 0x09, 0x00, 0x08, 0x09, 0x00, 0x00, 0x0e, 0x00, 0x09, 0x0e, 0x00, 0x0a,
  0x23, 0x01, 0x00, 0x00, 0x11, 0x10, 0x07, 0x03, 0x23, 0x01, 0x04, 0x22, 0x00, 0x3a, 0x04, 0x07,
  0x03, 0x21, 0x00, 0x54, 0x04, 0x09, 0x00, 0x12, 0x00, 0x00, 0x13, 0x23, 0x01, 0x21, 0x00, 0x03,
  0x20, 0x00, 0x09, 0x04, 0x09, 0x00, 0x12, 0x00, 0x00, 0x14, 0x23, 0x01, 0x21, 0x00, 0x03, 0x20,
  0x00, 0x09, 0x04, 0x09, 0x00, 0x12, 0x00, 0x00, 0x15, 0x23, 0x01, 0x21, 0x00, 0x03, 0x20, 0x00,
  0x09, 0x04, 0x09, 0x00, 0x12, 0x00, 0x00, 0x16, 0x23, 0x01, 0x21, 0x00, 0x03, 0x20, 0x00, 0x09,
  0x04, 0x09, 0x00, 0x12, 0x00, 0x00, 0x17, 0x23, 0x01, 0x21, 0x00, 0x03, 0x20, 0x00, 0x09, 0x04,
  0x09, 0x00, 0x12, 0x00, 0x00, 0x18, 0x23, 0x01, 0x21, 0x00, 0x13, 0x04, 0x09, 0x00, 0x07, 0x23,
  0x00, 0x04, 0x09, 0x00, 0x04, 0x00, 0x00, 0x19, 0x23, 0x01, 0x04, 0x20, 0x00, 0x01, 0x04, 0x09,
  0x00, 0x00, 0x05, 0x0e, 0x00, 0x01, 0x00, 0x00, 0x1a, 0x17, 0x0f, 0x00, 0x01, 0x04, 0x01, 0x27,
  0x19, 0x00, 0x00, 0x00, 0xb5, 0x01, 0x00, 0x00, 0x0f, 0x00, 0x00, 0x00, 0xb6, 0x01, 0x00, 0x00,
  0x0e, 0x00, 0x00, 0x00, 0xb7, 0x01, 0x00, 0x00, 0x09, 0x00, 0x00, 0x00, 0xb8, 0x01, 0x00, 0x00,
  0x0f, 0x00, 0x00, 0x00, 0xb9, 0x01, 0x00, 0x00, 0x02, 0x00, 0x00, 0x00, 0xba, 0x01, 0x00, 0x00,
  0x04, 0x00, 0x00, 0x00, 0xbb, 0x01, 0x00, 0x00, 0x06, 0x00, 0x00, 0x00, 0xbc, 0x01, 0x00, 0x00,
  0x12, 0x00, 0x00, 0x00, 0xbd, 0x01, 0x00, 0x00, 0x08, 0x00, 0x00, 0x00, 0xbe, 0x01, 0x00, 0x00,
  0x09, 0x00, 0x00, 0x00, 0xbf, 0x01, 0x00, 0x00, 0x0f, 0x00, 0x00, 0x00, 0xc0, 0x01, 0x00, 0x00,
  0x02, 0x00, 0x00, 0x00, 0xc1, 0x01, 0x00, 0x00, 0x04, 0x00, 0x00, 0x00, 0xc2, 0x01, 0x00, 0x00,
  0x07, 0x00, 0x00, 0x00, 0xc3, 0x01, 0x00, 0x00, 0x07, 0x00, 0x00, 0x00, 0xc4, 0x01, 0x00, 0x00,
  0x1a, 0x00, 0x00, 0x00, 0xc5, 0x01, 0x00, 0x00, 0x06, 0x00, 0x00, 0x00, 0xc6, 0x01, 0x00, 0x00,
  0x17, 0x00, 0x00, 0x00, 0xc7, 0x01, 0x00, 0x00, 0x04, 0x00, 0x00, 0x00, 0xc8, 0x01, 0x00, 0x00,
  0x5d, 0x00, 0x00, 0x00, 0xc9, 0x01, 0x00, 0x00, 0x06, 0x00, 0x00, 0x00, 0xca, 0x01, 0x00, 0x00,
  0x09, 0x00, 0x00, 0x00, 0xcb, 0x01, 0x00, 0x00, 0x04, 0x00, 0x00, 0x00, 0xcc, 0x01, 0x00, 0x00,
  0x0f, 0x00, 0x00, 0x00, 0xcd, 0x01, 0x00, 0x00, 0x02, 0x00, 0x00, 0x00, 0x1b, 0x00, 0x00, 0x00,
  0x01, 0x02, 0x00, 0x00, 0x00, 0x70, 0x73, 0x01, 0x07, 0x00, 0x00, 0x00, 0x6e, 0x65, 0x73, 0x74,
  0x69, 0x6e, 0x67, 0x00, 0x00, 0x00, 0x00, 0x00, 0x00, 0x00, 0xf0, 0x3f, 0x00, 0x00, 0x00, 0x00,
  0x00, 0x00, 0x00, 0x69, 0x40, 0x01, 0x05, 0x00, 0x00, 0x00, 0x65, 0x72, 0x72, 0x6f, 0x72, 0x01,
  0x1a, 0x00, 0x00, 0x00, 0x54, 0x68, 0x69, 0x73, 0x20, 0x69, 0x73, 0x20, 0x6e, 0x65, 0x73, 0x74,
  0x65, 0x64, 0x20, 0x74, 0x6f, 0x6f, 0x20, 0x64, 0x65, 0x65, 0x70, 0x6c, 0x79, 0x2e, 0x00, 0x00,
  0x00, 0x00, 0x00, 0x00, 0x00, 0xf0, 0x3f, 0x01, 0x07, 0x00, 0x00, 0x00, 0x61, 0x64, 0x76, 0x61,
  0x6e, 0x63, 0x65, 0x01, 0x08, 0x00, 0x00, 0x00, 0x67, 0x65, 0x74, 0x5f, 0x72, 0x75, 0x6c, 0x65,
  0x01, 0x08, 0x00, 0x00, 0x00, 0x70, 0x72, 0x65, 0x76, 0x69, 0x6f, 0x75, 0x73, 0x01, 0x04, 0x00,
  0x00, 0x00, 0x74, 0x79, 0x70, 0x65, 0x00, 0x00, 0x00, 0x00, 0x00, 0x00, 0x00, 0x00, 0x00, 0x01,
  0x17, 0x00, 0x00, 0x00, 0x45, 0x78, 0x70, 0x65, 0x63, 0x74, 0x65, 0x64, 0x20, 0x61, 0x6e, 0x20,
  0x65, 0x78, 0x70, 0x72, 0x65, 0x73, 0x73, 0x69, 0x6f, 0x6e, 0x2e, 0x00, 0x00, 0x00, 0x00, 0x00,
  0x00, 0x00, 0xf0, 0x3f, 0x01, 0x0f, 0x00, 0x00, 0x00, 0x50, 0x52, 0x45, 0x43, 0x5f, 0x41, 0x53,
  0x53, 0x49, 0x47, 0x4e, 0x4d, 0x45, 0x4e, 0x54, 0x01, 0x07, 0x00, 0x00, 0x00, 0x63, 0x75, 0x72,
  0x72, 0x65, 0x6e, 0x74, 0x00, 0x00, 0x00, 0x00, 0x00, 0x00, 0x00, 0x00, 0x40, 0x00, 0x00, 0x00,
  0x00, 0x00, 0x00, 0x00, 0xf0, 0x3f, 0x01, 0x05, 0x00, 0x00, 0x00, 0x63, 0x68, 0x65, 0x63, 0x6b,
  0x01, 0x01, 0x00, 0x00, 0x00, 0x3d, 0x01, 0x02, 0x00, 0x00, 0x00, 0x2b, 0x3d, 0x01, 0x02, 0x00,
  0x00, 0x00, 0x2d, 0x3d, 0x01, 0x02, 0x00, 0x00, 0x00, 0x2a, 0x3d, 0x01, 0x02, 0x00, 0x00, 0x00,
  0x2f, 0x3d, 0x01, 0x02, 0x00, 0x00, 0x00, 0x25, 0x3d, 0x01, 0x1a, 0x00, 0x00, 0x00, 0x49, 0x6e,
  0x76, 0x61, 0x6c, 0x69, 0x64, 0x20, 0x61, 0x73, 0x73, 0x69, 0x67, 0x6e, 0x6d, 0x65, 0x6e, 0x74,
  0x20, 0x74, 0x61, 0x72, 0x67, 0x65, 0x74, 0x2e, 0x00, 0x00, 0x00, 0x00, 0x00, 0x00, 0x00, 0xf0,
  0x3f, 0x0a, 0x00, 0x00, 0x00, 0x65, 0x78, 0x70, 0x72, 0x65, 0x73, 0x73, 0x69, 0x6f, 0x6e, 0x00,
  0x00, 0x00, 0x00, 0x00, 0x0b, 0x00, 0x00, 0x00, 0x09, 0x00, 0x00, 0x09, 0x00, 0x01, 0x23, 0x01,
  0x04, 0x01, 0x27, 0x01, 0x00, 0x00, 0x00, 0xcf, 0x01, 0x00, 0x00, 0x0b, 0x00, 0x00, 0x00, 0x02,
  0x00, 0x00, 0x00, 0x01, 0x10, 0x00, 0x00, 0x00, 0x70, 0x61, 0x72, 0x73, 0x65, 0x5f, 0x70, 0x72,
  0x65, 0x63, 0x65, 0x64, 0x65, 0x6e, 0x63, 0x65, 0x01, 0x0f, 0x00, 0x00, 0x00, 0x50, 0x52, 0x45,
  0x43, 0x5f, 0x41, 0x53, 0x53, 0x49, 0x47, 0x4e, 0x4d, 0x45, 0x4e, 0x54, 0x0e, 0x00, 0x00, 0x00,
  0x6d, 0x61, 0x74, 0x63, 0x68, 0x5f, 0x63, 0x6f, 0x6d, 0x70, 0x6f, 0x75, 0x6e, 0x64, 0x00, 0x00,
  0x00, 0x00, 0x00, 0x77, 0x00, 0x00, 0x00, 0x09, 0x00, 0x00, 0x00, 0x00, 0x01, 0x23, 0x01, 0x21,
  0x00, 0x0b, 0x04, 0x09, 0x00, 0x02, 0x0e, 0x00, 0x03, 0x27, 0x20, 0x00, 0x01, 0x04, 0x09, 0x00,
  0x00, 0x00, 0x00, 0x04, 0x23, 0x01, 0x21, 0x00, 0x0b, 0x04, 0x09, 0x00, 0x02, 0x0e, 0x00, 0x05,
  0x27, 0x20, 0x00, 0x01, 0x04, 0x09, 0x00, 0x00, 0x00, 0x00, 0x06, 0x23, 0x01, 0x21, 0x00, 0x0b,
  0x04, 0x09, 0x00, 0x02, 0x0e, 0x00, 0x07, 0x27, 0x20, 0x00, 0x01, 0x04, 0x09, 0x00, 0x00, 0x00,
  0x00, 0x08, 0x23, 0x01, 0x21, 0x00, 0x0b, 0x04, 0x09, 0x00, 0x02, 0x0e, 0x00, 0x09, 0x27, 0x20,
  0x00, 0x01, 0x04, 0x09, 0x00, 0x00, 0x00, 0x00, 0x0a, 0x23, 0x01, 0x21, 0x00, 0x0b, 0x04, 0x09,
  0x00, 0x02, 0x0e, 0x00, 0x0b, 0x27, 0x20, 0x00, 0x01, 0x04, 0x01, 0x27, 0x01, 0x27, 0x07, 0x00,
  0x00, 0x00, 0xd3, 0x01, 0x00, 0x00, 0x17, 0x00, 0x00, 0x00, 0xd4, 0x01, 0x00, 0x00, 0x17, 0x00,
  0x00, 0x00, 0xd5, 0x01, 0x00, 0x00, 0x17, 0x00, 0x00, 0x00, 0xd6, 0x01, 0x00, 0x00, 0x17, 0x00,
  0x00, 0x00, 0xd7, 0x01, 0x00, 0x00, 0x17, 0x00, 0x00, 0x00, 0xd8, 0x01, 0x00, 0x00, 0x02, 0x00,
  0x00, 0x00, 0xd9, 0x01, 0x00, 0x00, 0x02, 0x00, 0x00, 0x00, 0x0c, 0x00, 0x00, 0x00, 0x01, 0x05,
  0x00, 0x00, 0x00, 0x6d, 0x61, 0x74, 0x63, 0x68, 0x01, 0x02, 0x00, 0x00, 0x00, 0x2b, 0x3d, 0x01,
  0x02, 0x00, 0x00, 0x00, 0x4f, 0x50, 0x01, 0x03, 0x00, 0x00, 0x00, 0x41, 0x44, 0x44, 0x01, 0x02,
  0x00, 0x00, 0x00, 0x2d, 0x3d, 0x01, 0x03, 0x00, 0x00, 0x00, 0x53, 0x55, 0x42, 0x01, 0x02, 0x00,
  0x00, 0x00, 0x2a, 0x3d, 0x01, 0x03, 0x00, 0x00, 0x00, 0x4d, 0x55, 0x4c, 0x01, 0x02, 0x00, 0x00,
  0x00, 0x2f, 0x3d, 0x01, 0x03, 0x00, 0x00, 0x00, 0x44, 0x49, 0x56, 0x01, 0x02, 0x00, 0x00, 0x00,
  0x25, 0x3d, 0x01, 0x03, 0x00, 0x00, 0x00, 0x4d, 0x4f, 0x44, 0xff, 0xff, 0xff, 0xff, 0x01, 0x01,
  0x02, 0x00, 0x00, 0x28, 0x00, 0x00, 0x00, 0x09, 0x00, 0x00, 0x07, 0x01, 0x23, 0x01, 0x04, 0x0c,
  0x00, 0x21, 0x00, 0x0c, 0x04, 0x09, 0x00, 0x01, 0x0c, 0x01, 0x23, 0x01, 0x04, 0x20, 0x00, 0x0d,
  0x04, 0x09, 0x00, 0x00, 0x0c, 0x01, 0x00, 0x00, 0x02, 0x1a, 0x23, 0x01, 0x04, 0x01, 0x27, 0x03,
  0x00, 0x00, 0x00, 0xf0, 0x01, 0x00, 0x00, 0x08, 0x00, 0x00, 0x00, 0xf1, 0x01, 0x00, 0x00, 0x1e,
  0x00, 0x00, 0x00, 0xf2, 0x01, 0x00, 0x00, 0x02, 0x00, 0x00, 0x00, 0x03, 0x00, 0x00, 0x00, 0x01,
  0x09, 0x00, 0x00, 0x00, 0x65, 0x6d, 0x69, 0x74, 0x5f, 0x62, 0x79, 0x74, 0x65, 0x01, 0x0a, 0x00,
  0x00, 0x00, 0x65, 0x6d, 0x69, 0x74, 0x5f, 0x73, 0x68, 0x6f, 0x72, 0x74, 0x00, 0x00, 0x00, 0x00,
  0x00, 0x00, 0x00, 0x70, 0x40, 0x0e, 0x00, 0x00, 0x00, 0x6e, 0x61, 0x6d, 0x65, 0x64, 0x5f, 0x76,
  0x61, 0x72, 0x69, 0x61, 0x62, 0x6c, 0x65, 0x02, 0x02, 0x00, 0x00, 0x00, 0xef, 0x00, 0x00, 0x00,
  0x01, 0x01, 0x03, 0x09, 0x00, 0x00, 0x09, 0x00, 0x01, 0x07, 0x01, 0x23, 0x02, 0x07, 0x06, 0x00,
  0x00, 0x02, 0x1c, 0x13, 0x1d, 0x21, 0x00, 0x16, 0x04, 0x09, 0x00, 0x03, 0x0e, 0x00, 0x04, 0x08,
  0x03, 0x04, 0x09, 0x00, 0x03, 0x0e, 0x00, 0x05, 0x08, 0x04, 0x04, 0x20, 0x00, 0x50, 0x04, 0x09,
  0x00, 0x06, 0x09, 0x00, 0x01, 0x07, 0x01, 0x23, 0x02, 0x08, 0x06, 0x04, 0x07, 0x06, 0x00, 0x00,
  0x07, 0x1c, 0x13, 0x1d, 0x21, 0x00, 0x16, 0x04, 0x09, 0x00, 0x03, 0x0e, 0x00, 0x08, 0x08, 0x03,
  0x04, 0x09, 0x00, 0x03, 0x0e, 0x00, 0x09, 0x08, 0x04, 0x04, 0x20, 0x00, 0x21, 0x04, 0x09, 0x00,
  0x0a, 0x07, 0x01, 0x23, 0x01, 0x08, 0x06, 0x04, 0x09, 0x00, 0x03, 0x0e, 0x00, 0x0b, 0x08, 0x03,
  0x04, 0x09, 0x00, 0x03, 0x0e, 0x00, 0x0c, 0x08, 0x04, 0x04, 0x02, 0x08, 0x05, 0x04, 0x25, 0x00,
  0x0d, 0x01, 0x05, 0x01, 0x06, 0x07, 0x02, 0x21, 0x00, 0x09, 0x04, 0x09, 0x00, 0x0e, 0x00, 0x00,
  0x0f, 0x23, 0x01, 0x21, 0x00, 0x13, 0x04, 0x09, 0x00, 0x10, 0x23, 0x00, 0x04, 0x07, 0x07, 0x07,
  0x04, 0x23, 0x01, 0x04, 0x01, 0x27, 0x20, 0x00, 0x01, 0x04, 0x07, 0x02, 0x21, 0x00, 0x06, 0x04,
  0x09, 0x00, 0x11, 0x23, 0x00, 0x21, 0x00, 0x03, 0x20, 0x00, 0x02, 0x04, 0x01, 0x07, 0x08, 0x01,
  0x13, 0x1d, 0x21, 0x00, 0x20, 0x04, 0x07, 0x07, 0x07, 0x03, 0x23, 0x01, 0x04, 0x09, 0x00, 0x10,
  0x23, 0x00, 0x04, 0x09, 0x00, 0x12, 0x07, 0x08, 0x23, 0x01, 0x04, 0x07, 0x07, 0x07, 0x04, 0x23,
  0x01, 0x04, 0x20, 0x00, 0x08, 0x04, 0x07, 0x07, 0x07, 0x03, 0x23, 0x01, 0x04, 0x01, 0x27, 0x20,
  0x00, 0x00, 0x00, 0xdc, 0x01, 0x00, 0x00, 0x01, 0x00, 0x00, 0x00, 0xdd, 0x01, 0x00, 0x00, 0x01,
  0x00, 0x00, 0x00, 0xde, 0x01, 0x00, 0x00, 0x01, 0x00, 0x00, 0x00, 0xdf, 0x01, 0x00, 0x00, 0x0a,
  0x00, 0x00, 0x00, 0xe0, 0x01, 0x00, 0x00, 0x0c, 0x00, 0x00, 0x00, 0xe1, 0x01, 0x00, 0x00, 0x09,
  0x00, 0x00, 0x00, 0xe2, 0x01, 0x00, 0x00, 0x09, 0x00, 0x00, 0x00, 0xe3, 0x01, 0x00, 0x00, 0x04,
  0x00, 0x00, 0x00, 0xe4, 0x01, 0x00, 0x00, 0x0d, 0x00, 0x00, 0x00, 0xe5, 0x01, 0x00, 0x00, 0x0c,
  0x00, 0x00, 0x00, 0xe6, 0x01, 0x00, 0x00, 0x09, 0x00, 0x00, 0x00, 0xe7, 0x01, 0x00, 0x00, 0x09,
  0x00, 0x00, 0x00, 0xe8, 0x01, 0x00, 0x00, 0x04, 0x00, 0x00, 0x00, 0xe9, 0x01, 0x00, 0x00, 0x0a,
  0x00, 0x00, 0x00, 0xea, 0x01, 0x00, 0x00, 0x09, 0x00, 0x00, 0x00, 0xeb, 0x01, 0x00, 0x00, 0x09,
  0x00, 0x00, 0x00, 0xec, 0x01, 0x00, 0x00, 0x04, 0x00, 0x00, 0x00, 0xf2, 0x01, 0x00, 0x00, 0x07,
  0x00, 0x00, 0x00, 0xf3, 0x01, 0x00, 0x00, 0x12, 0x00, 0x00, 0x00, 0xf4, 0x01, 0x00, 0x00, 0x06,
  0x00, 0x00, 0x00, 0xf5, 0x01, 0x00, 0x00, 0x07, 0x00, 0x00, 0x00, 0xf6, 0x01, 0x00, 0x00, 0x02,
  0x00, 0x00, 0x00, 0xf7, 0x01, 0x00, 0x00, 0x04, 0x00, 0x00, 0x00, 0xf8, 0x01, 0x00, 0x00, 0x13,
  0x00, 0x00, 0x00, 0xf9, 0x01, 0x00, 0x00, 0x09, 0x00, 0x00, 0x00, 0xfa, 0x01, 0x00, 0x00, 0x07,
  0x00, 0x00, 0x00, 0xfb, 0x01, 0x00, 0x00, 0x06, 0x00, 0x00, 0x00, 0xfc, 0x01, 0x00, 0x00, 0x08,
  0x00, 0x00, 0x00, 0xfd, 0x01, 0x00, 0x00, 0x07, 0x00, 0x00, 0x00, 0xfe, 0x01, 0x00, 0x00, 0x04,
  0x00, 0x00, 0x00, 0xff, 0x01, 0x00, 0x00, 0x07, 0x00, 0x00, 0x00, 0x01, 0x02, 0x00, 0x00, 0x02,
  0x00, 0x00, 0x00, 0x13, 0x00, 0x00, 0x00, 0x01, 0x0d, 0x00, 0x00, 0x00, 0x72, 0x65, 0x73, 0x6f,
  0x6c, 0x76, 0x65, 0x5f, 0x6c, 0x6f, 0x63, 0x61, 0x6c, 0x01, 0x03, 0x00, 0x00, 0x00, 0x63, 0x75,
  0x72, 0x00, 0x00, 0x00, 0x00, 0x00, 0x00, 0x00, 0xf0, 0x3f, 0x01, 0x02, 0x00, 0x00, 0x00, 0x4f,
  0x50, 0x01, 0x09, 0x00, 0x00, 0x00, 0x47, 0x45, 0x54, 0x5f, 0x4c, 0x4f, 0x43, 0x41, 0x4c, 0x01,
  0x09, 0x00, 0x00, 0x00, 0x53, 0x45, 0x54, 0x5f, 0x4c, 0x4f, 0x43, 0x41, 0x4c, 0x01, 0x0f, 0x00,
  0x00, 0x00, 0x72, 0x65, 0x73, 0x6f, 0x6c, 0x76, 0x65, 0x5f, 0x75, 0x70, 0x76, 0x61, 0x6c, 0x75,
  0x65, 0x00, 0x00, 0x00, 0x00, 0x00, 0x00, 0x00, 0xf0, 0x3f, 0x01, 0x0b, 0x00, 0x00, 0x00, 0x47,
  0x45, 0x54, 0x5f, 0x55, 0x50, 0x56, 0x41, 0x4c, 0x55, 0x45, 0x01, 0x0b, 0x00, 0x00, 0x00, 0x53,
  0x45, 0x54, 0x5f, 0x55, 0x50, 0x56, 0x41, 0x4c, 0x55, 0x45, 0x01, 0x13, 0x00, 0x00, 0x00, 0x69,
  0x64, 0x65, 0x6e, 0x74, 0x69, 0x66, 0x69, 0x65, 0x72, 0x5f, 0x63, 0x6f, 0x6e, 0x73, 0x74, 0x61,
  0x6e, 0x74, 0x01, 0x0a, 0x00, 0x00, 0x00, 0x47, 0x45, 0x54, 0x5f, 0x47, 0x4c, 0x4f, 0x42, 0x41,
  0x4c, 0x01, 0x0a, 0x00, 0x00, 0x00, 0x53, 0x45, 0x54, 0x5f, 0x47, 0x4c, 0x4f, 0x42, 0x41, 0x4c,
  0x02, 0x29, 0x00, 0x00, 0x00, 0x01, 0x05, 0x00, 0x00, 0x00, 0x6d, 0x61, 0x74, 0x63, 0x68, 0x01,
  0x01, 0x00, 0x00, 0x00, 0x3d, 0x01, 0x0a, 0x00, 0x00, 0x00, 0x65, 0x78, 0x70, 0x72, 0x65, 0x73,
  0x73, 0x69, 0x6f, 0x6e, 0x01, 0x0e, 0x00, 0x00, 0x00, 0x6d, 0x61, 0x74, 0x63, 0x68, 0x5f, 0x63,
  0x6f, 0x6d, 0x70, 0x6f, 0x75, 0x6e, 0x64, 0x01, 0x09, 0x00, 0x00, 0x00, 0x65, 0x6d, 0x69, 0x74,
  0x5f, 0x62, 0x79, 0x74, 0x65, 0x08, 0x00, 0x00, 0x00, 0x76, 0x61, 0x72, 0x69, 0x61, 0x62, 0x6c,
  0x65, 0x01, 0x01, 0x00, 0x00, 0x00, 0x13, 0x00, 0x00, 0x00, 0x09, 0x00, 0x00, 0x09, 0x00, 0x01,
  0x0e, 0x00, 0x02, 0x0e, 0x00, 0x03, 0x07, 0x01, 0x23, 0x02, 0x04, 0x01, 0x27, 0x01, 0x00, 0x00,
  0x00, 0x03, 0x02, 0x00, 0x00, 0x13, 0x00, 0x00, 0x00, 0x04, 0x00, 0x00, 0x00, 0x01, 0x0e, 0x00,
  0x00, 0x00, 0x6e, 0x61, 0x6d, 0x65, 0x64, 0x5f, 0x76, 0x61, 0x72, 0x69, 0x61, 0x62, 0x6c, 0x65,
  0x01, 0x02, 0x00, 0x00, 0x00, 0x70, 0x73, 0x01, 0x08, 0x00, 0x00, 0x00, 0x70, 0x72, 0x65, 0x76,
  0x69, 0x6f, 0x75, 0x73, 0x01, 0x04, 0x00, 0x00, 0x00, 0x74, 0x65, 0x78, 0x74, 0x06, 0x00, 0x00,
  0x00, 0x6e, 0x75, 0x6d, 0x62, 0x65, 0x72, 0x01, 0x01, 0x00, 0x00, 0x00, 0x27, 0x00, 0x00, 0x00,
  0x09, 0x00, 0x00, 0x0e, 0x00, 0x01, 0x0e, 0x00, 0x02, 0x00, 0x00, 0x04, 0x00, 0x00, 0x05, 0x24,
  0x00, 0x03, 0x02, 0x09, 0x00, 0x06, 0x09, 0x00, 0x07, 0x07, 0x02, 0x01, 0x00, 0x00, 0x08, 0x12,
  0x23, 0x01, 0x23, 0x01, 0x04, 0x01, 0x27, 0x03, 0x00, 0x00, 0x00, 0x06, 0x02, 0x00, 0x00, 0x13,
  0x00, 0x00, 0x00, 0x07, 0x02, 0x00, 0x00, 0x12, 0x00, 0x00, 0x00, 0x08, 0x02, 0x00, 0x00, 0x02,
  0x00, 0x00, 0x00, 0x09, 0x00, 0x00, 0x00, 0x01, 0x02, 0x00, 0x00, 0x00, 0x70, 0x73, 0x01, 0x08,
  0x00, 0x00, 0x00, 0x70, 0x72, 0x65, 0x76, 0x69, 0x6f, 0x75, 0x73, 0x01, 0x04, 0x00, 0x00, 0x00,
  0x74, 0x65, 0x78, 0x74, 0x01, 0x07, 0x00, 0x00, 0x00, 0x72, 0x65, 0x70, 0x6c, 0x61, 0x63, 0x65,
  0x01, 0x01, 0x00, 0x00, 0x00, 0x5f, 0x01, 0x00, 0x00, 0x00, 0x00, 0x01, 0x0d, 0x00, 0x00, 0x00,
  0x65, 0x6d, 0x69, 0x74, 0x5f, 0x63, 0x6f, 0x6e, 0x73, 0x74, 0x61, 0x6e, 0x74, 0x01, 0x03, 0x00,
  0x00, 0x00, 0x6e, 0x75, 0x6d, 0x00, 0x00, 0x00, 0x00, 0x00, 0x00, 0x00, 0x4f, 0x40, 0x07, 0x00,
  0x00, 0x00, 0x6c, 0x69, 0x74, 0x65, 0x72, 0x61, 0x6c, 0x01, 0x01, 0x00, 0x00, 0x00, 0x59, 0x00,
  0x00, 0x00, 0x09, 0x00, 0x00, 0x0e, 0x00, 0x01, 0x0e, 0x00, 0x02, 0x07, 0x02, 0x00, 0x00, 0x03,
  0x13, 0x21, 0x00, 0x10, 0x04, 0x09, 0x00, 0x04, 0x09, 0x00, 0x05, 0x0e, 0x00, 0x06, 0x23, 0x01,
  0x04, 0x20, 0x00, 0x35, 0x04, 0x07, 0x02, 0x00, 0x00, 0x07, 0x13, 0x21, 0x00, 0x10, 0x04, 0x09,
  0x00, 0x04, 0x09, 0x00, 0x05, 0x0e, 0x00, 0x08, 0x23, 0x01, 0x04, 0x20, 0x00, 0x1b, 0x04, 0x07,
  0x02, 0x00, 0x00, 0x09, 0x13, 0x21, 0x00, 0x10, 0x04, 0x09, 0x00, 0x04, 0x09, 0x00, 0x05, 0x0e,
  0x00, 0x0a, 0x23, 0x01, 0x04, 0x20, 0x00, 0x01, 0x04, 0x01, 0x27, 0x05, 0x00, 0x00, 0x00, 0x0b,
  0x02, 0x00, 0x00, 0x09, 0x00, 0x00, 0x00, 0x0c, 0x02, 0x00, 0x00, 0x1a, 0x00, 0x00, 0x00, 0x0d,
  0x02, 0x00, 0x00, 0x1a, 0x00, 0x00, 0x00, 0x0e, 0x02, 0x00, 0x00, 0x1a, 0x00, 0x00, 0x00, 0x0f,
  0x02, 0x00, 0x00, 0x02, 0x00, 0x00, 0x00, 0x0b, 0x00, 0x00, 0x00, 0x01, 0x02, 0x00, 0x00, 0x00,
  0x70, 0x73, 0x01, 0x08, 0x00, 0x00, 0x00, 0x70, 0x72, 0x65, 0x76, 0x69, 0x6f, 0x75, 0x73, 0x01,
  0x04, 0x00, 0x00, 0x00, 0x74, 0x79, 0x70, 0x65, 0x01, 0x05, 0x00, 0x00, 0x00, 0x66, 0x61, 0x6c,
  0x73, 0x65, 0x01, 0x09, 0x00, 0x00, 0x00, 0x65, 0x6d, 0x69, 0x74, 0x5f, 0x62, 0x79, 0x74, 0x65,
  0x01, 0x02, 0x00, 0x00, 0x00, 0x4f, 0x50, 0x01, 0x05, 0x00, 0x00, 0x00, 0x46, 0x41, 0x4c, 0x53,
  0x45, 0x01, 0x03, 0x00, 0x00, 0x00, 0x6e, 0x69, 0x6c, 0x01, 0x03, 0x00, 0x00, 0x00, 0x4e, 0x49,
  0x4c, 0x01, 0x04, 0x00, 0x00, 0x00, 0x74, 0x72, 0x75, 0x65, 0x01, 0x04, 0x00, 0x00, 0x00, 0x54,
  0x52, 0x55, 0x45, 0x0d, 0x00, 0x00, 0x00, 0x66, 0x6c, 0x75, 0x73, 0x68, 0x5f, 0x6c, 0x69, 0x74,
  0x65, 0x72, 0x61, 0x6c, 0x02, 0x02, 0x00, 0x00, 0x00, 0x4f, 0x00, 0x00, 0x00, 0x07, 0x01, 0x24,
  0x00, 0x00, 0x00, 0x00, 0x00, 0x01, 0x14, 0x21, 0x00, 0x03, 0x20, 0x00, 0x03, 0x04, 0x07, 0x02,
  0x21, 0x00, 0x33, 0x04, 0x09, 0x00, 0x02, 0x07, 0x01, 0x00, 0x00, 0x04, 0x24, 0x00, 0x03, 0x01,
  0x23, 0x01, 0x04, 0x07, 0x02, 0x1d, 0x21, 0x00, 0x10, 0x04, 0x09, 0x00, 0x05, 0x09, 0x00, 0x06,
  0x0e, 0x00, 0x07, 0x23, 0x01, 0x04, 0x20, 0x00, 0x01, 0x04, 0x07, 0x01, 0x24, 0x00, 0x08, 0x00,
  0x04, 0x03, 0x27, 0x20, 0x00, 0x01, 0x04, 0x07, 0x02, 0x27, 0x01, 0x27, 0x08, 0x00, 0x00, 0x00,
  0x13, 0x02, 0x00, 0x00, 0x17, 0x00, 0x00, 0x00, 0x14, 0x02, 0x00, 0x00, 0x0f, 0x00, 0x00, 0x00,
  0x15, 0x02, 0x00, 0x00, 0x17, 0x00, 0x00, 0x00, 0x16, 0x02, 0x00, 0x00, 0x07, 0x00, 0x00, 0x00,
  0x17, 0x02, 0x00, 0x00, 0x02, 0x00, 0x00, 0x00, 0x18, 0x02, 0x00, 0x00, 0x04, 0x00, 0x00, 0x00,
  0x19, 0x02, 0x00, 0x00, 0x03, 0x00, 0x00, 0x00, 0x1a, 0x02, 0x00, 0x00, 0x02, 0x00, 0x00, 0x00,
  0x09, 0x00, 0x00, 0x00, 0x01, 0x03, 0x00, 0x00, 0x00, 0x6c, 0x65, 0x6e, 0x00, 0x00, 0x00, 0x00,
  0x00, 0x00, 0x00, 0x00, 0x00, 0x01, 0x0d, 0x00, 0x00, 0x00, 0x65, 0x6d, 0x69, 0x74, 0x5f, 0x63,
  0x6f, 0x6e, 0x73, 0x74, 0x61, 0x6e, 0x74, 0x01, 0x04, 0x00, 0x00, 0x00, 0x6a, 0x6f, 0x69, 0x6e,
  0x01, 0x00, 0x00, 0x00, 0x00, 0x01, 0x09, 0x00, 0x00, 0x00, 0x65, 0x6d, 0x69, 0x74, 0x5f, 0x62,
  0x79, 0x74, 0x65, 0x01, 0x02, 0x00, 0x00, 0x00, 0x4f, 0x50, 0x01, 0x03, 0x00, 0x00, 0x00, 0x41,
  0x44, 0x44, 0x01, 0x05, 0x00, 0x00, 0x00, 0x63, 0x6c, 0x65, 0x61, 0x72, 0x15, 0x00, 0x00, 0x00,
  0x63, 0x6f, 0x6d, 0x70, 0x69, 0x6c, 0x65, 0x5f, 0x69, 0x6e, 0x74, 0x65, 0x72, 0x70, 0x6f, 0x6c,
  0x61, 0x74, 0x69, 0x6f, 0x6e, 0x02, 0x02, 0x00, 0x00, 0x00, 0x3c, 0x01, 0x00, 0x00, 0x00, 0x00,
  0x00, 0x09, 0x00, 0x01, 0x0e, 0x00, 0x00, 0x00, 0x00, 0x02, 0x09, 0x00, 0x01, 0x0e, 0x00, 0x02,
  0x00, 0x00, 0x03, 0x09, 0x00, 0x01, 0x0e, 0x00, 0x03, 0x00, 0x00, 0x04, 0x09, 0x00, 0x01, 0x0e,
  0x00, 0x04, 0x00, 0x00, 0x05, 0x09, 0x00, 0x01, 0x0e, 0x00, 0x05, 0x00, 0x00, 0x06, 0x09, 0x00,
  0x01, 0x0e, 0x00, 0x06, 0x00, 0x00, 0x07, 0x09, 0x00, 0x01, 0x0e, 0x00, 0x07, 0x00, 0x00, 0x08,
  0x09, 0x00, 0x01, 0x0e, 0x00, 0x08, 0x29, 0x00, 0x08, 0x09, 0x00, 0x01, 0x09, 0x00, 0x09, 0x07,
  0x01, 0x07, 0x02, 0x23, 0x02, 0x0f, 0x00, 0x00, 0x04, 0x09, 0x00, 0x01, 0x00, 0x00, 0x0a, 0x0f,
  0x00, 0x02, 0x04, 0x09, 0x00, 0x01, 0x07, 0x01, 0x00, 0x00, 0x0c, 0x24, 0x00, 0x0b, 0x01, 0x0f,
  0x00, 0x06, 0x04, 0x09, 0x00, 0x01, 0x07, 0x02, 0x0f, 0x00, 0x07, 0x04, 0x09, 0x00, 0x01, 0x03,
  0x0f, 0x00, 0x05, 0x04, 0x09, 0x00, 0x0d, 0x23, 0x00, 0x04, 0x09, 0x00, 0x0e, 0x00, 0x00, 0x0f,
  0x23, 0x01, 0x21, 0x00, 0x03, 0x20, 0x00, 0x09, 0x04, 0x09, 0x00, 0x0e, 0x00, 0x00, 0x10, 0x23,
  0x01, 0x21, 0x00, 0x0d, 0x04, 0x09, 0x00, 0x11, 0x00, 0x00, 0x12, 0x23, 0x01, 0x04, 0x20, 0x00,
  0x27, 0x04, 0x09, 0x00, 0x13, 0x23, 0x00, 0x04, 0x09, 0x00, 0x14, 0x23, 0x00, 0x04, 0x09, 0x00,
  0x0e, 0x00, 0x00, 0x15, 0x23, 0x01, 0x1d, 0x21, 0x00, 0x0d, 0x04, 0x09, 0x00, 0x11, 0x00, 0x00,
  0x16, 0x23, 0x01, 0x04, 0x20, 0x00, 0x01, 0x04, 0x09, 0x00, 0x01, 0x07, 0x03, 0x0e, 0x00, 0x00,
  0x0f, 0x00, 0x00, 0x04, 0x09, 0x00, 0x01, 0x07, 0x03, 0x0e, 0x00, 0x02, 0x0f, 0x00, 0x02, 0x04,
  0x09, 0x00, 0x01, 0x07, 0x03, 0x0e, 0x00, 0x03, 0x0f, 0x00, 0x03, 0x04, 0x09, 0x00, 0x01, 0x07,
  0x03, 0x0e, 0x00, 0x04, 0x0f, 0x00, 0x04, 0x04, 0x09, 0x00, 0x01, 0x07, 0x03, 0x0e, 0x00, 0x05,
  0x0f, 0x00, 0x05, 0x04, 0x09, 0x00, 0x01, 0x07, 0x03, 0x0e, 0x00, 0x06, 0x0f, 0x00, 0x06, 0x04,
  0x09, 0x00, 0x01, 0x07, 0x03, 0x0e, 0x00, 0x07, 0x0f, 0x00, 0x07, 0x04, 0x09, 0x00, 0x01, 0x07,
  0x03, 0x0e, 0x00, 0x08, 0x0f, 0x00, 0x08, 0x04, 0x01, 0x27, 0x18, 0x00, 0x00, 0x00, 0x1f, 0x02,
  0x00, 0x00, 0x2d, 0x00, 0x00, 0x00, 0x20, 0x02, 0x00, 0x00, 0x1b, 0x00, 0x00, 0x00, 0x21, 0x02,
  0x00, 0x00, 0x03, 0x00, 0x00, 0x00, 0x22, 0x02, 0x00, 0x00, 0x10, 0x00, 0x00, 0x00, 0x23, 0x02,
  0x00, 0x00, 0x0a, 0x00, 0x00, 0x00, 0x24, 0x02, 0x00, 0x00, 0x10, 0x00, 0x00, 0x00, 0x25, 0x02,
  0x00, 0x00, 0x09, 0x00, 0x00, 0x00, 0x26, 0x02, 0x00, 0x00, 0x08, 0x00, 0x00, 0x00, 0x27, 0x02,
  0x00, 0x00, 0x06, 0x00, 0x00, 0x00, 0x28, 0x02, 0x00, 0x00, 0x1b, 0x00, 0x00, 0x00, 0x29, 0x02,
  0x00, 0x00, 0x09, 0x00, 0x00, 0x00, 0x2a, 0x02, 0x00, 0x00, 0x04, 0x00, 0x00, 0x00, 0x2b, 0x02,
  0x00, 0x00, 0x06, 0x00, 0x00, 0x00, 0x2c, 0x02, 0x00, 0x00, 0x06, 0x00, 0x00, 0x00, 0x2d, 0x02,
  0x00, 0x00, 0x1a, 0x00, 0x00, 0x00, 0x2f, 0x02, 0x00, 0x00, 0x0c, 0x00, 0x00, 0x00, 0x30, 0x02,
  0x00, 0x00, 0x0c, 0x00, 0x00, 0x00, 0x31, 0x02, 0x00, 0x00, 0x0c, 0x00, 0x00, 0x00, 0x32, 0x02,
  0x00, 0x00, 0x0c, 0x00, 0x00, 0x00, 0x33, 0x02, 0x00, 0x00, 0x0c, 0x00, 0x00, 0x00, 0x34, 0x02,
  0x00, 0x00, 0x0c, 0x00, 0x00, 0x00, 0x35, 0x02, 0x00, 0x00, 0x0c, 0x00, 0x00, 0x00, 0x36, 0x02,
  0x00, 0x00, 0x0c, 0x00, 0x00, 0x00, 0x37, 0x02, 0x00, 0x00, 0x02, 0x00, 0x00, 0x00, 0x17, 0x00,
  0x00, 0x00, 0x01, 0x04, 0x00, 0x00, 0x00, 0x74, 0x6f, 0x6b, 0x73, 0x01, 0x02, 0x00, 0x00, 0x00,
  0x70, 0x73, 0x01, 0x03, 0x00, 0x00, 0x00, 0x70, 0x6f, 0x73, 0x01, 0x08, 0x00, 0x00, 0x00, 0x70,
  0x72, 0x65, 0x76, 0x69, 0x6f, 0x75, 0x73, 0x01, 0x07, 0x00, 0x00, 0x00, 0x63, 0x75, 0x72, 0x72,
  0x65, 0x6e, 0x74, 0x01, 0x05, 0x00, 0x00, 0x00, 0x70, 0x61, 0x6e, 0x69, 0x63, 0x01, 0x09, 0x00,
  0x00, 0x00, 0x73, 0x72, 0x63, 0x5f, 0x6c, 0x69, 0x6e, 0x65, 0x73, 0x01, 0x0a, 0x00, 0x00, 0x00,
  0x66, 0x69, 0x72, 0x73, 0x74, 0x5f, 0x6c, 0x69, 0x6e, 0x65, 0x01, 0x09, 0x00, 0x00, 0x00, 0x65,
  0x6f, 0x66, 0x5f, 0x65, 0x72, 0x72, 0x6f, 0x72, 0x01, 0x06, 0x00, 0x00, 0x00, 0x6c, 0x61, 0x79,
  0x6f, 0x75, 0x74, 0x00, 0x00, 0x00, 0x00, 0x00, 0x00, 0x00, 0x00, 0x00, 0x01, 0x05, 0x00, 0x00,
  0x00, 0x73, 0x70, 0x6c, 0x69, 0x74, 0x01, 0x01, 0x00, 0x00, 0x00, 0x0a, 0x01, 0x07, 0x00, 0x00,
  0x00, 0x61, 0x64, 0x76, 0x61, 0x6e, 0x63, 0x65, 0x01, 0x05, 0x00, 0x00, 0x00, 0x63, 0x68, 0x65,
  0x63, 0x6b, 0x01, 0x03, 0x00, 0x00, 0x00, 0x45, 0x4f, 0x46, 0x01, 0x04, 0x00, 0x00, 0x00, 0x53,
  0x45, 0x4d, 0x49, 0x01, 0x10, 0x00, 0x00, 0x00, 0x65, 0x72, 0x72, 0x6f, 0x72, 0x5f, 0x61, 0x74,
  0x5f, 0x63, 0x75, 0x72, 0x72, 0x65, 0x6e, 0x74, 0x01, 0x31, 0x00, 0x00, 0x00, 0x45, 0x6d, 0x70,
  0x74, 0x79, 0x20, 0x7b, 0x7d, 0x20, 0x69, 0x6e, 0x20, 0x66, 0x2d, 0x73, 0x74, 0x72, 0x69, 0x6e,
  0x67, 0x2e, 0x20, 0x55, 0x73, 0x65, 0x20, 0x5c, 0x7b, 0x20, 0x66, 0x6f, 0x72, 0x20, 0x61, 0x20,
  0x6c, 0x69, 0x74, 0x65, 0x72, 0x61, 0x6c, 0x20, 0x62, 0x72, 0x61, 0x63, 0x65, 0x2e, 0x01, 0x0a,
  0x00, 0x00, 0x00, 0x65, 0x78, 0x70, 0x72, 0x65, 0x73, 0x73, 0x69, 0x6f, 0x6e, 0x01, 0x0a, 0x00,
  0x00, 0x00, 0x73, 0x6b, 0x69, 0x70, 0x5f, 0x73, 0x65, 0x6d, 0x69, 0x73, 0x01, 0x03, 0x00, 0x00,
  0x00, 0x45, 0x4f, 0x46, 0x01, 0x29, 0x00, 0x00, 0x00, 0x55, 0x6e, 0x65, 0x78, 0x70, 0x65, 0x63,
  0x74, 0x65, 0x64, 0x20, 0x74, 0x6f, 0x6b, 0x65, 0x6e, 0x20, 0x69, 0x6e, 0x20, 0x73, 0x74, 0x72,
  0x69, 0x6e, 0x67, 0x20, 0x69, 0x6e, 0x74, 0x65, 0x72, 0x70, 0x6f, 0x6c, 0x61, 0x74, 0x69, 0x6f,
  0x6e, 0x2e, 0x06, 0x00, 0x00, 0x00, 0x73, 0x74, 0x72, 0x69, 0x6e, 0x67, 0x01, 0x01, 0x00, 0x00,
  0x00, 0xd2, 0x02, 0x00, 0x00, 0x09, 0x00, 0x00, 0x0e, 0x00, 0x01, 0x0e, 0x00, 0x02, 0x00, 0x00,
  0x03, 0x13, 0x09, 0x00, 0x00, 0x0e, 0x00, 0x01, 0x0e, 0x00, 0x04, 0x07, 0x03, 0x07, 0x02, 0x21,
  0x00, 0x04, 0x04, 0x00, 0x00, 0x05, 0x21, 0x00, 0x03, 0x20, 0x00, 0x04, 0x04, 0x00, 0x00, 0x06,
  0x09, 0x00, 0x07, 0x07, 0x03, 0x23, 0x01, 0x00, 0x00, 0x08, 0x17, 0x12, 0x09, 0x00, 0x00, 0x0e,
  0x00, 0x01, 0x0e, 0x00, 0x09, 0x09, 0x00, 0x07, 0x07, 0x04, 0x23, 0x01, 0x28, 0x00, 0x00, 0x02,
  0x00, 0x00, 0x0a, 0x07, 0x09, 0x07, 0x06, 0x15, 0x21, 0x02, 0x6f, 0x04, 0x07, 0x04, 0x07, 0x09,
  0x10, 0x07, 0x0a, 0x00, 0x00, 0x0b, 0x13, 0x21, 0x00, 0x0a, 0x04, 0x07, 0x09, 0x00, 0x00, 0x0c,
  0x16, 0x07, 0x06, 0x15, 0x21, 0x00, 0xe9, 0x04, 0x07, 0x09, 0x00, 0x00, 0x0d, 0x16, 0x08, 0x09,
  0x04, 0x07, 0x04, 0x07, 0x09, 0x10, 0x07, 0x0b, 0x00, 0x00, 0x0e, 0x13, 0x21, 0x00, 0x0e, 0x04,
  0x07, 0x07, 0x00, 0x00, 0x10, 0x24, 0x00, 0x0f, 0x01, 0x04, 0x20, 0x00, 0xbf, 0x04, 0x07, 0x0b,
  0x00, 0x00, 0x11, 0x13, 0x21, 0x00, 0x0e, 0x04, 0x07, 0x07, 0x00, 0x00, 0x12, 0x24, 0x00, 0x0f,
  0x01, 0x04, 0x20, 0x00, 0xa7, 0x04, 0x07, 0x0b, 0x00, 0x00, 0x13, 0x13, 0x21, 0x00, 0x0e, 0x04,
  0x07, 0x07, 0x00, 0x00, 0x14, 0x24, 0x00, 0x0f, 0x01, 0x04, 0x20, 0x00, 0x8f, 0x04, 0x07, 0x0b,
  0x00, 0x00, 0x15, 0x13, 0x21, 0x00, 0x0e, 0x04, 0x07, 0x07, 0x00, 0x00, 0x16, 0x24, 0x00, 0x0f,
  0x01, 0x04, 0x20, 0x00, 0x77, 0x04, 0x07, 0x0b, 0x00, 0x00, 0x17, 0x13, 0x21, 0x00, 0x0e, 0x04,
  0x07, 0x07, 0x00, 0x00, 0x18, 0x24, 0x00, 0x0f, 0x01, 0x04, 0x20, 0x00, 0x5f, 0x04, 0x07, 0x0b,
  0x00, 0x00, 0x19, 0x13, 0x21, 0x00, 0x03, 0x20, 0x00, 0x07, 0x04, 0x07, 0x0b, 0x00, 0x00, 0x1a,
  0x13, 0x21, 0x00, 0x03, 0x20, 0x00, 0x07, 0x04, 0x07, 0x0b, 0x00, 0x00, 0x1b, 0x13, 0x21, 0x00,
  0x03, 0x20, 0x00, 0x07, 0x04, 0x07, 0x0b, 0x00, 0x00, 0x1c, 0x13, 0x21, 0x00, 0x03, 0x20, 0x00,
  0x07, 0x04, 0x07, 0x0b, 0x00, 0x00, 0x1d, 0x13, 0x21, 0x00, 0x0d, 0x04, 0x07, 0x07, 0x07, 0x0b,
  0x24, 0x00, 0x0f, 0x01, 0x04, 0x20, 0x00, 0x14, 0x04, 0x07, 0x07, 0x00, 0x00, 0x1e, 0x24, 0x00,
  0x0f, 0x01, 0x04, 0x07, 0x07, 0x07, 0x0b, 0x24, 0x00, 0x0f, 0x01, 0x04, 0x04, 0x20, 0x01, 0x5d,
  0x04, 0x07, 0x0a, 0x00, 0x00, 0x1f, 0x13, 0x21, 0x00, 0x03, 0x04, 0x07, 0x02, 0x21, 0x01, 0x43,
  0x04, 0x00, 0x00, 0x20, 0x07, 0x09, 0x00, 0x00, 0x21, 0x16, 0x07, 0x0c, 0x07, 0x06, 0x15, 0x21,
  0x00, 0x07, 0x04, 0x07, 0x0b, 0x00, 0x00, 0x22, 0x14, 0x21, 0x00, 0xcb, 0x04, 0x07, 0x04, 0x07,
  0x0c, 0x10, 0x00, 0x00, 0x23, 0x13, 0x21, 0x00, 0x10, 0x04, 0x07, 0x0c, 0x00, 0x00, 0x24, 0x16,
  0x08, 0x0c, 0x04, 0x22, 0x00, 0x2c, 0x20, 0x00, 0x01, 0x04, 0x07, 0x04, 0x07, 0x0c, 0x10, 0x00,
  0x00, 0x25, 0x13, 0x21, 0x00, 0x03, 0x20, 0x00, 0x0a, 0x04, 0x07, 0x04, 0x07, 0x0c, 0x10, 0x00,
  0x00, 0x26, 0x13, 0x21, 0x00, 0x50, 0x04, 0x07, 0x04, 0x07, 0x0c, 0x10, 0x07, 0x0c, 0x00, 0x00,
  0x27, 0x16, 0x08, 0x0c, 0x04, 0x07, 0x0c, 0x07, 0x06, 0x15, 0x21, 0x00, 0x0a, 0x04, 0x07, 0x04,
  0x07, 0x0c, 0x10, 0x07, 0x0d, 0x13, 0x1d, 0x21, 0x00, 0x27, 0x04, 0x07, 0x04, 0x07, 0x0c, 0x10,
  0x00, 0x00, 0x28, 0x13, 0x21, 0x00, 0x0d, 0x04, 0x07, 0x0c, 0x00, 0x00, 0x29, 0x16, 0x08, 0x0c,
  0x04, 0x20, 0x00, 0x01, 0x04, 0x07, 0x0c, 0x00, 0x00, 0x2a, 0x16, 0x08, 0x0c, 0x04, 0x22, 0x00,
  0x3c, 0x04, 0x04, 0x20, 0x00, 0x35, 0x04, 0x07, 0x04, 0x07, 0x0c, 0x10, 0x00, 0x00, 0x2b, 0x13,
  0x21, 0x00, 0x0d, 0x04, 0x07, 0x0b, 0x00, 0x00, 0x2c, 0x16, 0x08, 0x0b, 0x04, 0x20, 0x00, 0x1b,
  0x04, 0x07, 0x04, 0x07, 0x0c, 0x10, 0x00, 0x00, 0x2d, 0x13, 0x21, 0x00, 0x0d, 0x04, 0x07, 0x0b,
  0x00, 0x00, 0x2e, 0x17, 0x08, 0x0b, 0x04, 0x20, 0x00, 0x01, 0x04, 0x07, 0x0c, 0x00, 0x00, 0x2f,
  0x16, 0x08, 0x0c, 0x04, 0x22, 0x00, 0xdd, 0x04, 0x07, 0x0b, 0x00, 0x00, 0x30, 0x13, 0x1d, 0x21,
  0x00, 0x13, 0x04, 0x09, 0x00, 0x31, 0x00, 0x00, 0x32, 0x23, 0x01, 0x04, 0x04, 0x04, 0x04, 0x20,
  0x00, 0x59, 0x20, 0x00, 0x01, 0x04, 0x09, 0x00, 0x33, 0x07, 0x07, 0x07, 0x08, 0x23, 0x02, 0x08,
  0x08, 0x04, 0x09, 0x00, 0x34, 0x07, 0x04, 0x07, 0x09, 0x00, 0x00, 0x35, 0x16, 0x07, 0x0c, 0x00,
  0x00, 0x36, 0x17, 0x12, 0x07, 0x05, 0x23, 0x02, 0x04, 0x09, 0x00, 0x37, 0x09, 0x00, 0x38, 0x0e,
  0x00, 0x39, 0x23, 0x01, 0x04, 0x07, 0x0c, 0x00, 0x00, 0x3a, 0x17, 0x08, 0x09, 0x04, 0x04, 0x04,
  0x20, 0x00, 0x0a, 0x04, 0x07, 0x07, 0x07, 0x0a, 0x24, 0x00, 0x0f, 0x01, 0x04, 0x07, 0x09, 0x00,
  0x00, 0x3b, 0x16, 0x08, 0x09, 0x04, 0x04, 0x22, 0x02, 0x77, 0x04, 0x09, 0x00, 0x33, 0x07, 0x07,
  0x07, 0x08, 0x23, 0x02, 0x04, 0x01, 0x27, 0x36, 0x00, 0x00, 0x00, 0x3b, 0x02, 0x00, 0x00, 0x0d,
  0x00, 0x00, 0x00, 0x3c, 0x02, 0x00, 0x00, 0x09, 0x00, 0x00, 0x00, 0x3d, 0x02, 0x00, 0x00, 0x21,
  0x00, 0x00, 0x00, 0x3e, 0x02, 0x00, 0x00, 0x09, 0x00, 0x00, 0x00, 0x3f, 0x02, 0x00, 0x00, 0x07,
  0x00, 0x00, 0x00, 0x40, 0x02, 0x00, 0x00, 0x03, 0x00, 0x00, 0x00, 0x41, 0x02, 0x00, 0x00, 0x01,
  0x00, 0x00, 0x00, 0x42, 0x02, 0x00, 0x00, 0x03, 0x00, 0x00, 0x00, 0x43, 0x02, 0x00, 0x00, 0x09,
  0x00, 0x00, 0x00, 0x44, 0x02, 0x00, 0x00, 0x05, 0x00, 0x00, 0x00, 0x45, 0x02, 0x00, 0x00, 0x17,
  0x00, 0x00, 0x00, 0x46, 0x02, 0x00, 0x00, 0x09, 0x00, 0x00, 0x00, 0x47, 0x02, 0x00, 0x00, 0x05,
  0x00, 0x00, 0x00, 0x48, 0x02, 0x00, 0x00, 0x18, 0x00, 0x00, 0x00, 0x49, 0x02, 0x00, 0x00, 0x18,
  0x00, 0x00, 0x00, 0x4a, 0x02, 0x00, 0x00, 0x18, 0x00, 0x00, 0x00, 0x4b, 0x02, 0x00, 0x00, 0x18,
  0x00, 0x00, 0x00, 0x4c, 0x02, 0x00, 0x00, 0x18, 0x00, 0x00, 0x00, 0x4d, 0x02, 0x00, 0x00, 0x4b,
  0x00, 0x00, 0x00, 0x4f, 0x02, 0x00, 0x00, 0x0a, 0x00, 0x00, 0x00, 0x50, 0x02, 0x00, 0x00, 0x09,
  0x00, 0x00, 0x00, 0x52, 0x02, 0x00, 0x00, 0x15, 0x00, 0x00, 0x00, 0x53, 0x02, 0x00, 0x00, 0x03,
  0x00, 0x00, 0x00, 0x54, 0x02, 0x00, 0x00, 0x06, 0x00, 0x00, 0x00, 0x55, 0x02, 0x00, 0x00, 0x13,
  0x00, 0x00, 0x00, 0x56, 0x02, 0x00, 0x00, 0x0d, 0x00, 0x00, 0x00, 0x57, 0x02, 0x00, 0x00, 0x09,
  0x00, 0x00, 0x00, 0x58, 0x02, 0x00, 0x00, 0x03, 0x00, 0x00, 0x00, 0x59, 0x02, 0x00, 0x00, 0x04,
  0x00, 0x00, 0x00, 0x5a, 0x02, 0x00, 0x00, 0x1d, 0x00, 0x00, 0x00, 0x5b, 0x02, 0x00, 0x00, 0x05,
  0x00, 0x00, 0x00, 0x5c, 0x02, 0x00, 0x00, 0x09, 0x00, 0x00, 0x00, 0x5d, 0x02, 0x00, 0x00, 0x16,
  0x00, 0x00, 0x00, 0x5e, 0x02, 0x00, 0x00, 0x1a, 0x00, 0x00, 0x00, 0x5f, 0x02, 0x00, 0x00, 0x09,
  0x00, 0x00, 0x00, 0x60, 0x02, 0x00, 0x00, 0x04, 0x00, 0x00, 0x00, 0x61, 0x02, 0x00, 0x00, 0x1f,
  0x00, 0x00, 0x00, 0x62, 0x02, 0x00, 0x00, 0x1a, 0x00, 0x00, 0x00, 0x63, 0x02, 0x00, 0x00, 0x09,
  0x00, 0x00, 0x00, 0x64, 0x02, 0x00, 0x00, 0x04, 0x00, 0x00, 0x00, 0x65, 0x02, 0x00, 0x00, 0x0b,
  0x00, 0x00, 0x00, 0x66, 0x02, 0x00, 0x00, 0x09, 0x00, 0x00, 0x00, 0x67, 0x02, 0x00, 0x00, 0x06,
  0x00, 0x00, 0x00, 0x68, 0x02, 0x00, 0x00, 0x04, 0x00, 0x00, 0x00, 0x69, 0x02, 0x00, 0x00, 0x0c,
  0x00, 0x00, 0x00, 0x6a, 0x02, 0x00, 0x00, 0x17, 0x00, 0x00, 0x00, 0x6b, 0x02, 0x00, 0x00, 0x0c,
  0x00, 0x00, 0x00, 0x6c, 0x02, 0x00, 0x00, 0x09, 0x00, 0x00, 0x00, 0x6d, 0x02, 0x00, 0x00, 0x06,
  0x00, 0x00, 0x00, 0x6e, 0x02, 0x00, 0x00, 0x09, 0x00, 0x00, 0x00, 0x70, 0x02, 0x00, 0x00, 0x09,
  0x00, 0x00, 0x00, 0x71, 0x02, 0x00, 0x00, 0x05, 0x00, 0x00, 0x00, 0x72, 0x02, 0x00, 0x00, 0x0a,
  0x00, 0x00, 0x00, 0x73, 0x02, 0x00, 0x00, 0x02, 0x00, 0x00, 0x00, 0x3c, 0x00, 0x00, 0x00, 0x01,
  0x02, 0x00, 0x00, 0x00, 0x70, 0x73, 0x01, 0x08, 0x00, 0x00, 0x00, 0x70, 0x72, 0x65, 0x76, 0x69,
  0x6f, 0x75, 0x73, 0x01, 0x04, 0x00, 0x00, 0x00, 0x74, 0x79, 0x70, 0x65, 0x01, 0x07, 0x00, 0x00,
  0x00, 0x46, 0x53, 0x54, 0x52, 0x49, 0x4e, 0x47, 0x01, 0x04, 0x00, 0x00, 0x00, 0x74, 0x65, 0x78,
  0x74, 0x00, 0x00, 0x00, 0x00, 0x00, 0x00, 0x00, 0x00, 0x40, 0x00, 0x00, 0x00, 0x00, 0x00, 0x00,
  0x00, 0xf0, 0x3f, 0x01, 0x03, 0x00, 0x00, 0x00, 0x6c, 0x65, 0x6e, 0x00, 0x00, 0x00, 0x00, 0x00,
  0x00, 0x00, 0xf0, 0x3f, 0x01, 0x04, 0x00, 0x00, 0x00, 0x6c, 0x69, 0x6e, 0x65, 0x00, 0x00, 0x00,
  0x00, 0x00, 0x00, 0x00, 0x00, 0x00, 0x01, 0x01, 0x00, 0x00, 0x00, 0x5c, 0x00, 0x00, 0x00, 0x00,
  0x00, 0x00, 0x00, 0xf0, 0x3f, 0x00, 0x00, 0x00, 0x00, 0x00, 0x00, 0x00, 0xf0, 0x3f, 0x01, 0x01,
  0x00, 0x00, 0x00, 0x6e, 0x01, 0x04, 0x00, 0x00, 0x00, 0x70, 0x75, 0x73, 0x68, 0x01, 0x01, 0x00,
  0x00, 0x00, 0x0a, 0x01, 0x01, 0x00, 0x00, 0x00, 0x74, 0x01, 0x01, 0x00, 0x00, 0x00, 0x09, 0x01,
  0x01, 0x00, 0x00, 0x00, 0x72, 0x01, 0x01, 0x00, 0x00, 0x00, 0x0d, 0x01, 0x01, 0x00, 0x00, 0x00,
  0x30, 0x01, 0x01, 0x00, 0x00, 0x00, 0x00, 0x01, 0x01, 0x00, 0x00, 0x00, 0x65, 0x01, 0x01, 0x00,
  0x00, 0x00, 0x1b, 0x01, 0x01, 0x00, 0x00, 0x00, 0x5c, 0x01, 0x01, 0x00, 0x00, 0x00, 0x22, 0x01,
  0x01, 0x00, 0x00, 0x00, 0x27, 0x01, 0x01, 0x00, 0x00, 0x00, 0x7b, 0x01, 0x01, 0x00, 0x00, 0x00,
  0x7d, 0x01, 0x01, 0x00, 0x00, 0x00, 0x5c, 0x01, 0x01, 0x00, 0x00, 0x00, 0x7b, 0x00, 0x00, 0x00,
  0x00, 0x00, 0x00, 0x00, 0xf0, 0x3f, 0x00, 0x00, 0x00, 0x00, 0x00, 0x00, 0x00, 0xf0, 0x3f, 0x00,
  0x00, 0x00, 0x00, 0x00, 0x00, 0x00, 0x00, 0x00, 0x01, 0x01, 0x00, 0x00, 0x00, 0x5c, 0x00, 0x00,
  0x00, 0x00, 0x00, 0x00, 0x00, 0x00, 0x40, 0x01, 0x01, 0x00, 0x00, 0x00, 0x22, 0x01, 0x01, 0x00,
  0x00, 0x00, 0x27, 0x00, 0x00, 0x00, 0x00, 0x00, 0x00, 0x00, 0xf0, 0x3f, 0x01, 0x01, 0x00, 0x00,
  0x00, 0x5c, 0x00, 0x00, 0x00, 0x00, 0x00, 0x00, 0x00, 0xf0, 0x3f, 0x00, 0x00, 0x00, 0x00, 0x00,
  0x00, 0x00, 0xf0, 0x3f, 0x01, 0x01, 0x00, 0x00, 0x00, 0x7b, 0x00, 0x00, 0x00, 0x00, 0x00, 0x00,
  0x00, 0xf0, 0x3f, 0x01, 0x01, 0x00, 0x00, 0x00, 0x7d, 0x00, 0x00, 0x00, 0x00, 0x00, 0x00, 0x00,
  0xf0, 0x3f, 0x00, 0x00, 0x00, 0x00, 0x00, 0x00, 0x00, 0xf0, 0x3f, 0x00, 0x00, 0x00, 0x00, 0x00,
  0x00, 0x00, 0x00, 0x00, 0x01, 0x05, 0x00, 0x00, 0x00, 0x65, 0x72, 0x72, 0x6f, 0x72, 0x01, 0x33,
  0x00, 0x00, 0x00, 0x55, 0x6e, 0x63, 0x6c, 0x6f, 0x73, 0x65, 0x64, 0x20, 0x7b, 0x20, 0x69, 0x6e,
  0x20, 0x66, 0x2d, 0x73, 0x74, 0x72, 0x69, 0x6e, 0x67, 0x2e, 0x20, 0x55, 0x73, 0x65, 0x20, 0x5c,
  0x7b, 0x20, 0x66, 0x6f, 0x72, 0x20, 0x61, 0x20, 0x6c, 0x69, 0x74, 0x65, 0x72, 0x61, 0x6c, 0x20,
  0x62, 0x72, 0x61, 0x63, 0x65, 0x2e, 0x01, 0x0d, 0x00, 0x00, 0x00, 0x66, 0x6c, 0x75, 0x73, 0x68,
  0x5f, 0x6c, 0x69, 0x74, 0x65, 0x72, 0x61, 0x6c, 0x01, 0x15, 0x00, 0x00, 0x00, 0x63, 0x6f, 0x6d,
  0x70, 0x69, 0x6c, 0x65, 0x5f, 0x69, 0x6e, 0x74, 0x65, 0x72, 0x70, 0x6f, 0x6c, 0x61, 0x74, 0x69,
  0x6f, 0x6e, 0x00, 0x00, 0x00, 0x00, 0x00, 0x00, 0x00, 0xf0, 0x3f, 0x00, 0x00, 0x00, 0x00, 0x00,
  0x00, 0x00, 0xf0, 0x3f, 0x01, 0x09, 0x00, 0x00, 0x00, 0x65, 0x6d, 0x69, 0x74, 0x5f, 0x62, 0x79,
  0x74, 0x65, 0x01, 0x02, 0x00, 0x00, 0x00, 0x4f, 0x50, 0x01, 0x03, 0x00, 0x00, 0x00, 0x41, 0x44,
  0x44, 0x00, 0x00, 0x00, 0x00, 0x00, 0x00, 0x00, 0xf0, 0x3f, 0x00, 0x00, 0x00, 0x00, 0x00, 0x00,
  0x00, 0xf0, 0x3f, 0x08, 0x00, 0x00, 0x00, 0x67, 0x72, 0x6f, 0x75, 0x70, 0x69, 0x6e, 0x67, 0x01,
  0x01, 0x00, 0x00, 0x00, 0x14, 0x00, 0x00, 0x00, 0x09, 0x00, 0x00, 0x23, 0x00, 0x04, 0x09, 0x00,
  0x01, 0x00, 0x00, 0x02, 0x00, 0x00, 0x03, 0x23, 0x02, 0x04, 0x01, 0x27, 0x03, 0x00, 0x00, 0x00,
  0x76, 0x02, 0x00, 0x00, 0x06, 0x00, 0x00, 0x00, 0x77, 0x02, 0x00, 0x00, 0x0c, 0x00, 0x00, 0x00,
  0x78, 0x02, 0x00, 0x00, 0x02, 0x00, 0x00, 0x00, 0x04, 0x00, 0x00, 0x00, 0x01, 0x0a, 0x00, 0x00,
  0x00, 0x65, 0x78, 0x70, 0x72, 0x65, 0x73, 0x73, 0x69, 0x6f, 0x6e, 0x01, 0x07, 0x00, 0x00, 0x00,
  0x63, 0x6f, 0x6e, 0x73, 0x75, 0x6d, 0x65, 0x01, 0x01, 0x00, 0x00, 0x00, 0x29, 0x01, 0x1e, 0x00,
  0x00, 0x00, 0x45, 0x78, 0x70, 0x65, 0x63, 0x74, 0x65, 0x64, 0x20, 0x27, 0x29, 0x27, 0x20, 0x61,
  0x66, 0x74, 0x65, 0x72, 0x20, 0x65, 0x78, 0x70, 0x72, 0x65, 0x73, 0x73, 0x69, 0x6f, 0x6e, 0x2e,
  0x05, 0x00, 0x00, 0x00, 0x75, 0x6e, 0x61, 0x72, 0x79, 0x01, 0x01, 0x00, 0x00, 0x00, 0x41, 0x00,
  0x00, 0x00, 0x09, 0x00, 0x00, 0x0e, 0x00, 0x01, 0x0e, 0x00, 0x02, 0x00, 0x00, 0x03, 0x13, 0x21,
  0x00, 0x19, 0x04, 0x09, 0x00, 0x04, 0x09, 0x00, 0x05, 0x23, 0x01, 0x04, 0x09, 0x00, 0x06, 0x09,
  0x00, 0x07, 0x0e, 0x00, 0x08, 0x23, 0x01, 0x04, 0x20, 0x00, 0x16, 0x04, 0x09, 0x00, 0x04, 0x09,
  0x00, 0x09, 0x23, 0x01, 0x04, 0x09, 0x00, 0x06, 0x09, 0x00, 0x07, 0x0e, 0x00, 0x0a, 0x23, 0x01,
  0x04, 0x01, 0x27, 0x07, 0x00, 0x00, 0x00, 0x7b, 0x02, 0x00, 0x00, 0x11, 0x00, 0x00, 0x00, 0x7c,
  0x02, 0x00, 0x00, 0x09, 0x00, 0x00, 0x00, 0x7d, 0x02, 0x00, 0x00, 0x0c, 0x00, 0x00, 0x00, 0x7e,
  0x02, 0x00, 0x00, 0x04, 0x00, 0x00, 0x00, 0x7f, 0x02, 0x00, 0x00, 0x09, 0x00, 0x00, 0x00, 0x80,
  0x02, 0x00, 0x00, 0x0c, 0x00, 0x00, 0x00, 0x82, 0x02, 0x00, 0x00, 0x02, 0x00, 0x00, 0x00, 0x0b,
  0x00, 0x00, 0x00, 0x01, 0x02, 0x00, 0x00, 0x00, 0x70, 0x73, 0x01, 0x08, 0x00, 0x00, 0x00, 0x70,
  0x72, 0x65, 0x76, 0x69, 0x6f, 0x75, 0x73, 0x01, 0x04, 0x00, 0x00, 0x00, 0x74, 0x79, 0x70, 0x65,
  0x01, 0x03, 0x00, 0x00, 0x00, 0x6e, 0x6f, 0x74, 0x01, 0x10, 0x00, 0x00, 0x00, 0x70, 0x61, 0x72,
  0x73, 0x65, 0x5f, 0x70, 0x72, 0x65, 0x63, 0x65, 0x64, 0x65, 0x6e, 0x63, 0x65, 0x01, 0x0d, 0x00,
  0x00, 0x00, 0x50, 0x52, 0x45, 0x43, 0x5f, 0x45, 0x51, 0x55, 0x41, 0x4c, 0x49, 0x54, 0x59, 0x01,
  0x09, 0x00, 0x00, 0x00, 0x65, 0x6d, 0x69, 0x74, 0x5f, 0x62, 0x79, 0x74, 0x65, 0x01, 0x02, 0x00,
  0x00, 0x00, 0x4f, 0x50, 0x01, 0x03, 0x00, 0x00, 0x00, 0x4e, 0x4f, 0x54, 0x01, 0x0a, 0x00, 0x00,
  0x00, 0x50, 0x52, 0x45, 0x43, 0x5f, 0x55, 0x4e, 0x41, 0x52, 0x59, 0x01, 0x03, 0x00, 0x00, 0x00,
  0x4e, 0x45, 0x47, 0x06, 0x00, 0x00, 0x00, 0x62, 0x69, 0x6e, 0x61, 0x72, 0x79, 0x01, 0x01, 0x00,
  0x00, 0x00, 0x51, 0x00, 0x00, 0x00, 0x09, 0x00, 0x00, 0x0e, 0x00, 0x01, 0x0e, 0x00, 0x02, 0x09,
  0x00, 0x03, 0x07, 0x02, 0x23, 0x01, 0x09, 0x00, 0x04, 0x07, 0x02, 0x00, 0x00, 0x05, 0x13, 0x21,
  0x00, 0x04, 0x04, 0x09, 0x00, 0x06, 0x21, 0x00, 0x03, 0x20, 0x00, 0x0b, 0x04, 0x07, 0x03, 0x00,
  0x00, 0x07, 0x10, 0x00, 0x00, 0x08, 0x16, 0x23, 0x01, 0x04, 0x09, 0x00, 0x09, 0x07, 0x02, 0x10,
  0x00, 0x00, 0x0a, 0x2a, 0x04, 0x00, 0x0c, 0x09, 0x00, 0x0b, 0x07, 0x06, 0x23, 0x01, 0x04, 0x04,
  0x22, 0x00, 0x10, 0x04, 0x04, 0x01, 0x27, 0x05, 0x00, 0x00, 0x00, 0x8b, 0x02, 0x00, 0x00, 0x09,
  0x00, 0x00, 0x00, 0x8c, 0x02, 0x00, 0x00, 0x07, 0x00, 0x00, 0x00, 0x8d, 0x02, 0x00, 0x00, 0x24,
  0x00, 0x00, 0x00, 0x8e, 0x02, 0x00, 0x00, 0x1b, 0x00, 0x00, 0x00, 0x8f, 0x02, 0x00, 0x00, 0x02,
  0x00, 0x00, 0x00, 0x0c, 0x00, 0x00, 0x00, 0x01, 0x02, 0x00, 0x00, 0x00, 0x70, 0x73, 0x01, 0x08,
  0x00, 0x00, 0x00, 0x70, 0x72, 0x65, 0x76, 0x69, 0x6f, 0x75, 0x73, 0x01, 0x04, 0x00, 0x00, 0x00,
  0x74, 0x79, 0x70, 0x65, 0x01, 0x08, 0x00, 0x00, 0x00, 0x67, 0x65, 0x74, 0x5f, 0x72, 0x75, 0x6c,
  0x65, 0x01, 0x10, 0x00, 0x00, 0x00, 0x70, 0x61, 0x72, 0x73, 0x65, 0x5f, 0x70, 0x72, 0x65, 0x63,
  0x65, 0x64, 0x65, 0x6e, 0x63, 0x65, 0x01, 0x02, 0x00, 0x00, 0x00, 0x2a, 0x2a, 0x01, 0x0a, 0x00,
  0x00, 0x00, 0x50, 0x52, 0x45, 0x43, 0x5f, 0x50, 0x4f, 0x57, 0x45, 0x52, 0x00, 0x00, 0x00, 0x00,
  0x00, 0x00, 0x00, 0x00, 0x40, 0x00, 0x00, 0x00, 0x00, 0x00, 0x00, 0x00, 0xf0, 0x3f, 0x01, 0x0a,
  0x00, 0x00, 0x00, 0x42, 0x49, 0x4e, 0x41, 0x52, 0x59, 0x5f, 0x4f, 0x50, 0x53, 0x00, 0x00, 0x00,
  0x00, 0x00, 0x00, 0x00, 0x00, 0x00, 0x01, 0x09, 0x00, 0x00, 0x00, 0x65, 0x6d, 0x69, 0x74, 0x5f,
  0x62, 0x79, 0x74, 0x65, 0x04, 0x00, 0x00, 0x00, 0x61, 0x6e, 0x64, 0x5f, 0x01, 0x01, 0x00, 0x00,
  0x00, 0x2e, 0x00, 0x00, 0x00, 0x09, 0x00, 0x00, 0x09, 0x00, 0x01, 0x0e, 0x00, 0x02, 0x23, 0x01,
  0x09, 0x00, 0x03, 0x09, 0x00, 0x01, 0x0e, 0x00, 0x04, 0x23, 0x01, 0x04, 0x09, 0x00, 0x05, 0x09,
  0x00, 0x06, 0x00, 0x00, 0x07, 0x16, 0x23, 0x01, 0x04, 0x09, 0x00, 0x08, 0x07, 0x02, 0x23, 0x01,
  0x04, 0x01, 0x27, 0x05, 0x00, 0x00, 0x00, 0x92, 0x02, 0x00, 0x00, 0x0b, 0x00, 0x00, 0x00, 0x93,
  0x02, 0x00, 0x00, 0x0c, 0x00, 0x00, 0x00, 0x94, 0x02, 0x00, 0x00, 0x0d, 0x00, 0x00, 0x00, 0x95,
  0x02, 0x00, 0x00, 0x08, 0x00, 0x00, 0x00, 0x96, 0x02, 0x00, 0x00, 0x02, 0x00, 0x00, 0x00, 0x09,
  0x00, 0x00, 0x00, 0x01, 0x09, 0x00, 0x00, 0x00, 0x65, 0x6d, 0x69, 0x74, 0x5f, 0x6a, 0x75, 0x6d,
  0x70, 0x01, 0x02, 0x00, 0x00, 0x00, 0x4f, 0x50, 0x01, 0x0d, 0x00, 0x00, 0x00, 0x4a, 0x55, 0x4d,
  0x50, 0x5f, 0x49, 0x46, 0x5f, 0x46, 0x41, 0x4c, 0x53, 0x45, 0x01, 0x09, 0x00, 0x00, 0x00, 0x65,
  0x6d, 0x69, 0x74, 0x5f, 0x62, 0x79, 0x74, 0x65, 0x01, 0x03, 0x00, 0x00, 0x00, 0x50, 0x4f, 0x50,
  0x01, 0x10, 0x00, 0x00, 0x00, 0x70, 0x61, 0x72, 0x73, 0x65, 0x5f, 0x70, 0x72, 0x65, 0x63, 0x65,
  0x64, 0x65, 0x6e, 0x63, 0x65, 0x01, 0x08, 0x00, 0x00, 0x00, 0x50, 0x52, 0x45, 0x43, 0x5f, 0x41,
  0x4e, 0x44, 0x00, 0x00, 0x00, 0x00, 0x00, 0x00, 0x00, 0xf0, 0x3f, 0x01, 0x0a, 0x00, 0x00, 0x00,
  0x70, 0x61, 0x74, 0x63, 0x68, 0x5f, 0x6a, 0x75, 0x6d, 0x70, 0x03, 0x00, 0x00, 0x00, 0x6f, 0x72,
  0x5f, 0x01, 0x01, 0x00, 0x00, 0x00, 0x41, 0x00, 0x00, 0x00, 0x09, 0x00, 0x00, 0x09, 0x00, 0x01,
  0x0e, 0x00, 0x02, 0x23, 0x01, 0x09, 0x00, 0x00, 0x09, 0x00, 0x01, 0x0e, 0x00, 0x03, 0x23, 0x01,
  0x09, 0x00, 0x04, 0x07, 0x02, 0x23, 0x01, 0x04, 0x09, 0x00, 0x05, 0x09, 0x00, 0x01, 0x0e, 0x00,
  0x06, 0x23, 0x01, 0x04, 0x09, 0x00, 0x07, 0x09, 0x00, 0x08, 0x00, 0x00, 0x09, 0x16, 0x23, 0x01,
  0x04, 0x09, 0x00, 0x04, 0x07, 0x03, 0x23, 0x01, 0x04, 0x01, 0x27, 0x07, 0x00, 0x00, 0x00, 0x99,
  0x02, 0x00, 0x00, 0x0b, 0x00, 0x00, 0x00, 0x9a, 0x02, 0x00, 0x00, 0x0b, 0x00, 0x00, 0x00, 0x9b,
  0x02, 0x00, 0x00, 0x08, 0x00, 0x00, 0x00, 0x9c, 0x02, 0x00, 0x00, 0x0c, 0x00, 0x00, 0x00, 0x9d,
  0x02, 0x00, 0x00, 0x0d, 0x00, 0x00, 0x00, 0x9e, 0x02, 0x00, 0x00, 0x08, 0x00, 0x00, 0x00, 0x9f,
  0x02, 0x00, 0x00, 0x02, 0x00, 0x00, 0x00, 0x0a, 0x00, 0x00, 0x00, 0x01, 0x09, 0x00, 0x00, 0x00,
  0x65, 0x6d, 0x69, 0x74, 0x5f, 0x6a, 0x75, 0x6d, 0x70, 0x01, 0x02, 0x00, 0x00, 0x00, 0x4f, 0x50,
  0x01, 0x0d, 0x00, 0x00, 0x00, 0x4a, 0x55, 0x4d, 0x50, 0x5f, 0x49, 0x46, 0x5f, 0x46, 0x41, 0x4c,
  0x53, 0x45, 0x01, 0x04, 0x00, 0x00, 0x00, 0x4a, 0x55, 0x4d, 0x50, 0x01, 0x0a, 0x00, 0x00, 0x00,
  0x70, 0x61, 0x74, 0x63, 0x68, 0x5f, 0x6a, 0x75, 0x6d, 0x70, 0x01, 0x09, 0x00, 0x00, 0x00, 0x65,
  0x6d, 0x69, 0x74, 0x5f, 0x62, 0x79, 0x74, 0x65, 0x01, 0x03, 0x00, 0x00, 0x00, 0x50, 0x4f, 0x50,
  0x01, 0x10, 0x00, 0x00, 0x00, 0x70, 0x61, 0x72, 0x73, 0x65, 0x5f, 0x70, 0x72, 0x65, 0x63, 0x65,
  0x64, 0x65, 0x6e, 0x63, 0x65, 0x01, 0x07, 0x00, 0x00, 0x00, 0x50, 0x52, 0x45, 0x43, 0x5f, 0x4f,
  0x52, 0x00, 0x00, 0x00, 0x00, 0x00, 0x00, 0x00, 0xf0, 0x3f, 0x0d, 0x00, 0x00, 0x00, 0x61, 0x72,
  0x67, 0x75, 0x6d, 0x65, 0x6e, 0x74, 0x5f, 0x6c, 0x69, 0x73, 0x74, 0x00, 0x00, 0x00, 0x00, 0x00,
  0x79, 0x00, 0x00, 0x00, 0x00, 0x00, 0x00, 0x09, 0x00, 0x01, 0x00, 0x00, 0x02, 0x23, 0x01, 0x1d,
  0x21, 0x00, 0x54, 0x04, 0x02, 0x07, 0x02, 0x21, 0x00, 0x48, 0x04, 0x09, 0x00, 0x01, 0x00, 0x00,
  0x03, 0x23, 0x01, 0x21, 0x00, 0x07, 0x04, 0x20, 0x00, 0x39, 0x20, 0x00, 0x01, 0x04, 0x09, 0x00,
  0x04, 0x23, 0x00, 0x04, 0x07, 0x01, 0x00, 0x00, 0x05, 0x13, 0x21, 0x00, 0x0d, 0x04, 0x09, 0x00,
  0x06, 0x00, 0x00, 0x07, 0x23, 0x01, 0x04, 0x20, 0x00, 0x01, 0x04, 0x07, 0x01, 0x00, 0x00, 0x08,
  0x16, 0x08, 0x01, 0x04, 0x09, 0x00, 0x09, 0x00, 0x00, 0x0a, 0x23, 0x01, 0x08, 0x02, 0x04, 0x22,
  0x00, 0x4d, 0x04, 0x04, 0x20, 0x00, 0x01, 0x04, 0x09, 0x00, 0x0b, 0x00, 0x00, 0x0c, 0x00, 0x00,
  0x0d, 0x23, 0x02, 0x04, 0x07, 0x01, 0x00, 0x00, 0x0e, 0x1a, 0x27, 0x01, 0x27, 0x0e, 0x00, 0x00,
  0x00, 0xa2, 0x02, 0x00, 0x00, 0x03, 0x00, 0x00, 0x00, 0xa3, 0x02, 0x00, 0x00, 0x0d, 0x00, 0x00,
  0x00, 0xa4, 0x02, 0x00, 0x00, 0x01, 0x00, 0x00, 0x00, 0xa5, 0x02, 0x00, 0x00, 0x06, 0x00, 0x00,
  0x00, 0xa6, 0x02, 0x00, 0x00, 0x13, 0x00, 0x00, 0x00, 0xa7, 0x02, 0x00, 0x00, 0x06, 0x00, 0x00,
  0x00, 0xa8, 0x02, 0x00, 0x00, 0x17, 0x00, 0x00, 0x00, 0xa9, 0x02, 0x00, 0x00, 0x09, 0x00, 0x00,
  0x00, 0xaa, 0x02, 0x00, 0x00, 0x0b, 0x00, 0x00, 0x00, 0xab, 0x02, 0x00, 0x00, 0x04, 0x00, 0x00,
  0x00, 0xac, 0x02, 0x00, 0x00, 0x05, 0x00, 0x00, 0x00, 0xad, 0x02, 0x00, 0x00, 0x0c, 0x00, 0x00,
  0x00, 0xae, 0x02, 0x00, 0x00, 0x07, 0x00, 0x00, 0x00, 0xaf, 0x02, 0x00, 0x00, 0x02, 0x00, 0x00,
  0x00, 0x0f, 0x00, 0x00, 0x00, 0x00, 0x00, 0x00, 0x00, 0x00, 0x00, 0x00, 0x00, 0x00, 0x01, 0x05,
  0x00, 0x00, 0x00, 0x63, 0x68, 0x65, 0x63, 0x6b, 0x01, 0x01, 0x00, 0x00, 0x00, 0x29, 0x01, 0x01,
  0x00, 0x00, 0x00, 0x29, 0x01, 0x0a, 0x00, 0x00, 0x00, 0x65, 0x78, 0x70, 0x72, 0x65, 0x73, 0x73,
  0x69, 0x6f, 0x6e, 0x00, 0x00, 0x00, 0x00, 0x00, 0x00, 0xe0, 0x6f, 0x40, 0x01, 0x05, 0x00, 0x00,
  0x00, 0x65, 0x72, 0x72, 0x6f, 0x72, 0x01, 0x23, 0x00, 0x00, 0x00, 0x43, 0x61, 0x6e, 0x27, 0x74,
  0x20, 0x68, 0x61, 0x76, 0x65, 0x20, 0x6d, 0x6f, 0x72, 0x65, 0x20, 0x74, 0x68, 0x61, 0x6e, 0x20,
  0x32, 0x35, 0x35, 0x20, 0x61, 0x72, 0x67, 0x75, 0x6d, 0x65, 0x6e, 0x74, 0x73, 0x2e, 0x00, 0x00,
  0x00, 0x00, 0x00, 0x00, 0x00, 0xf0, 0x3f, 0x01, 0x05, 0x00, 0x00, 0x00, 0x6d, 0x61, 0x74, 0x63,
  0x68, 0x01, 0x01, 0x00, 0x00, 0x00, 0x2c, 0x01, 0x07, 0x00, 0x00, 0x00, 0x63, 0x6f, 0x6e, 0x73,
  0x75, 0x6d, 0x65, 0x01, 0x01, 0x00, 0x00, 0x00, 0x29, 0x01, 0x1d, 0x00, 0x00, 0x00, 0x45, 0x78,
  0x70, 0x65, 0x63, 0x74, 0x65, 0x64, 0x20, 0x27, 0x29, 0x27, 0x20, 0x61, 0x66, 0x74, 0x65, 0x72,
  0x20, 0x61, 0x72, 0x67, 0x75, 0x6d, 0x65, 0x6e, 0x74, 0x73, 0x2e, 0x00, 0x00, 0x00, 0x00, 0x00,
  0x00, 0x00, 0x70, 0x40, 0x04, 0x00, 0x00, 0x00, 0x63, 0x61, 0x6c, 0x6c, 0x01, 0x01, 0x00, 0x00,
  0x00, 0x15, 0x00, 0x00, 0x00, 0x09, 0x00, 0x00, 0x23, 0x00, 0x09, 0x00, 0x01, 0x09, 0x00, 0x02,
  0x0e, 0x00, 0x03, 0x07, 0x02, 0x23, 0x02, 0x04, 0x01, 0x27, 0x03, 0x00, 0x00, 0x00, 0xb2, 0x02,
  0x00, 0x00, 0x05, 0x00, 0x00, 0x00, 0xb3, 0x02, 0x00, 0x00, 0x0e, 0x00, 0x00, 0x00, 0xb4, 0x02,
  0x00, 0x00, 0x02, 0x00, 0x00, 0x00, 0x04, 0x00, 0x00, 0x00, 0x01, 0x0d, 0x00, 0x00, 0x00, 0x61,
  0x72, 0x67, 0x75, 0x6d, 0x65, 0x6e, 0x74, 0x5f, 0x6c, 0x69, 0x73, 0x74, 0x01, 0x0a, 0x00, 0x00,
  0x00, 0x65, 0x6d, 0x69, 0x74, 0x5f, 0x62, 0x79, 0x74, 0x65, 0x73, 0x01, 0x02, 0x00, 0x00, 0x00,
  0x4f, 0x50, 0x01, 0x04, 0x00, 0x00, 0x00, 0x43, 0x41, 0x4c, 0x4c, 0x03, 0x00, 0x00, 0x00, 0x64,
  0x6f, 0x74, 0x01, 0x01, 0x00, 0x00, 0x00, 0xf6, 0x00, 0x00, 0x00, 0x09, 0x00, 0x00, 0x00, 0x00,
  0x01, 0x00, 0x00, 0x02, 0x23, 0x02, 0x04, 0x09, 0x00, 0x03, 0x09, 0x00, 0x04, 0x0e, 0x00, 0x05,
  0x0e, 0x00, 0x06, 0x23, 0x01, 0x07, 0x01, 0x21, 0x00, 0x09, 0x04, 0x09, 0x00, 0x07, 0x00, 0x00,
  0x08, 0x23, 0x01, 0x21, 0x00, 0x20, 0x04, 0x09, 0x00, 0x09, 0x23, 0x00, 0x04, 0x09, 0x00, 0x0a,
  0x09, 0x00, 0x0b, 0x0e, 0x00, 0x0c, 0x23, 0x01, 0x04, 0x09, 0x00, 0x0d, 0x07, 0x02, 0x23, 0x01,
  0x04, 0x01, 0x27, 0x20, 0x00, 0x01, 0x04, 0x07, 0x01, 0x21, 0x00, 0x06, 0x04, 0x09, 0x00, 0x0e,
  0x23, 0x00, 0x21, 0x00, 0x03, 0x20, 0x00, 0x02, 0x04, 0x01, 0x07, 0x03, 0x01, 0x13, 0x1d, 0x21,
  0x00, 0x46, 0x04, 0x09, 0x00, 0x0a, 0x09, 0x00, 0x0b, 0x0e, 0x00, 0x0f, 0x23, 0x01, 0x04, 0x09,
  0x00, 0x0a, 0x09, 0x00, 0x0b, 0x0e, 0x00, 0x10, 0x23, 0x01, 0x04, 0x09, 0x00, 0x0d, 0x07, 0x02,
  0x23, 0x01, 0x04, 0x09, 0x00, 0x09, 0x23, 0x00, 0x04, 0x09, 0x00, 0x0a, 0x07, 0x03, 0x23, 0x01,
  0x04, 0x09, 0x00, 0x0a, 0x09, 0x00, 0x0b, 0x0e, 0x00, 0x0c, 0x23, 0x01, 0x04, 0x09, 0x00, 0x0d,
  0x07, 0x02, 0x23, 0x01, 0x04, 0x20, 0x00, 0x47, 0x04, 0x09, 0x00, 0x07, 0x00, 0x00, 0x11, 0x23,
  0x01, 0x21, 0x00, 0x26, 0x04, 0x09, 0x00, 0x12, 0x23, 0x00, 0x09, 0x00, 0x0a, 0x09, 0x00, 0x0b,
  0x0e, 0x00, 0x13, 0x23, 0x01, 0x04, 0x09, 0x00, 0x0d, 0x07, 0x02, 0x23, 0x01, 0x04, 0x09, 0x00,
  0x0a, 0x07, 0x04, 0x23, 0x01, 0x04, 0x04, 0x20, 0x00, 0x15, 0x04, 0x09, 0x00, 0x0a, 0x09, 0x00,
  0x0b, 0x0e, 0x00, 0x10, 0x23, 0x01, 0x04, 0x09, 0x00, 0x0d, 0x07, 0x02, 0x23, 0x01, 0x04, 0x01,
  0x27, 0x1a, 0x00, 0x00, 0x00, 0xb7, 0x02, 0x00, 0x00, 0x0c, 0x00, 0x00, 0x00, 0xb8, 0x02, 0x00,
  0x00, 0x0e, 0x00, 0x00, 0x00, 0xb9, 0x02, 0x00, 0x00, 0x12, 0x00, 0x00, 0x00, 0xba, 0x02, 0x00,
  0x00, 0x06, 0x00, 0x00, 0x00, 0xbb, 0x02, 0x00, 0x00, 0x0c, 0x00, 0x00, 0x00, 0xbc, 0x02, 0x00,
  0x00, 0x08, 0x00, 0x00, 0x00, 0xbd, 0x02, 0x00, 0x00, 0x02, 0x00, 0x00, 0x00, 0xbe, 0x02, 0x00,
  0x00, 0x04, 0x00, 0x00, 0x00, 0xbf, 0x02, 0x00, 0x00, 0x13, 0x00, 0x00, 0x00, 0xc0, 0x02, 0x00,
  0x00, 0x09, 0x00, 0x00, 0x00, 0xc1, 0x02, 0x00, 0x00, 0x0c, 0x00, 0x00, 0x00, 0xc2, 0x02, 0x00,
  0x00, 0x0c, 0x00, 0x00, 0x00, 0xc3, 0x02, 0x00, 0x00, 0x08, 0x00, 0x00, 0x00, 0xc4, 0x02, 0x00,
  0x00, 0x06, 0x00, 0x00, 0x00, 0xc5, 0x02, 0x00, 0x00, 0x08, 0x00, 0x00, 0x00, 0xc6, 0x02, 0x00,
  0x00, 0x0c, 0x00, 0x00, 0x00, 0xc7, 0x02, 0x00, 0x00, 0x08, 0x00, 0x00, 0x00, 0xc8, 0x02, 0x00,
  0x00, 0x10, 0x00, 0x00, 0x00, 0xc9, 0x02, 0x00, 0x00, 0x05, 0x00, 0x00, 0x00, 0xca, 0x02, 0x00,
  0x00, 0x0c, 0x00, 0x00, 0x00, 0xcb, 0x02, 0x00, 0x00, 0x08, 0x00, 0x00, 0x00, 0xcc, 0x02, 0x00,
  0x00, 0x08, 0x00, 0x00, 0x00, 0xcd, 0x02, 0x00, 0x00, 0x05, 0x00, 0x00, 0x00, 0xce, 0x02, 0x00,
  0x00, 0x0c, 0x00, 0x00, 0x00, 0xcf, 0x02, 0x00, 0x00, 0x08, 0x00, 0x00, 0x00, 0xd1, 0x02, 0x00,
  0x00, 0x02, 0x00, 0x00, 0x00, 0x14, 0x00, 0x00, 0x00, 0x01, 0x07, 0x00, 0x00, 0x00, 0x63, 0x6f,
  0x6e, 0x73, 0x75, 0x6d, 0x65, 0x01, 0x05, 0x00, 0x00, 0x00, 0x49, 0x44, 0x45, 0x4e, 0x54, 0x01,
  0x23, 0x00, 0x00, 0x00, 0x45, 0x78, 0x70, 0x65, 0x63, 0x74, 0x65, 0x64, 0x20, 0x61, 0x20, 0x70,
  0x72, 0x6f, 0x70, 0x65, 0x72, 0x74, 0x79, 0x20, 0x6e, 0x61, 0x6d, 0x65, 0x20, 0x61, 0x66, 0x74,
  0x65, 0x72, 0x20, 0x27, 0x2e, 0x27, 0x2e, 0x01, 0x13, 0x00, 0x00, 0x00, 0x69, 0x64, 0x65, 0x6e,
  0x74, 0x69, 0x66, 0x69, 0x65, 0x72, 0x5f, 0x63, 0x6f, 0x6e, 0x73, 0x74, 0x61, 0x6e, 0x74, 0x01,
  0x02, 0x00, 0x00, 0x00, 0x70, 0x73, 0x01, 0x08, 0x00, 0x00, 0x00, 0x70, 0x72, 0x65, 0x76, 0x69,
  0x6f, 0x75, 0x73, 0x01, 0x04, 0x00, 0x00, 0x00, 0x74, 0x65, 0x78, 0x74, 0x01, 0x05, 0x00, 0x00,
  0x00, 0x6d, 0x61, 0x74, 0x63, 0x68, 0x01, 0x01, 0x00, 0x00, 0x00, 0x3d, 0x01, 0x0a, 0x00, 0x00,
  0x00, 0x65, 0x78, 0x70, 0x72, 0x65, 0x73, 0x73, 0x69, 0x6f, 0x6e, 0x01, 0x09, 0x00, 0x00, 0x00,
  0x65, 0x6d, 0x69, 0x74, 0x5f, 0x62, 0x79, 0x74, 0x65, 0x01, 0x02, 0x00, 0x00, 0x00, 0x4f, 0x50,
  0x01, 0x0c, 0x00, 0x00, 0x00, 0x53, 0x45, 0x54, 0x5f, 0x50, 0x52, 0x4f, 0x50, 0x45, 0x52, 0x54,
  0x59, 0x01, 0x0a, 0x00, 0x00, 0x00, 0x65, 0x6d, 0x69, 0x74, 0x5f, 0x73, 0x68, 0x6f, 0x72, 0x74,
  0x01, 0x0e, 0x00, 0x00, 0x00, 0x6d, 0x61, 0x74, 0x63, 0x68, 0x5f, 0x63, 0x6f, 0x6d, 0x70, 0x6f,
  0x75, 0x6e, 0x64, 0x01, 0x03, 0x00, 0x00, 0x00, 0x44, 0x55, 0x50, 0x01, 0x0c, 0x00, 0x00, 0x00,
  0x47, 0x45, 0x54, 0x5f, 0x50, 0x52, 0x4f, 0x50, 0x45, 0x52, 0x54, 0x59, 0x01, 0x01, 0x00, 0x00,
  0x00, 0x28, 0x01, 0x0d, 0x00, 0x00, 0x00, 0x61, 0x72, 0x67, 0x75, 0x6d, 0x65, 0x6e, 0x74, 0x5f,
  0x6c, 0x69, 0x73, 0x74, 0x01, 0x06, 0x00, 0x00, 0x00, 0x49, 0x4e, 0x56, 0x4f, 0x4b, 0x45, 0x09,
  0x00, 0x00, 0x00, 0x73, 0x75, 0x62, 0x73, 0x63, 0x72, 0x69, 0x70, 0x74, 0x01, 0x01, 0x00, 0x00,
  0x00, 0x07, 0x01, 0x00, 0x00, 0x03, 0x09, 0x00, 0x00, 0x00, 0x00, 0x01, 0x23, 0x01, 0x21, 0x00,
  0x10, 0x04, 0x09, 0x00, 0x02, 0x09, 0x00, 0x03, 0x0e, 0x00, 0x04, 0x23, 0x01, 0x04, 0x20, 0x00,
  0x07, 0x04, 0x09, 0x00, 0x05, 0x23, 0x00, 0x04, 0x09, 0x00, 0x06, 0x00, 0x00, 0x07, 0x23, 0x01,
  0x21, 0x00, 0x2a, 0x04, 0x02, 0x08, 0x02, 0x04, 0x09, 0x00, 0x00, 0x00, 0x00, 0x08, 0x23, 0x01,
  0x21, 0x00, 0x10, 0x04, 0x09, 0x00, 0x02, 0x09, 0x00, 0x03, 0x0e, 0x00, 0x04, 0x23, 0x01, 0x04,
  0x20, 0x00, 0x07, 0x04, 0x09, 0x00, 0x05, 0x23, 0x00, 0x04, 0x20, 0x00, 0x01, 0x04, 0x09, 0x00,
  0x09, 0x00, 0x00, 0x0a, 0x00, 0x00, 0x0b, 0x23, 0x02, 0x04, 0x07, 0x02, 0x21, 0x00, 0x12, 0x04,
  0x09, 0x00, 0x02, 0x09, 0x00, 0x03, 0x0e, 0x00, 0x0c, 0x23, 0x01, 0x04, 0x01, 0x27, 0x20, 0x00,
  0x01, 0x04, 0x07, 0x01, 0x21, 0x00, 0x09, 0x04, 0x09, 0x00, 0x06, 0x00, 0x00, 0x0d, 0x23, 0x01,
  0x21, 0x00, 0x18, 0x04, 0x09, 0x00, 0x05, 0x23, 0x00, 0x04, 0x09, 0x00, 0x02, 0x09, 0x00, 0x03,
  0x0e, 0x00, 0x0e, 0x23, 0x01, 0x04, 0x01, 0x27, 0x20, 0x00, 0x01, 0x04, 0x07, 0x01, 0x21, 0x00,
  0x06, 0x04, 0x09, 0x00, 0x0f, 0x23, 0x00, 0x21, 0x00, 0x03, 0x20, 0x00, 0x02, 0x04, 0x01, 0x07,
  0x03, 0x01, 0x13, 0x1d, 0x21, 0x00, 0x36, 0x04, 0x09, 0x00, 0x02, 0x09, 0x00, 0x03, 0x0e, 0x00,
  0x10, 0x23, 0x01, 0x04, 0x09, 0x00, 0x02, 0x09, 0x00, 0x03, 0x0e, 0x00, 0x11, 0x23, 0x01, 0x04,
  0x09, 0x00, 0x05, 0x23, 0x00, 0x04, 0x09, 0x00, 0x02, 0x07, 0x03, 0x23, 0x01, 0x04, 0x09, 0x00,
  0x02, 0x09, 0x00, 0x03, 0x0e, 0x00, 0x0e, 0x23, 0x01, 0x04, 0x20, 0x00, 0x0d, 0x04, 0x09, 0x00,
  0x02, 0x09, 0x00, 0x03, 0x0e, 0x00, 0x11, 0x23, 0x01, 0x04, 0x01, 0x27, 0x1a, 0x00, 0x00, 0x00,
  0xd4, 0x02, 0x00, 0x00, 0x01, 0x00, 0x00, 0x00, 0xd5, 0x02, 0x00, 0x00, 0x22, 0x00, 0x00, 0x00,
  0xd6, 0x02, 0x00, 0x00, 0x0c, 0x00, 0x00, 0x00, 0xd7, 0x02, 0x00, 0x00, 0x04, 0x00, 0x00, 0x00,
  0xd8, 0x02, 0x00, 0x00, 0x22, 0x00, 0x00, 0x00, 0xd9, 0x02, 0x00, 0x00, 0x04, 0x00, 0x00, 0x00,
  0xda, 0x02, 0x00, 0x00, 0x0c, 0x00, 0x00, 0x00, 0xdb, 0x02, 0x00, 0x00, 0x06, 0x00, 0x00, 0x00,
  0xdc, 0x02, 0x00, 0x00, 0x0c, 0x00, 0x00, 0x00, 0xdd, 0x02, 0x00, 0x00, 0x02, 0x00, 0x00, 0x00,
  0xde, 0x02, 0x00, 0x00, 0x04, 0x00, 0x00, 0x00, 0xdf, 0x02, 0x00, 0x00, 0x12, 0x00, 0x00, 0x00,
  0xe0, 0x02, 0x00, 0x00, 0x06, 0x00, 0x00, 0x00, 0xe1, 0x02, 0x00, 0x00, 0x0c, 0x00, 0x00, 0x00,
  0xe2, 0x02, 0x00, 0x00, 0x02, 0x00, 0x00, 0x00, 0xe3, 0x02, 0x00, 0x00, 0x04, 0x00, 0x00, 0x00,
  0xe4, 0x02, 0x00, 0x00, 0x13, 0x00, 0x00, 0x00, 0xe5, 0x02, 0x00, 0x00, 0x09, 0x00, 0x00, 0x00,
  0xe6, 0x02, 0x00, 0x00, 0x0c, 0x00, 0x00, 0x00, 0xe7, 0x02, 0x00, 0x00, 0x0c, 0x00, 0x00, 0x00,
  0xe8, 0x02, 0x00, 0x00, 0x06, 0x00, 0x00, 0x00, 0xe9, 0x02, 0x00, 0x00, 0x08, 0x00, 0x00, 0x00,
  0xea, 0x02, 0x00, 0x00, 0x0c, 0x00, 0x00, 0x00, 0xeb, 0x02, 0x00, 0x00, 0x04, 0x00, 0x00, 0x00,
  0xec, 0x02, 0x00, 0x00, 0x0c, 0x00, 0x00, 0x00, 0xee, 0x02, 0x00, 0x00, 0x02, 0x00, 0x00, 0x00,
  0x12, 0x00, 0x00, 0x00, 0x01, 0x05, 0x00, 0x00, 0x00, 0x63, 0x68, 0x65, 0x63, 0x6b, 0x01, 0x01,
  0x00, 0x00, 0x00, 0x3a, 0x01, 0x09, 0x00, 0x00, 0x00, 0x65, 0x6d, 0x69, 0x74, 0x5f, 0x62, 0x79,
  0x74, 0x65, 0x01, 0x02, 0x00, 0x00, 0x00, 0x4f, 0x50, 0x01, 0x03, 0x00, 0x00, 0x00, 0x4e, 0x49,
  0x4c, 0x01, 0x0a, 0x00, 0x00, 0x00, 0x65, 0x78, 0x70, 0x72, 0x65, 0x73, 0x73, 0x69, 0x6f, 0x6e,
  0x01, 0x05, 0x00, 0x00, 0x00, 0x6d, 0x61, 0x74, 0x63, 0x68, 0x01, 0x01, 0x00, 0x00, 0x00, 0x3a,
  0x01, 0x01, 0x00, 0x00, 0x00, 0x5d, 0x01, 0x07, 0x00, 0x00, 0x00, 0x63, 0x6f, 0x6e, 0x73, 0x75,
  0x6d, 0x65, 0x01, 0x01, 0x00, 0x00, 0x00, 0x5d, 0x01, 0x19, 0x00, 0x00, 0x00, 0x45, 0x78, 0x70,
  0x65, 0x63, 0x74, 0x65, 0x64, 0x20, 0x27, 0x5d, 0x27, 0x20, 0x61, 0x66, 0x74, 0x65, 0x72, 0x20,
  0x69, 0x6e, 0x64, 0x65, 0x78, 0x2e, 0x01, 0x05, 0x00, 0x00, 0x00, 0x53, 0x4c, 0x49, 0x43, 0x45,
  0x01, 0x01, 0x00, 0x00, 0x00, 0x3d, 0x01, 0x09, 0x00, 0x00, 0x00, 0x53, 0x45, 0x54, 0x5f, 0x49,
  0x4e, 0x44, 0x45, 0x58, 0x01, 0x0e, 0x00, 0x00, 0x00, 0x6d, 0x61, 0x74, 0x63, 0x68, 0x5f, 0x63,
  0x6f, 0x6d, 0x70, 0x6f, 0x75, 0x6e, 0x64, 0x01, 0x04, 0x00, 0x00, 0x00, 0x44, 0x55, 0x50, 0x32,
  0x01, 0x09, 0x00, 0x00, 0x00, 0x47, 0x45, 0x54, 0x5f, 0x49, 0x4e, 0x44, 0x45, 0x58, 0x0c, 0x00,
  0x00, 0x00, 0x6c, 0x69, 0x73, 0x74, 0x5f, 0x6c, 0x69, 0x74, 0x65, 0x72, 0x61, 0x6c, 0x01, 0x01,
  0x00, 0x00, 0x00, 0x86, 0x00, 0x00, 0x00, 0x00, 0x00, 0x00, 0x09, 0x00, 0x01, 0x00, 0x00, 0x02,
  0x23, 0x01, 0x1d, 0x21, 0x00, 0x54, 0x04, 0x02, 0x07, 0x03, 0x21, 0x00, 0x48, 0x04, 0x09, 0x00,
  0x01, 0x00, 0x00, 0x03, 0x23, 0x01, 0x21, 0x00, 0x07, 0x04, 0x20, 0x00, 0x39, 0x20, 0x00, 0x01,
  0x04, 0x09, 0x00, 0x04, 0x23, 0x00, 0x04, 0x07, 0x02, 0x00, 0x00, 0x05, 0x13, 0x21, 0x00, 0x0d,
  0x04, 0x09, 0x00, 0x06, 0x00, 0x00, 0x07, 0x23, 0x01, 0x04, 0x20, 0x00, 0x01, 0x04, 0x07, 0x02,
  0x00, 0x00, 0x08, 0x16, 0x08, 0x02, 0x04, 0x09, 0x00, 0x09, 0x00, 0x00, 0x0a, 0x23, 0x01, 0x08,
  0x03, 0x04, 0x22, 0x00, 0x4d, 0x04, 0x04, 0x20, 0x00, 0x01, 0x04, 0x09, 0x00, 0x0b, 0x00, 0x00,
  0x0c, 0x00, 0x00, 0x0d, 0x23, 0x02, 0x04, 0x09, 0x00, 0x0e, 0x09, 0x00, 0x0f, 0x0e, 0x00, 0x10,
  0x23, 0x01, 0x04, 0x09, 0x00, 0x11, 0x07, 0x02, 0x23, 0x01, 0x04, 0x01, 0x27, 0x0f, 0x00, 0x00,
  0x00, 0xf1, 0x02, 0x00, 0x00, 0x03, 0x00, 0x00, 0x00, 0xf2, 0x02, 0x00, 0x00, 0x0d, 0x00, 0x00,
  0x00, 0xf3, 0x02, 0x00, 0x00, 0x01, 0x00, 0x00, 0x00, 0xf4, 0x02, 0x00, 0x00, 0x06, 0x00, 0x00,
  0x00, 0xf5, 0x02, 0x00, 0x00, 0x13, 0x00, 0x00, 0x00, 0xf6, 0x02, 0x00, 0x00, 0x06, 0x00, 0x00,
  0x00, 0xf7, 0x02, 0x00, 0x00, 0x17, 0x00, 0x00, 0x00, 0xf8, 0x02, 0x00, 0x00, 0x09, 0x00, 0x00,
  0x00, 0xf9, 0x02, 0x00, 0x00, 0x0b, 0x00, 0x00, 0x00, 0xfa, 0x02, 0x00, 0x00, 0x04, 0x00, 0x00,
  0x00, 0xfb, 0x02, 0x00, 0x00, 0x05, 0x00, 0x00, 0x00, 0xfc, 0x02, 0x00, 0x00, 0x0c, 0x00, 0x00,
  0x00, 0xfd, 0x02, 0x00, 0x00, 0x0c, 0x00, 0x00, 0x00, 0xfe, 0x02, 0x00, 0x00, 0x08, 0x00, 0x00,
  0x00, 0xff, 0x02, 0x00, 0x00, 0x02, 0x00, 0x00, 0x00, 0x12, 0x00, 0x00, 0x00, 0x00, 0x00, 0x00,
  0x00, 0x00, 0x00, 0x00, 0x00, 0x00, 0x01, 0x05, 0x00, 0x00, 0x00, 0x63, 0x68, 0x65, 0x63, 0x6b,
  0x01, 0x01, 0x00, 0x00, 0x00, 0x5d, 0x01, 0x01, 0x00, 0x00, 0x00, 0x5d, 0x01, 0x0a, 0x00, 0x00,
  0x00, 0x65, 0x78, 0x70, 0x72, 0x65, 0x73, 0x73, 0x69, 0x6f, 0x6e, 0x00, 0x00, 0x00, 0x00, 0x00,
  0xe0, 0xff, 0xef, 0x40, 0x01, 0x05, 0x00, 0x00, 0x00, 0x65, 0x72, 0x72, 0x6f, 0x72, 0x01, 0x21,
  0x00, 0x00, 0x00, 0x54, 0x6f, 0x6f, 0x20, 0x6d, 0x61, 0x6e, 0x79, 0x20, 0x69, 0x74, 0x65, 0x6d,
  0x73, 0x20, 0x69, 0x6e, 0x20, 0x61, 0x20, 0x6c, 0x69, 0x73, 0x74, 0x20, 0x6c, 0x69, 0x74, 0x65,
  0x72, 0x61, 0x6c, 0x2e, 0x00, 0x00, 0x00, 0x00, 0x00, 0x00, 0x00, 0xf0, 0x3f, 0x01, 0x05, 0x00,
  0x00, 0x00, 0x6d, 0x61, 0x74, 0x63, 0x68, 0x01, 0x01, 0x00, 0x00, 0x00, 0x2c, 0x01, 0x07, 0x00,
  0x00, 0x00, 0x63, 0x6f, 0x6e, 0x73, 0x75, 0x6d, 0x65, 0x01, 0x01, 0x00, 0x00, 0x00, 0x5d, 0x01,
  0x1e, 0x00, 0x00, 0x00, 0x45, 0x78, 0x70, 0x65, 0x63, 0x74, 0x65, 0x64, 0x20, 0x27, 0x5d, 0x27,
  0x20, 0x61, 0x66, 0x74, 0x65, 0x72, 0x20, 0x6c, 0x69, 0x73, 0x74, 0x20, 0x69, 0x74, 0x65, 0x6d,
  0x73, 0x2e, 0x01, 0x09, 0x00, 0x00, 0x00, 0x65, 0x6d, 0x69, 0x74, 0x5f, 0x62, 0x79, 0x74, 0x65,
  0x01, 0x02, 0x00, 0x00, 0x00, 0x4f, 0x50, 0x01, 0x0a, 0x00, 0x00, 0x00, 0x42, 0x55, 0x49, 0x4c,
  0x44, 0x5f, 0x4c, 0x49, 0x53, 0x54, 0x01, 0x0a, 0x00, 0x00, 0x00, 0x65, 0x6d, 0x69, 0x74, 0x5f,
  0x73, 0x68, 0x6f, 0x72, 0x74, 0x0b, 0x00, 0x00, 0x00, 0x6d, 0x61, 0x70, 0x5f, 0x6c, 0x69, 0x74,
  0x65, 0x72, 0x61, 0x6c, 0x01, 0x01, 0x00, 0x00, 0x00, 0x29, 0x01, 0x00, 0x00, 0x00, 0x00, 0x00,
  0x09, 0x00, 0x01, 0x23, 0x00, 0x04, 0x09, 0x00, 0x02, 0x00, 0x00, 0x03, 0x23, 0x01, 0x1d, 0x21,
  0x00, 0x0a, 0x04, 0x09, 0x00, 0x02, 0x00, 0x00, 0x04, 0x23, 0x01, 0x1d, 0x21, 0x00, 0xde, 0x04,
  0x09, 0x00, 0x02, 0x00, 0x00, 0x05, 0x23, 0x01, 0x21, 0x00, 0x0d, 0x04, 0x09, 0x00, 0x06, 0x23,
  0x00, 0x0e, 0x00, 0x07, 0x00, 0x00, 0x08, 0x13, 0x21, 0x00, 0x19, 0x04, 0x09, 0x00, 0x09, 0x23,
  0x00, 0x04, 0x09, 0x00, 0x0a, 0x09, 0x00, 0x0b, 0x0e, 0x00, 0x0c, 0x0e, 0x00, 0x0d, 0x23, 0x01,
  0x04, 0x20, 0x00, 0x65, 0x04, 0x09, 0x00, 0x02, 0x00, 0x00, 0x0e, 0x23, 0x01, 0x21, 0x00, 0x03,
  0x20, 0x00, 0x09, 0x04, 0x09, 0x00, 0x02, 0x00, 0x00, 0x0f, 0x23, 0x01, 0x21, 0x00, 0x03, 0x20,
  0x00, 0x09, 0x04, 0x09, 0x00, 0x02, 0x00, 0x00, 0x10, 0x23, 0x01, 0x21, 0x00, 0x03, 0x20, 0x00,
  0x09, 0x04, 0x09, 0x00, 0x02, 0x00, 0x00, 0x11, 0x23, 0x01, 0x21, 0x00, 0x20, 0x04, 0x09, 0x00,
  0x09, 0x23, 0x00, 0x04, 0x09, 0x00, 0x12, 0x09, 0x00, 0x0b, 0x0e, 0x00, 0x0c, 0x0e, 0x00, 0x07,
  0x23, 0x01, 0x00, 0x00, 0x13, 0x10, 0x03, 0x23, 0x01, 0x04, 0x20, 0x00, 0x0c, 0x04, 0x09, 0x00,
  0x14, 0x00, 0x00, 0x15, 0x23, 0x01, 0x04, 0x01, 0x27, 0x09, 0x00, 0x16, 0x00, 0x00, 0x17, 0x00,
  0x00, 0x18, 0x23, 0x02, 0x04, 0x09, 0x00, 0x01, 0x23, 0x00, 0x04, 0x09, 0x00, 0x19, 0x23, 0x00,
  0x04, 0x07, 0x02, 0x00, 0x00, 0x1a, 0x16, 0x08, 0x02, 0x04, 0x09, 0x00, 0x01, 0x23, 0x00, 0x04,
  0x09, 0x00, 0x1b, 0x00, 0x00, 0x1c, 0x23, 0x01, 0x1d, 0x21, 0x00, 0x07, 0x04, 0x20, 0x00, 0x0e,
  0x20, 0x00, 0x01, 0x04, 0x09, 0x00, 0x01, 0x23, 0x00, 0x04, 0x22, 0x00, 0xf7, 0x04, 0x09, 0x00,
  0x01, 0x23, 0x00, 0x04, 0x09, 0x00, 0x16, 0x00, 0x00, 0x1d, 0x00, 0x00, 0x1e, 0x23, 0x02, 0x04,
  0x09, 0x00, 0x1f, 0x09, 0x00, 0x20, 0x0e, 0x00, 0x21, 0x23, 0x01, 0x04, 0x09, 0x00, 0x22, 0x07,
  0x02, 0x23, 0x01, 0x04, 0x01, 0x27, 0x19, 0x00, 0x00, 0x00, 0x02, 0x03, 0x00, 0x00, 0x03, 0x00,
  0x00, 0x00, 0x03, 0x03, 0x00, 0x00, 0x06, 0x00, 0x00, 0x00, 0x04, 0x03, 0x00, 0x00, 0x1a, 0x00,
  0x00, 0x00, 0x05, 0x03, 0x00, 0x00, 0x1c, 0x00, 0x00, 0x00, 0x06, 0x03, 0x00, 0x00, 0x06, 0x00,
  0x00, 0x00, 0x07, 0x03, 0x00, 0x00, 0x0f, 0x00, 0x00, 0x00, 0x08, 0x03, 0x00, 0x00, 0x3d, 0x00,
  0x00, 0x00, 0x09, 0x03, 0x00, 0x00, 0x06, 0x00, 0x00, 0x00, 0x0a, 0x03, 0x00, 0x00, 0x16, 0x00,
  0x00, 0x00, 0x0b, 0x03, 0x00, 0x00, 0x04, 0x00, 0x00, 0x00, 0x0c, 0x03, 0x00, 0x00, 0x09, 0x00,
  0x00, 0x00, 0x0d, 0x03, 0x00, 0x00, 0x02, 0x00, 0x00, 0x00, 0x0f, 0x03, 0x00, 0x00, 0x0c, 0x00,
  0x00, 0x00, 0x10, 0x03, 0x00, 0x00, 0x06, 0x00, 0x00, 0x00, 0x11, 0x03, 0x00, 0x00, 0x06, 0x00,
  0x00, 0x00, 0x12, 0x03, 0x00, 0x00, 0x09, 0x00, 0x00, 0x00, 0x13, 0x03, 0x00, 0x00, 0x06, 0x00,
  0x00, 0x00, 0x14, 0x03, 0x00, 0x00, 0x14, 0x00, 0x00, 0x00, 0x15, 0x03, 0x00, 0x00, 0x06, 0x00,
  0x00, 0x00, 0x16, 0x03, 0x00, 0x00, 0x04, 0x00, 0x00, 0x00, 0x17, 0x03, 0x00, 0x00, 0x06, 0x00,
  0x00, 0x00, 0x18, 0x03, 0x00, 0x00, 0x0c, 0x00, 0x00, 0x00, 0x19, 0x03, 0x00, 0x00, 0x0c, 0x00,
  0x00, 0x00, 0x1a, 0x03, 0x00, 0x00, 0x08, 0x00, 0x00, 0x00, 0x1b, 0x03, 0x00, 0x00, 0x02, 0x00,
  0x00, 0x00, 0x23, 0x00, 0x00, 0x00, 0x00, 0x00, 0x00, 0x00, 0x00, 0x00, 0x00, 0x00, 0x00, 0x01,
  0x0a, 0x00, 0x00, 0x00, 0x73, 0x6b, 0x69, 0x70, 0x5f, 0x73, 0x65, 0x6d, 0x69, 0x73, 0x01, 0x05,
  0x00, 0x00, 0x00, 0x63, 0x68, 0x65, 0x63, 0x6b, 0x01, 0x01, 0x00, 0x00, 0x00, 0x7d, 0x01, 0x03,
  0x00, 0x00, 0x00, 0x45, 0x4f, 0x46, 0x01, 0x05, 0x00, 0x00, 0x00, 0x49, 0x44, 0x45, 0x4e, 0x54,
  0x01, 0x09, 0x00, 0x00, 0x00, 0x70, 0x65, 0x65, 0x6b, 0x5f, 0x6e, 0x65, 0x78, 0x74, 0x01, 0x04,
  0x00, 0x00, 0x00, 0x74, 0x79, 0x70, 0x65, 0x01, 0x01, 0x00, 0x00, 0x00, 0x3a, 0x01, 0x07, 0x00,
  0x00, 0x00, 0x61, 0x64, 0x76, 0x61, 0x6e, 0x63, 0x65, 0x01, 0x0d, 0x00, 0x00, 0x00, 0x65, 0x6d,
  0x69, 0x74, 0x5f, 0x63, 0x6f, 0x6e, 0x73, 0x74, 0x61, 0x6e, 0x74, 0x01, 0x02, 0x00, 0x00, 0x00,
  0x70, 0x73, 0x01, 0x08, 0x00, 0x00, 0x00, 0x70, 0x72, 0x65, 0x76, 0x69, 0x6f, 0x75, 0x73, 0x01,
  0x04, 0x00, 0x00, 0x00, 0x74, 0x65, 0x78, 0x74, 0x01, 0x06, 0x00, 0x00, 0x00, 0x53, 0x54, 0x52,
  0x49, 0x4e, 0x47, 0x01, 0x06, 0x00, 0x00, 0x00, 0x4e, 0x55, 0x4d, 0x42, 0x45, 0x52, 0x01, 0x04,
  0x00, 0x00, 0x00, 0x74, 0x72, 0x75, 0x65, 0x01, 0x05, 0x00, 0x00, 0x00, 0x66, 0x61, 0x6c, 0x73,
  0x65, 0x01, 0x08, 0x00, 0x00, 0x00, 0x67, 0x65, 0x74, 0x5f, 0x72, 0x75, 0x6c, 0x65, 0x00, 0x00,
  0x00, 0x00, 0x00, 0x00, 0x00, 0x00, 0x00, 0x01, 0x10, 0x00, 0x00, 0x00, 0x65, 0x72, 0x72, 0x6f,
  0x72, 0x5f, 0x61, 0x74, 0x5f, 0x63, 0x75, 0x72, 0x72, 0x65, 0x6e, 0x74, 0x01, 0x31, 0x00, 0x00,
  0x00, 0x45, 0x78, 0x70, 0x65, 0x63, 0x74, 0x65, 0x64, 0x20, 0x61, 0x20, 0x6b, 0x65, 0x79, 0x20,
  0x28, 0x61, 0x20, 0x6e, 0x61, 0x6d, 0x65, 0x2c, 0x20, 0x73, 0x74, 0x72, 0x69, 0x6e, 0x67, 0x20,
  0x6f, 0x72, 0x20, 0x6e, 0x75, 0x6d, 0x62, 0x65, 0x72, 0x29, 0x20, 0x69, 0x6e, 0x20, 0x6d, 0x61,
  0x70, 0x2e, 0x01, 0x07, 0x00, 0x00, 0x00, 0x63, 0x6f, 0x6e, 0x73, 0x75, 0x6d, 0x65, 0x01, 0x01,
  0x00, 0x00, 0x00, 0x3a, 0x01, 0x1b, 0x00, 0x00, 0x00, 0x45, 0x78, 0x70, 0x65, 0x63, 0x74, 0x65,
  0x64, 0x20, 0x27, 0x3a, 0x27, 0x20, 0x61, 0x66, 0x74, 0x65, 0x72, 0x20, 0x6d, 0x61, 0x70, 0x20,
  0x6b, 0x65, 0x79, 0x2e, 0x01, 0x0a, 0x00, 0x00, 0x00, 0x65, 0x78, 0x70, 0x72, 0x65, 0x73, 0x73,
  0x69, 0x6f, 0x6e, 0x00, 0x00, 0x00, 0x00, 0x00, 0x00, 0x00, 0xf0, 0x3f, 0x01, 0x05, 0x00, 0x00,
  0x00, 0x6d, 0x61, 0x74, 0x63, 0x68, 0x01, 0x01, 0x00, 0x00, 0x00, 0x2c, 0x01, 0x01, 0x00, 0x00,
  0x00, 0x7d, 0x01, 0x1f, 0x00, 0x00, 0x00, 0x45, 0x78, 0x70, 0x65, 0x63, 0x74, 0x65, 0x64, 0x20,
  0x27, 0x7d, 0x27, 0x20, 0x61, 0x66, 0x74, 0x65, 0x72, 0x20, 0x6d, 0x61, 0x70, 0x20, 0x65, 0x6e,
  0x74, 0x72, 0x69, 0x65, 0x73, 0x2e, 0x01, 0x09, 0x00, 0x00, 0x00, 0x65, 0x6d, 0x69, 0x74, 0x5f,
  0x62, 0x79, 0x74, 0x65, 0x01, 0x02, 0x00, 0x00, 0x00, 0x4f, 0x50, 0x01, 0x09, 0x00, 0x00, 0x00,
  0x42, 0x55, 0x49, 0x4c, 0x44, 0x5f, 0x4d, 0x41, 0x50, 0x01, 0x0a, 0x00, 0x00, 0x00, 0x65, 0x6d,
  0x69, 0x74, 0x5f, 0x73, 0x68, 0x6f, 0x72, 0x74, 0x09, 0x00, 0x00, 0x00, 0x74, 0x79, 0x70, 0x65,
  0x5f, 0x73, 0x70, 0x65, 0x63, 0x00, 0x00, 0x00, 0x00, 0x00, 0xbd, 0x00, 0x00, 0x00, 0x00, 0x00,
  0x00, 0x02, 0x21, 0x00, 0xb0, 0x04, 0x09, 0x00, 0x01, 0x00, 0x00, 0x02, 0x23, 0x01, 0x21, 0x00,
  0x03, 0x20, 0x00, 0x09, 0x04, 0x09, 0x00, 0x01, 0x00, 0x00, 0x03, 0x23, 0x01, 0x21, 0x00, 0x03,
  0x20, 0x00, 0x09, 0x04, 0x09, 0x00, 0x01, 0x00, 0x00, 0x04, 0x23, 0x01, 0x1d, 0x21, 0x00, 0x10,
  0x04, 0x09, 0x00, 0x05, 0x00, 0x00, 0x06, 0x23, 0x01, 0x04, 0x07, 0x01, 0x27, 0x20, 0x00, 0x01,
  0x04, 0x09, 0x00, 0x07, 0x23, 0x00, 0x04, 0x09, 0x00, 0x08, 0x0e, 0x00, 0x09, 0x0e, 0x00, 0x0a,
  0x09, 0x00, 0x0b, 0x07, 0x01, 0x23, 0x01, 0x09, 0x00, 0x0b, 0x07, 0x02, 0x23, 0x01, 0x16, 0x00,
  0x00, 0x0c, 0x16, 0x00, 0x00, 0x0d, 0x15, 0x1d, 0x21, 0x00, 0x10, 0x04, 0x09, 0x00, 0x0e, 0x00,
  0x00, 0x0f, 0x23, 0x01, 0x04, 0x07, 0x01, 0x27, 0x20, 0x00, 0x01, 0x04, 0x07, 0x01, 0x00, 0x00,
  0x10, 0x13, 0x1d, 0x21, 0x00, 0x0d, 0x04, 0x07, 0x01, 0x00, 0x00, 0x11, 0x16, 0x08, 0x01, 0x04,
  0x20, 0x00, 0x01, 0x04, 0x07, 0x01, 0x07, 0x02, 0x16, 0x08, 0x01, 0x04, 0x09, 0x00, 0x12, 0x00,
  0x00, 0x13, 0x23, 0x01, 0x1d, 0x21, 0x00, 0x08, 0x04, 0x04, 0x20, 0x00, 0x09, 0x20, 0x00, 0x01,
  0x04, 0x04, 0x22, 0x00, 0xb4, 0x04, 0x07, 0x01, 0x27, 0x01, 0x27, 0x12, 0x00, 0x00, 0x00, 0x1f,
  0x03, 0x00, 0x00, 0x03, 0x00, 0x00, 0x00, 0x20, 0x03, 0x00, 0x00, 0x05, 0x00, 0x00, 0x00, 0x21,
  0x03, 0x00, 0x00, 0x2b, 0x00, 0x00, 0x00, 0x22, 0x03, 0x00, 0x00, 0x09, 0x00, 0x00, 0x00, 0x23,
  0x03, 0x00, 0x00, 0x03, 0x00, 0x00, 0x00, 0x24, 0x03, 0x00, 0x00, 0x04, 0x00, 0x00, 0x00, 0x25,
  0x03, 0x00, 0x00, 0x06, 0x00, 0x00, 0x00, 0x26, 0x03, 0x00, 0x00, 0x09, 0x00, 0x00, 0x00, 0x27,
  0x03, 0x00, 0x00, 0x1c, 0x00, 0x00, 0x00, 0x28, 0x03, 0x00, 0x00, 0x09, 0x00, 0x00, 0x00, 0x29,
  0x03, 0x00, 0x00, 0x03, 0x00, 0x00, 0x00, 0x2a, 0x03, 0x00, 0x00, 0x04, 0x00, 0x00, 0x00, 0x2b,
  0x03, 0x00, 0x00, 0x18, 0x00, 0x00, 0x00, 0x2c, 0x03, 0x00, 0x00, 0x08, 0x00, 0x00, 0x00, 0x2d,
  0x03, 0x00, 0x00, 0x15, 0x00, 0x00, 0x00, 0x2e, 0x03, 0x00, 0x00, 0x05, 0x00, 0x00, 0x00, 0x2f,
  0x03, 0x00, 0x00, 0x03, 0x00, 0x00, 0x00, 0x30, 0x03, 0x00, 0x00, 0x02, 0x00, 0x00, 0x00, 0x14,
  0x00, 0x00, 0x00, 0x01, 0x00, 0x00, 0x00, 0x00, 0x01, 0x05, 0x00, 0x00, 0x00, 0x63, 0x68, 0x65,
  0x63, 0x6b, 0x01, 0x05, 0x00, 0x00, 0x00, 0x49, 0x44, 0x45, 0x4e, 0x54, 0x01, 0x03, 0x00, 0x00,
  0x00, 0x6e, 0x69, 0x6c, 0x01, 0x02, 0x00, 0x00, 0x00, 0x66, 0x6e, 0x01, 0x10, 0x00, 0x00, 0x00,
  0x65, 0x72, 0x72, 0x6f, 0x72, 0x5f, 0x61, 0x74, 0x5f, 0x63, 0x75, 0x72, 0x72, 0x65, 0x6e, 0x74,
  0x01, 0x50, 0x00, 0x00, 0x00, 0x45, 0x78, 0x70, 0x65, 0x63, 0x74, 0x65, 0x64, 0x20, 0x61, 0x20,
  0x74, 0x79, 0x70, 0x65, 0x20, 0x6e, 0x61, 0x6d, 0x65, 0x20, 0x28, 0x6e, 0x75, 0x6d, 0x2c, 0x20,
  0x73, 0x74, 0x72, 0x2c, 0x20, 0x62, 0x6f, 0x6f, 0x6c, 0x2c, 0x20, 0x6c, 0x69, 0x73, 0x74, 0x2c,
  0x20, 0x6d, 0x61, 0x70, 0x2c, 0x20, 0x66, 0x6e, 0x2c, 0x20, 0x6e, 0x69, 0x6c, 0x2c, 0x20, 0x61,
  0x6e, 0x79, 0x2c, 0x20, 0x6f, 0x72, 0x20, 0x61, 0x20, 0x63, 0x6c, 0x61, 0x73, 0x73, 0x20, 0x6e,
  0x61, 0x6d, 0x65, 0x29, 0x2e, 0x01, 0x07, 0x00, 0x00, 0x00, 0x61, 0x64, 0x76, 0x61, 0x6e, 0x63,
  0x65, 0x01, 0x02, 0x00, 0x00, 0x00, 0x70, 0x73, 0x01, 0x08, 0x00, 0x00, 0x00, 0x70, 0x72, 0x65,
  0x76, 0x69, 0x6f, 0x75, 0x73, 0x01, 0x04, 0x00, 0x00, 0x00, 0x74, 0x65, 0x78, 0x74, 0x01, 0x03,
  0x00, 0x00, 0x00, 0x6c, 0x65, 0x6e, 0x00, 0x00, 0x00, 0x00, 0x00, 0x00, 0x00, 0x00, 0x40, 0x00,
  0x00, 0x00, 0x00, 0x00, 0x00, 0x00, 0x58, 0x40, 0x01, 0x05, 0x00, 0x00, 0x00, 0x65, 0x72, 0x72,
  0x6f, 0x72, 0x01, 0x16, 0x00, 0x00, 0x00, 0x54, 0x68, 0x69, 0x73, 0x20, 0x74, 0x79, 0x70, 0x65,
  0x20, 0x69, 0x73, 0x20, 0x74, 0x6f, 0x6f, 0x20, 0x6c, 0x6f, 0x6e, 0x67, 0x2e, 0x01, 0x00, 0x00,
  0x00, 0x00, 0x01, 0x01, 0x00, 0x00, 0x00, 0x7c, 0x01, 0x05, 0x00, 0x00, 0x00, 0x6d, 0x61, 0x74,
  0x63, 0x68, 0x01, 0x02, 0x00, 0x00, 0x00, 0x6f, 0x72, 0x08, 0x00, 0x00, 0x00, 0x66, 0x75, 0x6e,
  0x63, 0x74, 0x69, 0x6f, 0x6e, 0x03, 0x02, 0x00, 0x00, 0x00, 0xdd, 0x03, 0x00, 0x00, 0x07, 0x03,
  0x38, 0x00, 0x04, 0x04, 0x03, 0x08, 0x03, 0x04, 0x09, 0x00, 0x00, 0x07, 0x01, 0x07, 0x02, 0x23,
  0x02, 0x04, 0x09, 0x00, 0x01, 0x23, 0x00, 0x04, 0x09, 0x00, 0x02, 0x00, 0x00, 0x03, 0x00, 0x00,
  0x04, 0x23, 0x02, 0x04, 0x03, 0x09, 0x00, 0x05, 0x00, 0x00, 0x06, 0x23, 0x01, 0x1d, 0x21, 0x01,
  0xb5, 0x04, 0x02, 0x07, 0x05, 0x21, 0x01, 0xa9, 0x04, 0x09, 0x00, 0x05, 0x00, 0x00, 0x07, 0x23,
  0x01, 0x21, 0x00, 0x07, 0x04, 0x20, 0x01, 0x9a, 0x20, 0x00, 0x01, 0x04, 0x09, 0x00, 0x08, 0x05,
  0x0e, 0x00, 0x09, 0x00, 0x00, 0x0a, 0x16, 0x0f, 0x00, 0x09, 0x04, 0x09, 0x00, 0x08, 0x0e, 0x00,
  0x09, 0x00, 0x00, 0x0b, 0x14, 0x21, 0x00, 0x0d, 0x04, 0x09, 0x00, 0x0c, 0x00, 0x00, 0x0d, 0x23,
  0x01, 0x04, 0x20, 0x00, 0x01, 0x04, 0x09, 0x00, 0x0e, 0x00, 0x00, 0x0f, 0x23, 0x01, 0x09, 0x00,
  0x10, 0x07, 0x06, 0x23, 0x01, 0x04, 0x09, 0x00, 0x11, 0x0e, 0x00, 0x12, 0x0e, 0x00, 0x13, 0x00,
  0x00, 0x14, 0x09, 0x00, 0x15, 0x00, 0x00, 0x16, 0x23, 0x01, 0x21, 0x00, 0x0c, 0x04, 0x09, 0x00,
  0x17, 0x23, 0x00, 0x08, 0x08, 0x04, 0x20, 0x00, 0x01, 0x04, 0x09, 0x00, 0x15, 0x00, 0x00, 0x18,
  0x23, 0x01, 0x21, 0x00, 0x6d, 0x04, 0x02, 0x08, 0x04, 0x04, 0x09, 0x00, 0x08, 0x0e, 0x00, 0x19,
  0x24, 0x00, 0x1a, 0x00, 0x00, 0x00, 0x1b, 0x17, 0x09, 0x00, 0x1c, 0x09, 0x00, 0x1d, 0x0e, 0x00,
  0x1e, 0x07, 0x09, 0x00, 0x00, 0x1f, 0x1a, 0x23, 0x02, 0x04, 0x09, 0x00, 0x20, 0x09, 0x00, 0x1d,
  0x0e, 0x00, 0x21, 0x23, 0x01, 0x09, 0x00, 0x22, 0x09, 0x00, 0x1d, 0x0e, 0x00, 0x23, 0x23, 0x01,
  0x04, 0x09, 0x00, 0x24, 0x23, 0x00, 0x04, 0x09, 0x00, 0x1c, 0x09, 0x00, 0x1d, 0x0e, 0x00, 0x25,
  0x07, 0x09, 0x00, 0x00, 0x26, 0x1a, 0x23, 0x02, 0x04, 0x09, 0x00, 0x27, 0x07, 0x0a, 0x23, 0x01,
  0x04, 0x09, 0x00, 0x22, 0x09, 0x00, 0x1d, 0x0e, 0x00, 0x23, 0x23, 0x01, 0x04, 0x04, 0x04, 0x20,
  0x00, 0x23, 0x04, 0x07, 0x04, 0x21, 0x00, 0x0d, 0x04, 0x09, 0x00, 0x28, 0x00, 0x00, 0x29, 0x23,
  0x01, 0x04, 0x20, 0x00, 0x01, 0x04, 0x09, 0x00, 0x08, 0x05, 0x0e, 0x00, 0x2a, 0x00, 0x00, 0x2b,
  0x16, 0x0f, 0x00, 0x2a, 0x04, 0x07, 0x08, 0x00, 0x00, 0x2c, 0x13, 0x1d, 0x21, 0x00, 0x80, 0x04,
  0x00, 0x00, 0x2d, 0x07, 0x07, 0x00, 0x00, 0x2e, 0x00, 0x00, 0x2f, 0x12, 0x16, 0x00, 0x00, 0x30,
  0x16, 0x09, 0x00, 0x08, 0x0e, 0x00, 0x31, 0x16, 0x09, 0x00, 0x22, 0x09, 0x00, 0x1d, 0x0e, 0x00,
  0x32, 0x23, 0x01, 0x04, 0x09, 0x00, 0x33, 0x09, 0x00, 0x34, 0x00, 0x00, 0x35, 0x23, 0x01, 0x23,
  0x01, 0x04, 0x09, 0x00, 0x1c, 0x09, 0x00, 0x1d, 0x0e, 0x00, 0x1e, 0x09, 0x00, 0x08, 0x0e, 0x00,
  0x19, 0x24, 0x00, 0x1a, 0x00, 0x00, 0x00, 0x36, 0x17, 0x00, 0x00, 0x37, 0x1a, 0x23, 0x02, 0x04,
  0x09, 0x00, 0x38, 0x07, 0x08, 0x23, 0x01, 0x04, 0x09, 0x00, 0x38, 0x07, 0x09, 0x23, 0x01, 0x04,
  0x09, 0x00, 0x1c, 0x09, 0x00, 0x1d, 0x0e, 0x00, 0x39, 0x00, 0x00, 0x3a, 0x23, 0x02, 0x04, 0x09,
  0x00, 0x22, 0x09, 0x00, 0x1d, 0x0e, 0x00, 0x23, 0x23, 0x01, 0x04, 0x04, 0x20, 0x00, 0x01, 0x04,
  0x09, 0x00, 0x15, 0x00, 0x00, 0x3b, 0x23, 0x01, 0x08, 0x05, 0x04, 0x04, 0x04, 0x04, 0x22, 0x01,
  0xae, 0x04, 0x04, 0x20, 0x00, 0x01, 0x04, 0x09, 0x00, 0x02, 0x00, 0x00, 0x3c, 0x00, 0x00, 0x3d,
  0x23, 0x02, 0x04, 0x09, 0x00, 0x15, 0x00, 0x00, 0x3e, 0x23, 0x01, 0x21, 0x00, 0x10, 0x04, 0x09,
  0x00, 0x08, 0x09, 0x00, 0x17, 0x23, 0x00, 0x0f, 0x00, 0x3f, 0x04, 0x20, 0x00, 0x01, 0x04, 0x01,
  0x07, 0x03, 0x21, 0x00, 0x71, 0x04, 0x09, 0x00, 0x08, 0x0e, 0x00, 0x40, 0x00, 0x00, 0x41, 0x13,
  0x21, 0x00, 0x0d, 0x04, 0x09, 0x00, 0x28, 0x00, 0x00, 0x42, 0x23, 0x01, 0x04, 0x20, 0x00, 0x01,
  0x04, 0x09, 0x00, 0x22, 0x09, 0x00, 0x1d, 0x0e, 0x00, 0x32, 0x23, 0x01, 0x04, 0x09, 0x00, 0x33,
  0x09, 0x00, 0x34, 0x00, 0x00, 0x43, 0x23, 0x01, 0x23, 0x01, 0x04, 0x09, 0x00, 0x08, 0x08, 0x05,
  0x04, 0x09, 0x00, 0x00, 0x00, 0x00, 0x44, 0x07, 0x02, 0x23, 0x02, 0x04, 0x09, 0x00, 0x08, 0x07,
  0x05, 0x0e, 0x00, 0x31, 0x0f, 0x00, 0x31, 0x04, 0x09, 0x00, 0x08, 0x07, 0x05, 0x0e, 0x00, 0x3f,
  0x0f, 0x00, 0x3f, 0x04, 0x07, 0x05, 0x00, 0x00, 0x45, 0x0f, 0x00, 0x3f, 0x04, 0x09, 0x00, 0x01,
  0x23, 0x00, 0x04, 0x20, 0x00, 0x01, 0x04, 0x09, 0x00, 0x15, 0x00, 0x00, 0x46, 0x23, 0x01, 0x21,
  0x00, 0x5a, 0x04, 0x09, 0x00, 0x08, 0x0e, 0x00, 0x40, 0x00, 0x00, 0x47, 0x13, 0x21, 0x00, 0x0d,
  0x04, 0x09, 0x00, 0x28, 0x00, 0x00, 0x48, 0x23, 0x01, 0x04, 0x20, 0x00, 0x01, 0x04, 0x09, 0x00,
  0x24, 0x23, 0x00, 0x04, 0x09, 0x00, 0x08, 0x0e, 0x00, 0x3f, 0x00, 0x00, 0x49, 0x13, 0x1d, 0x21,
  0x00, 0x1a, 0x04, 0x09, 0x00, 0x4a, 0x09, 0x00, 0x08, 0x0e, 0x00, 0x3f, 0x00, 0x00, 0x4b, 0x09,
  0x00, 0x08, 0x0e, 0x00, 0x31, 0x16, 0x23, 0x02, 0x04, 0x20, 0x00, 0x01, 0x04, 0x09, 0x00, 0x22,
  0x09, 0x00, 0x1d, 0x0e, 0x00, 0x4c, 0x23, 0x01, 0x04, 0x20, 0x00, 0x19, 0x04, 0x09, 0x00, 0x4d,
  0x23, 0x00, 0x04, 0x09, 0x00, 0x02, 0x00, 0x00, 0x4e, 0x00, 0x00, 0x4f, 0x23, 0x02, 0x04, 0x09,
  0x00, 0x50, 0x23, 0x00, 0x04, 0x07, 0x03, 0x21, 0x00, 0x77, 0x04, 0x09, 0x00, 0x51, 0x23, 0x00,
  0x09, 0x00, 0x22, 0x09, 0x00, 0x1d, 0x0e, 0x00, 0x52, 0x23, 0x01, 0x04, 0x09, 0x00, 0x33, 0x09,
  0x00, 0x53, 0x07, 0x06, 0x23, 0x01, 0x23, 0x01, 0x04, 0x07, 0x06, 0x0e, 0x00, 0x54, 0x00, 0x00,
  0x55, 0x2a, 0x07, 0x00, 0x2b, 0x09, 0x00, 0x22, 0x07, 0x09, 0x0e, 0x00, 0x56, 0x21, 0x00, 0x04,
  0x04, 0x00, 0x00, 0x57, 0x21, 0x00, 0x03, 0x20, 0x00, 0x04, 0x04, 0x00, 0x00, 0x58, 0x23, 0x01,
  0x04, 0x09, 0x00, 0x22, 0x07, 0x09, 0x0e, 0x00, 0x59, 0x23, 0x01, 0x04, 0x04, 0x22, 0x00, 0x2f,
  0x04, 0x04, 0x09, 0x00, 0x1c, 0x09, 0x00, 0x1d, 0x0e, 0x00, 0x39, 0x00, 0x00, 0x5a, 0x23, 0x02,
  0x04, 0x09, 0x00, 0x22, 0x09, 0x00, 0x1d, 0x0e, 0x00, 0x4c, 0x23, 0x01, 0x04, 0x04, 0x20, 0x00,
  0x01, 0x04, 0x09, 0x00, 0x51, 0x23, 0x00, 0x09, 0x00, 0x22, 0x09, 0x00, 0x1d, 0x0e, 0x00, 0x52,
  0x23, 0x01, 0x04, 0x09, 0x00, 0x33, 0x09, 0x00, 0x53, 0x07, 0x06, 0x23, 0x01, 0x23, 0x01, 0x04,
  0x07, 0x06, 0x0e, 0x00, 0x54, 0x00, 0x00, 0x5b, 0x2a, 0x07, 0x00, 0x2b, 0x09, 0x00, 0x22, 0x07,
  0x09, 0x0e, 0x00, 0x56, 0x21, 0x00, 0x04, 0x04, 0x00, 0x00, 0x5c, 0x21, 0x00, 0x03, 0x20, 0x00,
  0x04, 0x04, 0x00, 0x00, 0x5d, 0x23, 0x01, 0x04, 0x09, 0x00, 0x22, 0x07, 0x09, 0x0e, 0x00, 0x59,
  0x23, 0x01, 0x04, 0x04, 0x22, 0x00, 0x2f, 0x04, 0x04, 0x01, 0x27, 0x54, 0x00, 0x00, 0x00, 0x33,
  0x03, 0x00, 0x00, 0x0a, 0x00, 0x00, 0x00, 0x34, 0x03, 0x00, 0x00, 0x0a, 0x00, 0x00, 0x00, 0x35,
  0x03, 0x00, 0x00, 0x06, 0x00, 0x00, 0x00, 0x36, 0x03, 0x00, 0x00, 0x0c, 0x00, 0x00, 0x00, 0x37,
  0x03, 0x00, 0x00, 0x01, 0x00, 0x00, 0x00, 0x38, 0x03, 0x00, 0x00, 0x0d, 0x00, 0x00, 0x00, 0x39,
  0x03, 0x00, 0x00, 0x01, 0x00, 0x00, 0x00, 0x3a, 0x03, 0x00, 0x00, 0x06, 0x00, 0x00, 0x00, 0x3b,
  0x03, 0x00, 0x00, 0x13, 0x00, 0x00, 0x00, 0x3c, 0x03, 0x00, 0x00, 0x0f, 0x00, 0x00, 0x00, 0x3d,
  0x03, 0x00, 0x00, 0x1b, 0x00, 0x00, 0x00, 0x3e, 0x03, 0x00, 0x00, 0x08, 0x00, 0x00, 0x00, 0x3f,
  0x03, 0x00, 0x00, 0x08, 0x00, 0x00, 0x00, 0x40, 0x03, 0x00, 0x00, 0x09, 0x00, 0x00, 0x00, 0x41,
  0x03, 0x00, 0x00, 0x03, 0x00, 0x00, 0x00, 0x42, 0x03, 0x00, 0x00, 0x18, 0x00, 0x00, 0x00, 0x43,
  0x03, 0x00, 0x00, 0x0c, 0x00, 0x00, 0x00, 0x45, 0x03, 0x00, 0x00, 0x04, 0x00, 0x00, 0x00, 0x46,
  0x03, 0x00, 0x00, 0x0e, 0x00, 0x00, 0x00, 0x47, 0x03, 0x00, 0x00, 0x12, 0x00, 0x00, 0x00, 0x48,
  0x03, 0x00, 0x00, 0x0b, 0x00, 0x00, 0x00, 0x49, 0x03, 0x00, 0x00, 0x0c, 0x00, 0x00, 0x00, 0x4a,
  0x03, 0x00, 0x00, 0x06, 0x00, 0x00, 0x00, 0x4b, 0x03, 0x00, 0x00, 0x12, 0x00, 0x00, 0x00, 0x4c,
  0x03, 0x00, 0x00, 0x08, 0x00, 0x00, 0x00, 0x4d, 0x03, 0x00, 0x00, 0x0c, 0x00, 0x00, 0x00, 0x4e,
  0x03, 0x00, 0x00, 0x06, 0x00, 0x00, 0x00, 0x4f, 0x03, 0x00, 0x00, 0x13, 0x00, 0x00, 0x00, 0x50,
  0x03, 0x00, 0x00, 0x0f, 0x00, 0x00, 0x00, 0x52, 0x03, 0x00, 0x00, 0x0b, 0x00, 0x00, 0x00, 0x53,
  0x03, 0x00, 0x00, 0x18, 0x00, 0x00, 0x00, 0x54, 0x03, 0x00, 0x00, 0x0c, 0x00, 0x00, 0x00, 0x55,
  0x03, 0x00, 0x00, 0x0e, 0x00, 0x00, 0x00, 0x56, 0x03, 0x00, 0x00, 0x1e, 0x00, 0x00, 0x00, 0x57,
  0x03, 0x00, 0x00, 0x08, 0x00, 0x00, 0x00, 0x58, 0x03, 0x00, 0x00, 0x08, 0x00, 0x00, 0x00, 0x59,
  0x03, 0x00, 0x00, 0x0f, 0x00, 0x00, 0x00, 0x5a, 0x03, 0x00, 0x00, 0x0c, 0x00, 0x00, 0x00, 0x5b,
  0x03, 0x00, 0x00, 0x05, 0x00, 0x00, 0x00, 0x5c, 0x03, 0x00, 0x00, 0x0b, 0x00, 0x00, 0x00, 0x5d,
  0x03, 0x00, 0x00, 0x07, 0x00, 0x00, 0x00, 0x5e, 0x03, 0x00, 0x00, 0x05, 0x00, 0x00, 0x00, 0x5f,
  0x03, 0x00, 0x00, 0x0c, 0x00, 0x00, 0x00, 0x60, 0x03, 0x00, 0x00, 0x1c, 0x00, 0x00, 0x00, 0x63,
  0x03, 0x00, 0x00, 0x01, 0x00, 0x00, 0x00, 0x64, 0x03, 0x00, 0x00, 0x06, 0x00, 0x00, 0x00, 0x65,
  0x03, 0x00, 0x00, 0x1b, 0x00, 0x00, 0x00, 0x66, 0x03, 0x00, 0x00, 0x0c, 0x00, 0x00, 0x00, 0x67,
  0x03, 0x00, 0x00, 0x0e, 0x00, 0x00, 0x00, 0x68, 0x03, 0x00, 0x00, 0x06, 0x00, 0x00, 0x00, 0x69,
  0x03, 0x00, 0x00, 0x0b, 0x00, 0x00, 0x00, 0x6a, 0x03, 0x00, 0x00, 0x0c, 0x00, 0x00, 0x00, 0x6b,
  0x03, 0x00, 0x00, 0x0c, 0x00, 0x00, 0x00, 0x6c, 0x03, 0x00, 0x00, 0x09, 0x00, 0x00, 0x00, 0x6d,
  0x03, 0x00, 0x00, 0x06, 0x00, 0x00, 0x00, 0x6e, 0x03, 0x00, 0x00, 0x04, 0x00, 0x00, 0x00, 0x6f,
  0x03, 0x00, 0x00, 0x0c, 0x00, 0x00, 0x00, 0x70, 0x03, 0x00, 0x00, 0x1b, 0x00, 0x00, 0x00, 0x71,
  0x03, 0x00, 0x00, 0x06, 0x00, 0x00, 0x00, 0x72, 0x03, 0x00, 0x00, 0x29, 0x00, 0x00, 0x00, 0x73,
  0x03, 0x00, 0x00, 0x0c, 0x00, 0x00, 0x00, 0x74, 0x03, 0x00, 0x00, 0x04, 0x00, 0x00, 0x00, 0x75,
  0x03, 0x00, 0x00, 0x06, 0x00, 0x00, 0x00, 0x76, 0x03, 0x00, 0x00, 0x0c, 0x00, 0x00, 0x00, 0x77,
  0x03, 0x00, 0x00, 0x06, 0x00, 0x00, 0x00, 0x79, 0x03, 0x00, 0x00, 0x06, 0x00, 0x00, 0x00, 0x7a,
  0x03, 0x00, 0x00, 0x05, 0x00, 0x00, 0x00, 0x7b, 0x03, 0x00, 0x00, 0x0c, 0x00, 0x00, 0x00, 0x7c,
  0x03, 0x00, 0x00, 0x0d, 0x00, 0x00, 0x00, 0x7d, 0x03, 0x00, 0x00, 0x0c, 0x00, 0x00, 0x00, 0x7e,
  0x03, 0x00, 0x00, 0x1c, 0x00, 0x00, 0x00, 0x7f, 0x03, 0x00, 0x00, 0x0b, 0x00, 0x00, 0x00, 0x80,
  0x03, 0x00, 0x00, 0x06, 0x00, 0x00, 0x00, 0x81, 0x03, 0x00, 0x00, 0x0f, 0x00, 0x00, 0x00, 0x82,
  0x03, 0x00, 0x00, 0x0c, 0x00, 0x00, 0x00, 0x83, 0x03, 0x00, 0x00, 0x05, 0x00, 0x00, 0x00, 0x84,
  0x03, 0x00, 0x00, 0x05, 0x00, 0x00, 0x00, 0x85, 0x03, 0x00, 0x00, 0x0c, 0x00, 0x00, 0x00, 0x86,
  0x03, 0x00, 0x00, 0x0d, 0x00, 0x00, 0x00, 0x87, 0x03, 0x00, 0x00, 0x0c, 0x00, 0x00, 0x00, 0x88,
  0x03, 0x00, 0x00, 0x1c, 0x00, 0x00, 0x00, 0x89, 0x03, 0x00, 0x00, 0x0b, 0x00, 0x00, 0x00, 0x8a,
  0x03, 0x00, 0x00, 0x06, 0x00, 0x00, 0x00, 0x8b, 0x03, 0x00, 0x00, 0x02, 0x00, 0x00, 0x00, 0x5e,
  0x00, 0x00, 0x00, 0x01, 0x0e, 0x00, 0x00, 0x00, 0x62, 0x65, 0x67, 0x69, 0x6e, 0x5f, 0x66, 0x75,
  0x6e, 0x63, 0x74, 0x69, 0x6f, 0x6e, 0x01, 0x0b, 0x00, 0x00, 0x00, 0x62, 0x65, 0x67, 0x69, 0x6e,
  0x5f, 0x73, 0x63, 0x6f, 0x70, 0x65, 0x01, 0x07, 0x00, 0x00, 0x00, 0x63, 0x6f, 0x6e, 0x73, 0x75,
  0x6d, 0x65, 0x01, 0x01, 0x00, 0x00, 0x00, 0x28, 0x01, 0x1f, 0x00, 0x00, 0x00, 0x45, 0x78, 0x70,
  0x65, 0x63, 0x74, 0x65, 0x64, 0x20, 0x27, 0x28, 0x27, 0x20, 0x62, 0x65, 0x66, 0x6f, 0x72, 0x65,
  0x20, 0x70, 0x61, 0x72, 0x61, 0x6d, 0x65, 0x74, 0x65, 0x72, 0x73, 0x2e, 0x01, 0x05, 0x00, 0x00,
  0x00, 0x63, 0x68, 0x65, 0x63, 0x6b, 0x01, 0x01, 0x00, 0x00, 0x00, 0x29, 0x01, 0x01, 0x00, 0x00,
  0x00, 0x29, 0x01, 0x03, 0x00, 0x00, 0x00, 0x63, 0x75, 0x72, 0x01, 0x05, 0x00, 0x00, 0x00, 0x61,
  0x72, 0x69, 0x74, 0x79, 0x00, 0x00, 0x00, 0x00, 0x00, 0x00, 0x00, 0xf0, 0x3f, 0x00, 0x00, 0x00,
  0x00, 0x00, 0x00, 0xe0, 0x6f, 0x40, 0x01, 0x10, 0x00, 0x00, 0x00, 0x65, 0x72, 0x72, 0x6f, 0x72,
  0x5f, 0x61, 0x74, 0x5f, 0x63, 0x75, 0x72, 0x72, 0x65, 0x6e, 0x74, 0x01, 0x24, 0x00, 0x00, 0x00,
  0x43, 0x61, 0x6e, 0x27, 0x74, 0x20, 0x68, 0x61, 0x76, 0x65, 0x20, 0x6d, 0x6f, 0x72, 0x65, 0x20,
  0x74, 0x68, 0x61, 0x6e, 0x20, 0x32, 0x35, 0x35, 0x20, 0x70, 0x61, 0x72, 0x61, 0x6d, 0x65, 0x74,
  0x65, 0x72, 0x73, 0x2e, 0x01, 0x0e, 0x00, 0x00, 0x00, 0x70, 0x61, 0x72, 0x73, 0x65, 0x5f, 0x76,
  0x61, 0x72, 0x69, 0x61, 0x62, 0x6c, 0x65, 0x01, 0x1a, 0x00, 0x00, 0x00, 0x45, 0x78, 0x70, 0x65,
  0x63, 0x74, 0x65, 0x64, 0x20, 0x61, 0x20, 0x70, 0x61, 0x72, 0x61, 0x6d, 0x65, 0x74, 0x65, 0x72,
  0x20, 0x6e, 0x61, 0x6d, 0x65, 0x2e, 0x01, 0x0f, 0x00, 0x00, 0x00, 0x64, 0x65, 0x66, 0x69, 0x6e,
  0x65, 0x5f, 0x76, 0x61, 0x72, 0x69, 0x61, 0x62, 0x6c, 0x65, 0x01, 0x02, 0x00, 0x00, 0x00, 0x70,
  0x73, 0x01, 0x08, 0x00, 0x00, 0x00, 0x70, 0x72, 0x65, 0x76, 0x69, 0x6f, 0x75, 0x73, 0x01, 0x04,
  0x00, 0x00, 0x00, 0x74, 0x65, 0x78, 0x74, 0x01, 0x00, 0x00, 0x00, 0x00, 0x01, 0x05, 0x00, 0x00,
  0x00, 0x6d, 0x61, 0x74, 0x63, 0x68, 0x01, 0x01, 0x00, 0x00, 0x00, 0x3a, 0x01, 0x09, 0x00, 0x00,
  0x00, 0x74, 0x79, 0x70, 0x65, 0x5f, 0x73, 0x70, 0x65, 0x63, 0x01, 0x01, 0x00, 0x00, 0x00, 0x3d,
  0x01, 0x06, 0x00, 0x00, 0x00, 0x6c, 0x6f, 0x63, 0x61, 0x6c, 0x73, 0x01, 0x03, 0x00, 0x00, 0x00,
  0x6c, 0x65, 0x6e, 0x00, 0x00, 0x00, 0x00, 0x00, 0x00, 0x00, 0xf0, 0x3f, 0x01, 0x0a, 0x00, 0x00,
  0x00, 0x65, 0x6d, 0x69, 0x74, 0x5f, 0x62, 0x79, 0x74, 0x65, 0x73, 0x01, 0x02, 0x00, 0x00, 0x00,
  0x4f, 0x50, 0x01, 0x09, 0x00, 0x00, 0x00, 0x47, 0x45, 0x54, 0x5f, 0x4c, 0x4f, 0x43, 0x41, 0x4c,
  0x00, 0x00, 0x00, 0x00, 0x00, 0x00, 0x00, 0x70, 0x40, 0x01, 0x09, 0x00, 0x00, 0x00, 0x65, 0x6d,
  0x69, 0x74, 0x5f, 0x6a, 0x75, 0x6d, 0x70, 0x01, 0x0f, 0x00, 0x00, 0x00, 0x4a, 0x55, 0x4d, 0x50,
  0x5f, 0x49, 0x46, 0x5f, 0x4e, 0x4f, 0x54, 0x5f, 0x4e, 0x49, 0x4c, 0x01, 0x09, 0x00, 0x00, 0x00,
  0x65, 0x6d, 0x69, 0x74, 0x5f, 0x62, 0x79, 0x74, 0x65, 0x01, 0x03, 0x00, 0x00, 0x00, 0x50, 0x4f,
  0x50, 0x01, 0x0a, 0x00, 0x00, 0x00, 0x65, 0x78, 0x70, 0x72, 0x65, 0x73, 0x73, 0x69, 0x6f, 0x6e,
  0x01, 0x09, 0x00, 0x00, 0x00, 0x53, 0x45, 0x54, 0x5f, 0x4c, 0x4f, 0x43, 0x41, 0x4c, 0x00, 0x00,
  0x00, 0x00, 0x00, 0x00, 0x00, 0x70, 0x40, 0x01, 0x0a, 0x00, 0x00, 0x00, 0x70, 0x61, 0x74, 0x63,
  0x68, 0x5f, 0x6a, 0x75, 0x6d, 0x70, 0x01, 0x05, 0x00, 0x00, 0x00, 0x65, 0x72, 0x72, 0x6f, 0x72,
  0x01, 0x4c, 0x00, 0x00, 0x00, 0x41, 0x20, 0x70, 0x61, 0x72, 0x61, 0x6d, 0x65, 0x74, 0x65, 0x72,
  0x20, 0x77, 0x69, 0x74, 0x68, 0x6f, 0x75, 0x74, 0x20, 0x61, 0x20, 0x64, 0x65, 0x66, 0x61, 0x75,
  0x6c, 0x74, 0x20, 0x76, 0x61, 0x6c, 0x75, 0x65, 0x20, 0x63, 0x61, 0x6e, 0x27, 0x74, 0x20, 0x63,
  0x6f, 0x6d, 0x65, 0x20, 0x61, 0x66, 0x74, 0x65, 0x72, 0x20, 0x6f, 0x6e, 0x65, 0x20, 0x74, 0x68,
  0x61, 0x74, 0x20, 0x68, 0x61, 0x73, 0x20, 0x61, 0x20, 0x64, 0x65, 0x66, 0x61, 0x75, 0x6c, 0x74,
  0x2e, 0x01, 0x09, 0x00, 0x00, 0x00, 0x6d, 0x69, 0x6e, 0x5f, 0x61, 0x72, 0x69, 0x74, 0x79, 0x00,
  0x00, 0x00, 0x00, 0x00, 0x00, 0x00, 0xf0, 0x3f, 0x01, 0x00, 0x00, 0x00, 0x00, 0x01, 0x0b, 0x00,
  0x00, 0x00, 0x70, 0x61, 0x72, 0x61, 0x6d, 0x65, 0x74, 0x65, 0x72, 0x20, 0x27, 0x00, 0x00, 0x00,
  0x00, 0x00, 0x00, 0x00, 0x00, 0x00, 0x00, 0x00, 0x00, 0x00, 0x00, 0x00, 0x00, 0x44, 0x40, 0x01,
  0x05, 0x00, 0x00, 0x00, 0x27, 0x20, 0x6f, 0x66, 0x20, 0x01, 0x05, 0x00, 0x00, 0x00, 0x6c, 0x61,
  0x62, 0x65, 0x6c, 0x01, 0x0a, 0x00, 0x00, 0x00, 0x47, 0x45, 0x54, 0x5f, 0x47, 0x4c, 0x4f, 0x42,
  0x41, 0x4c, 0x01, 0x0a, 0x00, 0x00, 0x00, 0x65, 0x6d, 0x69, 0x74, 0x5f, 0x73, 0x68, 0x6f, 0x72,
  0x74, 0x01, 0x13, 0x00, 0x00, 0x00, 0x69, 0x64, 0x65, 0x6e, 0x74, 0x69, 0x66, 0x69, 0x65, 0x72,
  0x5f, 0x63, 0x6f, 0x6e, 0x73, 0x74, 0x61, 0x6e, 0x74, 0x01, 0x07, 0x00, 0x00, 0x00, 0x5f, 0x5f,
  0x63, 0x68, 0x65, 0x63, 0x6b, 0x00, 0x00, 0x00, 0x00, 0x00, 0x00, 0x00, 0xf0, 0x3f, 0x00, 0x00,
  0x00, 0x00, 0x00, 0x00, 0x00, 0x70, 0x40, 0x01, 0x0d, 0x00, 0x00, 0x00, 0x65, 0x6d, 0x69, 0x74,
  0x5f, 0x63, 0x6f, 0x6e, 0x73, 0x74, 0x61, 0x6e, 0x74, 0x01, 0x04, 0x00, 0x00, 0x00, 0x43, 0x41,
  0x4c, 0x4c, 0x00, 0x00, 0x00, 0x00, 0x00, 0x00, 0x00, 0x08, 0x40, 0x01, 0x01, 0x00, 0x00, 0x00,
  0x2c, 0x01, 0x01, 0x00, 0x00, 0x00, 0x29, 0x01, 0x1e, 0x00, 0x00, 0x00, 0x45, 0x78, 0x70, 0x65,
  0x63, 0x74, 0x65, 0x64, 0x20, 0x27, 0x29, 0x27, 0x20, 0x61, 0x66, 0x74, 0x65, 0x72, 0x20, 0x70,
  0x61, 0x72, 0x61, 0x6d, 0x65, 0x74, 0x65, 0x72, 0x73, 0x2e, 0x01, 0x02, 0x00, 0x00, 0x00, 0x2d,
  0x3e, 0x01, 0x08, 0x00, 0x00, 0x00, 0x72, 0x65, 0x74, 0x5f, 0x73, 0x70, 0x65, 0x63, 0x01, 0x04,
  0x00, 0x00, 0x00, 0x74, 0x79, 0x70, 0x65, 0x01, 0x0b, 0x00, 0x00, 0x00, 0x69, 0x6e, 0x69, 0x74,
  0x69, 0x61, 0x6c, 0x69, 0x7a, 0x65, 0x72, 0x01, 0x20, 0x00, 0x00, 0x00, 0x41, 0x6e, 0x20, 0x69,
  0x6e, 0x69, 0x74, 0x28, 0x29, 0x20, 0x6d, 0x65, 0x74, 0x68, 0x6f, 0x64, 0x20, 0x63, 0x61, 0x6e,
  0x27, 0x74, 0x20, 0x62, 0x65, 0x20, 0x61, 0x73, 0x79, 0x6e, 0x63, 0x2e, 0x01, 0x0b, 0x00, 0x00,
  0x00, 0x5f, 0x5f, 0x63, 0x6f, 0x72, 0x6f, 0x75, 0x74, 0x69, 0x6e, 0x65, 0x01, 0x08, 0x00, 0x00,
  0x00, 0x66, 0x75, 0x6e, 0x63, 0x74, 0x69, 0x6f, 0x6e, 0x01, 0x00, 0x00, 0x00, 0x00, 0x01, 0x02,
  0x00, 0x00, 0x00, 0x3d, 0x3e, 0x01, 0x0b, 0x00, 0x00, 0x00, 0x69, 0x6e, 0x69, 0x74, 0x69, 0x61,
  0x6c, 0x69, 0x7a, 0x65, 0x72, 0x01, 0x21, 0x00, 0x00, 0x00, 0x43, 0x61, 0x6e, 0x27, 0x74, 0x20,
  0x72, 0x65, 0x74, 0x75, 0x72, 0x6e, 0x20, 0x61, 0x20, 0x76, 0x61, 0x6c, 0x75, 0x65, 0x20, 0x66,
  0x72, 0x6f, 0x6d, 0x20, 0x69, 0x6e, 0x69, 0x74, 0x28, 0x29, 0x2e, 0x01, 0x00, 0x00, 0x00, 0x00,
  0x01, 0x0e, 0x00, 0x00, 0x00, 0x65, 0x6d, 0x69, 0x74, 0x5f, 0x63, 0x68, 0x65, 0x63, 0x6b, 0x5f,
  0x74, 0x6f, 0x70, 0x01, 0x10, 0x00, 0x00, 0x00, 0x72, 0x65, 0x74, 0x75, 0x72, 0x6e, 0x20, 0x76,
  0x61, 0x6c, 0x75, 0x65, 0x20, 0x6f, 0x66, 0x20, 0x01, 0x06, 0x00, 0x00, 0x00, 0x52, 0x45, 0x54,
  0x55, 0x52, 0x4e, 0x01, 0x0a, 0x00, 0x00, 0x00, 0x73, 0x6b, 0x69, 0x70, 0x5f, 0x73, 0x65, 0x6d,
  0x69, 0x73, 0x01, 0x01, 0x00, 0x00, 0x00, 0x7b, 0x01, 0x22, 0x00, 0x00, 0x00, 0x45, 0x78, 0x70,
  0x65, 0x63, 0x74, 0x65, 0x64, 0x20, 0x27, 0x7b, 0x27, 0x20, 0x62, 0x65, 0x66, 0x6f, 0x72, 0x65,
  0x20, 0x66, 0x75, 0x6e, 0x63, 0x74, 0x69, 0x6f, 0x6e, 0x20, 0x62, 0x6f, 0x64, 0x79, 0x2e, 0x01,
  0x05, 0x00, 0x00, 0x00, 0x62, 0x6c, 0x6f, 0x63, 0x6b, 0x01, 0x0c, 0x00, 0x00, 0x00, 0x65, 0x6e,
  0x64, 0x5f, 0x63, 0x6f, 0x6d, 0x70, 0x69, 0x6c, 0x65, 0x72, 0x01, 0x07, 0x00, 0x00, 0x00, 0x43,
  0x4c, 0x4f, 0x53, 0x55, 0x52, 0x45, 0x01, 0x0d, 0x00, 0x00, 0x00, 0x6d, 0x61, 0x6b, 0x65, 0x5f,
  0x63, 0x6f, 0x6e, 0x73, 0x74, 0x61, 0x6e, 0x74, 0x01, 0x08, 0x00, 0x00, 0x00, 0x75, 0x70, 0x76,
  0x61, 0x6c, 0x75, 0x65, 0x73, 0x00, 0x00, 0x00, 0x00, 0x00, 0x00, 0x00, 0x00, 0x00, 0x01, 0x08,
  0x00, 0x00, 0x00, 0x69, 0x73, 0x5f, 0x6c, 0x6f, 0x63, 0x61, 0x6c, 0x00, 0x00, 0x00, 0x00, 0x00,
  0x00, 0x00, 0xf0, 0x3f, 0x00, 0x00, 0x00, 0x00, 0x00, 0x00, 0x00, 0x00, 0x00, 0x01, 0x05, 0x00,
  0x00, 0x00, 0x69, 0x6e, 0x64, 0x65, 0x78, 0x00, 0x00, 0x00, 0x00, 0x00, 0x00, 0x00, 0xf0, 0x3f,
  0x00, 0x00, 0x00, 0x00, 0x00, 0x00, 0x00, 0x00, 0x00, 0x00, 0x00, 0x00, 0x00, 0x00, 0x00, 0x00,
  0xf0, 0x3f, 0x00, 0x00, 0x00, 0x00, 0x00, 0x00, 0x00, 0x00, 0x00, 0x06, 0x00, 0x00, 0x00, 0x6c,
  0x61, 0x6d, 0x62, 0x64, 0x61, 0x01, 0x01, 0x00, 0x00, 0x00, 0x0c, 0x00, 0x00, 0x00, 0x09, 0x00,
  0x00, 0x00, 0x00, 0x01, 0x01, 0x23, 0x02, 0x04, 0x01, 0x27, 0x01, 0x00, 0x00, 0x00, 0x8d, 0x03,
  0x00, 0x00, 0x0c, 0x00, 0x00, 0x00, 0x02, 0x00, 0x00, 0x00, 0x01, 0x08, 0x00, 0x00, 0x00, 0x66,
  0x75, 0x6e, 0x63, 0x74, 0x69, 0x6f, 0x6e, 0x01, 0x08, 0x00, 0x00, 0x00, 0x66, 0x75, 0x6e, 0x63,
  0x74, 0x69, 0x6f, 0x6e, 0x0c, 0x00, 0x00, 0x00, 0x61, 0x73, 0x79, 0x6e, 0x63, 0x5f, 0x6c, 0x61,
  0x6d, 0x62, 0x64, 0x61, 0x01, 0x01, 0x00, 0x00, 0x00, 0x19, 0x00, 0x00, 0x00, 0x09, 0x00, 0x00,
  0x00, 0x00, 0x01, 0x00, 0x00, 0x02, 0x23, 0x02, 0x04, 0x09, 0x00, 0x03, 0x00, 0x00, 0x04, 0x01,
  0x02, 0x23, 0x03, 0x04, 0x01, 0x27, 0x03, 0x00, 0x00, 0x00, 0x91, 0x03, 0x00, 0x00, 0x0c, 0x00,
  0x00, 0x00, 0x92, 0x03, 0x00, 0x00, 0x0b, 0x00, 0x00, 0x00, 0x93, 0x03, 0x00, 0x00, 0x02, 0x00,
  0x00, 0x00, 0x05, 0x00, 0x00, 0x00, 0x01, 0x07, 0x00, 0x00, 0x00, 0x63, 0x6f, 0x6e, 0x73, 0x75,
  0x6d, 0x65, 0x01, 0x02, 0x00, 0x00, 0x00, 0x66, 0x6e, 0x01, 0x1c, 0x00, 0x00, 0x00, 0x45, 0x78,
  0x70, 0x65, 0x63, 0x74, 0x65, 0x64, 0x20, 0x27, 0x66, 0x6e, 0x27, 0x20, 0x61, 0x66, 0x74, 0x65,
  0x72, 0x20, 0x27, 0x61, 0x73, 0x79, 0x6e, 0x63, 0x27, 0x2e, 0x01, 0x08, 0x00, 0x00, 0x00, 0x66,
  0x75, 0x6e, 0x63, 0x74, 0x69, 0x6f, 0x6e, 0x01, 0x08, 0x00, 0x00, 0x00, 0x66, 0x75, 0x6e, 0x63,
  0x74, 0x69, 0x6f, 0x6e, 0x0a, 0x00, 0x00, 0x00, 0x61, 0x77, 0x61, 0x69, 0x74, 0x5f, 0x65, 0x78,
  0x70, 0x72, 0x01, 0x01, 0x00, 0x00, 0x00, 0x40, 0x00, 0x00, 0x00, 0x09, 0x00, 0x00, 0x09, 0x00,
  0x01, 0x23, 0x01, 0x04, 0x09, 0x00, 0x02, 0x09, 0x00, 0x03, 0x0e, 0x00, 0x04, 0x23, 0x01, 0x04,
  0x09, 0x00, 0x05, 0x09, 0x00, 0x06, 0x00, 0x00, 0x07, 0x23, 0x01, 0x23, 0x01, 0x04, 0x09, 0x00,
  0x02, 0x09, 0x00, 0x03, 0x0e, 0x00, 0x08, 0x23, 0x01, 0x04, 0x09, 0x00, 0x09, 0x09, 0x00, 0x03,
  0x0e, 0x00, 0x0a, 0x00, 0x00, 0x0b, 0x23, 0x02, 0x04, 0x01, 0x27, 0x06, 0x00, 0x00, 0x00, 0x97,
  0x03, 0x00, 0x00, 0x09, 0x00, 0x00, 0x00, 0x98, 0x03, 0x00, 0x00, 0x0c, 0x00, 0x00, 0x00, 0x99,
  0x03, 0x00, 0x00, 0x0e, 0x00, 0x00, 0x00, 0x9a, 0x03, 0x00, 0x00, 0x0c, 0x00, 0x00, 0x00, 0x9b,
  0x03, 0x00, 0x00, 0x0f, 0x00, 0x00, 0x00, 0x9c, 0x03, 0x00, 0x00, 0x02, 0x00, 0x00, 0x00, 0x0c,
  0x00, 0x00, 0x00, 0x01, 0x10, 0x00, 0x00, 0x00, 0x70, 0x61, 0x72, 0x73, 0x65, 0x5f, 0x70, 0x72,
  0x65, 0x63, 0x65, 0x64, 0x65, 0x6e, 0x63, 0x65, 0x01, 0x0a, 0x00, 0x00, 0x00, 0x50, 0x52, 0x45,
  0x43, 0x5f, 0x55, 0x4e, 0x41, 0x52, 0x59, 0x01, 0x09, 0x00, 0x00, 0x00, 0x65, 0x6d, 0x69, 0x74,
  0x5f, 0x62, 0x79, 0x74, 0x65, 0x01, 0x02, 0x00, 0x00, 0x00, 0x4f, 0x50, 0x01, 0x0a, 0x00, 0x00,
  0x00, 0x47, 0x45, 0x54, 0x5f, 0x47, 0x4c, 0x4f, 0x42, 0x41, 0x4c, 0x01, 0x0a, 0x00, 0x00, 0x00,
  0x65, 0x6d, 0x69, 0x74, 0x5f, 0x73, 0x68, 0x6f, 0x72, 0x74, 0x01, 0x13, 0x00, 0x00, 0x00, 0x69,
  0x64, 0x65, 0x6e, 0x74, 0x69, 0x66, 0x69, 0x65, 0x72, 0x5f, 0x63, 0x6f, 0x6e, 0x73, 0x74, 0x61,
  0x6e, 0x74, 0x01, 0x07, 0x00, 0x00, 0x00, 0x5f, 0x5f, 0x61, 0x77, 0x61, 0x69, 0x74, 0x01, 0x04,
  0x00, 0x00, 0x00, 0x53, 0x57, 0x41, 0x50, 0x01, 0x0a, 0x00, 0x00, 0x00, 0x65, 0x6d, 0x69, 0x74,
  0x5f, 0x62, 0x79, 0x74, 0x65, 0x73, 0x01, 0x04, 0x00, 0x00, 0x00, 0x43, 0x41, 0x4c, 0x4c, 0x00,
  0x00, 0x00, 0x00, 0x00, 0x00, 0x00, 0xf0, 0x3f, 0x07, 0x00, 0x00, 0x00, 0x70, 0x69, 0x70, 0x65,
  0x5f, 0x6f, 0x70, 0x01, 0x01, 0x00, 0x00, 0x00, 0xa1, 0x00, 0x00, 0x00, 0x09, 0x00, 0x00, 0x09,
  0x00, 0x01, 0x23, 0x01, 0x04, 0x09, 0x00, 0x02, 0x00, 0x00, 0x03, 0x23, 0x01, 0x21, 0x00, 0x30,
  0x04, 0x09, 0x00, 0x04, 0x00, 0x00, 0x05, 0x00, 0x00, 0x06, 0x23, 0x02, 0x04, 0x09, 0x00, 0x07,
  0x09, 0x00, 0x08, 0x0e, 0x00, 0x09, 0x23, 0x01, 0x04, 0x09, 0x00, 0x0a, 0x09, 0x00, 0x0b, 0x09,
  0x00, 0x0c, 0x0e, 0x00, 0x0d, 0x0e, 0x00, 0x0e, 0x23, 0x01, 0x23, 0x01, 0x04, 0x22, 0x00, 0x3b,
  0x04, 0x09, 0x00, 0x07, 0x09, 0x00, 0x08, 0x0e, 0x00, 0x0f, 0x23, 0x01, 0x04, 0x00, 0x00, 0x10,
  0x09, 0x00, 0x02, 0x00, 0x00, 0x11, 0x23, 0x01, 0x21, 0x00, 0x2d, 0x04, 0x09, 0x00, 0x12, 0x23,
  0x00, 0x07, 0x03, 0x00, 0x00, 0x13, 0x16, 0x00, 0x00, 0x14, 0x14, 0x21, 0x00, 0x0d, 0x04, 0x09,
  0x00, 0x15, 0x00, 0x00, 0x16, 0x23, 0x01, 0x04, 0x20, 0x00, 0x01, 0x04, 0x07, 0x02, 0x07, 0x03,
  0x16, 0x08, 0x02, 0x04, 0x04, 0x20, 0x00, 0x01, 0x04, 0x09, 0x00, 0x17, 0x09, 0x00, 0x08, 0x0e,
  0x00, 0x18, 0x07, 0x02, 0x00, 0x00, 0x19, 0x1a, 0x23, 0x02, 0x04, 0x01, 0x27, 0x0f, 0x00, 0x00,
  0x00, 0xa0, 0x03, 0x00, 0x00, 0x09, 0x00, 0x00, 0x00, 0xa1, 0x03, 0x00, 0x00, 0x0c, 0x00, 0x00,
  0x00, 0xa2, 0x03, 0x00, 0x00, 0x0c, 0x00, 0x00, 0x00, 0xa3, 0x03, 0x00, 0x00, 0x0c, 0x00, 0x00,
  0x00, 0xa4, 0x03, 0x00, 0x00, 0x14, 0x00, 0x00, 0x00, 0xa5, 0x03, 0x00, 0x00, 0x04, 0x00, 0x00,
  0x00, 0xa6, 0x03, 0x00, 0x00, 0x0c, 0x00, 0x00, 0x00, 0xa7, 0x03, 0x00, 0x00, 0x03, 0x00, 0x00,
  0x00, 0xa8, 0x03, 0x00, 0x00, 0x0c, 0x00, 0x00, 0x00, 0xa9, 0x03, 0x00, 0x00, 0x05, 0x00, 0x00,
  0x00, 0xaa, 0x03, 0x00, 0x00, 0x1b, 0x00, 0x00, 0x00, 0xab, 0x03, 0x00, 0x00, 0x08, 0x00, 0x00,
  0x00, 0xac, 0x03, 0x00, 0x00, 0x05, 0x00, 0x00, 0x00, 0xad, 0x03, 0x00, 0x00, 0x12, 0x00, 0x00,
  0x00, 0xae, 0x03, 0x00, 0x00, 0x02, 0x00, 0x00, 0x00, 0x1a, 0x00, 0x00, 0x00, 0x01, 0x10, 0x00,
  0x00, 0x00, 0x70, 0x61, 0x72, 0x73, 0x65, 0x5f, 0x70, 0x72, 0x65, 0x63, 0x65, 0x64, 0x65, 0x6e,
  0x63, 0x65, 0x01, 0x0c, 0x00, 0x00, 0x00, 0x50, 0x52, 0x45, 0x43, 0x5f, 0x50, 0x52, 0x49, 0x4d,
  0x41, 0x52, 0x59, 0x01, 0x05, 0x00, 0x00, 0x00, 0x6d, 0x61, 0x74, 0x63, 0x68, 0x01, 0x01, 0x00,
  0x00, 0x00, 0x2e, 0x01, 0x07, 0x00, 0x00, 0x00, 0x63, 0x6f, 0x6e, 0x73, 0x75, 0x6d, 0x65, 0x01,
  0x05, 0x00, 0x00, 0x00, 0x49, 0x44, 0x45, 0x4e, 0x54, 0x01, 0x1a, 0x00, 0x00, 0x00, 0x45, 0x78,
  0x70, 0x65, 0x63, 0x74, 0x65, 0x64, 0x20, 0x61, 0x20, 0x6e, 0x61, 0x6d, 0x65, 0x20, 0x61, 0x66,
  0x74, 0x65, 0x72, 0x20, 0x27, 0x2e, 0x27, 0x2e, 0x01, 0x09, 0x00, 0x00, 0x00, 0x65, 0x6d, 0x69,
  0x74, 0x5f, 0x62, 0x79, 0x74, 0x65, 0x01, 0x02, 0x00, 0x00, 0x00, 0x4f, 0x50, 0x01, 0x0c, 0x00,
  0x00, 0x00, 0x47, 0x45, 0x54, 0x5f, 0x50, 0x52, 0x4f, 0x50, 0x45, 0x52, 0x54, 0x59, 0x01, 0x0a,
  0x00, 0x00, 0x00, 0x65, 0x6d, 0x69, 0x74, 0x5f, 0x73, 0x68, 0x6f, 0x72, 0x74, 0x01, 0x13, 0x00,
  0x00, 0x00, 0x69, 0x64, 0x65, 0x6e, 0x74, 0x69, 0x66, 0x69, 0x65, 0x72, 0x5f, 0x63, 0x6f, 0x6e,
  0x73, 0x74, 0x61, 0x6e, 0x74, 0x01, 0x02, 0x00, 0x00, 0x00, 0x70, 0x73, 0x01, 0x08, 0x00, 0x00,
  0x00, 0x70, 0x72, 0x65, 0x76, 0x69, 0x6f, 0x75, 0x73, 0x01, 0x04, 0x00, 0x00, 0x00, 0x74, 0x65,
  0x78, 0x74, 0x01, 0x04, 0x00, 0x00, 0x00, 0x53, 0x57, 0x41, 0x50, 0x00, 0x00, 0x00, 0x00, 0x00,
  0x00, 0x00, 0xf0, 0x3f, 0x01, 0x01, 0x00, 0x00, 0x00, 0x28, 0x01, 0x0d, 0x00, 0x00, 0x00, 0x61,
  0x72, 0x67, 0x75, 0x6d, 0x65, 0x6e, 0x74, 0x5f, 0x6c, 0x69, 0x73, 0x74, 0x00, 0x00, 0x00, 0x00,
  0x00, 0x00, 0x00, 0xf0, 0x3f, 0x00, 0x00, 0x00, 0x00, 0x00, 0x00, 0xe0, 0x6f, 0x40, 0x01, 0x05,
  0x00, 0x00, 0x00, 0x65, 0x72, 0x72, 0x6f, 0x72, 0x01, 0x13, 0x00, 0x00, 0x00, 0x54, 0x6f, 0x6f,
  0x20, 0x6d, 0x61, 0x6e, 0x79, 0x20, 0x61, 0x72, 0x67, 0x75, 0x6d, 0x65, 0x6e, 0x74, 0x73, 0x2e,
  0x01, 0x0a, 0x00, 0x00, 0x00, 0x65, 0x6d, 0x69, 0x74, 0x5f, 0x62, 0x79, 0x74, 0x65, 0x73, 0x01,
  0x04, 0x00, 0x00, 0x00, 0x43, 0x41, 0x4c, 0x4c, 0x00, 0x00, 0x00, 0x00, 0x00, 0x00, 0x00, 0x70,
  0x40, 0x08, 0x00, 0x00, 0x00, 0x63, 0x6f, 0x61, 0x6c, 0x65, 0x73, 0x63, 0x65, 0x01, 0x01, 0x00,
  0x00, 0x00, 0x2e, 0x00, 0x00, 0x00, 0x09, 0x00, 0x00, 0x09, 0x00, 0x01, 0x0e, 0x00, 0x02, 0x23,
  0x01, 0x09, 0x00, 0x03, 0x09, 0x00, 0x01, 0x0e, 0x00, 0x04, 0x23, 0x01, 0x04, 0x09, 0x00, 0x05,
  0x09, 0x00, 0x06, 0x00, 0x00, 0x07, 0x16, 0x23, 0x01, 0x04, 0x09, 0x00, 0x08, 0x07, 0x02, 0x23,
  0x01, 0x04, 0x01, 0x27, 0x05, 0x00, 0x00, 0x00, 0xb2, 0x03, 0x00, 0x00, 0x0b, 0x00, 0x00, 0x00,
  0xb3, 0x03, 0x00, 0x00, 0x0c, 0x00, 0x00, 0x00, 0xb4, 0x03, 0x00, 0x00, 0x0d, 0x00, 0x00, 0x00,
  0xb5, 0x03, 0x00, 0x00, 0x08, 0x00, 0x00, 0x00, 0xb6, 0x03, 0x00, 0x00, 0x02, 0x00, 0x00, 0x00,
  0x09, 0x00, 0x00, 0x00, 0x01, 0x09, 0x00, 0x00, 0x00, 0x65, 0x6d, 0x69, 0x74, 0x5f, 0x6a, 0x75,
  0x6d, 0x70, 0x01, 0x02, 0x00, 0x00, 0x00, 0x4f, 0x50, 0x01, 0x0f, 0x00, 0x00, 0x00, 0x4a, 0x55,
  0x4d, 0x50, 0x5f, 0x49, 0x46, 0x5f, 0x4e, 0x4f, 0x54, 0x5f, 0x4e, 0x49, 0x4c, 0x01, 0x09, 0x00,
  0x00, 0x00, 0x65, 0x6d, 0x69, 0x74, 0x5f, 0x62, 0x79, 0x74, 0x65, 0x01, 0x03, 0x00, 0x00, 0x00,
  0x50, 0x4f, 0x50, 0x01, 0x10, 0x00, 0x00, 0x00, 0x70, 0x61, 0x72, 0x73, 0x65, 0x5f, 0x70, 0x72,
  0x65, 0x63, 0x65, 0x64, 0x65, 0x6e, 0x63, 0x65, 0x01, 0x0d, 0x00, 0x00, 0x00, 0x50, 0x52, 0x45,
  0x43, 0x5f, 0x43, 0x4f, 0x41, 0x4c, 0x45, 0x53, 0x43, 0x45, 0x00, 0x00, 0x00, 0x00, 0x00, 0x00,
  0x00, 0xf0, 0x3f, 0x01, 0x0a, 0x00, 0x00, 0x00, 0x70, 0x61, 0x74, 0x63, 0x68, 0x5f, 0x6a, 0x75,
  0x6d, 0x70, 0x0c, 0x00, 0x00, 0x00, 0x6f, 0x70, 0x74, 0x69, 0x6f, 0x6e, 0x61, 0x6c, 0x5f, 0x64,
  0x6f, 0x74, 0x01, 0x01, 0x00, 0x00, 0x00, 0x75, 0x00, 0x00, 0x00, 0x09, 0x00, 0x00, 0x09, 0x00,
  0x01, 0x0e, 0x00, 0x02, 0x23, 0x01, 0x09, 0x00, 0x03, 0x00, 0x00, 0x04, 0x00, 0x00, 0x05, 0x23,
  0x02, 0x04, 0x09, 0x00, 0x06, 0x09, 0x00, 0x07, 0x0e, 0x00, 0x08, 0x0e, 0x00, 0x09, 0x23, 0x01,
  0x09, 0x00, 0x0a, 0x00, 0x00, 0x0b, 0x23, 0x01, 0x21, 0x00, 0x26, 0x04, 0x09, 0x00, 0x0c, 0x23,
  0x00, 0x09, 0x00, 0x0d, 0x09, 0x00, 0x01, 0x0e, 0x00, 0x0e, 0x23, 0x01, 0x04, 0x09, 0x00, 0x0f,
  0x07, 0x03, 0x23, 0x01, 0x04, 0x09, 0x00, 0x0d, 0x07, 0x04, 0x23, 0x01, 0x04, 0x04, 0x20, 0x00,
  0x15, 0x04, 0x09, 0x00, 0x0d, 0x09, 0x00, 0x01, 0x0e, 0x00, 0x10, 0x23, 0x01, 0x04, 0x09, 0x00,
  0x0f, 0x07, 0x03, 0x23, 0x01, 0x04, 0x09, 0x00, 0x11, 0x07, 0x02, 0x23, 0x01, 0x04, 0x01, 0x27,
  0x0d, 0x00, 0x00, 0x00, 0xba, 0x03, 0x00, 0x00, 0x0b, 0x00, 0x00, 0x00, 0xbb, 0x03, 0x00, 0x00,
  0x0c, 0x00, 0x00, 0x00, 0xbc, 0x03, 0x00, 0x00, 0x0e, 0x00, 0x00, 0x00, 0xbd, 0x03, 0x00, 0x00,
  0x0c, 0x00, 0x00, 0x00, 0xbe, 0x03, 0x00, 0x00, 0x05, 0x00, 0x00, 0x00, 0xbf, 0x03, 0x00, 0x00,
  0x0c, 0x00, 0x00, 0x00, 0xc0, 0x03, 0x00, 0x00, 0x08, 0x00, 0x00, 0x00, 0xc1, 0x03, 0x00, 0x00,
  0x08, 0x00, 0x00, 0x00, 0xc2, 0x03, 0x00, 0x00, 0x05, 0x00, 0x00, 0x00, 0xc3, 0x03, 0x00, 0x00,
  0x0c, 0x00, 0x00, 0x00, 0xc4, 0x03, 0x00, 0x00, 0x08, 0x00, 0x00, 0x00, 0xc6, 0x03, 0x00, 0x00,
  0x08, 0x00, 0x00, 0x00, 0xc7, 0x03, 0x00, 0x00, 0x02, 0x00, 0x00, 0x00, 0x12, 0x00, 0x00, 0x00,
  0x01, 0x09, 0x00, 0x00, 0x00, 0x65, 0x6d, 0x69, 0x74, 0x5f, 0x6a, 0x75, 0x6d, 0x70, 0x01, 0x02,
  0x00, 0x00, 0x00, 0x4f, 0x50, 0x01, 0x0b, 0x00, 0x00, 0x00, 0x4a, 0x55, 0x4d, 0x50, 0x5f, 0x49,
  0x46, 0x5f, 0x4e, 0x49, 0x4c, 0x01, 0x07, 0x00, 0x00, 0x00, 0x63, 0x6f, 0x6e, 0x73, 0x75, 0x6d,
  0x65, 0x01, 0x05, 0x00, 0x00, 0x00, 0x49, 0x44, 0x45, 0x4e, 0x54, 0x01, 0x24, 0x00, 0x00, 0x00,
  0x45, 0x78, 0x70, 0x65, 0x63, 0x74, 0x65, 0x64, 0x20, 0x61, 0x20, 0x70, 0x72, 0x6f, 0x70, 0x65,
  0x72, 0x74, 0x79, 0x20, 0x6e, 0x61, 0x6d, 0x65, 0x20, 0x61, 0x66, 0x74, 0x65, 0x72, 0x20, 0x27,
  0x3f, 0x2e, 0x27, 0x2e, 0x01, 0x13, 0x00, 0x00, 0x00, 0x69, 0x64, 0x65, 0x6e, 0x74, 0x69, 0x66,
  0x69, 0x65, 0x72, 0x5f, 0x63, 0x6f, 0x6e, 0x73, 0x74, 0x61, 0x6e, 0x74, 0x01, 0x02, 0x00, 0x00,
  0x00, 0x70, 0x73, 0x01, 0x08, 0x00, 0x00, 0x00, 0x70, 0x72, 0x65, 0x76, 0x69, 0x6f, 0x75, 0x73,
  0x01, 0x04, 0x00, 0x00, 0x00, 0x74, 0x65, 0x78, 0x74, 0x01, 0x05, 0x00, 0x00, 0x00, 0x6d, 0x61,
  0x74, 0x63, 0x68, 0x01, 0x01, 0x00, 0x00, 0x00, 0x28, 0x01, 0x0d, 0x00, 0x00, 0x00, 0x61, 0x72,
  0x67, 0x75, 0x6d, 0x65, 0x6e, 0x74, 0x5f, 0x6c, 0x69, 0x73, 0x74, 0x01, 0x09, 0x00, 0x00, 0x00,
  0x65, 0x6d, 0x69, 0x74, 0x5f, 0x62, 0x79, 0x74, 0x65, 0x01, 0x06, 0x00, 0x00, 0x00, 0x49, 0x4e,
  0x56, 0x4f, 0x4b, 0x45, 0x01, 0x0a, 0x00, 0x00, 0x00, 0x65, 0x6d, 0x69, 0x74, 0x5f, 0x73, 0x68,
  0x6f, 0x72, 0x74, 0x01, 0x0c, 0x00, 0x00, 0x00, 0x47, 0x45, 0x54, 0x5f, 0x50, 0x52, 0x4f, 0x50,
  0x45, 0x52, 0x54, 0x59, 0x01, 0x0a, 0x00, 0x00, 0x00, 0x70, 0x61, 0x74, 0x63, 0x68, 0x5f, 0x6a,
  0x75, 0x6d, 0x70, 0x05, 0x00, 0x00, 0x00, 0x73, 0x65, 0x6c, 0x66, 0x5f, 0x01, 0x01, 0x00, 0x00,
  0x00, 0x21, 0x00, 0x00, 0x00, 0x09, 0x00, 0x00, 0x01, 0x13, 0x21, 0x00, 0x0f, 0x04, 0x09, 0x00,
  0x01, 0x00, 0x00, 0x02, 0x23, 0x01, 0x04, 0x01, 0x27, 0x20, 0x00, 0x01, 0x04, 0x09, 0x00, 0x03,
  0x03, 0x23, 0x01, 0x04, 0x01, 0x27, 0x06, 0x00, 0x00, 0x00, 0xca, 0x03, 0x00, 0x00, 0x09, 0x00,
  0x00, 0x00, 0xcb, 0x03, 0x00, 0x00, 0x09, 0x00, 0x00, 0x00, 0xcc, 0x03, 0x00, 0x00, 0x02, 0x00,
  0x00, 0x00, 0xcd, 0x03, 0x00, 0x00, 0x04, 0x00, 0x00, 0x00, 0xce, 0x03, 0x00, 0x00, 0x07, 0x00,
  0x00, 0x00, 0xcf, 0x03, 0x00, 0x00, 0x02, 0x00, 0x00, 0x00, 0x04, 0x00, 0x00, 0x00, 0x01, 0x0d,
  0x00, 0x00, 0x00, 0x63, 0x75, 0x72, 0x72, 0x65, 0x6e, 0x74, 0x5f, 0x63, 0x6c, 0x61, 0x73, 0x73,
  0x01, 0x05, 0x00, 0x00, 0x00, 0x65, 0x72, 0x72, 0x6f, 0x72, 0x01, 0x27, 0x00, 0x00, 0x00, 0x27,
  0x73, 0x65, 0x6c, 0x66, 0x27, 0x20, 0x63, 0x61, 0x6e, 0x20, 0x6f, 0x6e, 0x6c, 0x79, 0x20, 0x62,
  0x65, 0x20, 0x75, 0x73, 0x65, 0x64, 0x20, 0x69, 0x6e, 0x73, 0x69, 0x64, 0x65, 0x20, 0x61, 0x20,
  0x63, 0x6c, 0x61, 0x73, 0x73, 0x2e, 0x01, 0x08, 0x00, 0x00, 0x00, 0x76, 0x61, 0x72, 0x69, 0x61,
  0x62, 0x6c, 0x65, 0x06, 0x00, 0x00, 0x00, 0x73, 0x75, 0x70, 0x65, 0x72, 0x5f, 0x01, 0x01, 0x00,
  0x00, 0x00, 0xba, 0x00, 0x00, 0x00, 0x09, 0x00, 0x00, 0x01, 0x13, 0x21, 0x00, 0x0d, 0x04, 0x09,
  0x00, 0x01, 0x00, 0x00, 0x02, 0x23, 0x01, 0x04, 0x20, 0x00, 0x19, 0x04, 0x09, 0x00, 0x00, 0x0e,
  0x00, 0x03, 0x1d, 0x21, 0x00, 0x0d, 0x04, 0x09, 0x00, 0x01, 0x00, 0x00, 0x04, 0x23, 0x01, 0x04,
  0x20, 0x00, 0x01, 0x04, 0x09, 0x00, 0x05, 0x00, 0x00, 0x06, 0x00, 0x00, 0x07, 0x23, 0x02, 0x04,
  0x09, 0x00, 0x05, 0x00, 0x00, 0x08, 0x00, 0x00, 0x09, 0x23, 0x02, 0x04, 0x09, 0x00, 0x0a, 0x09,
  0x00, 0x0b, 0x0e, 0x00, 0x0c, 0x0e, 0x00, 0x0d, 0x23, 0x01, 0x09, 0x00, 0x0e, 0x00, 0x00, 0x0f,
  0x03, 0x23, 0x02, 0x04, 0x09, 0x00, 0x10, 0x00, 0x00, 0x11, 0x23, 0x01, 0x21, 0x00, 0x30, 0x04,
  0x09, 0x00, 0x12, 0x23, 0x00, 0x09, 0x00, 0x0e, 0x00, 0x00, 0x13, 0x03, 0x23, 0x02, 0x04, 0x09,
  0x00, 0x14, 0x09, 0x00, 0x15, 0x0e, 0x00, 0x16, 0x23, 0x01, 0x04, 0x09, 0x00, 0x17, 0x07, 0x02,
  0x23, 0x01, 0x04, 0x09, 0x00, 0x14, 0x07, 0x03, 0x23, 0x01, 0x04, 0x04, 0x20, 0x00, 0x1f, 0x04,
  0x09, 0x00, 0x0e, 0x00, 0x00, 0x18, 0x03, 0x23, 0x02, 0x04, 0x09, 0x00, 0x14, 0x09, 0x00, 0x15,
  0x0e, 0x00, 0x19, 0x23, 0x01, 0x04, 0x09, 0x00, 0x17, 0x07, 0x02, 0x23, 0x01, 0x04, 0x01, 0x27,
  0x11, 0x00, 0x00, 0x00, 0xd2, 0x03, 0x00, 0x00, 0x16, 0x00, 0x00, 0x00, 0xd3, 0x03, 0x00, 0x00,
  0x18, 0x00, 0x00, 0x00, 0xd4, 0x03, 0x00, 0x00, 0x0c, 0x00, 0x00, 0x00, 0xd5, 0x03, 0x00, 0x00,
  0x0c, 0x00, 0x00, 0x00, 0xd6, 0x03, 0x00, 0x00, 0x0e, 0x00, 0x00, 0x00, 0xd7, 0x03, 0x00, 0x00,
  0x0a, 0x00, 0x00, 0x00, 0xd8, 0x03, 0x00, 0x00, 0x0c, 0x00, 0x00, 0x00, 0xd9, 0x03, 0x00, 0x00,
  0x05, 0x00, 0x00, 0x00, 0xda, 0x03, 0x00, 0x00, 0x0a, 0x00, 0x00, 0x00, 0xdb, 0x03, 0x00, 0x00,
  0x0c, 0x00, 0x00, 0x00, 0xdc, 0x03, 0x00, 0x00, 0x08, 0x00, 0x00, 0x00, 0xdd, 0x03, 0x00, 0x00,
  0x08, 0x00, 0x00, 0x00, 0xde, 0x03, 0x00, 0x00, 0x05, 0x00, 0x00, 0x00, 0xdf, 0x03, 0x00, 0x00,
  0x0a, 0x00, 0x00, 0x00, 0xe0, 0x03, 0x00, 0x00, 0x0c, 0x00, 0x00, 0x00, 0xe1, 0x03, 0x00, 0x00,
  0x08, 0x00, 0x00, 0x00, 0xe3, 0x03, 0x00, 0x00, 0x02, 0x00, 0x00, 0x00, 0x1a, 0x00, 0x00, 0x00,
  0x01, 0x0d, 0x00, 0x00, 0x00, 0x63, 0x75, 0x72, 0x72, 0x65, 0x6e, 0x74, 0x5f, 0x63, 0x6c, 0x61,
  0x73, 0x73, 0x01, 0x05, 0x00, 0x00, 0x00, 0x65, 0x72, 0x72, 0x6f, 0x72, 0x01, 0x28, 0x00, 0x00,
  0x00, 0x27, 0x73, 0x75, 0x70, 0x65, 0x72, 0x27, 0x20, 0x63, 0x61, 0x6e, 0x20, 0x6f, 0x6e, 0x6c,
  0x79, 0x20, 0x62, 0x65, 0x20, 0x75, 0x73, 0x65, 0x64, 0x20, 0x69, 0x6e, 0x73, 0x69, 0x64, 0x65,
  0x20, 0x61, 0x20, 0x63, 0x6c, 0x61, 0x73, 0x73, 0x2e, 0x01, 0x0e, 0x00, 0x00, 0x00, 0x68, 0x61,
  0x73, 0x5f, 0x73, 0x75, 0x70, 0x65, 0x72, 0x63, 0x6c, 0x61, 0x73, 0x73, 0x01, 0x3f, 0x00, 0x00,
  0x00, 0x27, 0x73, 0x75, 0x70, 0x65, 0x72, 0x27, 0x20, 0x63, 0x61, 0x6e, 0x20, 0x6f, 0x6e, 0x6c,
  0x79, 0x20, 0x62, 0x65, 0x20, 0x75, 0x73, 0x65, 0x64, 0x20, 0x69, 0x6e, 0x20, 0x61, 0x20, 0x63,
  0x6c, 0x61, 0x73, 0x73, 0x20, 0x74, 0x68, 0x61, 0x74, 0x20, 0x65, 0x78, 0x74, 0x65, 0x6e, 0x64,
  0x73, 0x20, 0x61, 0x6e, 0x6f, 0x74, 0x68, 0x65, 0x72, 0x20, 0x63, 0x6c, 0x61, 0x73, 0x73, 0x2e,
  0x01, 0x07, 0x00, 0x00, 0x00, 0x63, 0x6f, 0x6e, 0x73, 0x75, 0x6d, 0x65, 0x01, 0x01, 0x00, 0x00,
  0x00, 0x2e, 0x01, 0x1b, 0x00, 0x00, 0x00, 0x45, 0x78, 0x70, 0x65, 0x63, 0x74, 0x65, 0x64, 0x20,
  0x27, 0x2e, 0x27, 0x20, 0x61, 0x66, 0x74, 0x65, 0x72, 0x20, 0x27, 0x73, 0x75, 0x70, 0x65, 0x72,
  0x27, 0x2e, 0x01, 0x05, 0x00, 0x00, 0x00, 0x49, 0x44, 0x45, 0x4e, 0x54, 0x01, 0x26, 0x00, 0x00,
  0x00, 0x45, 0x78, 0x70, 0x65, 0x63, 0x74, 0x65, 0x64, 0x20, 0x61, 0x20, 0x6d, 0x65, 0x74, 0x68,
  0x6f, 0x64, 0x20, 0x6e, 0x61, 0x6d, 0x65, 0x20, 0x61, 0x66, 0x74, 0x65, 0x72, 0x20, 0x27, 0x73,
  0x75, 0x70, 0x65, 0x72, 0x2e, 0x27, 0x2e, 0x01, 0x13, 0x00, 0x00, 0x00, 0x69, 0x64, 0x65, 0x6e,
  0x74, 0x69, 0x66, 0x69, 0x65, 0x72, 0x5f, 0x63, 0x6f, 0x6e, 0x73, 0x74, 0x61, 0x6e, 0x74, 0x01,
  0x02, 0x00, 0x00, 0x00, 0x70, 0x73, 0x01, 0x08, 0x00, 0x00, 0x00, 0x70, 0x72, 0x65, 0x76, 0x69,
  0x6f, 0x75, 0x73, 0x01, 0x04, 0x00, 0x00, 0x00, 0x74, 0x65, 0x78, 0x74, 0x01, 0x0e, 0x00, 0x00,
  0x00, 0x6e, 0x61, 0x6d, 0x65, 0x64, 0x5f, 0x76, 0x61, 0x72, 0x69, 0x61, 0x62, 0x6c, 0x65, 0x01,
  0x04, 0x00, 0x00, 0x00, 0x73, 0x65, 0x6c, 0x66, 0x01, 0x05, 0x00, 0x00, 0x00, 0x6d, 0x61, 0x74,
  0x63, 0x68, 0x01, 0x01, 0x00, 0x00, 0x00, 0x28, 0x01, 0x0d, 0x00, 0x00, 0x00, 0x61, 0x72, 0x67,
  0x75, 0x6d, 0x65, 0x6e, 0x74, 0x5f, 0x6c, 0x69, 0x73, 0x74, 0x01, 0x05, 0x00, 0x00, 0x00, 0x73,
  0x75, 0x70, 0x65, 0x72, 0x01, 0x09, 0x00, 0x00, 0x00, 0x65, 0x6d, 0x69, 0x74, 0x5f, 0x62, 0x79,
  0x74, 0x65, 0x01, 0x02, 0x00, 0x00, 0x00, 0x4f, 0x50, 0x01, 0x0c, 0x00, 0x00, 0x00, 0x53, 0x55,
  0x50, 0x45, 0x52, 0x5f, 0x49, 0x4e, 0x56, 0x4f, 0x4b, 0x45, 0x01, 0x0a, 0x00, 0x00, 0x00, 0x65,
  0x6d, 0x69, 0x74, 0x5f, 0x73, 0x68, 0x6f, 0x72, 0x74, 0x01, 0x05, 0x00, 0x00, 0x00, 0x73, 0x75,
  0x70, 0x65, 0x72, 0x01, 0x09, 0x00, 0x00, 0x00, 0x47, 0x45, 0x54, 0x5f, 0x53, 0x55, 0x50, 0x45,
  0x52, 0x0d, 0x00, 0x00, 0x00, 0x65, 0x6e, 0x64, 0x5f, 0x73, 0x74, 0x61, 0x74, 0x65, 0x6d, 0x65,
  0x6e, 0x74, 0x00, 0x00, 0x00, 0x00, 0x00, 0x3e, 0x00, 0x00, 0x00, 0x09, 0x00, 0x00, 0x00, 0x00,
  0x01, 0x23, 0x01, 0x21, 0x00, 0x06, 0x04, 0x01, 0x27, 0x20, 0x00, 0x01, 0x04, 0x09, 0x00, 0x02,
  0x00, 0x00, 0x03, 0x23, 0x01, 0x21, 0x00, 0x03, 0x20, 0x00, 0x09, 0x04, 0x09, 0x00, 0x02, 0x00,
  0x00, 0x04, 0x23, 0x01, 0x21, 0x00, 0x06, 0x04, 0x01, 0x27, 0x20, 0x00, 0x01, 0x04, 0x09, 0x00,
  0x05, 0x00, 0x00, 0x06, 0x23, 0x01, 0x04, 0x01, 0x27, 0x04, 0x00, 0x00, 0x00, 0xe8, 0x03, 0x00,
  0x00, 0x12, 0x00, 0x00, 0x00, 0xe9, 0x03, 0x00, 0x00, 0x21, 0x00, 0x00, 0x00, 0xea, 0x03, 0x00,
  0x00, 0x09, 0x00, 0x00, 0x00, 0xeb, 0x03, 0x00, 0x00, 0x02, 0x00, 0x00, 0x00, 0x07, 0x00, 0x00,
  0x00, 0x01, 0x05, 0x00, 0x00, 0x00, 0x6d, 0x61, 0x74, 0x63, 0x68, 0x01, 0x04, 0x00, 0x00, 0x00,
  0x53, 0x45, 0x4d, 0x49, 0x01, 0x05, 0x00, 0x00, 0x00, 0x63, 0x68, 0x65, 0x63, 0x6b, 0x01, 0x01,
  0x00, 0x00, 0x00, 0x7d, 0x01, 0x03, 0x00, 0x00, 0x00, 0x45, 0x4f, 0x46, 0x01, 0x10, 0x00, 0x00,
  0x00, 0x65, 0x72, 0x72, 0x6f, 0x72, 0x5f, 0x61, 0x74, 0x5f, 0x63, 0x75, 0x72, 0x72, 0x65, 0x6e,
  0x74, 0x01, 0x30, 0x00, 0x00, 0x00, 0x45, 0x78, 0x70, 0x65, 0x63, 0x74, 0x65, 0x64, 0x20, 0x61,
  0x20, 0x6e, 0x65, 0x77, 0x20, 0x6c, 0x69, 0x6e, 0x65, 0x20, 0x6f, 0x72, 0x20, 0x27, 0x3b, 0x27,
  0x20, 0x61, 0x66, 0x74, 0x65, 0x72, 0x20, 0x74, 0x68, 0x69, 0x73, 0x20, 0x73, 0x74, 0x61, 0x74,
  0x65, 0x6d, 0x65, 0x6e, 0x74, 0x2e, 0x05, 0x00, 0x00, 0x00, 0x62, 0x6c, 0x6f, 0x63, 0x6b, 0x00,
  0x00, 0x00, 0x00, 0x00, 0x3e, 0x00, 0x00, 0x00, 0x09, 0x00, 0x00, 0x23, 0x00, 0x04, 0x09, 0x00,
  0x01, 0x00, 0x00, 0x02, 0x23, 0x01, 0x1d, 0x21, 0x00, 0x0a, 0x04, 0x09, 0x00, 0x01, 0x00, 0x00,
  0x03, 0x23, 0x01, 0x1d, 0x21, 0x00, 0x10, 0x04, 0x09, 0x00, 0x04, 0x23, 0x00, 0x04, 0x09, 0x00,
  0x00, 0x23, 0x00, 0x04, 0x22, 0x00, 0x29, 0x04, 0x09, 0x00, 0x05, 0x00, 0x00, 0x06, 0x00, 0x00,
  0x07, 0x23, 0x02, 0x04, 0x01, 0x27, 0x07, 0x00, 0x00, 0x00, 0xee, 0x03, 0x00, 0x00, 0x06, 0x00,
  0x00, 0x00, 0xef, 0x03, 0x00, 0x00, 0x1a, 0x00, 0x00, 0x00, 0xf0, 0x03, 0x00, 0x00, 0x06, 0x00,
  0x00, 0x00, 0xf1, 0x03, 0x00, 0x00, 0x06, 0x00, 0x00, 0x00, 0xf2, 0x03, 0x00, 0x00, 0x04, 0x00,
  0x00, 0x00, 0xf3, 0x03, 0x00, 0x00, 0x0c, 0x00, 0x00, 0x00, 0xf4, 0x03, 0x00, 0x00, 0x02, 0x00,
  0x00, 0x00, 0x08, 0x00, 0x00, 0x00, 0x01, 0x0a, 0x00, 0x00, 0x00, 0x73, 0x6b, 0x69, 0x70, 0x5f,
  0x73, 0x65, 0x6d, 0x69, 0x73, 0x01, 0x05, 0x00, 0x00, 0x00, 0x63, 0x68, 0x65, 0x63, 0x6b, 0x01,
  0x01, 0x00, 0x00, 0x00, 0x7d, 0x01, 0x03, 0x00, 0x00, 0x00, 0x45, 0x4f, 0x46, 0x01, 0x0b, 0x00,
  0x00, 0x00, 0x64, 0x65, 0x63, 0x6c, 0x61, 0x72, 0x61, 0x74, 0x69, 0x6f, 0x6e, 0x01, 0x07, 0x00,
  0x00, 0x00, 0x63, 0x6f, 0x6e, 0x73, 0x75, 0x6d, 0x65, 0x01, 0x01, 0x00, 0x00, 0x00, 0x7d, 0x01,
  0x20, 0x00, 0x00, 0x00, 0x45, 0x78, 0x70, 0x65, 0x63, 0x74, 0x65, 0x64, 0x20, 0x27, 0x7d, 0x27,
  0x20, 0x74, 0x6f, 0x20, 0x63, 0x6c, 0x6f, 0x73, 0x65, 0x20, 0x74, 0x68, 0x65, 0x20, 0x62, 0x6c,
  0x6f, 0x63, 0x6b, 0x2e, 0x0c, 0x00, 0x00, 0x00, 0x73, 0x63, 0x6f, 0x70, 0x65, 0x64, 0x5f, 0x62,
  0x6c, 0x6f, 0x63, 0x6b, 0x00, 0x00, 0x00, 0x00, 0x00, 0x20, 0x00, 0x00, 0x00, 0x09, 0x00, 0x00,
  0x00, 0x00, 0x01, 0x00, 0x00, 0x02, 0x23, 0x02, 0x04, 0x09, 0x00, 0x03, 0x23, 0x00, 0x04, 0x09,
  0x00, 0x04, 0x23, 0x00, 0x04, 0x09, 0x00, 0x05, 0x23, 0x00, 0x04, 0x01, 0x27, 0x05, 0x00, 0x00,
  0x00, 0xf7, 0x03, 0x00, 0x00, 0x0c, 0x00, 0x00, 0x00, 0xf8, 0x03, 0x00, 0x00, 0x06, 0x00, 0x00,
  0x00, 0xf9, 0x03, 0x00, 0x00, 0x06, 0x00, 0x00, 0x00, 0xfa, 0x03, 0x00, 0x00, 0x06, 0x00, 0x00,
  0x00, 0xfb, 0x03, 0x00, 0x00, 0x02, 0x00, 0x00, 0x00, 0x06, 0x00, 0x00, 0x00, 0x01, 0x07, 0x00,
  0x00, 0x00, 0x63, 0x6f, 0x6e, 0x73, 0x75, 0x6d, 0x65, 0x01, 0x01, 0x00, 0x00, 0x00, 0x7b, 0x01,
  0x0d, 0x00, 0x00, 0x00, 0x45, 0x78, 0x70, 0x65, 0x63, 0x74, 0x65, 0x64, 0x20, 0x27, 0x7b, 0x27,
  0x2e, 0x01, 0x0b, 0x00, 0x00, 0x00, 0x62, 0x65, 0x67, 0x69, 0x6e, 0x5f, 0x73, 0x63, 0x6f, 0x70,
  0x65, 0x01, 0x05, 0x00, 0x00, 0x00, 0x62, 0x6c, 0x6f, 0x63, 0x6b, 0x01, 0x09, 0x00, 0x00, 0x00,
  0x65, 0x6e, 0x64, 0x5f, 0x73, 0x63, 0x6f, 0x70, 0x65, 0x0f, 0x00, 0x00, 0x00, 0x6c, 0x65, 0x74,
  0x5f, 0x64, 0x65, 0x63, 0x6c, 0x61, 0x72, 0x61, 0x74, 0x69, 0x6f, 0x6e, 0x00, 0x00, 0x00, 0x00,
  0x00, 0x9c, 0x00, 0x00, 0x00, 0x09, 0x00, 0x00, 0x00, 0x00, 0x01, 0x23, 0x01, 0x09, 0x00, 0x02,
  0x0e, 0x00, 0x03, 0x0e, 0x00, 0x04, 0x00, 0x00, 0x05, 0x09, 0x00, 0x06, 0x00, 0x00, 0x07, 0x23,
  0x01, 0x21, 0x00, 0x0c, 0x04, 0x09, 0x00, 0x08, 0x23, 0x00, 0x08, 0x03, 0x04, 0x20, 0x00, 0x01,
  0x04, 0x09, 0x00, 0x06, 0x00, 0x00, 0x09, 0x23, 0x01, 0x21, 0x00, 0x48, 0x04, 0x09, 0x00, 0x0a,
  0x00, 0x00, 0x0b, 0x23, 0x01, 0x21, 0x00, 0x0a, 0x04, 0x09, 0x00, 0x0c, 0x23, 0x00, 0x04, 0x20,
  0x00, 0x01, 0x04, 0x09, 0x00, 0x0d, 0x23, 0x00, 0x04, 0x07, 0x03, 0x00, 0x00, 0x0e, 0x13, 0x1d,
  0x21, 0x00, 0x1d, 0x04, 0x09, 0x00, 0x0f, 0x07, 0x03, 0x00, 0x00, 0x10, 0x07, 0x02, 0x00, 0x00,
  0x11, 0x00, 0x00, 0x12, 0x12, 0x16, 0x00, 0x00, 0x13, 0x16, 0x23, 0x02, 0x04, 0x20, 0x00, 0x01,
  0x04, 0x20, 0x00, 0x0d, 0x04, 0x09, 0x00, 0x14, 0x09, 0x00, 0x15, 0x0e, 0x00, 0x16, 0x23, 0x01,
  0x04, 0x09, 0x00, 0x17, 0x23, 0x00, 0x04, 0x09, 0x00, 0x18, 0x07, 0x01, 0x23, 0x01, 0x04, 0x01,
  0x27, 0x0d, 0x00, 0x00, 0x00, 0xfe, 0x03, 0x00, 0x00, 0x08, 0x00, 0x00, 0x00, 0xff, 0x03, 0x00,
  0x00, 0x09, 0x00, 0x00, 0x00, 0x00, 0x04, 0x00, 0x00, 0x03, 0x00, 0x00, 0x00, 0x01, 0x04, 0x00,
  0x00, 0x18, 0x00, 0x00, 0x00, 0x02, 0x04, 0x00, 0x00, 0x0c, 0x00, 0x00, 0x00, 0x03, 0x04, 0x00,
  0x00, 0x16, 0x00, 0x00, 0x00, 0x04, 0x04, 0x00, 0x00, 0x06, 0x00, 0x00, 0x00, 0x05, 0x04, 0x00,
  0x00, 0x28, 0x00, 0x00, 0x00, 0x06, 0x04, 0x00, 0x00, 0x04, 0x00, 0x00, 0x00, 0x07, 0x04, 0x00,
  0x00, 0x0c, 0x00, 0x00, 0x00, 0x09, 0x04, 0x00, 0x00, 0x06, 0x00, 0x00, 0x00, 0x0a, 0x04, 0x00,
  0x00, 0x08, 0x00, 0x00, 0x00, 0x0b, 0x04, 0x00, 0x00, 0x02, 0x00, 0x00, 0x00, 0x19, 0x00, 0x00,
  0x00, 0x01, 0x0e, 0x00, 0x00, 0x00, 0x70, 0x61, 0x72, 0x73, 0x65, 0x5f, 0x76, 0x61, 0x72, 0x69,
  0x61, 0x62, 0x6c, 0x65, 0x01, 0x25, 0x00, 0x00, 0x00, 0x45, 0x78, 0x70, 0x65, 0x63, 0x74, 0x65,
  0x64, 0x20, 0x61, 0x20, 0x76, 0x61, 0x72, 0x69, 0x61, 0x62, 0x6c, 0x65, 0x20, 0x6e, 0x61, 0x6d,
  0x65, 0x20, 0x61, 0x66, 0x74, 0x65, 0x72, 0x20, 0x27, 0x6c, 0x65, 0x74, 0x27, 0x2e, 0x01, 0x02,
  0x00, 0x00, 0x00, 0x70, 0x73, 0x01, 0x08, 0x00, 0x00, 0x00, 0x70, 0x72, 0x65, 0x76, 0x69, 0x6f,
  0x75, 0x73, 0x01, 0x04, 0x00, 0x00, 0x00, 0x74, 0x65, 0x78, 0x74, 0x01, 0x00, 0x00, 0x00, 0x00,
  0x01, 0x05, 0x00, 0x00, 0x00, 0x6d, 0x61, 0x74, 0x63, 0x68, 0x01, 0x01, 0x00, 0x00, 0x00, 0x3a,
  0x01, 0x09, 0x00, 0x00, 0x00, 0x74, 0x79, 0x70, 0x65, 0x5f, 0x73, 0x70, 0x65, 0x63, 0x01, 0x01,
  0x00, 0x00, 0x00, 0x3d, 0x01, 0x05, 0x00, 0x00, 0x00, 0x63, 0x68, 0x65, 0x63, 0x6b, 0x01, 0x02,
  0x00, 0x00, 0x00, 0x66, 0x6e, 0x01, 0x10, 0x00, 0x00, 0x00, 0x6d, 0x61, 0x72, 0x6b, 0x5f, 0x69,
  0x6e, 0x69, 0x74, 0x69, 0x61, 0x6c, 0x69, 0x7a, 0x65, 0x64, 0x01, 0x0a, 0x00, 0x00, 0x00, 0x65,
  0x78, 0x70, 0x72, 0x65, 0x73, 0x73, 0x69, 0x6f, 0x6e, 0x01, 0x00, 0x00, 0x00, 0x00, 0x01, 0x0e,
  0x00, 0x00, 0x00, 0x65, 0x6d, 0x69, 0x74, 0x5f, 0x63, 0x68, 0x65, 0x63, 0x6b, 0x5f, 0x74, 0x6f,
  0x70, 0x01, 0x0a, 0x00, 0x00, 0x00, 0x76, 0x61, 0x72, 0x69, 0x61, 0x62, 0x6c, 0x65, 0x20, 0x27,
  0x00, 0x00, 0x00, 0x00, 0x00, 0x00, 0x00, 0x00, 0x00, 0x00, 0x00, 0x00, 0x00, 0x00, 0x00, 0x00,
  0x4e, 0x40, 0x01, 0x01, 0x00, 0x00, 0x00, 0x27, 0x01, 0x09, 0x00, 0x00, 0x00, 0x65, 0x6d, 0x69,
  0x74, 0x5f, 0x62, 0x79, 0x74, 0x65, 0x01, 0x02, 0x00, 0x00, 0x00, 0x4f, 0x50, 0x01, 0x03, 0x00,
  0x00, 0x00, 0x4e, 0x49, 0x4c, 0x01, 0x0d, 0x00, 0x00, 0x00, 0x65, 0x6e, 0x64, 0x5f, 0x73, 0x74,
  0x61, 0x74, 0x65, 0x6d, 0x65, 0x6e, 0x74, 0x01, 0x0f, 0x00, 0x00, 0x00, 0x64, 0x65, 0x66, 0x69,
  0x6e, 0x65, 0x5f, 0x76, 0x61, 0x72, 0x69, 0x61, 0x62, 0x6c, 0x65, 0x0f, 0x00, 0x00, 0x00, 0x66,
  0x75, 0x6e, 0x5f, 0x64, 0x65, 0x63, 0x6c, 0x61, 0x72, 0x61, 0x74, 0x69, 0x6f, 0x6e, 0x01, 0x00,
  0x00, 0x00, 0x00, 0x38, 0x00, 0x00, 0x00, 0x07, 0x01, 0x38, 0x00, 0x04, 0x04, 0x03, 0x08, 0x01,
  0x04, 0x09, 0x00, 0x00, 0x00, 0x00, 0x01, 0x23, 0x01, 0x09, 0x00, 0x02, 0x0e, 0x00, 0x03, 0x0e,
  0x00, 0x04, 0x09, 0x00, 0x05, 0x23, 0x00, 0x04, 0x09, 0x00, 0x06, 0x00, 0x00, 0x07, 0x07, 0x03,
  0x07, 0x01, 0x23, 0x03, 0x04, 0x09, 0x00, 0x08, 0x07, 0x02, 0x23, 0x01, 0x04, 0x01, 0x27, 0x07,
  0x00, 0x00, 0x00, 0x0d, 0x04, 0x00, 0x00, 0x0a, 0x00, 0x00, 0x00, 0x0e, 0x04, 0x00, 0x00, 0x08,
  0x00, 0x00, 0x00, 0x0f, 0x04, 0x00, 0x00, 0x09, 0x00, 0x00, 0x00, 0x10, 0x04, 0x00, 0x00, 0x06,
  0x00, 0x00, 0x00, 0x11, 0x04, 0x00, 0x00, 0x0d, 0x00, 0x00, 0x00, 0x12, 0x04, 0x00, 0x00, 0x08,
  0x00, 0x00, 0x00, 0x13, 0x04, 0x00, 0x00, 0x02, 0x00, 0x00, 0x00, 0x09, 0x00, 0x00, 0x00, 0x01,
  0x0e, 0x00, 0x00, 0x00, 0x70, 0x61, 0x72, 0x73, 0x65, 0x5f, 0x76, 0x61, 0x72, 0x69, 0x61, 0x62,
  0x6c, 0x65, 0x01, 0x19, 0x00, 0x00, 0x00, 0x45, 0x78, 0x70, 0x65, 0x63, 0x74, 0x65, 0x64, 0x20,
  0x61, 0x20, 0x66, 0x75, 0x6e, 0x63, 0x74, 0x69, 0x6f, 0x6e, 0x20, 0x6e, 0x61, 0x6d, 0x65, 0x2e,
  0x01, 0x02, 0x00, 0x00, 0x00, 0x70, 0x73, 0x01, 0x08, 0x00, 0x00, 0x00, 0x70, 0x72, 0x65, 0x76,
  0x69, 0x6f, 0x75, 0x73, 0x01, 0x04, 0x00, 0x00, 0x00, 0x74, 0x65, 0x78, 0x74, 0x01, 0x10, 0x00,
  0x00, 0x00, 0x6d, 0x61, 0x72, 0x6b, 0x5f, 0x69, 0x6e, 0x69, 0x74, 0x69, 0x61, 0x6c, 0x69, 0x7a,
  0x65, 0x64, 0x01, 0x08, 0x00, 0x00, 0x00, 0x66, 0x75, 0x6e, 0x63, 0x74, 0x69, 0x6f, 0x6e, 0x01,
  0x08, 0x00, 0x00, 0x00, 0x66, 0x75, 0x6e, 0x63, 0x74, 0x69, 0x6f, 0x6e, 0x01, 0x0f, 0x00, 0x00,
  0x00, 0x64, 0x65, 0x66, 0x69, 0x6e, 0x65, 0x5f, 0x76, 0x61, 0x72, 0x69, 0x61, 0x62, 0x6c, 0x65,
  0x06, 0x00, 0x00, 0x00, 0x6d, 0x65, 0x74, 0x68, 0x6f, 0x64, 0x00, 0x00, 0x00, 0x00, 0x00, 0x6d,
  0x00, 0x00, 0x00, 0x09, 0x00, 0x00, 0x23, 0x00, 0x04, 0x09, 0x00, 0x01, 0x00, 0x00, 0x02, 0x23,
  0x01, 0x09, 0x00, 0x03, 0x00, 0x00, 0x04, 0x00, 0x00, 0x05, 0x23, 0x02, 0x04, 0x09, 0x00, 0x03,
  0x00, 0x00, 0x06, 0x00, 0x00, 0x07, 0x23, 0x02, 0x04, 0x09, 0x00, 0x08, 0x0e, 0x00, 0x09, 0x0e,
  0x00, 0x0a, 0x09, 0x00, 0x0b, 0x07, 0x02, 0x23, 0x01, 0x09, 0x00, 0x0c, 0x07, 0x02, 0x00, 0x00,
  0x0d, 0x13, 0x21, 0x00, 0x04, 0x04, 0x00, 0x00, 0x0e, 0x21, 0x00, 0x03, 0x20, 0x00, 0x04, 0x04,
  0x00, 0x00, 0x0f, 0x07, 0x02, 0x07, 0x01, 0x23, 0x03, 0x04, 0x09, 0x00, 0x10, 0x09, 0x00, 0x11,
  0x0e, 0x00, 0x12, 0x23, 0x01, 0x04, 0x09, 0x00, 0x13, 0x07, 0x03, 0x23, 0x01, 0x04, 0x01, 0x27,
  0x0a, 0x00, 0x00, 0x00, 0x16, 0x04, 0x00, 0x00, 0x06, 0x00, 0x00, 0x00, 0x17, 0x04, 0x00, 0x00,
  0x08, 0x00, 0x00, 0x00, 0x18, 0x04, 0x00, 0x00, 0x0c, 0x00, 0x00, 0x00, 0x19, 0x04, 0x00, 0x00,
  0x0c, 0x00, 0x00, 0x00, 0x1a, 0x04, 0x00, 0x00, 0x09, 0x00, 0x00, 0x00, 0x1b, 0x04, 0x00, 0x00,
  0x07, 0x00, 0x00, 0x00, 0x1c, 0x04, 0x00, 0x00, 0x21, 0x00, 0x00, 0x00, 0x1d, 0x04, 0x00, 0x00,
  0x0c, 0x00, 0x00, 0x00, 0x1e, 0x04, 0x00, 0x00, 0x08, 0x00, 0x00, 0x00, 0x1f, 0x04, 0x00, 0x00,
  0x02, 0x00, 0x00, 0x00, 0x14, 0x00, 0x00, 0x00, 0x01, 0x0a, 0x00, 0x00, 0x00, 0x73, 0x6b, 0x69,
  0x70, 0x5f, 0x73, 0x65, 0x6d, 0x69, 0x73, 0x01, 0x05, 0x00, 0x00, 0x00, 0x6d, 0x61, 0x74, 0x63,
  0x68, 0x01, 0x05, 0x00, 0x00, 0x00, 0x61, 0x73, 0x79, 0x6e, 0x63, 0x01, 0x07, 0x00, 0x00, 0x00,
  0x63, 0x6f, 0x6e, 0x73, 0x75, 0x6d, 0x65, 0x01, 0x02, 0x00, 0x00, 0x00, 0x66, 0x6e, 0x01, 0x20,
  0x00, 0x00, 0x00, 0x45, 0x78, 0x70, 0x65, 0x63, 0x74, 0x65, 0x64, 0x20, 0x27, 0x66, 0x6e, 0x27,
  0x20, 0x74, 0x6f, 0x20, 0x73, 0x74, 0x61, 0x72, 0x74, 0x20, 0x61, 0x20, 0x6d, 0x65, 0x74, 0x68,
  0x6f, 0x64, 0x2e, 0x01, 0x05, 0x00, 0x00, 0x00, 0x49, 0x44, 0x45, 0x4e, 0x54, 0x01, 0x17, 0x00,
  0x00, 0x00, 0x45, 0x78, 0x70, 0x65, 0x63, 0x74, 0x65, 0x64, 0x20, 0x61, 0x20, 0x6d, 0x65, 0x74,
  0x68, 0x6f, 0x64, 0x20, 0x6e, 0x61, 0x6d, 0x65, 0x2e, 0x01, 0x02, 0x00, 0x00, 0x00, 0x70, 0x73,
  0x01, 0x08, 0x00, 0x00, 0x00, 0x70, 0x72, 0x65, 0x76, 0x69, 0x6f, 0x75, 0x73, 0x01, 0x04, 0x00,
  0x00, 0x00, 0x74, 0x65, 0x78, 0x74, 0x01, 0x13, 0x00, 0x00, 0x00, 0x69, 0x64, 0x65, 0x6e, 0x74,
  0x69, 0x66, 0x69, 0x65, 0x72, 0x5f, 0x63, 0x6f, 0x6e, 0x73, 0x74, 0x61, 0x6e, 0x74, 0x01, 0x08,
  0x00, 0x00, 0x00, 0x66, 0x75, 0x6e, 0x63, 0x74, 0x69, 0x6f, 0x6e, 0x01, 0x04, 0x00, 0x00, 0x00,
  0x69, 0x6e, 0x69, 0x74, 0x01, 0x0b, 0x00, 0x00, 0x00, 0x69, 0x6e, 0x69, 0x74, 0x69, 0x61, 0x6c,
  0x69, 0x7a, 0x65, 0x72, 0x01, 0x06, 0x00, 0x00, 0x00, 0x6d, 0x65, 0x74, 0x68, 0x6f, 0x64, 0x01,
  0x09, 0x00, 0x00, 0x00, 0x65, 0x6d, 0x69, 0x74, 0x5f, 0x62, 0x79, 0x74, 0x65, 0x01, 0x02, 0x00,
  0x00, 0x00, 0x4f, 0x50, 0x01, 0x06, 0x00, 0x00, 0x00, 0x4d, 0x45, 0x54, 0x48, 0x4f, 0x44, 0x01,
  0x0a, 0x00, 0x00, 0x00, 0x65, 0x6d, 0x69, 0x74, 0x5f, 0x73, 0x68, 0x6f, 0x72, 0x74, 0x11, 0x00,
  0x00, 0x00, 0x63, 0x6c, 0x61, 0x73, 0x73, 0x5f, 0x64, 0x65, 0x63, 0x6c, 0x61, 0x72, 0x61, 0x74,
  0x69, 0x6f, 0x6e, 0x00, 0x00, 0x00, 0x00, 0x00, 0x46, 0x01, 0x00, 0x00, 0x09, 0x00, 0x00, 0x00,
  0x00, 0x01, 0x00, 0x00, 0x02, 0x23, 0x02, 0x04, 0x09, 0x00, 0x03, 0x0e, 0x00, 0x04, 0x0e, 0x00,
  0x05, 0x09, 0x00, 0x06, 0x07, 0x01, 0x23, 0x01, 0x09, 0x00, 0x07, 0x23, 0x00, 0x04, 0x09, 0x00,
  0x08, 0x09, 0x00, 0x09, 0x0e, 0x00, 0x0a, 0x23, 0x01, 0x04, 0x09, 0x00, 0x0b, 0x07, 0x02, 0x23,
  0x01, 0x04, 0x09, 0x00, 0x0c, 0x07, 0x02, 0x23, 0x01, 0x04, 0x00, 0x00, 0x0d, 0x03, 0x00, 0x00,
  0x0e, 0x09, 0x00, 0x0f, 0x29, 0x00, 0x02, 0x07, 0x03, 0x0b, 0x00, 0x0f, 0x04, 0x09, 0x00, 0x10,
  0x00, 0x00, 0x11, 0x23, 0x01, 0x21, 0x00, 0x68, 0x04, 0x09, 0x00, 0x00, 0x00, 0x00, 0x12, 0x00,
  0x00, 0x13, 0x23, 0x02, 0x04, 0x09, 0x00, 0x14, 0x03, 0x23, 0x01, 0x04, 0x07, 0x01, 0x09, 0x00,
  0x03, 0x0e, 0x00, 0x04, 0x0e, 0x00, 0x05, 0x13, 0x21, 0x00, 0x0d, 0x04, 0x09, 0x00, 0x15, 0x00,
  0x00, 0x16, 0x23, 0x01, 0x04, 0x20, 0x00, 0x01, 0x04, 0x09, 0x00, 0x17, 0x23, 0x00, 0x04, 0x09,
  0x00, 0x18, 0x00, 0x00, 0x19, 0x23, 0x01, 0x04, 0x09, 0x00, 0x0c, 0x00, 0x00, 0x1a, 0x23, 0x01,
  0x04, 0x09, 0x00, 0x1b, 0x07, 0x01, 0x03, 0x23, 0x02, 0x04, 0x09, 0x00, 0x08, 0x09, 0x00, 0x09,
  0x0e, 0x00, 0x1c, 0x23, 0x01, 0x04, 0x07, 0x03, 0x02, 0x0f, 0x00, 0x0d, 0x04, 0x20, 0x00, 0x01,
  0x04, 0x09, 0x00, 0x1b, 0x07, 0x01, 0x03, 0x23, 0x02, 0x04, 0x09, 0x00, 0x1d, 0x23, 0x00, 0x04,
  0x09, 0x00, 0x00, 0x00, 0x00, 0x1e, 0x00, 0x00, 0x1f, 0x23, 0x02, 0x04, 0x09, 0x00, 0x1d, 0x23,
  0x00, 0x04, 0x09, 0x00, 0x20, 0x00, 0x00, 0x21, 0x23, 0x01, 0x1d, 0x21, 0x00, 0x0a, 0x04, 0x09,
  0x00, 0x20, 0x00, 0x00, 0x22, 0x23, 0x01, 0x1d, 0x21, 0x00, 0x10, 0x04, 0x09, 0x00, 0x23, 0x23,
  0x00, 0x04, 0x09, 0x00, 0x1d, 0x23, 0x00, 0x04, 0x22, 0x00, 0x29, 0x04, 0x09, 0x00, 0x00, 0x00,
  0x00, 0x24, 0x00, 0x00, 0x25, 0x23, 0x02, 0x04, 0x09, 0x00, 0x08, 0x09, 0x00, 0x09, 0x0e, 0x00,
  0x26, 0x23, 0x01, 0x04, 0x07, 0x03, 0x0e, 0x00, 0x0d, 0x21, 0x00, 0x0a, 0x04, 0x09, 0x00, 0x27,
  0x23, 0x00, 0x04, 0x20, 0x00, 0x01, 0x04, 0x07, 0x03, 0x0e, 0x00, 0x0e, 0x0b, 0x00, 0x0f, 0x04,
  0x01, 0x27, 0x21, 0x00, 0x00, 0x00, 0x22, 0x04, 0x00, 0x00, 0x0c, 0x00, 0x00, 0x00, 0x23, 0x04,
  0x00, 0x00, 0x09, 0x00, 0x00, 0x00, 0x24, 0x04, 0x00, 0x00, 0x07, 0x00, 0x00, 0x00, 0x25, 0x04,
  0x00, 0x00, 0x06, 0x00, 0x00, 0x00, 0x26, 0x04, 0x00, 0x00, 0x0c, 0x00, 0x00, 0x00, 0x27, 0x04,
  0x00, 0x00, 0x08, 0x00, 0x00, 0x00, 0x28, 0x04, 0x00, 0x00, 0x08, 0x00, 0x00, 0x00, 0x2a, 0x04,
  0x00, 0x00, 0x0d, 0x00, 0x00, 0x00, 0x2b, 0x04, 0x00, 0x00, 0x06, 0x00, 0x00, 0x00, 0x2d, 0x04,
  0x00, 0x00, 0x0c, 0x00, 0x00, 0x00, 0x2e, 0x04, 0x00, 0x00, 0x0c, 0x00, 0x00, 0x00, 0x2f, 0x04,
  0x00, 0x00, 0x07, 0x00, 0x00, 0x00, 0x30, 0x04, 0x00, 0x00, 0x1d, 0x00, 0x00, 0x00, 0x31, 0x04,
  0x00, 0x00, 0x06, 0x00, 0x00, 0x00, 0x32, 0x04, 0x00, 0x00, 0x09, 0x00, 0x00, 0x00, 0x33, 0x04,
  0x00, 0x00, 0x09, 0x00, 0x00, 0x00, 0x34, 0x04, 0x00, 0x00, 0x09, 0x00, 0x00, 0x00, 0x35, 0x04,
  0x00, 0x00, 0x0c, 0x00, 0x00, 0x00, 0x36, 0x04, 0x00, 0x00, 0x07, 0x00, 0x00, 0x00, 0x37, 0x04,
  0x00, 0x00, 0x04, 0x00, 0x00, 0x00, 0x39, 0x04, 0x00, 0x00, 0x09, 0x00, 0x00, 0x00, 0x3a, 0x04,
  0x00, 0x00, 0x06, 0x00, 0x00, 0x00, 0x3b, 0x04, 0x00, 0x00, 0x0c, 0x00, 0x00, 0x00, 0x3c, 0x04,
  0x00, 0x00, 0x06, 0x00, 0x00, 0x00, 0x3d, 0x04, 0x00, 0x00, 0x1a, 0x00, 0x00, 0x00, 0x3e, 0x04,
  0x00, 0x00, 0x06, 0x00, 0x00, 0x00, 0x3f, 0x04, 0x00, 0x00, 0x06, 0x00, 0x00, 0x00, 0x40, 0x04,
  0x00, 0x00, 0x04, 0x00, 0x00, 0x00, 0x41, 0x04, 0x00, 0x00, 0x0c, 0x00, 0x00, 0x00, 0x42, 0x04,
  0x00, 0x00, 0x0c, 0x00, 0x00, 0x00, 0x43, 0x04, 0x00, 0x00, 0x13, 0x00, 0x00, 0x00, 0x44, 0x04,
  0x00, 0x00, 0x09, 0x00, 0x00, 0x00, 0x45, 0x04, 0x00, 0x00, 0x02, 0x00, 0x00, 0x00, 0x28, 0x00,
  0x00, 0x00, 0x01, 0x07, 0x00, 0x00, 0x00, 0x63, 0x6f, 0x6e, 0x73, 0x75, 0x6d, 0x65, 0x01, 0x05,
  0x00, 0x00, 0x00, 0x49, 0x44, 0x45, 0x4e, 0x54, 0x01, 0x16, 0x00, 0x00, 0x00, 0x45, 0x78, 0x70,
  0x65, 0x63, 0x74, 0x65, 0x64, 0x20, 0x61, 0x20, 0x63, 0x6c, 0x61, 0x73, 0x73, 0x20, 0x6e, 0x61,
  0x6d, 0x65, 0x2e, 0x01, 0x02, 0x00, 0x00, 0x00, 0x70, 0x73, 0x01, 0x08, 0x00, 0x00, 0x00, 0x70,
  0x72, 0x65, 0x76, 0x69, 0x6f, 0x75, 0x73, 0x01, 0x04, 0x00, 0x00, 0x00, 0x74, 0x65, 0x78, 0x74,
  0x01, 0x13, 0x00, 0x00, 0x00, 0x69, 0x64, 0x65, 0x6e, 0x74, 0x69, 0x66, 0x69, 0x65, 0x72, 0x5f,
  0x63, 0x6f, 0x6e, 0x73, 0x74, 0x61, 0x6e, 0x74, 0x01, 0x10, 0x00, 0x00, 0x00, 0x64, 0x65, 0x63,
  0x6c, 0x61, 0x72, 0x65, 0x5f, 0x76, 0x61, 0x72, 0x69, 0x61, 0x62, 0x6c, 0x65, 0x01, 0x09, 0x00,
  0x00, 0x00, 0x65, 0x6d, 0x69, 0x74, 0x5f, 0x62, 0x79, 0x74, 0x65, 0x01, 0x02, 0x00, 0x00, 0x00,
  0x4f, 0x50, 0x01, 0x05, 0x00, 0x00, 0x00, 0x43, 0x4c, 0x41, 0x53, 0x53, 0x01, 0x0a, 0x00, 0x00,
  0x00, 0x65, 0x6d, 0x69, 0x74, 0x5f, 0x73, 0x68, 0x6f, 0x72, 0x74, 0x01, 0x0f, 0x00, 0x00, 0x00,
  0x64, 0x65, 0x66, 0x69, 0x6e, 0x65, 0x5f, 0x76, 0x61, 0x72, 0x69, 0x61, 0x62, 0x6c, 0x65, 0x01,
  0x0e, 0x00, 0x00, 0x00, 0x68, 0x61, 0x73, 0x5f, 0x73, 0x75, 0x70, 0x65, 0x72, 0x63, 0x6c, 0x61,
  0x73, 0x73, 0x01, 0x09, 0x00, 0x00, 0x00, 0x65, 0x6e, 0x63, 0x6c, 0x6f, 0x73, 0x69, 0x6e, 0x67,
  0x01, 0x0d, 0x00, 0x00, 0x00, 0x63, 0x75, 0x72, 0x72, 0x65, 0x6e, 0x74, 0x5f, 0x63, 0x6c, 0x61,
  0x73, 0x73, 0x01, 0x05, 0x00, 0x00, 0x00, 0x6d, 0x61, 0x74, 0x63, 0x68, 0x01, 0x07, 0x00, 0x00,
  0x00, 0x65, 0x78, 0x74, 0x65, 0x6e, 0x64, 0x73, 0x01, 0x05, 0x00, 0x00, 0x00, 0x49, 0x44, 0x45,
  0x4e, 0x54, 0x01, 0x2b, 0x00, 0x00, 0x00, 0x45, 0x78, 0x70, 0x65, 0x63, 0x74, 0x65, 0x64, 0x20,
  0x61, 0x20, 0x73, 0x75, 0x70, 0x65, 0x72, 0x63, 0x6c, 0x61, 0x73, 0x73, 0x20, 0x6e, 0x61, 0x6d,
  0x65, 0x20, 0x61, 0x66, 0x74, 0x65, 0x72, 0x20, 0x27, 0x65, 0x78, 0x74, 0x65, 0x6e, 0x64, 0x73,
  0x27, 0x2e, 0x01, 0x08, 0x00, 0x00, 0x00, 0x76, 0x61, 0x72, 0x69, 0x61, 0x62, 0x6c, 0x65, 0x01,
  0x05, 0x00, 0x00, 0x00, 0x65, 0x72, 0x72, 0x6f, 0x72, 0x01, 0x1c, 0x00, 0x00, 0x00, 0x41, 0x20,
  0x63, 0x6c, 0x61, 0x73, 0x73, 0x20, 0x63, 0x61, 0x6e, 0x27, 0x74, 0x20, 0x65, 0x78, 0x74, 0x65,
  0x6e, 0x64, 0x20, 0x69, 0x74, 0x73, 0x65, 0x6c, 0x66, 0x2e, 0x01, 0x0b, 0x00, 0x00, 0x00, 0x62,
  0x65, 0x67, 0x69, 0x6e, 0x5f, 0x73, 0x63, 0x6f, 0x70, 0x65, 0x01, 0x09, 0x00, 0x00, 0x00, 0x61,
  0x64, 0x64, 0x5f, 0x6c, 0x6f, 0x63, 0x61, 0x6c, 0x01, 0x05, 0x00, 0x00, 0x00, 0x73, 0x75, 0x70,
  0x65, 0x72, 0x00, 0x00, 0x00, 0x00, 0x00, 0x00, 0x00, 0x00, 0x00, 0x01, 0x0e, 0x00, 0x00, 0x00,
  0x6e, 0x61, 0x6d, 0x65, 0x64, 0x5f, 0x76, 0x61, 0x72, 0x69, 0x61, 0x62, 0x6c, 0x65, 0x01, 0x07,
  0x00, 0x00, 0x00, 0x49, 0x4e, 0x48, 0x45, 0x52, 0x49, 0x54, 0x01, 0x0a, 0x00, 0x00, 0x00, 0x73,
  0x6b, 0x69, 0x70, 0x5f, 0x73, 0x65, 0x6d, 0x69, 0x73, 0x01, 0x01, 0x00, 0x00, 0x00, 0x7b, 0x01,
  0x23, 0x00, 0x00, 0x00, 0x45, 0x78, 0x70, 0x65, 0x63, 0x74, 0x65, 0x64, 0x20, 0x27, 0x7b, 0x27,
  0x20, 0x62, 0x65, 0x66, 0x6f, 0x72, 0x65, 0x20, 0x74, 0x68, 0x65, 0x20, 0x63, 0x6c, 0x61, 0x73,
  0x73, 0x20, 0x62, 0x6f, 0x64, 0x79, 0x2e, 0x01, 0x05, 0x00, 0x00, 0x00, 0x63, 0x68, 0x65, 0x63,
  0x6b, 0x01, 0x01, 0x00, 0x00, 0x00, 0x7d, 0x01, 0x03, 0x00, 0x00, 0x00, 0x45, 0x4f, 0x46, 0x01,
  0x06, 0x00, 0x00, 0x00, 0x6d, 0x65, 0x74, 0x68, 0x6f, 0x64, 0x01, 0x01, 0x00, 0x00, 0x00, 0x7d,
  0x01, 0x22, 0x00, 0x00, 0x00, 0x45, 0x78, 0x70, 0x65, 0x63, 0x74, 0x65, 0x64, 0x20, 0x27, 0x7d,
  0x27, 0x20, 0x61, 0x66, 0x74, 0x65, 0x72, 0x20, 0x74, 0x68, 0x65, 0x20, 0x63, 0x6c, 0x61, 0x73,
  0x73, 0x20, 0x62, 0x6f, 0x64, 0x79, 0x2e, 0x01, 0x03, 0x00, 0x00, 0x00, 0x50, 0x4f, 0x50, 0x01,
  0x09, 0x00, 0x00, 0x00, 0x65, 0x6e, 0x64, 0x5f, 0x73, 0x63, 0x6f, 0x70, 0x65, 0x09, 0x00, 0x00,
  0x00, 0x5f, 0x69, 0x73, 0x5f, 0x61, 0x6c, 0x70, 0x68, 0x61, 0x01, 0x01, 0x00, 0x00, 0x00, 0x48,
  0x00, 0x00, 0x00, 0x07, 0x01, 0x00, 0x00, 0x00, 0x15, 0x1d, 0x21, 0x00, 0x08, 0x04, 0x07, 0x01,
  0x00, 0x00, 0x01, 0x14, 0x1d, 0x21, 0x00, 0x03, 0x20, 0x00, 0x13, 0x04, 0x07, 0x01, 0x00, 0x00,
  0x02, 0x15, 0x1d, 0x21, 0x00, 0x08, 0x04, 0x07, 0x01, 0x00, 0x00, 0x03, 0x14, 0x1d, 0x21, 0x00,
  0x03, 0x20, 0x00, 0x07, 0x04, 0x07, 0x01, 0x00, 0x00, 0x04, 0x13, 0x21, 0x00, 0x03, 0x20, 0x00,
  0x07, 0x04, 0x07, 0x01, 0x00, 0x00, 0x05, 0x14, 0x27, 0x01, 0x27, 0x01, 0x00, 0x00, 0x00, 0x47,
  0x04, 0x00, 0x00, 0x48, 0x00, 0x00, 0x00, 0x06, 0x00, 0x00, 0x00, 0x01, 0x01, 0x00, 0x00, 0x00,
  0x61, 0x01, 0x01, 0x00, 0x00, 0x00, 0x7a, 0x01, 0x01, 0x00, 0x00, 0x00, 0x41, 0x01, 0x01, 0x00,
  0x00, 0x00, 0x5a, 0x01, 0x01, 0x00, 0x00, 0x00, 0x5f, 0x01, 0x01, 0x00, 0x00, 0x00, 0x7e, 0x09,
  0x00, 0x00, 0x00, 0x5f, 0x69, 0x73, 0x5f, 0x64, 0x69, 0x67, 0x69, 0x74, 0x01, 0x01, 0x00, 0x00,
  0x00, 0x15, 0x00, 0x00, 0x00, 0x07, 0x01, 0x00, 0x00, 0x00, 0x15, 0x1d, 0x21, 0x00, 0x08, 0x04,
  0x07, 0x01, 0x00, 0x00, 0x01, 0x14, 0x1d, 0x27, 0x01, 0x27, 0x01, 0x00, 0x00, 0x00, 0x48, 0x04,
  0x00, 0x00, 0x15, 0x00, 0x00, 0x00, 0x02, 0x00, 0x00, 0x00, 0x01, 0x01, 0x00, 0x00, 0x00, 0x30,
  0x01, 0x01, 0x00, 0x00, 0x00, 0x39, 0x10, 0x00, 0x00, 0x00, 0x69, 0x6d, 0x70, 0x6f, 0x72, 0x74,
  0x5f, 0x73, 0x74, 0x61, 0x74, 0x65, 0x6d, 0x65, 0x6e, 0x74, 0x00, 0x00, 0x00, 0x00, 0x00, 0xc8,
  0x01, 0x00, 0x00, 0x09, 0x00, 0x00, 0x00, 0x00, 0x01, 0x00, 0x00, 0x02, 0x23, 0x02, 0x04, 0x09,
  0x00, 0x03, 0x0e, 0x00, 0x04, 0x0e, 0x00, 0x05, 0x09, 0x00, 0x03, 0x0e, 0x00, 0x06, 0x21, 0x00,
  0x20, 0x04, 0x09, 0x00, 0x03, 0x0e, 0x00, 0x07, 0x07, 0x01, 0x00, 0x00, 0x09, 0x09, 0x00, 0x0a,
  0x07, 0x01, 0x23, 0x01, 0x00, 0x00, 0x0b, 0x17, 0x12, 0x24, 0x00, 0x08, 0x01, 0x04, 0x20, 0x00,
  0x01, 0x04, 0x09, 0x00, 0x0c, 0x03, 0x23, 0x01, 0x04, 0x09, 0x00, 0x0d, 0x09, 0x00, 0x0e, 0x0e,
  0x00, 0x0f, 0x23, 0x01, 0x04, 0x01, 0x09, 0x00, 0x10, 0x00, 0x00, 0x11, 0x23, 0x01, 0x21, 0x00,
  0x0e, 0x04, 0x09, 0x00, 0x03, 0x0e, 0x00, 0x12, 0x0e, 0x00, 0x05, 0x00, 0x00, 0x13, 0x13, 0x21,
  0x00, 0x22, 0x04, 0x09, 0x00, 0x14, 0x23, 0x00, 0x04, 0x09, 0x00, 0x00, 0x00, 0x00, 0x15, 0x00,
  0x00, 0x16, 0x23, 0x02, 0x04, 0x09, 0x00, 0x03, 0x0e, 0x00, 0x04, 0x0e, 0x00, 0x05, 0x08, 0x02,
  0x04, 0x20, 0x00, 0xf6, 0x04, 0x07, 0x01, 0x00, 0x00, 0x17, 0x09, 0x00, 0x0a, 0x07, 0x01, 0x23,
  0x01, 0x00, 0x00, 0x18, 0x17, 0x12, 0x09, 0x00, 0x0a, 0x07, 0x03, 0x23, 0x01, 0x00, 0x00, 0x19,
  0x07, 0x04, 0x00, 0x00, 0x1a, 0x07, 0x04, 0x1f, 0x00, 0x00, 0x1b, 0x2a, 0x07, 0x00, 0x1e, 0x07,
  0x03, 0x07, 0x09, 0x10, 0x00, 0x00, 0x1c, 0x13, 0x21, 0x00, 0x0d, 0x04, 0x07, 0x09, 0x00, 0x00,
  0x1d, 0x16, 0x08, 0x05, 0x04, 0x20, 0x00, 0x01, 0x04, 0x04, 0x22, 0x00, 0x22, 0x04, 0x04, 0x07,
  0x04, 0x00, 0x00, 0x1e, 0x17, 0x07, 0x07, 0x07, 0x05, 0x15, 0x1d, 0x21, 0x00, 0x26, 0x04, 0x07,
  0x03, 0x07, 0x07, 0x10, 0x00, 0x00, 0x1f, 0x13, 0x21, 0x00, 0x0c, 0x04, 0x07, 0x07, 0x08, 0x06,
  0x04, 0x20, 0x00, 0x11, 0x20, 0x00, 0x01, 0x04, 0x07, 0x07, 0x00, 0x00, 0x20, 0x17, 0x08, 0x07,
  0x04, 0x22, 0x00, 0x2f, 0x04, 0x07, 0x03, 0x07, 0x05, 0x07, 0x06, 0x12, 0x08, 0x02, 0x04, 0x09,
  0x00, 0x0a, 0x07, 0x02, 0x23, 0x01, 0x00, 0x00, 0x21, 0x14, 0x21, 0x00, 0x0c, 0x04, 0x09, 0x00,
  0x22, 0x07, 0x02, 0x00, 0x00, 0x23, 0x10, 0x23, 0x01, 0x07, 0x02, 0x00, 0x00, 0x24, 0x2a, 0x09,
  0x00, 0x2a, 0x07, 0x08, 0x21, 0x00, 0x09, 0x04, 0x09, 0x00, 0x22, 0x07, 0x0b, 0x23, 0x01, 0x1d,
  0x21, 0x00, 0x09, 0x04, 0x09, 0x00, 0x25, 0x07, 0x0b, 0x23, 0x01, 0x1d, 0x21, 0x00, 0x08, 0x04,
  0x03, 0x08, 0x08, 0x04, 0x20, 0x00, 0x01, 0x04, 0x04, 0x22, 0x00, 0x2e, 0x04, 0x04, 0x07, 0x08,
  0x1d, 0x21, 0x00, 0x0f, 0x04, 0x09, 0x00, 0x26, 0x00, 0x00, 0x27, 0x23, 0x01, 0x04, 0x01, 0x27,
  0x20, 0x00, 0x01, 0x04, 0x04, 0x04, 0x04, 0x04, 0x04, 0x04, 0x09, 0x00, 0x28, 0x23, 0x00, 0x04,
  0x09, 0x00, 0x29, 0x0e, 0x00, 0x2a, 0x00, 0x00, 0x2b, 0x13, 0x21, 0x00, 0x1d, 0x04, 0x09, 0x00,
  0x0d, 0x09, 0x00, 0x0e, 0x0e, 0x00, 0x2c, 0x23, 0x01, 0x04, 0x09, 0x00, 0x2d, 0x09, 0x00, 0x2e,
  0x07, 0x02, 0x23, 0x01, 0x23, 0x01, 0x04, 0x20, 0x00, 0x0f, 0x04, 0x09, 0x00, 0x2f, 0x07, 0x02,
  0x23, 0x01, 0x04, 0x09, 0x00, 0x30, 0x23, 0x00, 0x04, 0x01, 0x27, 0x28, 0x00, 0x00, 0x00, 0x4b,
  0x04, 0x00, 0x00, 0x0c, 0x00, 0x00, 0x00, 0x4c, 0x04, 0x00, 0x00, 0x09, 0x00, 0x00, 0x00, 0x4d,
  0x04, 0x00, 0x00, 0x2a, 0x00, 0x00, 0x00, 0x4e, 0x04, 0x00, 0x00, 0x07, 0x00, 0x00, 0x00, 0x4f,
  0x04, 0x00, 0x00, 0x0c, 0x00, 0x00, 0x00, 0x51, 0x04, 0x00, 0x00, 0x01, 0x00, 0x00, 0x00, 0x52,
  0x04, 0x00, 0x00, 0x1d, 0x00, 0x00, 0x00, 0x53, 0x04, 0x00, 0x00, 0x06, 0x00, 0x00, 0x00, 0x54,
  0x04, 0x00, 0x00, 0x0c, 0x00, 0x00, 0x00, 0x55, 0x04, 0x00, 0x00, 0x0c, 0x00, 0x00, 0x00, 0x56,
  0x04, 0x00, 0x00, 0x04, 0x00, 0x00, 0x00, 0x58, 0x04, 0x00, 0x00, 0x11, 0x00, 0x00, 0x00, 0x59,
  0x04, 0x00, 0x00, 0x07, 0x00, 0x00, 0x00, 0x5a, 0x04, 0x00, 0x00, 0x03, 0x00, 0x00, 0x00, 0x5b,
  0x04, 0x00, 0x00, 0x02, 0x00, 0x00, 0x00, 0x5c, 0x04, 0x00, 0x00, 0x2d, 0x00, 0x00, 0x00, 0x5d,
  0x04, 0x00, 0x00, 0x06, 0x00, 0x00, 0x00, 0x5e, 0x04, 0x00, 0x00, 0x0a, 0x00, 0x00, 0x00, 0x5f,
  0x04, 0x00, 0x00, 0x0d, 0x00, 0x00, 0x00, 0x60, 0x04, 0x00, 0x00, 0x05, 0x00, 0x00, 0x00, 0x61,
  0x04, 0x00, 0x00, 0x03, 0x00, 0x00, 0x00, 0x62, 0x04, 0x00, 0x00, 0x04, 0x00, 0x00, 0x00, 0x63,
  0x04, 0x00, 0x00, 0x09, 0x00, 0x00, 0x00, 0x64, 0x04, 0x00, 0x00, 0x04, 0x00, 0x00, 0x00, 0x65,
  0x04, 0x00, 0x00, 0x0a, 0x00, 0x00, 0x00, 0x66, 0x04, 0x00, 0x00, 0x1a, 0x00, 0x00, 0x00, 0x67,
  0x04, 0x00, 0x00, 0x35, 0x00, 0x00, 0x00, 0x68, 0x04, 0x00, 0x00, 0x07, 0x00, 0x00, 0x00, 0x69,
  0x04, 0x00, 0x00, 0x09, 0x00, 0x00, 0x00, 0x6a, 0x04, 0x00, 0x00, 0x02, 0x00, 0x00, 0x00, 0x6b,
  0x04, 0x00, 0x00, 0x04, 0x00, 0x00, 0x00, 0x6c, 0x04, 0x00, 0x00, 0x06, 0x00, 0x00, 0x00, 0x6d,
  0x04, 0x00, 0x00, 0x06, 0x00, 0x00, 0x00, 0x6e, 0x04, 0x00, 0x00, 0x0e, 0x00, 0x00, 0x00, 0x6f,
  0x04, 0x00, 0x00, 0x0c, 0x00, 0x00, 0x00, 0x70, 0x04, 0x00, 0x00, 0x0d, 0x00, 0x00, 0x00, 0x71,
  0x04, 0x00, 0x00, 0x04, 0x00, 0x00, 0x00, 0x72, 0x04, 0x00, 0x00, 0x08, 0x00, 0x00, 0x00, 0x73,
  0x04, 0x00, 0x00, 0x06, 0x00, 0x00, 0x00, 0x75, 0x04, 0x00, 0x00, 0x02, 0x00, 0x00, 0x00, 0x31,
  0x00, 0x00, 0x00, 0x01, 0x07, 0x00, 0x00, 0x00, 0x63, 0x6f, 0x6e, 0x73, 0x75, 0x6d, 0x65, 0x01,
  0x06, 0x00, 0x00, 0x00, 0x53, 0x54, 0x52, 0x49, 0x4e, 0x47, 0x01, 0x2b, 0x00, 0x00, 0x00, 0x45,
  0x78, 0x70, 0x65, 0x63, 0x74, 0x65, 0x64, 0x20, 0x61, 0x20, 0x66, 0x69, 0x6c, 0x65, 0x20, 0x70,
  0x61, 0x74, 0x68, 0x20, 0x73, 0x74, 0x72, 0x69, 0x6e, 0x67, 0x20, 0x61, 0x66, 0x74, 0x65, 0x72,
  0x20, 0x27, 0x69, 0x6d, 0x70, 0x6f, 0x72, 0x74, 0x27, 0x2e, 0x01, 0x02, 0x00, 0x00, 0x00, 0x70,
  0x73, 0x01, 0x08, 0x00, 0x00, 0x00, 0x70, 0x72, 0x65, 0x76, 0x69, 0x6f, 0x75, 0x73, 0x01, 0x04,
  0x00, 0x00, 0x00, 0x74, 0x65, 0x78, 0x74, 0x01, 0x0f, 0x00, 0x00, 0x00, 0x63, 0x6f, 0x6c, 0x6c,
  0x65, 0x63, 0x74, 0x5f, 0x69, 0x6d, 0x70, 0x6f, 0x72, 0x74, 0x73, 0x01, 0x07, 0x00, 0x00, 0x00,
  0x69, 0x6d, 0x70, 0x6f, 0x72, 0x74, 0x73, 0x01, 0x04, 0x00, 0x00, 0x00, 0x70, 0x75, 0x73, 0x68,
  0x00, 0x00, 0x00, 0x00, 0x00, 0x00, 0x00, 0xf0, 0x3f, 0x01, 0x03, 0x00, 0x00, 0x00, 0x6c, 0x65,
  0x6e, 0x00, 0x00, 0x00, 0x00, 0x00, 0x00, 0x00, 0xf0, 0x3f, 0x01, 0x06, 0x00, 0x00, 0x00, 0x73,
  0x74, 0x72, 0x69, 0x6e, 0x67, 0x01, 0x09, 0x00, 0x00, 0x00, 0x65, 0x6d, 0x69, 0x74, 0x5f, 0x62,
  0x79, 0x74, 0x65, 0x01, 0x02, 0x00, 0x00, 0x00, 0x4f, 0x50, 0x01, 0x06, 0x00, 0x00, 0x00, 0x49,
  0x4d, 0x50, 0x4f, 0x52, 0x54, 0x01, 0x05, 0x00, 0x00, 0x00, 0x63, 0x68, 0x65, 0x63, 0x6b, 0x01,
  0x05, 0x00, 0x00, 0x00, 0x49, 0x44, 0x45, 0x4e, 0x54, 0x01, 0x07, 0x00, 0x00, 0x00, 0x63, 0x75,
  0x72, 0x72, 0x65, 0x6e, 0x74, 0x01, 0x02, 0x00, 0x00, 0x00, 0x61, 0x73, 0x01, 0x07, 0x00, 0x00,
  0x00, 0x61, 0x64, 0x76, 0x61, 0x6e, 0x63, 0x65, 0x01, 0x05, 0x00, 0x00, 0x00, 0x49, 0x44, 0x45,
  0x4e, 0x54, 0x01, 0x1b, 0x00, 0x00, 0x00, 0x45, 0x78, 0x70, 0x65, 0x63, 0x74, 0x65, 0x64, 0x20,
  0x61, 0x20, 0x6e, 0x61, 0x6d, 0x65, 0x20, 0x61, 0x66, 0x74, 0x65, 0x72, 0x20, 0x27, 0x61, 0x73,
  0x27, 0x2e, 0x00, 0x00, 0x00, 0x00, 0x00, 0x00, 0x00, 0xf0, 0x3f, 0x00, 0x00, 0x00, 0x00, 0x00,
  0x00, 0x00, 0xf0, 0x3f, 0x00, 0x00, 0x00, 0x00, 0x00, 0x00, 0x00, 0x00, 0x00, 0x00, 0x00, 0x00,
  0x00, 0x00, 0x00, 0x00, 0x00, 0x00, 0x00, 0x00, 0x00, 0x00, 0x00, 0x00, 0x00, 0x00, 0x00, 0x01,
  0x01, 0x00, 0x00, 0x00, 0x2f, 0x00, 0x00, 0x00, 0x00, 0x00, 0x00, 0x00, 0xf0, 0x3f, 0x00, 0x00,
  0x00, 0x00, 0x00, 0x00, 0x00, 0xf0, 0x3f, 0x01, 0x01, 0x00, 0x00, 0x00, 0x2e, 0x00, 0x00, 0x00,
  0x00, 0x00, 0x00, 0x00, 0xf0, 0x3f, 0x00, 0x00, 0x00, 0x00, 0x00, 0x00, 0x00, 0x00, 0x00, 0x01,
  0x09, 0x00, 0x00, 0x00, 0x5f, 0x69, 0x73, 0x5f, 0x61, 0x6c, 0x70, 0x68, 0x61, 0x00, 0x00, 0x00,
  0x00, 0x00, 0x00, 0x00, 0x00, 0x00, 0x00, 0x00, 0x00, 0x00, 0x00, 0x00, 0x00, 0x00, 0x00, 0x01,
  0x09, 0x00, 0x00, 0x00, 0x5f, 0x69, 0x73, 0x5f, 0x64, 0x69, 0x67, 0x69, 0x74, 0x01, 0x05, 0x00,
  0x00, 0x00, 0x65, 0x72, 0x72, 0x6f, 0x72, 0x01, 0x41, 0x00, 0x00, 0x00, 0x43, 0x61, 0x6e, 0x27,
  0x74, 0x20, 0x6d, 0x61, 0x6b, 0x65, 0x20, 0x61, 0x20, 0x6e, 0x61, 0x6d, 0x65, 0x20, 0x66, 0x72,
  0x6f, 0x6d, 0x20, 0x74, 0x68, 0x69, 0x73, 0x20, 0x70, 0x61, 0x74, 0x68, 0x2e, 0x20, 0x57, 0x72,
  0x69, 0x74, 0x65, 0x3a, 0x20, 0x69, 0x6d, 0x70, 0x6f, 0x72, 0x74, 0x20, 0x22, 0x66, 0x69, 0x6c,
  0x65, 0x2e, 0x66, 0x78, 0x22, 0x20, 0x61, 0x73, 0x20, 0x6e, 0x61, 0x6d, 0x65, 0x01, 0x0d, 0x00,
  0x00, 0x00, 0x65, 0x6e, 0x64, 0x5f, 0x73, 0x74, 0x61, 0x74, 0x65, 0x6d, 0x65, 0x6e, 0x74, 0x01,
  0x03, 0x00, 0x00, 0x00, 0x63, 0x75, 0x72, 0x01, 0x0b, 0x00, 0x00, 0x00, 0x73, 0x63, 0x6f, 0x70,
  0x65, 0x5f, 0x64, 0x65, 0x70, 0x74, 0x68, 0x00, 0x00, 0x00, 0x00, 0x00, 0x00, 0x00, 0x00, 0x00,
  0x01, 0x0d, 0x00, 0x00, 0x00, 0x44, 0x45, 0x46, 0x49, 0x4e, 0x45, 0x5f, 0x47, 0x4c, 0x4f, 0x42,
  0x41, 0x4c, 0x01, 0x0a, 0x00, 0x00, 0x00, 0x65, 0x6d, 0x69, 0x74, 0x5f, 0x73, 0x68, 0x6f, 0x72,
  0x74, 0x01, 0x13, 0x00, 0x00, 0x00, 0x69, 0x64, 0x65, 0x6e, 0x74, 0x69, 0x66, 0x69, 0x65, 0x72,
  0x5f, 0x63, 0x6f, 0x6e, 0x73, 0x74, 0x61, 0x6e, 0x74, 0x01, 0x09, 0x00, 0x00, 0x00, 0x61, 0x64,
  0x64, 0x5f, 0x6c, 0x6f, 0x63, 0x61, 0x6c, 0x01, 0x10, 0x00, 0x00, 0x00, 0x6d, 0x61, 0x72, 0x6b,
  0x5f, 0x69, 0x6e, 0x69, 0x74, 0x69, 0x61, 0x6c, 0x69, 0x7a, 0x65, 0x64, 0x14, 0x00, 0x00, 0x00,
  0x65, 0x78, 0x70, 0x72, 0x65, 0x73, 0x73, 0x69, 0x6f, 0x6e, 0x5f, 0x73, 0x74, 0x61, 0x74, 0x65,
  0x6d, 0x65, 0x6e, 0x74, 0x00, 0x00, 0x00, 0x00, 0x00, 0x50, 0x00, 0x00, 0x00, 0x09, 0x00, 0x00,
  0x23, 0x00, 0x04, 0x09, 0x00, 0x01, 0x0e, 0x00, 0x02, 0x21, 0x00, 0x0b, 0x04, 0x09, 0x00, 0x03,
  0x0e, 0x00, 0x04, 0x00, 0x00, 0x05, 0x13, 0x21, 0x00, 0x0b, 0x04, 0x09, 0x00, 0x03, 0x0e, 0x00,
  0x06, 0x00, 0x00, 0x07, 0x13, 0x21, 0x00, 0x10, 0x04, 0x09, 0x00, 0x08, 0x09, 0x00, 0x09, 0x0e,
  0x00, 0x0a, 0x23, 0x01, 0x04, 0x20, 0x00, 0x0d, 0x04, 0x09, 0x00, 0x08, 0x09, 0x00, 0x09, 0x0e,
  0x00, 0x0b, 0x23, 0x01, 0x04, 0x09, 0x00, 0x0c, 0x23, 0x00, 0x04, 0x01, 0x27, 0x04, 0x00, 0x00,
  0x00, 0x78, 0x04, 0x00, 0x00, 0x06, 0x00, 0x00, 0x00, 0x79, 0x04, 0x00, 0x00, 0x42, 0x00, 0x00,
  0x00, 0x7a, 0x04, 0x00, 0x00, 0x06, 0x00, 0x00, 0x00, 0x7b, 0x04, 0x00, 0x00, 0x02, 0x00, 0x00,
  0x00, 0x0d, 0x00, 0x00, 0x00, 0x01, 0x0a, 0x00, 0x00, 0x00, 0x65, 0x78, 0x70, 0x72, 0x65, 0x73,
  0x73, 0x69, 0x6f, 0x6e, 0x01, 0x02, 0x00, 0x00, 0x00, 0x70, 0x73, 0x01, 0x04, 0x00, 0x00, 0x00,
  0x72, 0x65, 0x70, 0x6c, 0x01, 0x03, 0x00, 0x00, 0x00, 0x63, 0x75, 0x72, 0x01, 0x04, 0x00, 0x00,
  0x00, 0x74, 0x79, 0x70, 0x65, 0x01, 0x06, 0x00, 0x00, 0x00, 0x73, 0x63, 0x72, 0x69, 0x70, 0x74,
  0x01, 0x0b, 0x00, 0x00, 0x00, 0x73, 0x63, 0x6f, 0x70, 0x65, 0x5f, 0x64, 0x65, 0x70, 0x74, 0x68,
  0x00, 0x00, 0x00, 0x00, 0x00, 0x00, 0x00, 0x00, 0x00, 0x01, 0x09, 0x00, 0x00, 0x00, 0x65, 0x6d,
  0x69, 0x74, 0x5f, 0x62, 0x79, 0x74, 0x65, 0x01, 0x02, 0x00, 0x00, 0x00, 0x4f, 0x50, 0x01, 0x0a,
  0x00, 0x00, 0x00, 0x52, 0x45, 0x50, 0x4c, 0x5f, 0x50, 0x52, 0x49, 0x4e, 0x54, 0x01, 0x03, 0x00,
  0x00, 0x00, 0x50, 0x4f, 0x50, 0x01, 0x0d, 0x00, 0x00, 0x00, 0x65, 0x6e, 0x64, 0x5f, 0x73, 0x74,
  0x61, 0x74, 0x65, 0x6d, 0x65, 0x6e, 0x74, 0x0c, 0x00, 0x00, 0x00, 0x69, 0x66, 0x5f, 0x73, 0x74,
  0x61, 0x74, 0x65, 0x6d, 0x65, 0x6e, 0x74, 0x00, 0x00, 0x00, 0x00, 0x00, 0x78, 0x00, 0x00, 0x00,
  0x09, 0x00, 0x00, 0x23, 0x00, 0x04, 0x09, 0x00, 0x01, 0x09, 0x00, 0x02, 0x0e, 0x00, 0x03, 0x23,
  0x01, 0x09, 0x00, 0x04, 0x09, 0x00, 0x02, 0x0e, 0x00, 0x05, 0x23, 0x01, 0x04, 0x09, 0x00, 0x06,
  0x23, 0x00, 0x04, 0x09, 0x00, 0x01, 0x09, 0x00, 0x02, 0x0e, 0x00, 0x07, 0x23, 0x01, 0x09, 0x00,
  0x08, 0x07, 0x01, 0x23, 0x01, 0x04, 0x09, 0x00, 0x04, 0x09, 0x00, 0x02, 0x0e, 0x00, 0x05, 0x23,
  0x01, 0x04, 0x09, 0x00, 0x09, 0x00, 0x00, 0x0a, 0x23, 0x01, 0x21, 0x00, 0x20, 0x04, 0x09, 0x00,
  0x09, 0x00, 0x00, 0x0b, 0x23, 0x01, 0x21, 0x00, 0x0a, 0x04, 0x09, 0x00, 0x0c, 0x23, 0x00, 0x04,
  0x20, 0x00, 0x07, 0x04, 0x09, 0x00, 0x06, 0x23, 0x00, 0x04, 0x20, 0x00, 0x01, 0x04, 0x09, 0x00,
  0x08, 0x07, 0x02, 0x23, 0x01, 0x04, 0x01, 0x27, 0x0c, 0x00, 0x00, 0x00, 0x7e, 0x04, 0x00, 0x00,
  0x06, 0x00, 0x00, 0x00, 0x7f, 0x04, 0x00, 0x00, 0x0b, 0x00, 0x00, 0x00, 0x80, 0x04, 0x00, 0x00,
  0x0c, 0x00, 0x00, 0x00, 0x81, 0x04, 0x00, 0x00, 0x06, 0x00, 0x00, 0x00, 0x82, 0x04, 0x00, 0x00,
  0x0b, 0x00, 0x00, 0x00, 0x83, 0x04, 0x00, 0x00, 0x08, 0x00, 0x00, 0x00, 0x84, 0x04, 0x00, 0x00,
  0x0c, 0x00, 0x00, 0x00, 0x85, 0x04, 0x00, 0x00, 0x0c, 0x00, 0x00, 0x00, 0x86, 0x04, 0x00, 0x00,
  0x1c, 0x00, 0x00, 0x00, 0x87, 0x04, 0x00, 0x00, 0x04, 0x00, 0x00, 0x00, 0x88, 0x04, 0x00, 0x00,
  0x08, 0x00, 0x00, 0x00, 0x89, 0x04, 0x00, 0x00, 0x02, 0x00, 0x00, 0x00, 0x0d, 0x00, 0x00, 0x00,
  0x01, 0x0a, 0x00, 0x00, 0x00, 0x65, 0x78, 0x70, 0x72, 0x65, 0x73, 0x73, 0x69, 0x6f, 0x6e, 0x01,
  0x09, 0x00, 0x00, 0x00, 0x65, 0x6d, 0x69, 0x74, 0x5f, 0x6a, 0x75, 0x6d, 0x70, 0x01, 0x02, 0x00,
  0x00, 0x00, 0x4f, 0x50, 0x01, 0x0d, 0x00, 0x00, 0x00, 0x4a, 0x55, 0x4d, 0x50, 0x5f, 0x49, 0x46,
  0x5f, 0x46, 0x41, 0x4c, 0x53, 0x45, 0x01, 0x09, 0x00, 0x00, 0x00, 0x65, 0x6d, 0x69, 0x74, 0x5f,
  0x62, 0x79, 0x74, 0x65, 0x01, 0x03, 0x00, 0x00, 0x00, 0x50, 0x4f, 0x50, 0x01, 0x0c, 0x00, 0x00,
  0x00, 0x73, 0x63, 0x6f, 0x70, 0x65, 0x64, 0x5f, 0x62, 0x6c, 0x6f, 0x63, 0x6b, 0x01, 0x04, 0x00,
  0x00, 0x00, 0x4a, 0x55, 0x4d, 0x50, 0x01, 0x0a, 0x00, 0x00, 0x00, 0x70, 0x61, 0x74, 0x63, 0x68,
  0x5f, 0x6a, 0x75, 0x6d, 0x70, 0x01, 0x05, 0x00, 0x00, 0x00, 0x6d, 0x61, 0x74, 0x63, 0x68, 0x01,
  0x04, 0x00, 0x00, 0x00, 0x65, 0x6c, 0x73, 0x65, 0x01, 0x02, 0x00, 0x00, 0x00, 0x69, 0x66, 0x01,
  0x0c, 0x00, 0x00, 0x00, 0x69, 0x66, 0x5f, 0x73, 0x74, 0x61, 0x74, 0x65, 0x6d, 0x65, 0x6e, 0x74,
  0x09, 0x00, 0x00, 0x00, 0x70, 0x75, 0x73, 0x68, 0x5f, 0x6c, 0x6f, 0x6f, 0x70, 0x02, 0x02, 0x00,
  0x00, 0x00, 0x2e, 0x00, 0x00, 0x00, 0x09, 0x00, 0x00, 0x00, 0x00, 0x02, 0x09, 0x00, 0x00, 0x0e,
  0x00, 0x01, 0x00, 0x00, 0x03, 0x07, 0x01, 0x00, 0x00, 0x04, 0x07, 0x02, 0x00, 0x00, 0x05, 0x09,
  0x00, 0x00, 0x0e, 0x00, 0x05, 0x00, 0x00, 0x06, 0x28, 0x00, 0x00, 0x29, 0x00, 0x05, 0x0f, 0x00,
  0x01, 0x04, 0x01, 0x27, 0x02, 0x00, 0x00, 0x00, 0x8c, 0x04, 0x00, 0x00, 0x2c, 0x00, 0x00, 0x00,
  0x8d, 0x04, 0x00, 0x00, 0x02, 0x00, 0x00, 0x00, 0x07, 0x00, 0x00, 0x00, 0x01, 0x03, 0x00, 0x00,
  0x00, 0x63, 0x75, 0x72, 0x01, 0x04, 0x00, 0x00, 0x00, 0x6c, 0x6f, 0x6f, 0x70, 0x01, 0x09, 0x00,
  0x00, 0x00, 0x65, 0x6e, 0x63, 0x6c, 0x6f, 0x73, 0x69, 0x6e, 0x67, 0x01, 0x05, 0x00, 0x00, 0x00,
  0x73, 0x74, 0x61, 0x72, 0x74, 0x01, 0x0a, 0x00, 0x00, 0x00, 0x6c, 0x6f, 0x63, 0x61, 0x6c, 0x5f,
  0x62, 0x61, 0x73, 0x65, 0x01, 0x09, 0x00, 0x00, 0x00, 0x74, 0x72, 0x79, 0x5f, 0x64, 0x65, 0x70,
  0x74, 0x68, 0x01, 0x06, 0x00, 0x00, 0x00, 0x62, 0x72, 0x65, 0x61, 0x6b, 0x73, 0x08, 0x00, 0x00,
  0x00, 0x70, 0x6f, 0x70, 0x5f, 0x6c, 0x6f, 0x6f, 0x70, 0x00, 0x00, 0x00, 0x00, 0x00, 0x2e, 0x00,
  0x00, 0x00, 0x09, 0x00, 0x00, 0x0e, 0x00, 0x01, 0x07, 0x01, 0x0e, 0x00, 0x02, 0x00, 0x00, 0x03,
  0x2a, 0x02, 0x00, 0x0c, 0x09, 0x00, 0x04, 0x07, 0x04, 0x23, 0x01, 0x04, 0x04, 0x22, 0x00, 0x10,
  0x04, 0x04, 0x09, 0x00, 0x00, 0x07, 0x01, 0x0e, 0x00, 0x05, 0x0f, 0x00, 0x01, 0x04, 0x01, 0x27,
  0x04, 0x00, 0x00, 0x00, 0x90, 0x04, 0x00, 0x00, 0x06, 0x00, 0x00, 0x00, 0x91, 0x04, 0x00, 0x00,
  0x1a, 0x00, 0x00, 0x00, 0x92, 0x04, 0x00, 0x00, 0x0c, 0x00, 0x00, 0x00, 0x93, 0x04, 0x00, 0x00,
  0x02, 0x00, 0x00, 0x00, 0x06, 0x00, 0x00, 0x00, 0x01, 0x03, 0x00, 0x00, 0x00, 0x63, 0x75, 0x72,
  0x01, 0x04, 0x00, 0x00, 0x00, 0x6c, 0x6f, 0x6f, 0x70, 0x01, 0x06, 0x00, 0x00, 0x00, 0x62, 0x72,
  0x65, 0x61, 0x6b, 0x73, 0x00, 0x00, 0x00, 0x00, 0x00, 0x00, 0x00, 0x00, 0x00, 0x01, 0x0a, 0x00,
  0x00, 0x00, 0x70, 0x61, 0x74, 0x63, 0x68, 0x5f, 0x6a, 0x75, 0x6d, 0x70, 0x01, 0x09, 0x00, 0x00,
  0x00, 0x65, 0x6e, 0x63, 0x6c, 0x6f, 0x73, 0x69, 0x6e, 0x67, 0x0f, 0x00, 0x00, 0x00, 0x77, 0x68,
  0x69, 0x6c, 0x65, 0x5f, 0x73, 0x74, 0x61, 0x74, 0x65, 0x6d, 0x65, 0x6e, 0x74, 0x00, 0x00, 0x00,
  0x00, 0x00, 0x63, 0x00, 0x00, 0x00, 0x09, 0x00, 0x00, 0x0e, 0x00, 0x01, 0x24, 0x00, 0x02, 0x00,
  0x09, 0x00, 0x03, 0x07, 0x01, 0x09, 0x00, 0x00, 0x0e, 0x00, 0x04, 0x24, 0x00, 0x02, 0x00, 0x23,
  0x02, 0x04, 0x09, 0x00, 0x05, 0x23, 0x00, 0x04, 0x09, 0x00, 0x06, 0x09, 0x00, 0x07, 0x0e, 0x00,
  0x08, 0x23, 0x01, 0x09, 0x00, 0x09, 0x09, 0x00, 0x07, 0x0e, 0x00, 0x0a, 0x23, 0x01, 0x04, 0x09,
  0x00, 0x0b, 0x23, 0x00, 0x04, 0x09, 0x00, 0x0c, 0x07, 0x01, 0x23, 0x01, 0x04, 0x09, 0x00, 0x0d,
  0x07, 0x02, 0x23, 0x01, 0x04, 0x09, 0x00, 0x09, 0x09, 0x00, 0x07, 0x0e, 0x00, 0x0a, 0x23, 0x01,
  0x04, 0x09, 0x00, 0x0e, 0x23, 0x00, 0x04, 0x01, 0x27, 0x0b, 0x00, 0x00, 0x00, 0x96, 0x04, 0x00,
  0x00, 0x0a, 0x00, 0x00, 0x00, 0x97, 0x04, 0x00, 0x00, 0x12, 0x00, 0x00, 0x00, 0x98, 0x04, 0x00,
  0x00, 0x06, 0x00, 0x00, 0x00, 0x99, 0x04, 0x00, 0x00, 0x0b, 0x00, 0x00, 0x00, 0x9a, 0x04, 0x00,
  0x00, 0x0c, 0x00, 0x00, 0x00, 0x9b, 0x04, 0x00, 0x00, 0x06, 0x00, 0x00, 0x00, 0x9c, 0x04, 0x00,
  0x00, 0x08, 0x00, 0x00, 0x00, 0x9d, 0x04, 0x00, 0x00, 0x08, 0x00, 0x00, 0x00, 0x9e, 0x04, 0x00,
  0x00, 0x0c, 0x00, 0x00, 0x00, 0x9f, 0x04, 0x00, 0x00, 0x06, 0x00, 0x00, 0x00, 0xa0, 0x04, 0x00,
  0x00, 0x02, 0x00, 0x00, 0x00, 0x0f, 0x00, 0x00, 0x00, 0x01, 0x03, 0x00, 0x00, 0x00, 0x63, 0x75,
  0x72, 0x01, 0x04, 0x00, 0x00, 0x00, 0x63, 0x6f, 0x64, 0x65, 0x01, 0x03, 0x00, 0x00, 0x00, 0x6c,
  0x65, 0x6e, 0x01, 0x09, 0x00, 0x00, 0x00, 0x70, 0x75, 0x73, 0x68, 0x5f, 0x6c, 0x6f, 0x6f, 0x70,
  0x01, 0x06, 0x00, 0x00, 0x00, 0x6c, 0x6f, 0x63, 0x61, 0x6c, 0x73, 0x01, 0x0a, 0x00, 0x00, 0x00,
  0x65, 0x78, 0x70, 0x72, 0x65, 0x73, 0x73, 0x69, 0x6f, 0x6e, 0x01, 0x09, 0x00, 0x00, 0x00, 0x65,
  0x6d, 0x69, 0x74, 0x5f, 0x6a, 0x75, 0x6d, 0x70, 0x01, 0x02, 0x00, 0x00, 0x00, 0x4f, 0x50, 0x01,
  0x0d, 0x00, 0x00, 0x00, 0x4a, 0x55, 0x4d, 0x50, 0x5f, 0x49, 0x46, 0x5f, 0x46, 0x41, 0x4c, 0x53,
  0x45, 0x01, 0x09, 0x00, 0x00, 0x00, 0x65, 0x6d, 0x69, 0x74, 0x5f, 0x62, 0x79, 0x74, 0x65, 0x01,
  0x03, 0x00, 0x00, 0x00, 0x50, 0x4f, 0x50, 0x01, 0x0c, 0x00, 0x00, 0x00, 0x73, 0x63, 0x6f, 0x70,
  0x65, 0x64, 0x5f, 0x62, 0x6c, 0x6f, 0x63, 0x6b, 0x01, 0x09, 0x00, 0x00, 0x00, 0x65, 0x6d, 0x69,
  0x74, 0x5f, 0x6c, 0x6f, 0x6f, 0x70, 0x01, 0x0a, 0x00, 0x00, 0x00, 0x70, 0x61, 0x74, 0x63, 0x68,
  0x5f, 0x6a, 0x75, 0x6d, 0x70, 0x01, 0x08, 0x00, 0x00, 0x00, 0x70, 0x6f, 0x70, 0x5f, 0x6c, 0x6f,
  0x6f, 0x70, 0x0d, 0x00, 0x00, 0x00, 0x66, 0x6f, 0x72, 0x5f, 0x73, 0x74, 0x61, 0x74, 0x65, 0x6d,
  0x65, 0x6e, 0x74, 0x00, 0x00, 0x00, 0x00, 0x00, 0xf4, 0x00, 0x00, 0x00, 0x09, 0x00, 0x00, 0x23,
  0x00, 0x04, 0x09, 0x00, 0x01, 0x00, 0x00, 0x02, 0x00, 0x00, 0x03, 0x23, 0x02, 0x04, 0x09, 0x00,
  0x04, 0x0e, 0x00, 0x05, 0x0e, 0x00, 0x06, 0x09, 0x00, 0x01, 0x00, 0x00, 0x07, 0x00, 0x00, 0x08,
  0x23, 0x02, 0x04, 0x09, 0x00, 0x09, 0x23, 0x00, 0x04, 0x09, 0x00, 0x0a, 0x00, 0x00, 0x0b, 0x23,
  0x01, 0x04, 0x09, 0x00, 0x0c, 0x23, 0x00, 0x04, 0x09, 0x00, 0x0d, 0x00, 0x00, 0x0e, 0x23, 0x01,
  0x04, 0x09, 0x00, 0x0a, 0x00, 0x00, 0x0f, 0x23, 0x01, 0x04, 0x09, 0x00, 0x0c, 0x23, 0x00, 0x04,
  0x09, 0x00, 0x10, 0x0e, 0x00, 0x11, 0x24, 0x00, 0x12, 0x00, 0x00, 0x00, 0x13, 0x17, 0x09, 0x00,
  0x10, 0x0e, 0x00, 0x14, 0x24, 0x00, 0x12, 0x00, 0x09, 0x00, 0x15, 0x07, 0x03, 0x09, 0x00, 0x10,
  0x0e, 0x00, 0x11, 0x24, 0x00, 0x12, 0x00, 0x23, 0x02, 0x04, 0x09, 0x00, 0x16, 0x09, 0x00, 0x17,
  0x0e, 0x00, 0x18, 0x23, 0x01, 0x04, 0x09, 0x00, 0x16, 0x07, 0x02, 0x00, 0x00, 0x19, 0x1a, 0x23,
  0x01, 0x04, 0x09, 0x00, 0x16, 0x00, 0x00, 0x1a, 0x23, 0x01, 0x04, 0x09, 0x00, 0x16, 0x00, 0x00,
  0x1b, 0x23, 0x01, 0x04, 0x09, 0x00, 0x10, 0x0e, 0x00, 0x14, 0x24, 0x00, 0x12, 0x00, 0x00, 0x00,
  0x1c, 0x17, 0x09, 0x00, 0x00, 0x23, 0x00, 0x04, 0x09, 0x00, 0x0a, 0x07, 0x01, 0x23, 0x01, 0x04,
  0x09, 0x00, 0x0c, 0x23, 0x00, 0x04, 0x09, 0x00, 0x1d, 0x23, 0x00, 0x04, 0x09, 0x00, 0x1e, 0x23,
  0x00, 0x04, 0x09, 0x00, 0x1f, 0x07, 0x03, 0x23, 0x01, 0x04, 0x09, 0x00, 0x20, 0x07, 0x04, 0x23,
  0x01, 0x04, 0x09, 0x00, 0x21, 0x23, 0x00, 0x04, 0x09, 0x00, 0x1e, 0x23, 0x00, 0x04, 0x01, 0x27,
  0x1c, 0x00, 0x00, 0x00, 0xa3, 0x04, 0x00, 0x00, 0x06, 0x00, 0x00, 0x00, 0xa4, 0x04, 0x00, 0x00,
  0x0c, 0x00, 0x00, 0x00, 0xa5, 0x04, 0x00, 0x00, 0x09, 0x00, 0x00, 0x00, 0xa6, 0x04, 0x00, 0x00,
  0x0c, 0x00, 0x00, 0x00, 0xa7, 0x04, 0x00, 0x00, 0x06, 0x00, 0x00, 0x00, 0xa8, 0x04, 0x00, 0x00,
  0x09, 0x00, 0x00, 0x00, 0xa9, 0x04, 0x00, 0x00, 0x06, 0x00, 0x00, 0x00, 0xaa, 0x04, 0x00, 0x00,
  0x09, 0x00, 0x00, 0x00, 0xab, 0x04, 0x00, 0x00, 0x09, 0x00, 0x00, 0x00, 0xac, 0x04, 0x00, 0x00,
  0x06, 0x00, 0x00, 0x00, 0xae, 0x04, 0x00, 0x00, 0x0e, 0x00, 0x00, 0x00, 0xaf, 0x04, 0x00, 0x00,
  0x0a, 0x00, 0x00, 0x00, 0xb0, 0x04, 0x00, 0x00, 0x12, 0x00, 0x00, 0x00, 0xb2, 0x04, 0x00, 0x00,
  0x0c, 0x00, 0x00, 0x00, 0xb3, 0x04, 0x00, 0x00, 0x0c, 0x00, 0x00, 0x00, 0xb4, 0x04, 0x00, 0x00,
  0x09, 0x00, 0x00, 0x00, 0xb5, 0x04, 0x00, 0x00, 0x09, 0x00, 0x00, 0x00, 0xb6, 0x04, 0x00, 0x00,
  0x0e, 0x00, 0x00, 0x00, 0xb8, 0x04, 0x00, 0x00, 0x06, 0x00, 0x00, 0x00, 0xb9, 0x04, 0x00, 0x00,
  0x08, 0x00, 0x00, 0x00, 0xba, 0x04, 0x00, 0x00, 0x06, 0x00, 0x00, 0x00, 0xbb, 0x04, 0x00, 0x00,
  0x06, 0x00, 0x00, 0x00, 0xbc, 0x04, 0x00, 0x00, 0x06, 0x00, 0x00, 0x00, 0xbd, 0x04, 0x00, 0x00,
  0x08, 0x00, 0x00, 0x00, 0xbe, 0x04, 0x00, 0x00, 0x08, 0x00, 0x00, 0x00, 0xbf, 0x04, 0x00, 0x00,
  0x06, 0x00, 0x00, 0x00, 0xc0, 0x04, 0x00, 0x00, 0x06, 0x00, 0x00, 0x00, 0xc1, 0x04, 0x00, 0x00,
  0x02, 0x00, 0x00, 0x00, 0x22, 0x00, 0x00, 0x00, 0x01, 0x0b, 0x00, 0x00, 0x00, 0x62, 0x65, 0x67,
  0x69, 0x6e, 0x5f, 0x73, 0x63, 0x6f, 0x70, 0x65, 0x01, 0x07, 0x00, 0x00, 0x00, 0x63, 0x6f, 0x6e,
  0x73, 0x75, 0x6d, 0x65, 0x01, 0x05, 0x00, 0x00, 0x00, 0x49, 0x44, 0x45, 0x4e, 0x54, 0x01, 0x2a,
  0x00, 0x00, 0x00, 0x45, 0x78, 0x70, 0x65, 0x63, 0x74, 0x65, 0x64, 0x20, 0x61, 0x20, 0x6c, 0x6f,
  0x6f, 0x70, 0x20, 0x76, 0x61, 0x72, 0x69, 0x61, 0x62, 0x6c, 0x65, 0x20, 0x6e, 0x61, 0x6d, 0x65,
  0x20, 0x61, 0x66, 0x74, 0x65, 0x72, 0x20, 0x27, 0x66, 0x6f, 0x72, 0x27, 0x2e, 0x01, 0x02, 0x00,
  0x00, 0x00, 0x70, 0x73, 0x01, 0x08, 0x00, 0x00, 0x00, 0x70, 0x72, 0x65, 0x76, 0x69, 0x6f, 0x75,
  0x73, 0x01, 0x04, 0x00, 0x00, 0x00, 0x74, 0x65, 0x78, 0x74, 0x01, 0x02, 0x00, 0x00, 0x00, 0x69,
  0x6e, 0x01, 0x26, 0x00, 0x00, 0x00, 0x45, 0x78, 0x70, 0x65, 0x63, 0x74, 0x65, 0x64, 0x20, 0x27,
  0x69, 0x6e, 0x27, 0x20, 0x61, 0x66, 0x74, 0x65, 0x72, 0x20, 0x74, 0x68, 0x65, 0x20, 0x6c, 0x6f,
  0x6f, 0x70, 0x20, 0x76, 0x61, 0x72, 0x69, 0x61, 0x62, 0x6c, 0x65, 0x2e, 0x01, 0x0a, 0x00, 0x00,
  0x00, 0x65, 0x78, 0x70, 0x72, 0x65, 0x73, 0x73, 0x69, 0x6f, 0x6e, 0x01, 0x09, 0x00, 0x00, 0x00,
  0x61, 0x64, 0x64, 0x5f, 0x6c, 0x6f, 0x63, 0x61, 0x6c, 0x01, 0x06, 0x00, 0x00, 0x00, 0x28, 0x69,
  0x74, 0x65, 0x72, 0x29, 0x01, 0x10, 0x00, 0x00, 0x00, 0x6d, 0x61, 0x72, 0x6b, 0x5f, 0x69, 0x6e,
  0x69, 0x74, 0x69, 0x61, 0x6c, 0x69, 0x7a, 0x65, 0x64, 0x01, 0x0d, 0x00, 0x00, 0x00, 0x65, 0x6d,
  0x69, 0x74, 0x5f, 0x63, 0x6f, 0x6e, 0x73, 0x74, 0x61, 0x6e, 0x74, 0x00, 0x00, 0x00, 0x00, 0x00,
  0x00, 0x00, 0x00, 0x00, 0x01, 0x05, 0x00, 0x00, 0x00, 0x28, 0x69, 0x64, 0x78, 0x29, 0x01, 0x03,
  0x00, 0x00, 0x00, 0x63, 0x75, 0x72, 0x01, 0x06, 0x00, 0x00, 0x00, 0x6c, 0x6f, 0x63, 0x61, 0x6c,
  0x73, 0x01, 0x03, 0x00, 0x00, 0x00, 0x6c, 0x65, 0x6e, 0x00, 0x00, 0x00, 0x00, 0x00, 0x00, 0x00,
  0x00, 0x40, 0x01, 0x04, 0x00, 0x00, 0x00, 0x63, 0x6f, 0x64, 0x65, 0x01, 0x09, 0x00, 0x00, 0x00,
  0x70, 0x75, 0x73, 0x68, 0x5f, 0x6c, 0x6f, 0x6f, 0x70, 0x01, 0x09, 0x00, 0x00, 0x00, 0x65, 0x6d,
  0x69, 0x74, 0x5f, 0x62, 0x79, 0x74, 0x65, 0x01, 0x02, 0x00, 0x00, 0x00, 0x4f, 0x50, 0x01, 0x08,
  0x00, 0x00, 0x00, 0x46, 0x4f, 0x52, 0x5f, 0x4e, 0x45, 0x58, 0x54, 0x00, 0x00, 0x00, 0x00, 0x00,
  0x00, 0x00, 0x70, 0x40, 0x00, 0x00, 0x00, 0x00, 0x00, 0x00, 0xe0, 0x6f, 0x40, 0x00, 0x00, 0x00,
  0x00, 0x00, 0x00, 0xe0, 0x6f, 0x40, 0x00, 0x00, 0x00, 0x00, 0x00, 0x00, 0x00, 0x00, 0x40, 0x01,
  0x0c, 0x00, 0x00, 0x00, 0x73, 0x63, 0x6f, 0x70, 0x65, 0x64, 0x5f, 0x62, 0x6c, 0x6f, 0x63, 0x6b,
  0x01, 0x09, 0x00, 0x00, 0x00, 0x65, 0x6e, 0x64, 0x5f, 0x73, 0x63, 0x6f, 0x70, 0x65, 0x01, 0x09,
  0x00, 0x00, 0x00, 0x65, 0x6d, 0x69, 0x74, 0x5f, 0x6c, 0x6f, 0x6f, 0x70, 0x01, 0x0a, 0x00, 0x00,
  0x00, 0x70, 0x61, 0x74, 0x63, 0x68, 0x5f, 0x6a, 0x75, 0x6d, 0x70, 0x01, 0x08, 0x00, 0x00, 0x00,
  0x70, 0x6f, 0x70, 0x5f, 0x6c, 0x6f, 0x6f, 0x70, 0x10, 0x00, 0x00, 0x00, 0x72, 0x65, 0x74, 0x75,
  0x72, 0x6e, 0x5f, 0x73, 0x74, 0x61, 0x74, 0x65, 0x6d, 0x65, 0x6e, 0x74, 0x00, 0x00, 0x00, 0x00,
  0x00, 0xad, 0x00, 0x00, 0x00, 0x09, 0x00, 0x00, 0x0e, 0x00, 0x01, 0x00, 0x00, 0x02, 0x13, 0x21,
  0x00, 0x0d, 0x04, 0x09, 0x00, 0x03, 0x00, 0x00, 0x04, 0x23, 0x01, 0x04, 0x20, 0x00, 0x01, 0x04,
  0x09, 0x00, 0x05, 0x00, 0x00, 0x06, 0x23, 0x01, 0x21, 0x00, 0x03, 0x20, 0x00, 0x09, 0x04, 0x09,
  0x00, 0x05, 0x00, 0x00, 0x07, 0x23, 0x01, 0x21, 0x00, 0x03, 0x20, 0x00, 0x09, 0x04, 0x09, 0x00,
  0x05, 0x00, 0x00, 0x08, 0x23, 0x01, 0x21, 0x00, 0x0a, 0x04, 0x09, 0x00, 0x09, 0x23, 0x00, 0x04,
  0x20, 0x00, 0x57, 0x04, 0x09, 0x00, 0x00, 0x0e, 0x00, 0x01, 0x00, 0x00, 0x0a, 0x13, 0x21, 0x00,
  0x0d, 0x04, 0x09, 0x00, 0x03, 0x00, 0x00, 0x0b, 0x23, 0x01, 0x04, 0x20, 0x00, 0x01, 0x04, 0x09,
  0x00, 0x0c, 0x23, 0x00, 0x04, 0x09, 0x00, 0x00, 0x0e, 0x00, 0x0d, 0x00, 0x00, 0x0e, 0x13, 0x1d,
  0x21, 0x00, 0x1a, 0x04, 0x09, 0x00, 0x0f, 0x09, 0x00, 0x00, 0x0e, 0x00, 0x0d, 0x00, 0x00, 0x10,
  0x09, 0x00, 0x00, 0x0e, 0x00, 0x11, 0x16, 0x23, 0x02, 0x04, 0x20, 0x00, 0x01, 0x04, 0x09, 0x00,
  0x12, 0x09, 0x00, 0x13, 0x0e, 0x00, 0x14, 0x23, 0x01, 0x04, 0x09, 0x00, 0x15, 0x23, 0x00, 0x04,
  0x01, 0x27, 0x0a, 0x00, 0x00, 0x00, 0xc4, 0x04, 0x00, 0x00, 0x1b, 0x00, 0x00, 0x00, 0xc5, 0x04,
  0x00, 0x00, 0x2a, 0x00, 0x00, 0x00, 0xc6, 0x04, 0x00, 0x00, 0x06, 0x00, 0x00, 0x00, 0xc7, 0x04,
  0x00, 0x00, 0x04, 0x00, 0x00, 0x00, 0xc8, 0x04, 0x00, 0x00, 0x1b, 0x00, 0x00, 0x00, 0xc9, 0x04,
  0x00, 0x00, 0x06, 0x00, 0x00, 0x00, 0xca, 0x04, 0x00, 0x00, 0x29, 0x00, 0x00, 0x00, 0xcb, 0x04,
  0x00, 0x00, 0x0c, 0x00, 0x00, 0x00, 0xcd, 0x04, 0x00, 0x00, 0x06, 0x00, 0x00, 0x00, 0xce, 0x04,
  0x00, 0x00, 0x02, 0x00, 0x00, 0x00, 0x16, 0x00, 0x00, 0x00, 0x01, 0x03, 0x00, 0x00, 0x00, 0x63,
  0x75, 0x72, 0x01, 0x04, 0x00, 0x00, 0x00, 0x74, 0x79, 0x70, 0x65, 0x01, 0x06, 0x00, 0x00, 0x00,
  0x73, 0x63, 0x72, 0x69, 0x70, 0x74, 0x01, 0x05, 0x00, 0x00, 0x00, 0x65, 0x72, 0x72, 0x6f, 0x72,
  0x01, 0x21, 0x00, 0x00, 0x00, 0x43, 0x61, 0x6e, 0x27, 0x74, 0x20, 0x72, 0x65, 0x74, 0x75, 0x72,
  0x6e, 0x20, 0x66, 0x72, 0x6f, 0x6d, 0x20, 0x74, 0x6f, 0x70, 0x2d, 0x6c, 0x65, 0x76, 0x65, 0x6c,
  0x20, 0x63, 0x6f, 0x64, 0x65, 0x2e, 0x01, 0x05, 0x00, 0x00, 0x00, 0x63, 0x68, 0x65, 0x63, 0x6b,
  0x01, 0x04, 0x00, 0x00, 0x00, 0x53, 0x45, 0x4d, 0x49, 0x01, 0x01, 0x00, 0x00, 0x00, 0x7d, 0x01,
  0x03, 0x00, 0x00, 0x00, 0x45, 0x4f, 0x46, 0x01, 0x0b, 0x00, 0x00, 0x00, 0x65, 0x6d, 0x69, 0x74,
  0x5f, 0x72, 0x65, 0x74, 0x75, 0x72, 0x6e, 0x01, 0x0b, 0x00, 0x00, 0x00, 0x69, 0x6e, 0x69, 0x74,
  0x69, 0x61, 0x6c, 0x69, 0x7a, 0x65, 0x72, 0x01, 0x21, 0x00, 0x00, 0x00, 0x43, 0x61, 0x6e, 0x27,
  0x74, 0x20, 0x72, 0x65, 0x74, 0x75, 0x72, 0x6e, 0x20, 0x61, 0x20, 0x76, 0x61, 0x6c, 0x75, 0x65,
  0x20, 0x66, 0x72, 0x6f, 0x6d, 0x20, 0x69, 0x6e, 0x69, 0x74, 0x28, 0x29, 0x2e, 0x01, 0x0a, 0x00,
  0x00, 0x00, 0x65, 0x78, 0x70, 0x72, 0x65, 0x73, 0x73, 0x69, 0x6f, 0x6e, 0x01, 0x08, 0x00, 0x00,
  0x00, 0x72, 0x65, 0x74, 0x5f, 0x73, 0x70, 0x65, 0x63, 0x01, 0x00, 0x00, 0x00, 0x00, 0x01, 0x0e,
  0x00, 0x00, 0x00, 0x65, 0x6d, 0x69, 0x74, 0x5f, 0x63, 0x68, 0x65, 0x63, 0x6b, 0x5f, 0x74, 0x6f,
  0x70, 0x01, 0x10, 0x00, 0x00, 0x00, 0x72, 0x65, 0x74, 0x75, 0x72, 0x6e, 0x20, 0x76, 0x61, 0x6c,
  0x75, 0x65, 0x20, 0x6f, 0x66, 0x20, 0x01, 0x05, 0x00, 0x00, 0x00, 0x6c, 0x61, 0x62, 0x65, 0x6c,
  0x01, 0x09, 0x00, 0x00, 0x00, 0x65, 0x6d, 0x69, 0x74, 0x5f, 0x62, 0x79, 0x74, 0x65, 0x01, 0x02,
  0x00, 0x00, 0x00, 0x4f, 0x50, 0x01, 0x06, 0x00, 0x00, 0x00, 0x52, 0x45, 0x54, 0x55, 0x52, 0x4e,
  0x01, 0x0d, 0x00, 0x00, 0x00, 0x65, 0x6e, 0x64, 0x5f, 0x73, 0x74, 0x61, 0x74, 0x65, 0x6d, 0x65,
  0x6e, 0x74, 0x0e, 0x00, 0x00, 0x00, 0x62, 0x72, 0x65, 0x61, 0x6b, 0x5f, 0x63, 0x6f, 0x6e, 0x74,
  0x69, 0x6e, 0x75, 0x65, 0x01, 0x01, 0x00, 0x00, 0x00, 0xb9, 0x00, 0x00, 0x00, 0x09, 0x00, 0x00,
  0x0e, 0x00, 0x01, 0x07, 0x02, 0x01, 0x13, 0x21, 0x00, 0x25, 0x04, 0x09, 0x00, 0x02, 0x07, 0x01,
  0x21, 0x00, 0x04, 0x04, 0x00, 0x00, 0x03, 0x21, 0x00, 0x03, 0x20, 0x00, 0x04, 0x04, 0x00, 0x00,
  0x04, 0x23, 0x01, 0x04, 0x09, 0x00, 0x05, 0x23, 0x00, 0x04, 0x01, 0x27, 0x20, 0x00, 0x01, 0x04,
  0x09, 0x00, 0x00, 0x0e, 0x00, 0x06, 0x07, 0x03, 0x07, 0x02, 0x0e, 0x00, 0x06, 0x14, 0x21, 0x00,
  0x19, 0x04, 0x09, 0x00, 0x07, 0x09, 0x00, 0x08, 0x0e, 0x00, 0x09, 0x23, 0x01, 0x04, 0x07, 0x03,
  0x00, 0x00, 0x0a, 0x17, 0x08, 0x03, 0x04, 0x22, 0x00, 0x24, 0x04, 0x09, 0x00, 0x0b, 0x07, 0x02,
  0x0e, 0x00, 0x0c, 0x23, 0x01, 0x04, 0x07, 0x01, 0x21, 0x00, 0x37, 0x04, 0x07, 0x02, 0x0e, 0x00,
  0x0d, 0x24, 0x00, 0x0e, 0x00, 0x00, 0x00, 0x0f, 0x13, 0x21, 0x00, 0x0d, 0x04, 0x09, 0x00, 0x02,
  0x00, 0x00, 0x10, 0x23, 0x01, 0x04, 0x20, 0x00, 0x16, 0x04, 0x07, 0x02, 0x0e, 0x00, 0x0d, 0x09,
  0x00, 0x12, 0x09, 0x00, 0x08, 0x0e, 0x00, 0x13, 0x23, 0x01, 0x24, 0x00, 0x11, 0x01, 0x04, 0x20,
  0x00, 0x0c, 0x04, 0x09, 0x00, 0x14, 0x07, 0x02, 0x0e, 0x00, 0x15, 0x23, 0x01, 0x04, 0x09, 0x00,
  0x05, 0x23, 0x00, 0x04, 0x01, 0x27, 0x13, 0x00, 0x00, 0x00, 0xd1, 0x04, 0x00, 0x00, 0x06, 0x00,
  0x00, 0x00, 0xd2, 0x04, 0x00, 0x00, 0x08, 0x00, 0x00, 0x00, 0xd3, 0x04, 0x00, 0x00, 0x19, 0x00,
  0x00, 0x00, 0xd4, 0x04, 0x00, 0x00, 0x06, 0x00, 0x00, 0x00, 0xd5, 0x04, 0x00, 0x00, 0x02, 0x00,
  0x00, 0x00, 0xd6, 0x04, 0x00, 0x00, 0x04, 0x00, 0x00, 0x00, 0xd7, 0x04, 0x00, 0x00, 0x06, 0x00,
  0x00, 0x00, 0xd8, 0x04, 0x00, 0x00, 0x0c, 0x00, 0x00, 0x00, 0xd9, 0x04, 0x00, 0x00, 0x0c, 0x00,
  0x00, 0x00, 0xda, 0x04, 0x00, 0x00, 0x09, 0x00, 0x00, 0x00, 0xdb, 0x04, 0x00, 0x00, 0x04, 0x00,
  0x00, 0x00, 0xdc, 0x04, 0x00, 0x00, 0x0b, 0x00, 0x00, 0x00, 0xdd, 0x04, 0x00, 0x00, 0x06, 0x00,
  0x00, 0x00, 0xde, 0x04, 0x00, 0x00, 0x1e, 0x00, 0x00, 0x00, 0xdf, 0x04, 0x00, 0x00, 0x15, 0x00,
  0x00, 0x00, 0xe0, 0x04, 0x00, 0x00, 0x04, 0x00, 0x00, 0x00, 0xe1, 0x04, 0x00, 0x00, 0x0b, 0x00,
  0x00, 0x00, 0xe3, 0x04, 0x00, 0x00, 0x06, 0x00, 0x00, 0x00, 0xe4, 0x04, 0x00, 0x00, 0x02, 0x00,
  0x00, 0x00, 0x16, 0x00, 0x00, 0x00, 0x01, 0x03, 0x00, 0x00, 0x00, 0x63, 0x75, 0x72, 0x01, 0x04,
  0x00, 0x00, 0x00, 0x6c, 0x6f, 0x6f, 0x70, 0x01, 0x05, 0x00, 0x00, 0x00, 0x65, 0x72, 0x72, 0x6f,
  0x72, 0x01, 0x27, 0x00, 0x00, 0x00, 0x27, 0x62, 0x72, 0x65, 0x61, 0x6b, 0x27, 0x20, 0x63, 0x61,
  0x6e, 0x20, 0x6f, 0x6e, 0x6c, 0x79, 0x20, 0x62, 0x65, 0x20, 0x75, 0x73, 0x65, 0x64, 0x20, 0x69,
  0x6e, 0x73, 0x69, 0x64, 0x65, 0x20, 0x61, 0x20, 0x6c, 0x6f, 0x6f, 0x70, 0x2e, 0x01, 0x2a, 0x00,
  0x00, 0x00, 0x27, 0x63, 0x6f, 0x6e, 0x74, 0x69, 0x6e, 0x75, 0x65, 0x27, 0x20, 0x63, 0x61, 0x6e,
  0x20, 0x6f, 0x6e, 0x6c, 0x79, 0x20, 0x62, 0x65, 0x20, 0x75, 0x73, 0x65, 0x64, 0x20, 0x69, 0x6e,
  0x73, 0x69, 0x64, 0x65, 0x20, 0x61, 0x20, 0x6c, 0x6f, 0x6f, 0x70, 0x2e, 0x01, 0x0d, 0x00, 0x00,
  0x00, 0x65, 0x6e, 0x64, 0x5f, 0x73, 0x74, 0x61, 0x74, 0x65, 0x6d, 0x65, 0x6e, 0x74, 0x01, 0x09,
  0x00, 0x00, 0x00, 0x74, 0x72, 0x79, 0x5f, 0x64, 0x65, 0x70, 0x74, 0x68, 0x01, 0x09, 0x00, 0x00,
  0x00, 0x65, 0x6d, 0x69, 0x74, 0x5f, 0x62, 0x79, 0x74, 0x65, 0x01, 0x02, 0x00, 0x00, 0x00, 0x4f,
  0x50, 0x01, 0x07, 0x00, 0x00, 0x00, 0x45, 0x4e, 0x44, 0x5f, 0x54, 0x52, 0x59, 0x00, 0x00, 0x00,
  0x00, 0x00, 0x00, 0x00, 0xf0, 0x3f, 0x01, 0x0c, 0x00, 0x00, 0x00, 0x65, 0x6d, 0x69, 0x74, 0x5f,
  0x70, 0x6f, 0x70, 0x73, 0x5f, 0x74, 0x6f, 0x01, 0x0a, 0x00, 0x00, 0x00, 0x6c, 0x6f, 0x63, 0x61,
  0x6c, 0x5f, 0x62, 0x61, 0x73, 0x65, 0x01, 0x06, 0x00, 0x00, 0x00, 0x62, 0x72, 0x65, 0x61, 0x6b,
  0x73, 0x01, 0x03, 0x00, 0x00, 0x00, 0x6c, 0x65, 0x6e, 0x00, 0x00, 0x00, 0x00, 0x00, 0x00, 0x00,
  0x50, 0x40, 0x01, 0x28, 0x00, 0x00, 0x00, 0x54, 0x6f, 0x6f, 0x20, 0x6d, 0x61, 0x6e, 0x79, 0x20,
  0x27, 0x62, 0x72, 0x65, 0x61, 0x6b, 0x27, 0x20, 0x73, 0x74, 0x61, 0x74, 0x65, 0x6d, 0x65, 0x6e,
  0x74, 0x73, 0x20, 0x69, 0x6e, 0x20, 0x6f, 0x6e, 0x65, 0x20, 0x6c, 0x6f, 0x6f, 0x70, 0x2e, 0x01,
  0x04, 0x00, 0x00, 0x00, 0x70, 0x75, 0x73, 0x68, 0x01, 0x09, 0x00, 0x00, 0x00, 0x65, 0x6d, 0x69,
  0x74, 0x5f, 0x6a, 0x75, 0x6d, 0x70, 0x01, 0x04, 0x00, 0x00, 0x00, 0x4a, 0x55, 0x4d, 0x50, 0x01,
  0x09, 0x00, 0x00, 0x00, 0x65, 0x6d, 0x69, 0x74, 0x5f, 0x6c, 0x6f, 0x6f, 0x70, 0x01, 0x05, 0x00,
  0x00, 0x00, 0x73, 0x74, 0x61, 0x72, 0x74, 0x0d, 0x00, 0x00, 0x00, 0x74, 0x72, 0x79, 0x5f, 0x73,
  0x74, 0x61, 0x74, 0x65, 0x6d, 0x65, 0x6e, 0x74, 0x00, 0x00, 0x00, 0x00, 0x00, 0x97, 0x00, 0x00,
  0x00, 0x09, 0x00, 0x00, 0x09, 0x00, 0x01, 0x0e, 0x00, 0x02, 0x23, 0x01, 0x09, 0x00, 0x03, 0x05,
  0x0e, 0x00, 0x04, 0x00, 0x00, 0x05, 0x16, 0x0f, 0x00, 0x04, 0x04, 0x09, 0x00, 0x06, 0x23, 0x00,
  0x04, 0x09, 0x00, 0x03, 0x05, 0x0e, 0x00, 0x04, 0x00, 0x00, 0x07, 0x17, 0x0f, 0x00, 0x04, 0x04,
  0x09, 0x00, 0x08, 0x09, 0x00, 0x01, 0x0e, 0x00, 0x09, 0x23, 0x01, 0x04, 0x09, 0x00, 0x00, 0x09,
  0x00, 0x01, 0x0e, 0x00, 0x0a, 0x23, 0x01, 0x09, 0x00, 0x0b, 0x07, 0x01, 0x23, 0x01, 0x04, 0x09,
  0x00, 0x0c, 0x00, 0x00, 0x0d, 0x00, 0x00, 0x0e, 0x23, 0x02, 0x04, 0x09, 0x00, 0x0f, 0x23, 0x00,
  0x04, 0x09, 0x00, 0x0c, 0x00, 0x00, 0x10, 0x00, 0x00, 0x11, 0x23, 0x02, 0x04, 0x09, 0x00, 0x12,
  0x09, 0x00, 0x13, 0x0e, 0x00, 0x14, 0x0e, 0x00, 0x15, 0x23, 0x01, 0x04, 0x09, 0x00, 0x16, 0x23,
  0x00, 0x04, 0x09, 0x00, 0x06, 0x23, 0x00, 0x04, 0x09, 0x00, 0x17, 0x23, 0x00, 0x04, 0x09, 0x00,
  0x0b, 0x07, 0x02, 0x23, 0x01, 0x04, 0x01, 0x27, 0x10, 0x00, 0x00, 0x00, 0xe7, 0x04, 0x00, 0x00,
  0x0b, 0x00, 0x00, 0x00, 0xe8, 0x04, 0x00, 0x00, 0x0f, 0x00, 0x00, 0x00, 0xe9, 0x04, 0x00, 0x00,
  0x06, 0x00, 0x00, 0x00, 0xea, 0x04, 0x00, 0x00, 0x0f, 0x00, 0x00, 0x00, 0xeb, 0x04, 0x00, 0x00,
  0x0c, 0x00, 0x00, 0x00, 0xec, 0x04, 0x00, 0x00, 0x0b, 0x00, 0x00, 0x00, 0xed, 0x04, 0x00, 0x00,
  0x08, 0x00, 0x00, 0x00, 0xee, 0x04, 0x00, 0x00, 0x0c, 0x00, 0x00, 0x00, 0xef, 0x04, 0x00, 0x00,
  0x06, 0x00, 0x00, 0x00, 0xf0, 0x04, 0x00, 0x00, 0x0c, 0x00, 0x00, 0x00, 0xf1, 0x04, 0x00, 0x00,
  0x0f, 0x00, 0x00, 0x00, 0xf2, 0x04, 0x00, 0x00, 0x06, 0x00, 0x00, 0x00, 0xf3, 0x04, 0x00, 0x00,
  0x06, 0x00, 0x00, 0x00, 0xf4, 0x04, 0x00, 0x00, 0x06, 0x00, 0x00, 0x00, 0xf5, 0x04, 0x00, 0x00,
  0x08, 0x00, 0x00, 0x00, 0xf6, 0x04, 0x00, 0x00, 0x02, 0x00, 0x00, 0x00, 0x18, 0x00, 0x00, 0x00,
  0x01, 0x09, 0x00, 0x00, 0x00, 0x65, 0x6d, 0x69, 0x74, 0x5f, 0x6a, 0x75, 0x6d, 0x70, 0x01, 0x02,
  0x00, 0x00, 0x00, 0x4f, 0x50, 0x01, 0x03, 0x00, 0x00, 0x00, 0x54, 0x52, 0x59, 0x01, 0x03, 0x00,
  0x00, 0x00, 0x63, 0x75, 0x72, 0x01, 0x09, 0x00, 0x00, 0x00, 0x74, 0x72, 0x79, 0x5f, 0x64, 0x65,
  0x70, 0x74, 0x68, 0x00, 0x00, 0x00, 0x00, 0x00, 0x00, 0x00, 0xf0, 0x3f, 0x01, 0x0c, 0x00, 0x00,
  0x00, 0x73, 0x63, 0x6f, 0x70, 0x65, 0x64, 0x5f, 0x62, 0x6c, 0x6f, 0x63, 0x6b, 0x00, 0x00, 0x00,
  0x00, 0x00, 0x00, 0x00, 0xf0, 0x3f, 0x01, 0x09, 0x00, 0x00, 0x00, 0x65, 0x6d, 0x69, 0x74, 0x5f,
  0x62, 0x79, 0x74, 0x65, 0x01, 0x07, 0x00, 0x00, 0x00, 0x45, 0x4e, 0x44, 0x5f, 0x54, 0x52, 0x59,
  0x01, 0x04, 0x00, 0x00, 0x00, 0x4a, 0x55, 0x4d, 0x50, 0x01, 0x0a, 0x00, 0x00, 0x00, 0x70, 0x61,
  0x74, 0x63, 0x68, 0x5f, 0x6a, 0x75, 0x6d, 0x70, 0x01, 0x07, 0x00, 0x00, 0x00, 0x63, 0x6f, 0x6e,
  0x73, 0x75, 0x6d, 0x65, 0x01, 0x05, 0x00, 0x00, 0x00, 0x63, 0x61, 0x74, 0x63, 0x68, 0x01, 0x25,
  0x00, 0x00, 0x00, 0x45, 0x78, 0x70, 0x65, 0x63, 0x74, 0x65, 0x64, 0x20, 0x27, 0x63, 0x61, 0x74,
  0x63, 0x68, 0x27, 0x20, 0x61, 0x66, 0x74, 0x65, 0x72, 0x20, 0x74, 0x68, 0x65, 0x20, 0x74, 0x72,
  0x79, 0x20, 0x62, 0x6c, 0x6f, 0x63, 0x6b, 0x2e, 0x01, 0x0b, 0x00, 0x00, 0x00, 0x62, 0x65, 0x67,
  0x69, 0x6e, 0x5f, 0x73, 0x63, 0x6f, 0x70, 0x65, 0x01, 0x05, 0x00, 0x00, 0x00, 0x49, 0x44, 0x45,
  0x4e, 0x54, 0x01, 0x2c, 0x00, 0x00, 0x00, 0x45, 0x78, 0x70, 0x65, 0x63, 0x74, 0x65, 0x64, 0x20,
  0x61, 0x20, 0x6e, 0x61, 0x6d, 0x65, 0x20, 0x66, 0x6f, 0x72, 0x20, 0x74, 0x68, 0x65, 0x20, 0x65,
  0x72, 0x72, 0x6f, 0x72, 0x20, 0x61, 0x66, 0x74, 0x65, 0x72, 0x20, 0x27, 0x63, 0x61, 0x74, 0x63,
  0x68, 0x27, 0x2e, 0x01, 0x09, 0x00, 0x00, 0x00, 0x61, 0x64, 0x64, 0x5f, 0x6c, 0x6f, 0x63, 0x61,
  0x6c, 0x01, 0x02, 0x00, 0x00, 0x00, 0x70, 0x73, 0x01, 0x08, 0x00, 0x00, 0x00, 0x70, 0x72, 0x65,
  0x76, 0x69, 0x6f, 0x75, 0x73, 0x01, 0x04, 0x00, 0x00, 0x00, 0x74, 0x65, 0x78, 0x74, 0x01, 0x10,
  0x00, 0x00, 0x00, 0x6d, 0x61, 0x72, 0x6b, 0x5f, 0x69, 0x6e, 0x69, 0x74, 0x69, 0x61, 0x6c, 0x69,
  0x7a, 0x65, 0x64, 0x01, 0x09, 0x00, 0x00, 0x00, 0x65, 0x6e, 0x64, 0x5f, 0x73, 0x63, 0x6f, 0x70,
  0x65, 0x0b, 0x00, 0x00, 0x00, 0x73, 0x79, 0x6e, 0x63, 0x68, 0x72, 0x6f, 0x6e, 0x69, 0x7a, 0x65,
  0x00, 0x00, 0x00, 0x00, 0x00, 0x57, 0x00, 0x00, 0x00, 0x09, 0x00, 0x00, 0x03, 0x0f, 0x00, 0x01,
  0x04, 0x09, 0x00, 0x00, 0x0e, 0x00, 0x02, 0x0e, 0x00, 0x03, 0x00, 0x00, 0x04, 0x13, 0x1d, 0x21,
  0x00, 0x3b, 0x04, 0x09, 0x00, 0x00, 0x0e, 0x00, 0x05, 0x0e, 0x00, 0x03, 0x00, 0x00, 0x06, 0x13,
  0x21, 0x00, 0x06, 0x04, 0x01, 0x27, 0x20, 0x00, 0x01, 0x04, 0x09, 0x00, 0x07, 0x09, 0x00, 0x00,
  0x0e, 0x00, 0x02, 0x0e, 0x00, 0x03, 0x24, 0x00, 0x08, 0x01, 0x21, 0x00, 0x06, 0x04, 0x01, 0x27,
  0x20, 0x00, 0x01, 0x04, 0x09, 0x00, 0x09, 0x23, 0x00, 0x04, 0x22, 0x00, 0x4c, 0x04, 0x01, 0x27,
  0x07, 0x00, 0x00, 0x00, 0xff, 0x04, 0x00, 0x00, 0x08, 0x00, 0x00, 0x00, 0x00, 0x05, 0x00, 0x00,
  0x12, 0x00, 0x00, 0x00, 0x01, 0x05, 0x00, 0x00, 0x17, 0x00, 0x00, 0x00, 0x02, 0x05, 0x00, 0x00,
  0x1a, 0x00, 0x00, 0x00, 0x03, 0x05, 0x00, 0x00, 0x06, 0x00, 0x00, 0x00, 0x04, 0x05, 0x00, 0x00,
  0x04, 0x00, 0x00, 0x00, 0x05, 0x05, 0x00, 0x00, 0x02, 0x00, 0x00, 0x00, 0x0a, 0x00, 0x00, 0x00,
  0x01, 0x02, 0x00, 0x00, 0x00, 0x70, 0x73, 0x01, 0x05, 0x00, 0x00, 0x00, 0x70, 0x61, 0x6e, 0x69,
  0x63, 0x01, 0x07, 0x00, 0x00, 0x00, 0x63, 0x75, 0x72, 0x72, 0x65, 0x6e, 0x74, 0x01, 0x04, 0x00,
  0x00, 0x00, 0x74, 0x79, 0x70, 0x65, 0x01, 0x03, 0x00, 0x00, 0x00, 0x45, 0x4f, 0x46, 0x01, 0x08,
  0x00, 0x00, 0x00, 0x70, 0x72, 0x65, 0x76, 0x69, 0x6f, 0x75, 0x73, 0x01, 0x04, 0x00, 0x00, 0x00,
  0x53, 0x45, 0x4d, 0x49, 0x01, 0x0b, 0x00, 0x00, 0x00, 0x53, 0x59, 0x4e, 0x43, 0x5f, 0x50, 0x4f,
  0x49, 0x4e, 0x54, 0x53, 0x01, 0x03, 0x00, 0x00, 0x00, 0x68, 0x61, 0x73, 0x01, 0x07, 0x00, 0x00,
  0x00, 0x61, 0x64, 0x76, 0x61, 0x6e, 0x63, 0x65, 0x0b, 0x00, 0x00, 0x00, 0x64, 0x65, 0x63, 0x6c,
  0x61, 0x72, 0x61, 0x74, 0x69, 0x6f, 0x6e, 0x00, 0x00, 0x00, 0x00, 0x00, 0x22, 0x01, 0x00, 0x00,
  0x09, 0x00, 0x00, 0x05, 0x0e, 0x00, 0x01, 0x00, 0x00, 0x02, 0x16, 0x0f, 0x00, 0x01, 0x04, 0x09,
  0x00, 0x00, 0x0e, 0x00, 0x01, 0x00, 0x00, 0x03, 0x14, 0x21, 0x00, 0x3b, 0x04, 0x09, 0x00, 0x04,
  0x00, 0x00, 0x05, 0x23, 0x01, 0x04, 0x09, 0x00, 0x00, 0x05, 0x0e, 0x00, 0x01, 0x00, 0x00, 0x06,
  0x17, 0x0f, 0x00, 0x01, 0x04, 0x09, 0x00, 0x07, 0x00, 0x00, 0x08, 0x23, 0x01, 0x1d, 0x21, 0x00,
  0x0a, 0x04, 0x09, 0x00, 0x09, 0x23, 0x00, 0x04, 0x20, 0x00, 0x01, 0x04, 0x09, 0x00, 0x0a, 0x23,
  0x00, 0x04, 0x01, 0x27, 0x20, 0x00, 0x01, 0x04, 0x09, 0x00, 0x0b, 0x00, 0x00, 0x0c, 0x23, 0x01,
  0x21, 0x00, 0x0a, 0x04, 0x09, 0x00, 0x0d, 0x23, 0x00, 0x04, 0x20, 0x00, 0x90, 0x04, 0x09, 0x00,
  0x0b, 0x00, 0x00, 0x0e, 0x23, 0x01, 0x21, 0x00, 0x0a, 0x04, 0x09, 0x00, 0x0f, 0x23, 0x00, 0x04,
  0x20, 0x00, 0x7a, 0x04, 0x09, 0x00, 0x07, 0x00, 0x00, 0x10, 0x23, 0x01, 0x21, 0x00, 0x0d, 0x04,
  0x09, 0x00, 0x11, 0x23, 0x00, 0x0e, 0x00, 0x12, 0x00, 0x00, 0x13, 0x13, 0x21, 0x00, 0x10, 0x04,
  0x09, 0x00, 0x09, 0x23, 0x00, 0x04, 0x09, 0x00, 0x14, 0x23, 0x00, 0x04, 0x20, 0x00, 0x4e, 0x04,
  0x09, 0x00, 0x0b, 0x00, 0x00, 0x15, 0x23, 0x01, 0x21, 0x00, 0x25, 0x04, 0x09, 0x00, 0x0b, 0x00,
  0x00, 0x16, 0x23, 0x01, 0x1d, 0x21, 0x00, 0x0d, 0x04, 0x09, 0x00, 0x17, 0x00, 0x00, 0x18, 0x23,
  0x01, 0x04, 0x20, 0x00, 0x08, 0x04, 0x09, 0x00, 0x14, 0x02, 0x23, 0x01, 0x04, 0x20, 0x00, 0x1d,
  0x04, 0x09, 0x00, 0x0b, 0x00, 0x00, 0x19, 0x23, 0x01, 0x21, 0x00, 0x0a, 0x04, 0x09, 0x00, 0x1a,
  0x23, 0x00, 0x04, 0x20, 0x00, 0x07, 0x04, 0x09, 0x00, 0x1b, 0x23, 0x00, 0x04, 0x09, 0x00, 0x00,
  0x05, 0x0e, 0x00, 0x01, 0x00, 0x00, 0x1c, 0x17, 0x0f, 0x00, 0x01, 0x04, 0x09, 0x00, 0x00, 0x0e,
  0x00, 0x1d, 0x21, 0x00, 0x0a, 0x04, 0x09, 0x00, 0x0a, 0x23, 0x00, 0x04, 0x20, 0x00, 0x01, 0x04,
  0x01, 0x27, 0x16, 0x00, 0x00, 0x00, 0x08, 0x05, 0x00, 0x00, 0x0f, 0x00, 0x00, 0x00, 0x09, 0x05,
  0x00, 0x00, 0x0e, 0x00, 0x00, 0x00, 0x0a, 0x05, 0x00, 0x00, 0x09, 0x00, 0x00, 0x00, 0x0b, 0x05,
  0x00, 0x00, 0x0f, 0x00, 0x00, 0x00, 0x0c, 0x05, 0x00, 0x00, 0x17, 0x00, 0x00, 0x00, 0x0d, 0x05,
  0x00, 0x00, 0x06, 0x00, 0x00, 0x00, 0x0e, 0x05, 0x00, 0x00, 0x02, 0x00, 0x00, 0x00, 0x0f, 0x05,
  0x00, 0x00, 0x04, 0x00, 0x00, 0x00, 0x10, 0x05, 0x00, 0x00, 0x16, 0x00, 0x00, 0x00, 0x11, 0x05,
  0x00, 0x00, 0x16, 0x00, 0x00, 0x00, 0x12, 0x05, 0x00, 0x00, 0x1c, 0x00, 0x00, 0x00, 0x13, 0x05,
  0x00, 0x00, 0x06, 0x00, 0x00, 0x00, 0x14, 0x05, 0x00, 0x00, 0x06, 0x00, 0x00, 0x00, 0x15, 0x05,
  0x00, 0x00, 0x04, 0x00, 0x00, 0x00, 0x16, 0x05, 0x00, 0x00, 0x0c, 0x00, 0x00, 0x00, 0x17, 0x05,
  0x00, 0x00, 0x21, 0x00, 0x00, 0x00, 0x18, 0x05, 0x00, 0x00, 0x04, 0x00, 0x00, 0x00, 0x19, 0x05,
  0x00, 0x00, 0x16, 0x00, 0x00, 0x00, 0x1a, 0x05, 0x00, 0x00, 0x06, 0x00, 0x00, 0x00, 0x1b, 0x05,
  0x00, 0x00, 0x0f, 0x00, 0x00, 0x00, 0x1c, 0x05, 0x00, 0x00, 0x14, 0x00, 0x00, 0x00, 0x1d, 0x05,
  0x00, 0x00, 0x02, 0x00, 0x00, 0x00, 0x1e, 0x00, 0x00, 0x00, 0x01, 0x02, 0x00, 0x00, 0x00, 0x70,
  0x73, 0x01, 0x07, 0x00, 0x00, 0x00, 0x6e, 0x65, 0x73, 0x74, 0x69, 0x6e, 0x67, 0x00, 0x00, 0x00,
  0x00, 0x00, 0x00, 0x00, 0xf0, 0x3f, 0x00, 0x00, 0x00, 0x00, 0x00, 0x00, 0x00, 0x69, 0x40, 0x01,
  0x05, 0x00, 0x00, 0x00, 0x65, 0x72, 0x72, 0x6f, 0x72, 0x01, 0x1d, 0x00, 0x00, 0x00, 0x42, 0x6c,
  0x6f, 0x63, 0x6b, 0x73, 0x20, 0x61, 0x72, 0x65, 0x20, 0x6e, 0x65, 0x73, 0x74, 0x65, 0x64, 0x20,
  0x74, 0x6f, 0x6f, 0x20, 0x64, 0x65, 0x65, 0x70, 0x6c, 0x79, 0x2e, 0x00, 0x00, 0x00, 0x00, 0x00,
  0x00, 0x00, 0xf0, 0x3f, 0x01, 0x05, 0x00, 0x00, 0x00, 0x63, 0x68, 0x65, 0x63, 0x6b, 0x01, 0x03,
  0x00, 0x00, 0x00, 0x45, 0x4f, 0x46, 0x01, 0x07, 0x00, 0x00, 0x00, 0x61, 0x64, 0x76, 0x61, 0x6e,
  0x63, 0x65, 0x01, 0x0b, 0x00, 0x00, 0x00, 0x73, 0x79, 0x6e, 0x63, 0x68, 0x72, 0x6f, 0x6e, 0x69,
  0x7a, 0x65, 0x01, 0x05, 0x00, 0x00, 0x00, 0x6d, 0x61, 0x74, 0x63, 0x68, 0x01, 0x03, 0x00, 0x00,
  0x00, 0x6c, 0x65, 0x74, 0x01, 0x0f, 0x00, 0x00, 0x00, 0x6c, 0x65, 0x74, 0x5f, 0x64, 0x65, 0x63,
  0x6c, 0x61, 0x72, 0x61, 0x74, 0x69, 0x6f, 0x6e, 0x01, 0x05, 0x00, 0x00, 0x00, 0x63, 0x6c, 0x61,
  0x73, 0x73, 0x01, 0x11, 0x00, 0x00, 0x00, 0x63, 0x6c, 0x61, 0x73, 0x73, 0x5f, 0x64, 0x65, 0x63,
  0x6c, 0x61, 0x72, 0x61, 0x74, 0x69, 0x6f, 0x6e, 0x01, 0x02, 0x00, 0x00, 0x00, 0x66, 0x6e, 0x01,
  0x09, 0x00, 0x00, 0x00, 0x70, 0x65, 0x65, 0x6b, 0x5f, 0x6e, 0x65, 0x78, 0x74, 0x01, 0x04, 0x00,
  0x00, 0x00, 0x74, 0x79, 0x70, 0x65, 0x01, 0x05, 0x00, 0x00, 0x00, 0x49, 0x44, 0x45, 0x4e, 0x54,
  0x01, 0x0f, 0x00, 0x00, 0x00, 0x66, 0x75, 0x6e, 0x5f, 0x64, 0x65, 0x63, 0x6c, 0x61, 0x72, 0x61,
  0x74, 0x69, 0x6f, 0x6e, 0x01, 0x05, 0x00, 0x00, 0x00, 0x61, 0x73, 0x79, 0x6e, 0x63, 0x01, 0x02,
  0x00, 0x00, 0x00, 0x66, 0x6e, 0x01, 0x10, 0x00, 0x00, 0x00, 0x65, 0x72, 0x72, 0x6f, 0x72, 0x5f,
  0x61, 0x74, 0x5f, 0x63, 0x75, 0x72, 0x72, 0x65, 0x6e, 0x74, 0x01, 0x1c, 0x00, 0x00, 0x00, 0x45,
  0x78, 0x70, 0x65, 0x63, 0x74, 0x65, 0x64, 0x20, 0x27, 0x66, 0x6e, 0x27, 0x20, 0x61, 0x66, 0x74,
  0x65, 0x72, 0x20, 0x27, 0x61, 0x73, 0x79, 0x6e, 0x63, 0x27, 0x2e, 0x01, 0x06, 0x00, 0x00, 0x00,
  0x69, 0x6d, 0x70, 0x6f, 0x72, 0x74, 0x01, 0x10, 0x00, 0x00, 0x00, 0x69, 0x6d, 0x70, 0x6f, 0x72,
  0x74, 0x5f, 0x73, 0x74, 0x61, 0x74, 0x65, 0x6d, 0x65, 0x6e, 0x74, 0x01, 0x09, 0x00, 0x00, 0x00,
  0x73, 0x74, 0x61, 0x74, 0x65, 0x6d, 0x65, 0x6e, 0x74, 0x00, 0x00, 0x00, 0x00, 0x00, 0x00, 0x00,
  0xf0, 0x3f, 0x01, 0x05, 0x00, 0x00, 0x00, 0x70, 0x61, 0x6e, 0x69, 0x63, 0x09, 0x00, 0x00, 0x00,
  0x73, 0x74, 0x61, 0x74, 0x65, 0x6d, 0x65, 0x6e, 0x74, 0x00, 0x00, 0x00, 0x00, 0x00, 0xf4, 0x00,
  0x00, 0x00, 0x09, 0x00, 0x00, 0x00, 0x00, 0x01, 0x23, 0x01, 0x21, 0x00, 0x0a, 0x04, 0x09, 0x00,
  0x02, 0x23, 0x00, 0x04, 0x20, 0x00, 0xdd, 0x04, 0x09, 0x00, 0x00, 0x00, 0x00, 0x03, 0x23, 0x01,
  0x21, 0x00, 0x0a, 0x04, 0x09, 0x00, 0x04, 0x23, 0x00, 0x04, 0x20, 0x00, 0xc7, 0x04, 0x09, 0x00,
  0x00, 0x00, 0x00, 0x05, 0x23, 0x01, 0x21, 0x00, 0x0a, 0x04, 0x09, 0x00, 0x06, 0x23, 0x00, 0x04,
  0x20, 0x00, 0xb1, 0x04, 0x09, 0x00, 0x00, 0x00, 0x00, 0x07, 0x23, 0x01, 0x21, 0x00, 0x0a, 0x04,
  0x09, 0x00, 0x08, 0x23, 0x00, 0x04, 0x20, 0x00, 0x9b, 0x04, 0x09, 0x00, 0x00, 0x00, 0x00, 0x09,
  0x23, 0x01, 0x21, 0x00, 0x0b, 0x04, 0x09, 0x00, 0x0a, 0x02, 0x23, 0x01, 0x04, 0x20, 0x00, 0x84,
  0x04, 0x09, 0x00, 0x00, 0x00, 0x00, 0x0b, 0x23, 0x01, 0x21, 0x00, 0x0b, 0x04, 0x09, 0x00, 0x0a,
  0x03, 0x23, 0x01, 0x04, 0x20, 0x00, 0x6d, 0x04, 0x09, 0x00, 0x00, 0x00, 0x00, 0x0c, 0x23, 0x01,
  0x21, 0x00, 0x0a, 0x04, 0x09, 0x00, 0x0d, 0x23, 0x00, 0x04, 0x20, 0x00, 0x57, 0x04, 0x09, 0x00,
  0x00, 0x00, 0x00, 0x0e, 0x23, 0x01, 0x21, 0x00, 0x1c, 0x04, 0x09, 0x00, 0x0f, 0x23, 0x00, 0x04,
  0x09, 0x00, 0x10, 0x09, 0x00, 0x11, 0x0e, 0x00, 0x12, 0x23, 0x01, 0x04, 0x09, 0x00, 0x13, 0x23,
  0x00, 0x04, 0x20, 0x00, 0x2f, 0x04, 0x09, 0x00, 0x14, 0x00, 0x00, 0x15, 0x23, 0x01, 0x21, 0x00,
  0x1c, 0x04, 0x09, 0x00, 0x16, 0x23, 0x00, 0x04, 0x09, 0x00, 0x17, 0x23, 0x00, 0x04, 0x09, 0x00,
  0x18, 0x23, 0x00, 0x04, 0x09, 0x00, 0x19, 0x23, 0x00, 0x04, 0x20, 0x00, 0x07, 0x04, 0x09, 0x00,
  0x1a, 0x23, 0x00, 0x04, 0x01, 0x27, 0x14, 0x00, 0x00, 0x00, 0x20, 0x05, 0x00, 0x00, 0x16, 0x00,
  0x00, 0x00, 0x21, 0x05, 0x00, 0x00, 0x16, 0x00, 0x00, 0x00, 0x22, 0x05, 0x00, 0x00, 0x16, 0x00,
  0x00, 0x00, 0x23, 0x05, 0x00, 0x00, 0x16, 0x00, 0x00, 0x00, 0x24, 0x05, 0x00, 0x00, 0x17, 0x00,
  0x00, 0x00, 0x25, 0x05, 0x00, 0x00, 0x17, 0x00, 0x00, 0x00, 0x26, 0x05, 0x00, 0x00, 0x16, 0x00,
  0x00, 0x00, 0x27, 0x05, 0x00, 0x00, 0x0c, 0x00, 0x00, 0x00, 0x28, 0x05, 0x00, 0x00, 0x06, 0x00,
  0x00, 0x00, 0x29, 0x05, 0x00, 0x00, 0x0c, 0x00, 0x00, 0x00, 0x2a, 0x05, 0x00, 0x00, 0x06, 0x00,
  0x00, 0x00, 0x2b, 0x05, 0x00, 0x00, 0x04, 0x00, 0x00, 0x00, 0x2c, 0x05, 0x00, 0x00, 0x0c, 0x00,
  0x00, 0x00, 0x2d, 0x05, 0x00, 0x00, 0x06, 0x00, 0x00, 0x00, 0x2e, 0x05, 0x00, 0x00, 0x06, 0x00,
  0x00, 0x00, 0x2f, 0x05, 0x00, 0x00, 0x06, 0x00, 0x00, 0x00, 0x30, 0x05, 0x00, 0x00, 0x06, 0x00,
  0x00, 0x00, 0x31, 0x05, 0x00, 0x00, 0x04, 0x00, 0x00, 0x00, 0x32, 0x05, 0x00, 0x00, 0x06, 0x00,
  0x00, 0x00, 0x33, 0x05, 0x00, 0x00, 0x02, 0x00, 0x00, 0x00, 0x1b, 0x00, 0x00, 0x00, 0x01, 0x05,
  0x00, 0x00, 0x00, 0x6d, 0x61, 0x74, 0x63, 0x68, 0x01, 0x02, 0x00, 0x00, 0x00, 0x69, 0x66, 0x01,
  0x0c, 0x00, 0x00, 0x00, 0x69, 0x66, 0x5f, 0x73, 0x74, 0x61, 0x74, 0x65, 0x6d, 0x65, 0x6e, 0x74,
  0x01, 0x05, 0x00, 0x00, 0x00, 0x77, 0x68, 0x69, 0x6c, 0x65, 0x01, 0x0f, 0x00, 0x00, 0x00, 0x77,
  0x68, 0x69, 0x6c, 0x65, 0x5f, 0x73, 0x74, 0x61, 0x74, 0x65, 0x6d, 0x65, 0x6e, 0x74, 0x01, 0x03,
  0x00, 0x00, 0x00, 0x66, 0x6f, 0x72, 0x01, 0x0d, 0x00, 0x00, 0x00, 0x66, 0x6f, 0x72, 0x5f, 0x73,
  0x74, 0x61, 0x74, 0x65, 0x6d, 0x65, 0x6e, 0x74, 0x01, 0x06, 0x00, 0x00, 0x00, 0x72, 0x65, 0x74,
  0x75, 0x72, 0x6e, 0x01, 0x10, 0x00, 0x00, 0x00, 0x72, 0x65, 0x74, 0x75, 0x72, 0x6e, 0x5f, 0x73,
  0x74, 0x61, 0x74, 0x65, 0x6d, 0x65, 0x6e, 0x74, 0x01, 0x05, 0x00, 0x00, 0x00, 0x62, 0x72, 0x65,
  0x61, 0x6b, 0x01, 0x0e, 0x00, 0x00, 0x00, 0x62, 0x72, 0x65, 0x61, 0x6b, 0x5f, 0x63, 0x6f, 0x6e,
  0x74, 0x69, 0x6e, 0x75, 0x65, 0x01, 0x08, 0x00, 0x00, 0x00, 0x63, 0x6f, 0x6e, 0x74, 0x69, 0x6e,
  0x75, 0x65, 0x01, 0x03, 0x00, 0x00, 0x00, 0x74, 0x72, 0x79, 0x01, 0x0d, 0x00, 0x00, 0x00, 0x74,
  0x72, 0x79, 0x5f, 0x73, 0x74, 0x61, 0x74, 0x65, 0x6d, 0x65, 0x6e, 0x74, 0x01, 0x05, 0x00, 0x00,
  0x00, 0x74, 0x68, 0x72, 0x6f, 0x77, 0x01, 0x0a, 0x00, 0x00, 0x00, 0x65, 0x78, 0x70, 0x72, 0x65,
  0x73, 0x73, 0x69, 0x6f, 0x6e, 0x01, 0x09, 0x00, 0x00, 0x00, 0x65, 0x6d, 0x69, 0x74, 0x5f, 0x62,
  0x79, 0x74, 0x65, 0x01, 0x02, 0x00, 0x00, 0x00, 0x4f, 0x50, 0x01, 0x05, 0x00, 0x00, 0x00, 0x54,
  0x48, 0x52, 0x4f, 0x57, 0x01, 0x0d, 0x00, 0x00, 0x00, 0x65, 0x6e, 0x64, 0x5f, 0x73, 0x74, 0x61,
  0x74, 0x65, 0x6d, 0x65, 0x6e, 0x74, 0x01, 0x05, 0x00, 0x00, 0x00, 0x63, 0x68, 0x65, 0x63, 0x6b,
  0x01, 0x01, 0x00, 0x00, 0x00, 0x7b, 0x01, 0x07, 0x00, 0x00, 0x00, 0x61, 0x64, 0x76, 0x61, 0x6e,
  0x63, 0x65, 0x01, 0x0b, 0x00, 0x00, 0x00, 0x62, 0x65, 0x67, 0x69, 0x6e, 0x5f, 0x73, 0x63, 0x6f,
  0x70, 0x65, 0x01, 0x05, 0x00, 0x00, 0x00, 0x62, 0x6c, 0x6f, 0x63, 0x6b, 0x01, 0x09, 0x00, 0x00,
  0x00, 0x65, 0x6e, 0x64, 0x5f, 0x73, 0x63, 0x6f, 0x70, 0x65, 0x01, 0x14, 0x00, 0x00, 0x00, 0x65,
  0x78, 0x70, 0x72, 0x65, 0x73, 0x73, 0x69, 0x6f, 0x6e, 0x5f, 0x73, 0x74, 0x61, 0x74, 0x65, 0x6d,
  0x65, 0x6e, 0x74, 0x08, 0x00, 0x00, 0x00, 0x67, 0x65, 0x74, 0x5f, 0x72, 0x75, 0x6c, 0x65, 0x01,
  0x01, 0x00, 0x00, 0x00, 0x0f, 0x00, 0x00, 0x00, 0x09, 0x00, 0x00, 0x07, 0x01, 0x09, 0x00, 0x02,
  0x24, 0x00, 0x01, 0x02, 0x27, 0x01, 0x27, 0x01, 0x00, 0x00, 0x00, 0x62, 0x05, 0x00, 0x00, 0x0f,
  0x00, 0x00, 0x00, 0x03, 0x00, 0x00, 0x00, 0x01, 0x05, 0x00, 0x00, 0x00, 0x52, 0x55, 0x4c, 0x45,
  0x53, 0x01, 0x03, 0x00, 0x00, 0x00, 0x67, 0x65, 0x74, 0x01, 0x07, 0x00, 0x00, 0x00, 0x4e, 0x4f,
  0x5f, 0x52, 0x55, 0x4c, 0x45, 0x07, 0x00, 0x00, 0x00, 0x63, 0x6f, 0x6d, 0x70, 0x69, 0x6c, 0x65,
  0x02, 0x01, 0x00, 0x00, 0x00, 0x3c, 0x01, 0x00, 0x00, 0x07, 0x02, 0x38, 0x00, 0x04, 0x04, 0x01,
  0x08, 0x02, 0x04, 0x07, 0x02, 0x38, 0x00, 0x04, 0x04, 0x29, 0x00, 0x00, 0x00, 0x00, 0x01, 0x09,
  0x00, 0x02, 0x07, 0x01, 0x00, 0x00, 0x03, 0x23, 0x02, 0x00, 0x00, 0x04, 0x00, 0x00, 0x05, 0x00,
  0x00, 0x06, 0x01, 0x00, 0x00, 0x07, 0x00, 0x00, 0x08, 0x00, 0x00, 0x09, 0x00, 0x00, 0x0a, 0x00,
  0x00, 0x0b, 0x00, 0x00, 0x0c, 0x00, 0x00, 0x0d, 0x00, 0x00, 0x0e, 0x00, 0x00, 0x0f, 0x29, 0x00,
  0x04, 0x00, 0x00, 0x10, 0x03, 0x00, 0x00, 0x11, 0x03, 0x00, 0x00, 0x12, 0x03, 0x00, 0x00, 0x13,
  0x00, 0x00, 0x14, 0x00, 0x00, 0x15, 0x28, 0x00, 0x00, 0x00, 0x00, 0x16, 0x07, 0x01, 0x00, 0x00,
  0x18, 0x24, 0x00, 0x17, 0x01, 0x00, 0x00, 0x19, 0x00, 0x00, 0x1a, 0x00, 0x00, 0x1b, 0x07, 0x03,
  0x0e, 0x00, 0x1b, 0x38, 0x00, 0x02, 0x04, 0x03, 0x00, 0x00, 0x1c, 0x07, 0x03, 0x0e, 0x00, 0x1d,
  0x38, 0x00, 0x02, 0x04, 0x03, 0x00, 0x00, 0x1e, 0x28, 0x00, 0x00, 0x29, 0x00, 0x0e, 0x0b, 0x00,
  0x00, 0x04, 0x28, 0x00, 0x00, 0x0b, 0x00, 0x1f, 0x04, 0x01, 0x0b, 0x00, 0x20, 0x04, 0x01, 0x0b,
  0x00, 0x21, 0x04, 0x09, 0x00, 0x22, 0x00, 0x00, 0x23, 0x01, 0x23, 0x02, 0x04, 0x09, 0x00, 0x24,
  0x23, 0x00, 0x04, 0x09, 0x00, 0x25, 0x23, 0x00, 0x04, 0x09, 0x00, 0x26, 0x00, 0x00, 0x27, 0x23,
  0x01, 0x1d, 0x21, 0x00, 0x10, 0x04, 0x09, 0x00, 0x28, 0x23, 0x00, 0x04, 0x09, 0x00, 0x25, 0x23,
  0x00, 0x04, 0x22, 0x00, 0x1c, 0x04, 0x09, 0x00, 0x29, 0x23, 0x00, 0x04, 0x01, 0x09, 0x00, 0x00,
  0x0e, 0x00, 0x10, 0x21, 0x00, 0x20, 0x04, 0x00, 0x00, 0x2a, 0x03, 0x00, 0x00, 0x2b, 0x09, 0x00,
  0x00, 0x0e, 0x00, 0x15, 0x00, 0x00, 0x2c, 0x09, 0x00, 0x00, 0x0e, 0x00, 0x12, 0x29, 0x00, 0x03,
  0x08, 0x04, 0x04, 0x20, 0x00, 0x20, 0x04, 0x00, 0x00, 0x2d, 0x02, 0x00, 0x00, 0x2e, 0x00, 0x00,
  0x2f, 0x09, 0x00, 0x1f, 0x29, 0x00, 0x01, 0x00, 0x00, 0x30, 0x09, 0x00, 0x00, 0x0e, 0x00, 0x1d,
  0x29, 0x00, 0x03, 0x08, 0x04, 0x04, 0x01, 0x0b, 0x00, 0x00, 0x04, 0x01, 0x0b, 0x00, 0x21, 0x04,
  0x07, 0x04, 0x27, 0x01, 0x27, 0x1b, 0x00, 0x00, 0x00, 0x6d, 0x05, 0x00, 0x00, 0x0a, 0x00, 0x00,
  0x00, 0x6e, 0x05, 0x00, 0x00, 0x09, 0x00, 0x00, 0x00, 0x70, 0x05, 0x00, 0x00, 0x35, 0x00, 0x00,
  0x00, 0x71, 0x05, 0x00, 0x00, 0x18, 0x00, 0x00, 0x00, 0x72, 0x05, 0x00, 0x00, 0x12, 0x00, 0x00,
  0x00, 0x73, 0x05, 0x00, 0x00, 0x20, 0x00, 0x00, 0x00, 0x74, 0x05, 0x00, 0x00, 0x07, 0x00, 0x00,
  0x00, 0x75, 0x05, 0x00, 0x00, 0x07, 0x00, 0x00, 0x00, 0x76, 0x05, 0x00, 0x00, 0x05, 0x00, 0x00,
  0x00, 0x77, 0x05, 0x00, 0x00, 0x05, 0x00, 0x00, 0x00, 0x78, 0x05, 0x00, 0x00, 0x0a, 0x00, 0x00,
  0x00, 0x7a, 0x05, 0x00, 0x00, 0x06, 0x00, 0x00, 0x00, 0x7b, 0x05, 0x00, 0x00, 0x06, 0x00, 0x00,
  0x00, 0x7c, 0x05, 0x00, 0x00, 0x0d, 0x00, 0x00, 0x00, 0x7d, 0x05, 0x00, 0x00, 0x06, 0x00, 0x00,
  0x00, 0x7e, 0x05, 0x00, 0x00, 0x06, 0x00, 0x00, 0x00, 0x7f, 0x05, 0x00, 0x00, 0x04, 0x00, 0x00,
  0x00, 0x80, 0x05, 0x00, 0x00, 0x06, 0x00, 0x00, 0x00, 0x82, 0x05, 0x00, 0x00, 0x01, 0x00, 0x00,
  0x00, 0x83, 0x05, 0x00, 0x00, 0x0a, 0x00, 0x00, 0x00, 0x84, 0x05, 0x00, 0x00, 0x1c, 0x00, 0x00,
  0x00, 0x85, 0x05, 0x00, 0x00, 0x04, 0x00, 0x00, 0x00, 0x86, 0x05, 0x00, 0x00, 0x1f, 0x00, 0x00,
  0x00, 0x88, 0x05, 0x00, 0x00, 0x05, 0x00, 0x00, 0x00, 0x89, 0x05, 0x00, 0x00, 0x05, 0x00, 0x00,
  0x00, 0x8a, 0x05, 0x00, 0x00, 0x03, 0x00, 0x00, 0x00, 0x8b, 0x05, 0x00, 0x00, 0x02, 0x00, 0x00,
  0x00, 0x31, 0x00, 0x00, 0x00, 0x01, 0x02, 0x00, 0x00, 0x00, 0x70, 0x73, 0x01, 0x04, 0x00, 0x00,
  0x00, 0x74, 0x6f, 0x6b, 0x73, 0x01, 0x06, 0x00, 0x00, 0x00, 0x6c, 0x61, 0x79, 0x6f, 0x75, 0x74,
  0x00, 0x00, 0x00, 0x00, 0x00, 0x00, 0x00, 0xf0, 0x3f, 0x01, 0x03, 0x00, 0x00, 0x00, 0x70, 0x6f,
  0x73, 0x00, 0x00, 0x00, 0x00, 0x00, 0x00, 0x00, 0x00, 0x00, 0x01, 0x08, 0x00, 0x00, 0x00, 0x70,
  0x72, 0x65, 0x76, 0x69, 0x6f, 0x75, 0x73, 0x01, 0x07, 0x00, 0x00, 0x00, 0x63, 0x75, 0x72, 0x72,
  0x65, 0x6e, 0x74, 0x01, 0x04, 0x00, 0x00, 0x00, 0x74, 0x79, 0x70, 0x65, 0x01, 0x04, 0x00, 0x00,
  0x00, 0x53, 0x45, 0x4d, 0x49, 0x01, 0x04, 0x00, 0x00, 0x00, 0x74, 0x65, 0x78, 0x74, 0x01, 0x00,
  0x00, 0x00, 0x00, 0x01, 0x04, 0x00, 0x00, 0x00, 0x6c, 0x69, 0x6e, 0x65, 0x00, 0x00, 0x00, 0x00,
  0x00, 0x00, 0x00, 0x00, 0x00, 0x01, 0x03, 0x00, 0x00, 0x00, 0x63, 0x6f, 0x6c, 0x00, 0x00, 0x00,
  0x00, 0x00, 0x00, 0x00, 0x00, 0x00, 0x01, 0x09, 0x00, 0x00, 0x00, 0x68, 0x61, 0x64, 0x5f, 0x65,
  0x72, 0x72, 0x6f, 0x72, 0x01, 0x05, 0x00, 0x00, 0x00, 0x70, 0x61, 0x6e, 0x69, 0x63, 0x01, 0x09,
  0x00, 0x00, 0x00, 0x65, 0x6f, 0x66, 0x5f, 0x65, 0x72, 0x72, 0x6f, 0x72, 0x01, 0x07, 0x00, 0x00,
  0x00, 0x6e, 0x65, 0x73, 0x74, 0x69, 0x6e, 0x67, 0x00, 0x00, 0x00, 0x00, 0x00, 0x00, 0x00, 0x00,
  0x00, 0x01, 0x06, 0x00, 0x00, 0x00, 0x65, 0x72, 0x72, 0x6f, 0x72, 0x73, 0x01, 0x09, 0x00, 0x00,
  0x00, 0x73, 0x72, 0x63, 0x5f, 0x6c, 0x69, 0x6e, 0x65, 0x73, 0x01, 0x05, 0x00, 0x00, 0x00, 0x73,
  0x70, 0x6c, 0x69, 0x74, 0x01, 0x01, 0x00, 0x00, 0x00, 0x0a, 0x01, 0x0a, 0x00, 0x00, 0x00, 0x66,
  0x69, 0x72, 0x73, 0x74, 0x5f, 0x6c, 0x69, 0x6e, 0x65, 0x00, 0x00, 0x00, 0x00, 0x00, 0x00, 0x00,
  0xf0, 0x3f, 0x01, 0x04, 0x00, 0x00, 0x00, 0x72, 0x65, 0x70, 0x6c, 0x01, 0x0f, 0x00, 0x00, 0x00,
  0x63, 0x6f, 0x6c, 0x6c, 0x65, 0x63, 0x74, 0x5f, 0x69, 0x6d, 0x70, 0x6f, 0x72, 0x74, 0x73, 0x01,
  0x07, 0x00, 0x00, 0x00, 0x69, 0x6d, 0x70, 0x6f, 0x72, 0x74, 0x73, 0x01, 0x07, 0x00, 0x00, 0x00,
  0x69, 0x6d, 0x70, 0x6f, 0x72, 0x74, 0x73, 0x01, 0x09, 0x00, 0x00, 0x00, 0x66, 0x75, 0x6e, 0x63,
  0x74, 0x69, 0x6f, 0x6e, 0x73, 0x01, 0x0d, 0x00, 0x00, 0x00, 0x63, 0x75, 0x72, 0x72, 0x65, 0x6e,
  0x74, 0x5f, 0x63, 0x6c, 0x61, 0x73, 0x73, 0x01, 0x03, 0x00, 0x00, 0x00, 0x63, 0x75, 0x72, 0x01,
  0x0e, 0x00, 0x00, 0x00, 0x62, 0x65, 0x67, 0x69, 0x6e, 0x5f, 0x66, 0x75, 0x6e, 0x63, 0x74, 0x69,
  0x6f, 0x6e, 0x01, 0x06, 0x00, 0x00, 0x00, 0x73, 0x63, 0x72, 0x69, 0x70, 0x74, 0x01, 0x07, 0x00,
  0x00, 0x00, 0x61, 0x64, 0x76, 0x61, 0x6e, 0x63, 0x65, 0x01, 0x0a, 0x00, 0x00, 0x00, 0x73, 0x6b,
  0x69, 0x70, 0x5f, 0x73, 0x65, 0x6d, 0x69, 0x73, 0x01, 0x05, 0x00, 0x00, 0x00, 0x63, 0x68, 0x65,
  0x63, 0x6b, 0x01, 0x03, 0x00, 0x00, 0x00, 0x45, 0x4f, 0x46, 0x01, 0x0b, 0x00, 0x00, 0x00, 0x64,
  0x65, 0x63, 0x6c, 0x61, 0x72, 0x61, 0x74, 0x69, 0x6f, 0x6e, 0x01, 0x0c, 0x00, 0x00, 0x00, 0x65,
  0x6e, 0x64, 0x5f, 0x63, 0x6f, 0x6d, 0x70, 0x69, 0x6c, 0x65, 0x72, 0x01, 0x02, 0x00, 0x00, 0x00,
  0x6f, 0x6b, 0x01, 0x06, 0x00, 0x00, 0x00, 0x65, 0x72, 0x72, 0x6f, 0x72, 0x73, 0x01, 0x03, 0x00,
  0x00, 0x00, 0x65, 0x6f, 0x66, 0x01, 0x02, 0x00, 0x00, 0x00, 0x6f, 0x6b, 0x01, 0x07, 0x00, 0x00,
  0x00, 0x70, 0x72, 0x6f, 0x67, 0x72, 0x61, 0x6d, 0x01, 0x09, 0x00, 0x00, 0x00, 0x66, 0x75, 0x6e,
  0x63, 0x74, 0x69, 0x6f, 0x6e, 0x73, 0x01, 0x07, 0x00, 0x00, 0x00, 0x69, 0x6d, 0x70, 0x6f, 0x72,
  0x74, 0x73, 0x0e, 0x00, 0x00, 0x00, 0x63, 0x6f, 0x6d, 0x70, 0x69, 0x6c, 0x65, 0x5f, 0x66, 0x6f,
  0x72, 0x5f, 0x76, 0x6d, 0x03, 0x03, 0x00, 0x00, 0x00, 0x96, 0x00, 0x00, 0x00, 0x01, 0x2b, 0x00,
  0x1b, 0x09, 0x00, 0x00, 0x07, 0x01, 0x00, 0x00, 0x01, 0x07, 0x02, 0x00, 0x00, 0x02, 0x07, 0x03,
  0x29, 0x00, 0x02, 0x23, 0x02, 0x08, 0x04, 0x04, 0x2c, 0x20, 0x00, 0x46, 0x01, 0x0b, 0x00, 0x03,
  0x04, 0x01, 0x0b, 0x00, 0x04, 0x04, 0x00, 0x00, 0x05, 0x03, 0x00, 0x00, 0x06, 0x03, 0x00, 0x00,
  0x07, 0x00, 0x00, 0x08, 0x00, 0x00, 0x09, 0x09, 0x00, 0x0a, 0x07, 0x05, 0x23, 0x01, 0x16, 0x00,
  0x00, 0x0b, 0x00, 0x00, 0x0c, 0x00, 0x00, 0x0d, 0x00, 0x00, 0x0e, 0x00, 0x00, 0x0f, 0x00, 0x00,
  0x10, 0x00, 0x00, 0x11, 0x00, 0x00, 0x12, 0x29, 0x00, 0x05, 0x28, 0x00, 0x01, 0x29, 0x00, 0x03,
  0x27, 0x04, 0x07, 0x04, 0x0e, 0x00, 0x05, 0x21, 0x00, 0x23, 0x04, 0x00, 0x00, 0x13, 0x02, 0x00,
  0x00, 0x14, 0x09, 0x00, 0x15, 0x07, 0x04, 0x0e, 0x00, 0x14, 0x24, 0x00, 0x16, 0x01, 0x00, 0x00,
  0x17, 0x07, 0x04, 0x0e, 0x00, 0x02, 0x29, 0x00, 0x03, 0x27, 0x20, 0x00, 0x01, 0x04, 0x07, 0x04,
  0x27, 0x01, 0x27, 0x0b, 0x00, 0x00, 0x00, 0x90, 0x05, 0x00, 0x00, 0x01, 0x00, 0x00, 0x00, 0x91,
  0x05, 0x00, 0x00, 0x03, 0x00, 0x00, 0x00, 0x92, 0x05, 0x00, 0x00, 0x17, 0x00, 0x00, 0x00, 0x93,
  0x05, 0x00, 0x00, 0x04, 0x00, 0x00, 0x00, 0x94, 0x05, 0x00, 0x00, 0x05, 0x00, 0x00, 0x00, 0x95,
  0x05, 0x00, 0x00, 0x05, 0x00, 0x00, 0x00, 0x96, 0x05, 0x00, 0x00, 0x3b, 0x00, 0x00, 0x00, 0x97,
  0x05, 0x00, 0x00, 0x01, 0x00, 0x00, 0x00, 0x98, 0x05, 0x00, 0x00, 0x2c, 0x00, 0x00, 0x00, 0x99,
  0x05, 0x00, 0x00, 0x03, 0x00, 0x00, 0x00, 0x9a, 0x05, 0x00, 0x00, 0x02, 0x00, 0x00, 0x00, 0x18,
  0x00, 0x00, 0x00, 0x01, 0x07, 0x00, 0x00, 0x00, 0x63, 0x6f, 0x6d, 0x70, 0x69, 0x6c, 0x65, 0x01,
  0x04, 0x00, 0x00, 0x00, 0x72, 0x65, 0x70, 0x6c, 0x01, 0x07, 0x00, 0x00, 0x00, 0x69, 0x6d, 0x70,
  0x6f, 0x72, 0x74, 0x73, 0x01, 0x02, 0x00, 0x00, 0x00, 0x70, 0x73, 0x01, 0x03, 0x00, 0x00, 0x00,
  0x63, 0x75, 0x72, 0x01, 0x02, 0x00, 0x00, 0x00, 0x6f, 0x6b, 0x01, 0x03, 0x00, 0x00, 0x00, 0x65,
  0x6f, 0x66, 0x01, 0x06, 0x00, 0x00, 0x00, 0x65, 0x72, 0x72, 0x6f, 0x72, 0x73, 0x01, 0x07, 0x00,
  0x00, 0x00, 0x6d, 0x65, 0x73, 0x73, 0x61, 0x67, 0x65, 0x01, 0x19, 0x00, 0x00, 0x00, 0x69, 0x6e,
  0x74, 0x65, 0x72, 0x6e, 0x61, 0x6c, 0x20, 0x63, 0x6f, 0x6d, 0x70, 0x69, 0x6c, 0x65, 0x72, 0x20,
  0x65, 0x72, 0x72, 0x6f, 0x72, 0x3a, 0x20, 0x01, 0x03, 0x00, 0x00, 0x00, 0x73, 0x74, 0x72, 0x01,
  0x04, 0x00, 0x00, 0x00, 0x6c, 0x69, 0x6e, 0x65, 0x00, 0x00, 0x00, 0x00, 0x00, 0x00, 0x00, 0xf0,
  0x3f, 0x01, 0x03, 0x00, 0x00, 0x00, 0x63, 0x6f, 0x6c, 0x00, 0x00, 0x00, 0x00, 0x00, 0x00, 0x00,
  0xf0, 0x3f, 0x01, 0x04, 0x00, 0x00, 0x00, 0x74, 0x65, 0x78, 0x74, 0x01, 0x00, 0x00, 0x00, 0x00,
  0x01, 0x06, 0x00, 0x00, 0x00, 0x6c, 0x65, 0x6e, 0x67, 0x74, 0x68, 0x00, 0x00, 0x00, 0x00, 0x00,
  0x00, 0x00, 0xf0, 0x3f, 0x01, 0x02, 0x00, 0x00, 0x00, 0x6f, 0x6b, 0x01, 0x07, 0x00, 0x00, 0x00,
  0x70, 0x72, 0x6f, 0x67, 0x72, 0x61, 0x6d, 0x01, 0x02, 0x00, 0x00, 0x00, 0x62, 0x63, 0x01, 0x07,
  0x00, 0x00, 0x00, 0x74, 0x6f, 0x5f, 0x77, 0x69, 0x72, 0x65, 0x01, 0x07, 0x00, 0x00, 0x00, 0x69,
  0x6d, 0x70, 0x6f, 0x72, 0x74, 0x73, 0xff, 0xff, 0xff, 0xff, 0x00, 0x00, 0x00, 0x00, 0x01, 0x15,
  0x06, 0x00, 0x00, 0x00, 0x00, 0x00, 0x2e, 0x0a, 0x00, 0x01, 0x00, 0x00, 0x02, 0x2e, 0x0a, 0x00,
  0x03, 0x09, 0x00, 0x03, 0x0e, 0x00, 0x04, 0x0a, 0x00, 0x04, 0x00, 0x00, 0x06, 0x02, 0x00, 0x00,
  0x07, 0x02, 0x00, 0x00, 0x08, 0x02, 0x00, 0x00, 0x09, 0x02, 0x00, 0x00, 0x0a, 0x02, 0x00, 0x00,
  0x0b, 0x02, 0x00, 0x00, 0x0c, 0x02, 0x00, 0x00, 0x0d, 0x02, 0x00, 0x00, 0x0e, 0x02, 0x00, 0x00,
  0x0f, 0x02, 0x00, 0x00, 0x10, 0x02, 0x00, 0x00, 0x11, 0x02, 0x00, 0x00, 0x12, 0x02, 0x00, 0x00,
  0x13, 0x02, 0x29, 0x00, 0x0e, 0x0a, 0x00, 0x05, 0x00, 0x00, 0x15, 0x02, 0x00, 0x00, 0x16, 0x02,
  0x00, 0x00, 0x17, 0x02, 0x00, 0x00, 0x18, 0x02, 0x00, 0x00, 0x19, 0x02, 0x00, 0x00, 0x1a, 0x02,
  0x00, 0x00, 0x1b, 0x02, 0x29, 0x00, 0x07, 0x0a, 0x00, 0x14, 0x25, 0x00, 0x1d, 0x0a, 0x00, 0x1c,
  0x25, 0x00, 0x1f, 0x0a, 0x00, 0x1e, 0x25, 0x00, 0x21, 0x0a, 0x00, 0x20, 0x01, 0x0a, 0x00, 0x22,
  0x01, 0x0a, 0x00, 0x23, 0x01, 0x0a, 0x00, 0x24, 0x28, 0x00, 0x00, 0x0a, 0x00, 0x25, 0x00, 0x00,
  0x27, 0x0a, 0x00, 0x26, 0x00, 0x00, 0x29, 0x0a, 0x00, 0x28, 0x00, 0x00, 0x2b, 0x0a, 0x00, 0x2a,
  0x00, 0x00, 0x2d, 0x0a, 0x00, 0x2c, 0x00, 0x00, 0x2f, 0x0a, 0x00, 0x2e, 0x00, 0x00, 0x31, 0x0a,
  0x00, 0x30, 0x00, 0x00, 0x33, 0x0a, 0x00, 0x32, 0x00, 0x00, 0x35, 0x0a, 0x00, 0x34, 0x00, 0x00,
  0x37, 0x0a, 0x00, 0x36, 0x00, 0x00, 0x39, 0x0a, 0x00, 0x38, 0x00, 0x00, 0x3b, 0x0a, 0x00, 0x3a,
  0x00, 0x00, 0x3d, 0x0a, 0x00, 0x3c, 0x00, 0x00, 0x3f, 0x0a, 0x00, 0x3e, 0x00, 0x00, 0x41, 0x0a,
  0x00, 0x40, 0x00, 0x00, 0x43, 0x0a, 0x00, 0x42, 0x30, 0x00, 0x44, 0x0a, 0x00, 0x44, 0x09, 0x00,
  0x44, 0x25, 0x00, 0x46, 0x32, 0x00, 0x45, 0x04, 0x25, 0x00, 0x48, 0x0a, 0x00, 0x47, 0x25, 0x00,
  0x4a, 0x0a, 0x00, 0x49, 0x25, 0x00, 0x4c, 0x0a, 0x00, 0x4b, 0x25, 0x00, 0x4e, 0x0a, 0x00, 0x4d,
  0x25, 0x00, 0x50, 0x0a, 0x00, 0x4f, 0x25, 0x00, 0x52, 0x0a, 0x00, 0x51, 0x25, 0x00, 0x54, 0x0a,
  0x00, 0x53, 0x25, 0x00, 0x56, 0x0a, 0x00, 0x55, 0x25, 0x00, 0x58, 0x0a, 0x00, 0x57, 0x25, 0x00,
  0x5a, 0x0a, 0x00, 0x59, 0x25, 0x00, 0x5c, 0x0a, 0x00, 0x5b, 0x25, 0x00, 0x5e, 0x0a, 0x00, 0x5d,
  0x25, 0x00, 0x60, 0x0a, 0x00, 0x5f, 0x25, 0x00, 0x62, 0x0a, 0x00, 0x61, 0x25, 0x00, 0x64, 0x0a,
  0x00, 0x63, 0x25, 0x00, 0x66, 0x0a, 0x00, 0x65, 0x25, 0x00, 0x68, 0x0a, 0x00, 0x67, 0x25, 0x00,
  0x6a, 0x0a, 0x00, 0x69, 0x25, 0x00, 0x6c, 0x0a, 0x00, 0x6b, 0x25, 0x00, 0x6e, 0x0a, 0x00, 0x6d,
  0x25, 0x00, 0x70, 0x0a, 0x00, 0x6f, 0x25, 0x00, 0x72, 0x0a, 0x00, 0x71, 0x25, 0x00, 0x74, 0x0a,
  0x00, 0x73, 0x25, 0x00, 0x76, 0x0a, 0x00, 0x75, 0x25, 0x00, 0x78, 0x0a, 0x00, 0x77, 0x25, 0x00,
  0x7a, 0x0a, 0x00, 0x79, 0x25, 0x00, 0x7c, 0x0a, 0x00, 0x7b, 0x25, 0x00, 0x7e, 0x0a, 0x00, 0x7d,
  0x25, 0x00, 0x80, 0x0a, 0x00, 0x7f, 0x25, 0x00, 0x82, 0x0a, 0x00, 0x81, 0x25, 0x00, 0x84, 0x0a,
  0x00, 0x83, 0x25, 0x00, 0x86, 0x0a, 0x00, 0x85, 0x25, 0x00, 0x88, 0x0a, 0x00, 0x87, 0x25, 0x00,
  0x8a, 0x0a, 0x00, 0x89, 0x25, 0x00, 0x8c, 0x0a, 0x00, 0x8b, 0x25, 0x00, 0x8e, 0x0a, 0x00, 0x8d,
  0x25, 0x00, 0x90, 0x0a, 0x00, 0x8f, 0x25, 0x00, 0x92, 0x0a, 0x00, 0x91, 0x25, 0x00, 0x94, 0x0a,
  0x00, 0x93, 0x25, 0x00, 0x96, 0x0a, 0x00, 0x95, 0x25, 0x00, 0x98, 0x0a, 0x00, 0x97, 0x25, 0x00,
  0x9a, 0x0a, 0x00, 0x99, 0x25, 0x00, 0x9c, 0x0a, 0x00, 0x9b, 0x25, 0x00, 0x9e, 0x0a, 0x00, 0x9d,
  0x25, 0x00, 0xa0, 0x0a, 0x00, 0x9f, 0x25, 0x00, 0xa2, 0x0a, 0x00, 0xa1, 0x00, 0x00, 0xa4, 0x09,
  0x00, 0x04, 0x0e, 0x00, 0xa5, 0x28, 0x00, 0x01, 0x00, 0x00, 0xa6, 0x09, 0x00, 0x04, 0x0e, 0x00,
  0xa7, 0x28, 0x00, 0x01, 0x00, 0x00, 0xa8, 0x09, 0x00, 0x04, 0x0e, 0x00, 0xa9, 0x28, 0x00, 0x01,
  0x00, 0x00, 0xaa, 0x09, 0x00, 0x04, 0x0e, 0x00, 0xab, 0x28, 0x00, 0x01, 0x00, 0x00, 0xac, 0x09,
  0x00, 0x04, 0x0e, 0x00, 0xad, 0x28, 0x00, 0x01, 0x00, 0x00, 0xae, 0x09, 0x00, 0x04, 0x0e, 0x00,
  0xaf, 0x28, 0x00, 0x01, 0x00, 0x00, 0xb0, 0x09, 0x00, 0x04, 0x0e, 0x00, 0xb1, 0x28, 0x00, 0x01,
  0x00, 0x00, 0xb2, 0x09, 0x00, 0x04, 0x0e, 0x00, 0xb1, 0x09, 0x00, 0x04, 0x0e, 0x00, 0xb3, 0x28,
  0x00, 0x02, 0x00, 0x00, 0xb4, 0x09, 0x00, 0x04, 0x0e, 0x00, 0xb5, 0x28, 0x00, 0x01, 0x00, 0x00,
  0xb6, 0x09, 0x00, 0x04, 0x0e, 0x00, 0xb7, 0x09, 0x00, 0x04, 0x0e, 0x00, 0xb3, 0x28, 0x00, 0x02,
  0x00, 0x00, 0xb8, 0x09, 0x00, 0x04, 0x0e, 0x00, 0xb7, 0x28, 0x00, 0x01, 0x00, 0x00, 0xb9, 0x09,
  0x00, 0x04, 0x0e, 0x00, 0xb5, 0x09, 0x00, 0x04, 0x0e, 0x00, 0xb3, 0x28, 0x00, 0x02, 0x00, 0x00,
  0xba, 0x09, 0x00, 0x04, 0x0e, 0x00, 0xbb, 0x28, 0x00, 0x01, 0x00, 0x00, 0xbc, 0x09, 0x00, 0x04,
  0x0e, 0x00, 0xbd, 0x28, 0x00, 0x01, 0x00, 0x00, 0xbe, 0x09, 0x00, 0x04, 0x0e, 0x00, 0xbf, 0x28,
  0x00, 0x01, 0x29, 0x00, 0x0f, 0x0a, 0x00, 0xa3, 0x25, 0x00, 0xc1, 0x0a, 0x00, 0xc0, 0x25, 0x00,
  0xc3, 0x0a, 0x00, 0xc2, 0x25, 0x00, 0xc5, 0x0a, 0x00, 0xc4, 0x25, 0x00, 0xc7, 0x0a, 0x00, 0xc6,
  0x25, 0x00, 0xc9, 0x0a, 0x00, 0xc8, 0x25, 0x00, 0xcb, 0x0a, 0x00, 0xca, 0x25, 0x00, 0xcd, 0x0a,
  0x00, 0xcc, 0x25, 0x00, 0xcf, 0x0a, 0x00, 0xce, 0x25, 0x00, 0xd1, 0x0a, 0x00, 0xd0, 0x25, 0x00,
  0xd3, 0x0a, 0x00, 0xd2, 0x25, 0x00, 0xd5, 0x0a, 0x00, 0xd4, 0x25, 0x00, 0xd7, 0x0a, 0x00, 0xd6,
  0x25, 0x00, 0xd9, 0x0a, 0x00, 0xd8, 0x25, 0x00, 0xdb, 0x0a, 0x00, 0xda, 0x25, 0x00, 0xdd, 0x0a,
  0x00, 0xdc, 0x25, 0x00, 0xdf, 0x0a, 0x00, 0xde, 0x25, 0x00, 0xe1, 0x0a, 0x00, 0xe0, 0x25, 0x00,
  0xe3, 0x0a, 0x00, 0xe2, 0x25, 0x00, 0xe5, 0x0a, 0x00, 0xe4, 0x25, 0x00, 0xe7, 0x0a, 0x00, 0xe6,
  0x25, 0x00, 0xe9, 0x0a, 0x00, 0xe8, 0x25, 0x00, 0xeb, 0x0a, 0x00, 0xea, 0x25, 0x00, 0xed, 0x0a,
  0x00, 0xec, 0x25, 0x00, 0xef, 0x0a, 0x00, 0xee, 0x25, 0x00, 0xf1, 0x0a, 0x00, 0xf0, 0x25, 0x00,
  0xf3, 0x0a, 0x00, 0xf2, 0x25, 0x00, 0xf5, 0x0a, 0x00, 0xf4, 0x25, 0x00, 0xf7, 0x0a, 0x00, 0xf6,
  0x25, 0x00, 0xf9, 0x0a, 0x00, 0xf8, 0x25, 0x00, 0xfb, 0x0a, 0x00, 0xfa, 0x25, 0x00, 0xfd, 0x0a,
  0x00, 0xfc, 0x25, 0x00, 0xff, 0x0a, 0x00, 0xfe, 0x25, 0x01, 0x01, 0x0a, 0x01, 0x00, 0x25, 0x01,
  0x03, 0x0a, 0x01, 0x02, 0x25, 0x01, 0x05, 0x0a, 0x01, 0x04, 0x25, 0x01, 0x07, 0x0a, 0x01, 0x06,
  0x25, 0x01, 0x09, 0x0a, 0x01, 0x08, 0x25, 0x01, 0x0b, 0x0a, 0x01, 0x0a, 0x00, 0x01, 0x0d, 0x02,
  0x00, 0x01, 0x0e, 0x02, 0x00, 0x01, 0x0f, 0x02, 0x00, 0x01, 0x10, 0x02, 0x00, 0x01, 0x11, 0x02,
  0x00, 0x01, 0x12, 0x02, 0x00, 0x01, 0x13, 0x02, 0x00, 0x01, 0x14, 0x02, 0x00, 0x01, 0x15, 0x02,
  0x00, 0x01, 0x16, 0x02, 0x29, 0x00, 0x0a, 0x0a, 0x01, 0x0c, 0x25, 0x01, 0x18, 0x0a, 0x01, 0x17,
  0x25, 0x01, 0x1a, 0x0a, 0x01, 0x19, 0x25, 0x01, 0x1c, 0x0a, 0x01, 0x1b, 0x01, 0x01, 0x09, 0x00,
  0x26, 0x28, 0x00, 0x03, 0x0a, 0x01, 0x1d, 0x00, 0x01, 0x1f, 0x09, 0x00, 0x9f, 0x09, 0x00, 0xc8,
  0x09, 0x00, 0x40, 0x28, 0x00, 0x03, 0x00, 0x01, 0x20, 0x09, 0x00, 0xce, 0x09, 0x00, 0xcc, 0x09,
  0x00, 0x40, 0x28, 0x00, 0x03, 0x00, 0x01, 0x21, 0x09, 0x00, 0xd0, 0x01, 0x09, 0x00, 0x26, 0x28,
  0x00, 0x03, 0x00, 0x01, 0x22, 0x01, 0x09, 0x00, 0xca, 0x09, 0x00, 0x40, 0x28, 0x00, 0x03, 0x00,
  0x01, 0x23, 0x09, 0x00, 0xa1, 0x09, 0x00, 0xc0, 0x09, 0x00, 0x38, 0x28, 0x00, 0x03, 0x00, 0x01,
  0x24, 0x01, 0x09, 0x00, 0xc0, 0x09, 0x00, 0x38, 0x28, 0x00, 0x03, 0x00, 0x01, 0x25, 0x01, 0x09,
  0x00, 0xc0, 0x09, 0x00, 0x3a, 0x28, 0x00, 0x03, 0x00, 0x01, 0x26, 0x01, 0x09, 0x00, 0xc0, 0x09,
  0x00, 0x3a, 0x28, 0x00, 0x03, 0x00, 0x01, 0x27, 0x01, 0x09, 0x00, 0xc0, 0x09, 0x00, 0x3a, 0x28,
  0x00, 0x03, 0x00, 0x01, 0x28, 0x01, 0x09, 0x00, 0xc0, 0x09, 0x00, 0x3e, 0x28, 0x00, 0x03, 0x00,
  0x01, 0x29, 0x01, 0x09, 0x00, 0xc0, 0x09, 0x00, 0x36, 0x28, 0x00, 0x03, 0x00, 0x01, 0x2a, 0x01,
  0x09, 0x00, 0xc0, 0x09, 0x00, 0x32, 0x28, 0x00, 0x03, 0x00, 0x01, 0x2b, 0x01, 0x09, 0x00, 0xc0,
  0x09, 0x00, 0x32, 0x28, 0x00, 0x03, 0x00, 0x01, 0x2c, 0x01, 0x09, 0x00, 0xc0, 0x09, 0x00, 0x34,
  0x28, 0x00, 0x03, 0x00, 0x01, 0x2d, 0x01, 0x09, 0x00, 0xc0, 0x09, 0x00, 0x34, 0x28, 0x00, 0x03,
  0x00, 0x01, 0x2e, 0x01, 0x09, 0x00, 0xc0, 0x09, 0x00, 0x34, 0x28, 0x00, 0x03, 0x00, 0x01, 0x2f,
  0x01, 0x09, 0x00, 0xc0, 0x09, 0x00, 0x34, 0x28, 0x00, 0x03, 0x00, 0x01, 0x30, 0x01, 0x09, 0x00,
  0xc0, 0x09, 0x00, 0x34, 0x28, 0x00, 0x03, 0x00, 0x01, 0x31, 0x09, 0x00, 0x93, 0x01, 0x09, 0x00,
  0x26, 0x28, 0x00, 0x03, 0x00, 0x01, 0x32, 0x09, 0x00, 0x9d, 0x01, 0x09, 0x00, 0x26, 0x28, 0x00,
  0x03, 0x00, 0x01, 0x33, 0x09, 0x00, 0x9d, 0x01, 0x09, 0x00, 0x26, 0x28, 0x00, 0x03, 0x00, 0x01,
  0x34, 0x09, 0x00, 0x95, 0x01, 0x09, 0x00, 0x26, 0x28, 0x00, 0x03, 0x00, 0x01, 0x35, 0x01, 0x09,
  0x00, 0xc2, 0x09, 0x00, 0x30, 0x28, 0x00, 0x03, 0x00, 0x01, 0x36, 0x01, 0x09, 0x00, 0xc4, 0x09,
  0x00, 0x2e, 0x28, 0x00, 0x03, 0x00, 0x01, 0x37, 0x09, 0x00, 0xa1, 0x01, 0x09, 0x00, 0x26, 0x28,
  0x00, 0x03, 0x00, 0x01, 0x38, 0x09, 0x00, 0x97, 0x01, 0x09, 0x00, 0x26, 0x28, 0x00, 0x03, 0x00,
  0x01, 0x39, 0x09, 0x00, 0x97, 0x01, 0x09, 0x00, 0x26, 0x28, 0x00, 0x03, 0x00, 0x01, 0x3a, 0x09,
  0x00, 0x97, 0x01, 0x09, 0x00, 0x26, 0x28, 0x00, 0x03, 0x00, 0x01, 0x3b, 0x09, 0x00, 0xd6, 0x01,
  0x09, 0x00, 0x26, 0x28, 0x00, 0x03, 0x00, 0x01, 0x3c, 0x09, 0x00, 0xd8, 0x01, 0x09, 0x00, 0x26,
  0x28, 0x00, 0x03, 0x00, 0x01, 0x3d, 0x09, 0x00, 0xda, 0x01, 0x09, 0x00, 0x26, 0x28, 0x00, 0x03,
  0x00, 0x01, 0x3e, 0x09, 0x00, 0xe2, 0x01, 0x09, 0x00, 0x26, 0x28, 0x00, 0x03, 0x00, 0x01, 0x3f,
  0x09, 0x00, 0xe4, 0x01, 0x09, 0x00, 0x26, 0x28, 0x00, 0x03, 0x00, 0x01, 0x40, 0x01, 0x09, 0x00,
  0xdc, 0x09, 0x00, 0x2a, 0x28, 0x00, 0x03, 0x00, 0x01, 0x41, 0x01, 0x09, 0x00, 0xde, 0x09, 0x00,
  0x2c, 0x28, 0x00, 0x03, 0x00, 0x01, 0x42, 0x01, 0x09, 0x00, 0xe0, 0x09, 0x00, 0x40, 0x28, 0x00,
  0x03, 0x00, 0x01, 0x43, 0x01, 0x09, 0x00, 0xc0, 0x09, 0x00, 0x36, 0x28, 0x00, 0x03, 0x29, 0x00,
  0x25, 0x0a, 0x01, 0x1e, 0x25, 0x01, 0x45, 0x0a, 0x01, 0x44, 0x25, 0x01, 0x47, 0x0a, 0x01, 0x46,
  0x25, 0x01, 0x49, 0x0a, 0x01, 0x48, 0x01, 0x27, 0xa9, 0x00, 0x00, 0x00, 0x13, 0x00, 0x00, 0x00,
  0x07, 0x00, 0x00, 0x00, 0x14, 0x00, 0x00, 0x00, 0x07, 0x00, 0x00, 0x00, 0x16, 0x00, 0x00, 0x00,
  0x09, 0x00, 0x00, 0x00, 0x21, 0x00, 0x00, 0x00, 0x14, 0x00, 0x00, 0x00, 0x22, 0x00, 0x00, 0x00,
  0x18, 0x00, 0x00, 0x00, 0x23, 0x00, 0x00, 0x00, 0x0c, 0x00, 0x00, 0x00, 0x24, 0x00, 0x00, 0x00,
  0x06, 0x00, 0x00, 0x00, 0x26, 0x00, 0x00, 0x00, 0x22, 0x00, 0x00, 0x00, 0x2c, 0x00, 0x00, 0x00,
  0x06, 0x00, 0x00, 0x00, 0x33, 0x00, 0x00, 0x00, 0x06, 0x00, 0x00, 0x00, 0x77, 0x00, 0x00, 0x00,
  0x06, 0x00, 0x00, 0x00, 0x7c, 0x00, 0x00, 0x00, 0x04, 0x00, 0x00, 0x00, 0x7d, 0x00, 0x00, 0x00,
  0x04, 0x00, 0x00, 0x00, 0x7e, 0x00, 0x00, 0x00, 0x04, 0x00, 0x00, 0x00, 0x7f, 0x00, 0x00, 0x00,
  0x06, 0x00, 0x00, 0x00, 0x81, 0x00, 0x00, 0x00, 0x06, 0x00, 0x00, 0x00, 0x82, 0x00, 0x00, 0x00,
  0x06, 0x00, 0x00, 0x00, 0x83, 0x00, 0x00, 0x00, 0x06, 0x00, 0x00, 0x00, 0x84, 0x00, 0x00, 0x00,
  0x06, 0x00, 0x00, 0x00, 0x85, 0x00, 0x00, 0x00, 0x06, 0x00, 0x00, 0x00, 0x86, 0x00, 0x00, 0x00,
  0x06, 0x00, 0x00, 0x00, 0x87, 0x00, 0x00, 0x00, 0x06, 0x00, 0x00, 0x00, 0x88, 0x00, 0x00, 0x00,
  0x06, 0x00, 0x00, 0x00, 0x89, 0x00, 0x00, 0x00, 0x06, 0x00, 0x00, 0x00, 0x8a, 0x00, 0x00, 0x00,
  0x06, 0x00, 0x00, 0x00, 0x8b, 0x00, 0x00, 0x00, 0x06, 0x00, 0x00, 0x00, 0x8c, 0x00, 0x00, 0x00,
  0x06, 0x00, 0x00, 0x00, 0x8d, 0x00, 0x00, 0x00, 0x06, 0x00, 0x00, 0x00, 0x8e, 0x00, 0x00, 0x00,
  0x06, 0x00, 0x00, 0x00, 0x8f, 0x00, 0x00, 0x00, 0x06, 0x00, 0x00, 0x00, 0x92, 0x00, 0x00, 0x00,
  0x09, 0x00, 0x00, 0x00, 0xa3, 0x00, 0x00, 0x00, 0x06, 0x00, 0x00, 0x00, 0xa4, 0x00, 0x00, 0x00,
  0x01, 0x00, 0x00, 0x00, 0xb1, 0x00, 0x00, 0x00, 0x06, 0x00, 0x00, 0x00, 0xb3, 0x00, 0x00, 0x00,
  0x06, 0x00, 0x00, 0x00, 0xb4, 0x00, 0x00, 0x00, 0x06, 0x00, 0x00, 0x00, 0xbe, 0x00, 0x00, 0x00,
  0x06, 0x00, 0x00, 0x00, 0xc0, 0x00, 0x00, 0x00, 0x06, 0x00, 0x00, 0x00, 0xc6, 0x00, 0x00, 0x00,
  0x06, 0x00, 0x00, 0x00, 0xce, 0x00, 0x00, 0x00, 0x06, 0x00, 0x00, 0x00, 0xd2, 0x00, 0x00, 0x00,
  0x06, 0x00, 0x00, 0x00, 0xd7, 0x00, 0x00, 0x00, 0x06, 0x00, 0x00, 0x00, 0xde, 0x00, 0x00, 0x00,
  0x06, 0x00, 0x00, 0x00, 0xe3, 0x00, 0x00, 0x00, 0x06, 0x00, 0x00, 0x00, 0xe8, 0x00, 0x00, 0x00,
  0x06, 0x00, 0x00, 0x00, 0xf2, 0x00, 0x00, 0x00, 0x06, 0x00, 0x00, 0x00, 0xf7, 0x00, 0x00, 0x00,
  0x06, 0x00, 0x00, 0x00, 0x00, 0x01, 0x00, 0x00, 0x06, 0x00, 0x00, 0x00, 0x07, 0x01, 0x00, 0x00,
  0x06, 0x00, 0x00, 0x00, 0x0e, 0x01, 0x00, 0x00, 0x06, 0x00, 0x00, 0x00, 0x15, 0x01, 0x00, 0x00,
  0x06, 0x00, 0x00, 0x00, 0x20, 0x01, 0x00, 0x00, 0x06, 0x00, 0x00, 0x00, 0x27, 0x01, 0x00, 0x00,
  0x06, 0x00, 0x00, 0x00, 0x33, 0x01, 0x00, 0x00, 0x06, 0x00, 0x00, 0x00, 0x37, 0x01, 0x00, 0x00,
  0x06, 0x00, 0x00, 0x00, 0x4b, 0x01, 0x00, 0x00, 0x06, 0x00, 0x00, 0x00, 0x4d, 0x01, 0x00, 0x00,
  0x06, 0x00, 0x00, 0x00, 0x55, 0x01, 0x00, 0x00, 0x06, 0x00, 0x00, 0x00, 0x5e, 0x01, 0x00, 0x00,
  0x06, 0x00, 0x00, 0x00, 0x6d, 0x01, 0x00, 0x00, 0x06, 0x00, 0x00, 0x00, 0x7a, 0x01, 0x00, 0x00,
  0x06, 0x00, 0x00, 0x00, 0x86, 0x01, 0x00, 0x00, 0x06, 0x00, 0x00, 0x00, 0x8e, 0x01, 0x00, 0x00,
  0x06, 0x00, 0x00, 0x00, 0x93, 0x01, 0x00, 0x00, 0x06, 0x00, 0x00, 0x00, 0xa0, 0x01, 0x00, 0x00,
  0x06, 0x00, 0x00, 0x00, 0xa7, 0x01, 0x00, 0x00, 0x06, 0x00, 0x00, 0x00, 0xb0, 0x01, 0x00, 0x00,
  0x06, 0x00, 0x00, 0x00, 0xcd, 0x01, 0x00, 0x00, 0x06, 0x00, 0x00, 0x00, 0xcf, 0x01, 0x00, 0x00,
  0x06, 0x00, 0x00, 0x00, 0xd9, 0x01, 0x00, 0x00, 0x06, 0x00, 0x00, 0x00, 0x01, 0x02, 0x00, 0x00,
  0x06, 0x00, 0x00, 0x00, 0x03, 0x02, 0x00, 0x00, 0x06, 0x00, 0x00, 0x00, 0x08, 0x02, 0x00, 0x00,
  0x06, 0x00, 0x00, 0x00, 0x0f, 0x02, 0x00, 0x00, 0x06, 0x00, 0x00, 0x00, 0x1a, 0x02, 0x00, 0x00,
  0x06, 0x00, 0x00, 0x00, 0x37, 0x02, 0x00, 0x00, 0x06, 0x00, 0x00, 0x00, 0x73, 0x02, 0x00, 0x00,
  0x06, 0x00, 0x00, 0x00, 0x78, 0x02, 0x00, 0x00, 0x06, 0x00, 0x00, 0x00, 0x82, 0x02, 0x00, 0x00,
  0x06, 0x00, 0x00, 0x00, 0x85, 0x02, 0x00, 0x00, 0x48, 0x00, 0x00, 0x00, 0x86, 0x02, 0x00, 0x00,
  0x3c, 0x00, 0x00, 0x00, 0x87, 0x02, 0x00, 0x00, 0x42, 0x00, 0x00, 0x00, 0x88, 0x02, 0x00, 0x00,
  0x06, 0x00, 0x00, 0x00, 0x8f, 0x02, 0x00, 0x00, 0x06, 0x00, 0x00, 0x00, 0x96, 0x02, 0x00, 0x00,
  0x06, 0x00, 0x00, 0x00, 0x9f, 0x02, 0x00, 0x00, 0x06, 0x00, 0x00, 0x00, 0xaf, 0x02, 0x00, 0x00,
  0x06, 0x00, 0x00, 0x00, 0xb4, 0x02, 0x00, 0x00, 0x06, 0x00, 0x00, 0x00, 0xd1, 0x02, 0x00, 0x00,
  0x06, 0x00, 0x00, 0x00, 0xee, 0x02, 0x00, 0x00, 0x06, 0x00, 0x00, 0x00, 0xff, 0x02, 0x00, 0x00,
  0x06, 0x00, 0x00, 0x00, 0x1b, 0x03, 0x00, 0x00, 0x06, 0x00, 0x00, 0x00, 0x30, 0x03, 0x00, 0x00,
  0x06, 0x00, 0x00, 0x00, 0x8b, 0x03, 0x00, 0x00, 0x06, 0x00, 0x00, 0x00, 0x8d, 0x03, 0x00, 0x00,
  0x06, 0x00, 0x00, 0x00, 0x93, 0x03, 0x00, 0x00, 0x06, 0x00, 0x00, 0x00, 0x9c, 0x03, 0x00, 0x00,
  0x06, 0x00, 0x00, 0x00, 0xae, 0x03, 0x00, 0x00, 0x06, 0x00, 0x00, 0x00, 0xb6, 0x03, 0x00, 0x00,
  0x06, 0x00, 0x00, 0x00, 0xc7, 0x03, 0x00, 0x00, 0x06, 0x00, 0x00, 0x00, 0xcf, 0x03, 0x00, 0x00,
  0x06, 0x00, 0x00, 0x00, 0xe3, 0x03, 0x00, 0x00, 0x06, 0x00, 0x00, 0x00, 0xeb, 0x03, 0x00, 0x00,
  0x06, 0x00, 0x00, 0x00, 0xf4, 0x03, 0x00, 0x00, 0x06, 0x00, 0x00, 0x00, 0xfb, 0x03, 0x00, 0x00,
  0x06, 0x00, 0x00, 0x00, 0x0b, 0x04, 0x00, 0x00, 0x06, 0x00, 0x00, 0x00, 0x13, 0x04, 0x00, 0x00,
  0x06, 0x00, 0x00, 0x00, 0x1f, 0x04, 0x00, 0x00, 0x06, 0x00, 0x00, 0x00, 0x45, 0x04, 0x00, 0x00,
  0x06, 0x00, 0x00, 0x00, 0x47, 0x04, 0x00, 0x00, 0x06, 0x00, 0x00, 0x00, 0x48, 0x04, 0x00, 0x00,
  0x06, 0x00, 0x00, 0x00, 0x75, 0x04, 0x00, 0x00, 0x06, 0x00, 0x00, 0x00, 0x7b, 0x04, 0x00, 0x00,
  0x06, 0x00, 0x00, 0x00, 0x89, 0x04, 0x00, 0x00, 0x06, 0x00, 0x00, 0x00, 0x8d, 0x04, 0x00, 0x00,
  0x06, 0x00, 0x00, 0x00, 0x93, 0x04, 0x00, 0x00, 0x06, 0x00, 0x00, 0x00, 0xa0, 0x04, 0x00, 0x00,
  0x06, 0x00, 0x00, 0x00, 0xc1, 0x04, 0x00, 0x00, 0x06, 0x00, 0x00, 0x00, 0xce, 0x04, 0x00, 0x00,
  0x06, 0x00, 0x00, 0x00, 0xe4, 0x04, 0x00, 0x00, 0x06, 0x00, 0x00, 0x00, 0xf6, 0x04, 0x00, 0x00,
  0x06, 0x00, 0x00, 0x00, 0xf9, 0x04, 0x00, 0x00, 0x18, 0x00, 0x00, 0x00, 0xfa, 0x04, 0x00, 0x00,
  0x10, 0x00, 0x00, 0x00, 0xfb, 0x04, 0x00, 0x00, 0x06, 0x00, 0x00, 0x00, 0x05, 0x05, 0x00, 0x00,
  0x06, 0x00, 0x00, 0x00, 0x1d, 0x05, 0x00, 0x00, 0x06, 0x00, 0x00, 0x00, 0x33, 0x05, 0x00, 0x00,
  0x06, 0x00, 0x00, 0x00, 0x39, 0x05, 0x00, 0x00, 0x0b, 0x00, 0x00, 0x00, 0x3b, 0x05, 0x00, 0x00,
  0x0f, 0x00, 0x00, 0x00, 0x3c, 0x05, 0x00, 0x00, 0x0f, 0x00, 0x00, 0x00, 0x3d, 0x05, 0x00, 0x00,
  0x0d, 0x00, 0x00, 0x00, 0x3e, 0x05, 0x00, 0x00, 0x0d, 0x00, 0x00, 0x00, 0x3f, 0x05, 0x00, 0x00,
  0x0f, 0x00, 0x00, 0x00, 0x40, 0x05, 0x00, 0x00, 0x0d, 0x00, 0x00, 0x00, 0x41, 0x05, 0x00, 0x00,
  0x0d, 0x00, 0x00, 0x00, 0x42, 0x05, 0x00, 0x00, 0x0d, 0x00, 0x00, 0x00, 0x43, 0x05, 0x00, 0x00,
  0x0d, 0x00, 0x00, 0x00, 0x44, 0x05, 0x00, 0x00, 0x0d, 0x00, 0x00, 0x00, 0x45, 0x05, 0x00, 0x00,
  0x0d, 0x00, 0x00, 0x00, 0x46, 0x05, 0x00, 0x00, 0x0d, 0x00, 0x00, 0x00, 0x47, 0x05, 0x00, 0x00,
  0x0d, 0x00, 0x00, 0x00, 0x48, 0x05, 0x00, 0x00, 0x0d, 0x00, 0x00, 0x00, 0x49, 0x05, 0x00, 0x00,
  0x0d, 0x00, 0x00, 0x00, 0x4a, 0x05, 0x00, 0x00, 0x0d, 0x00, 0x00, 0x00, 0x4b, 0x05, 0x00, 0x00,
  0x0d, 0x00, 0x00, 0x00, 0x4c, 0x05, 0x00, 0x00, 0x0d, 0x00, 0x00, 0x00, 0x4d, 0x05, 0x00, 0x00,
  0x0d, 0x00, 0x00, 0x00, 0x4e, 0x05, 0x00, 0x00, 0x0d, 0x00, 0x00, 0x00, 0x4f, 0x05, 0x00, 0x00,
  0x0d, 0x00, 0x00, 0x00, 0x50, 0x05, 0x00, 0x00, 0x0d, 0x00, 0x00, 0x00, 0x51, 0x05, 0x00, 0x00,
  0x0d, 0x00, 0x00, 0x00, 0x52, 0x05, 0x00, 0x00, 0x0d, 0x00, 0x00, 0x00, 0x53, 0x05, 0x00, 0x00,
  0x0d, 0x00, 0x00, 0x00, 0x54, 0x05, 0x00, 0x00, 0x0d, 0x00, 0x00, 0x00, 0x55, 0x05, 0x00, 0x00,
  0x0d, 0x00, 0x00, 0x00, 0x56, 0x05, 0x00, 0x00, 0x0d, 0x00, 0x00, 0x00, 0x57, 0x05, 0x00, 0x00,
  0x0d, 0x00, 0x00, 0x00, 0x58, 0x05, 0x00, 0x00, 0x0d, 0x00, 0x00, 0x00, 0x59, 0x05, 0x00, 0x00,
  0x0d, 0x00, 0x00, 0x00, 0x5a, 0x05, 0x00, 0x00, 0x0d, 0x00, 0x00, 0x00, 0x5b, 0x05, 0x00, 0x00,
  0x0d, 0x00, 0x00, 0x00, 0x5c, 0x05, 0x00, 0x00, 0x0d, 0x00, 0x00, 0x00, 0x5d, 0x05, 0x00, 0x00,
  0x0d, 0x00, 0x00, 0x00, 0x5e, 0x05, 0x00, 0x00, 0x0d, 0x00, 0x00, 0x00, 0x5f, 0x05, 0x00, 0x00,
  0x0d, 0x00, 0x00, 0x00, 0x60, 0x05, 0x00, 0x00, 0x06, 0x00, 0x00, 0x00, 0x62, 0x05, 0x00, 0x00,
  0x06, 0x00, 0x00, 0x00, 0x8b, 0x05, 0x00, 0x00, 0x06, 0x00, 0x00, 0x00, 0x9a, 0x05, 0x00, 0x00,
  0x08, 0x00, 0x00, 0x00, 0x4a, 0x01, 0x00, 0x00, 0x01, 0x07, 0x00, 0x00, 0x00, 0x73, 0x74, 0x64,
  0x2f, 0x6c, 0x65, 0x78, 0x01, 0x03, 0x00, 0x00, 0x00, 0x6c, 0x65, 0x78, 0x01, 0x0c, 0x00, 0x00,
  0x00, 0x73, 0x74, 0x64, 0x2f, 0x62, 0x79, 0x74, 0x65, 0x63, 0x6f, 0x64, 0x65, 0x01, 0x02, 0x00,
  0x00, 0x00, 0x62, 0x63, 0x01, 0x02, 0x00, 0x00, 0x00, 0x4f, 0x50, 0x01, 0x0a, 0x00, 0x00, 0x00,
  0x4e, 0x45, 0x45, 0x44, 0x53, 0x5f, 0x53, 0x45, 0x4d, 0x49, 0x01, 0x05, 0x00, 0x00, 0x00, 0x49,
  0x44, 0x45, 0x4e, 0x54, 0x01, 0x04, 0x00, 0x00, 0x00, 0x73, 0x65, 0x6c, 0x66, 0x01, 0x06, 0x00,
  0x00, 0x00, 0x4e, 0x55, 0x4d, 0x42, 0x45, 0x52, 0x01, 0x06, 0x00, 0x00, 0x00, 0x53, 0x54, 0x52,
  0x49, 0x4e, 0x47, 0x01, 0x07, 0x00, 0x00, 0x00, 0x46, 0x53, 0x54, 0x52, 0x49, 0x4e, 0x47, 0x01,
  0x01, 0x00, 0x00, 0x00, 0x29, 0x01, 0x01, 0x00, 0x00, 0x00, 0x5d, 0x01, 0x01, 0x00, 0x00, 0x00,
  0x7d, 0x01, 0x04, 0x00, 0x00, 0x00, 0x74, 0x72, 0x75, 0x65, 0x01, 0x05, 0x00, 0x00, 0x00, 0x66,
  0x61, 0x6c, 0x73, 0x65, 0x01, 0x03, 0x00, 0x00, 0x00, 0x6e, 0x69, 0x6c, 0x01, 0x05, 0x00, 0x00,
  0x00, 0x62, 0x72, 0x65, 0x61, 0x6b, 0x01, 0x08, 0x00, 0x00, 0x00, 0x63, 0x6f, 0x6e, 0x74, 0x69,
  0x6e, 0x75, 0x65, 0x01, 0x06, 0x00, 0x00, 0x00, 0x72, 0x65, 0x74, 0x75, 0x72, 0x6e, 0x01, 0x0e,
  0x00, 0x00, 0x00, 0x43, 0x4f, 0x4e, 0x54, 0x49, 0x4e, 0x55, 0x45, 0x53, 0x5f, 0x4c, 0x49, 0x4e,
  0x45, 0x01, 0x04, 0x00, 0x00, 0x00, 0x65, 0x6c, 0x73, 0x65, 0x01, 0x03, 0x00, 0x00, 0x00, 0x61,
  0x6e, 0x64, 0x01, 0x02, 0x00, 0x00, 0x00, 0x6f, 0x72, 0x01, 0x01, 0x00, 0x00, 0x00, 0x2e, 0x01,
  0x02, 0x00, 0x00, 0x00, 0x7c, 0x3e, 0x01, 0x02, 0x00, 0x00, 0x00, 0x3f, 0x3f, 0x01, 0x02, 0x00,
  0x00, 0x00, 0x3f, 0x2e, 0x01, 0x0b, 0x00, 0x00, 0x00, 0x5f, 0x6c, 0x69, 0x6e, 0x65, 0x5f, 0x73,
  0x74, 0x61, 0x72, 0x74, 0x02, 0x00, 0x00, 0x00, 0x00, 0x01, 0x0e, 0x00, 0x00, 0x00, 0x5f, 0x65,
  0x72, 0x72, 0x6f, 0x72, 0x5f, 0x6d, 0x65, 0x73, 0x73, 0x61, 0x67, 0x65, 0x02, 0x01, 0x00, 0x00,
  0x00, 0x01, 0x06, 0x00, 0x00, 0x00, 0x6c, 0x61, 0x79, 0x6f, 0x75, 0x74, 0x02, 0x02, 0x00, 0x00,
  0x00, 0x01, 0x02, 0x00, 0x00, 0x00, 0x70, 0x73, 0x01, 0x03, 0x00, 0x00, 0x00, 0x63, 0x75, 0x72,
  0x01, 0x0d, 0x00, 0x00, 0x00, 0x63, 0x75, 0x72, 0x72, 0x65, 0x6e, 0x74, 0x5f, 0x63, 0x6c, 0x61,
  0x73, 0x73, 0x01, 0x09, 0x00, 0x00, 0x00, 0x66, 0x75, 0x6e, 0x63, 0x74, 0x69, 0x6f, 0x6e, 0x73,
  0x01, 0x09, 0x00, 0x00, 0x00, 0x50, 0x52, 0x45, 0x43, 0x5f, 0x4e, 0x4f, 0x4e, 0x45, 0x00, 0x00,
  0x00, 0x00, 0x00, 0x00, 0x00, 0x00, 0x00, 0x01, 0x0f, 0x00, 0x00, 0x00, 0x50, 0x52, 0x45, 0x43,
  0x5f, 0x41, 0x53, 0x53, 0x49, 0x47, 0x4e, 0x4d, 0x45, 0x4e, 0x54, 0x00, 0x00, 0x00, 0x00, 0x00,
  0x00, 0x00, 0xf0, 0x3f, 0x01, 0x09, 0x00, 0x00, 0x00, 0x50, 0x52, 0x45, 0x43, 0x5f, 0x50, 0x49,
  0x50, 0x45, 0x00, 0x00, 0x00, 0x00, 0x00, 0x00, 0x00, 0x00, 0x40, 0x01, 0x0d, 0x00, 0x00, 0x00,
  0x50, 0x52, 0x45, 0x43, 0x5f, 0x43, 0x4f, 0x41, 0x4c, 0x45, 0x53, 0x43, 0x45, 0x00, 0x00, 0x00,
  0x00, 0x00, 0x00, 0x00, 0x08, 0x40, 0x01, 0x07, 0x00, 0x00, 0x00, 0x50, 0x52, 0x45, 0x43, 0x5f,
  0x4f, 0x52, 0x00, 0x00, 0x00, 0x00, 0x00, 0x00, 0x00, 0x10, 0x40, 0x01, 0x08, 0x00, 0x00, 0x00,
  0x50, 0x52, 0x45, 0x43, 0x5f, 0x41, 0x4e, 0x44, 0x00, 0x00, 0x00, 0x00, 0x00, 0x00, 0x00, 0x14,
  0x40, 0x01, 0x0d, 0x00, 0x00, 0x00, 0x50, 0x52, 0x45, 0x43, 0x5f, 0x45, 0x51, 0x55, 0x41, 0x4c,
  0x49, 0x54, 0x59, 0x00, 0x00, 0x00, 0x00, 0x00, 0x00, 0x00, 0x18, 0x40, 0x01, 0x0f, 0x00, 0x00,
  0x00, 0x50, 0x52, 0x45, 0x43, 0x5f, 0x43, 0x4f, 0x4d, 0x50, 0x41, 0x52, 0x49, 0x53, 0x4f, 0x4e,
  0x00, 0x00, 0x00, 0x00, 0x00, 0x00, 0x00, 0x1c, 0x40, 0x01, 0x0a, 0x00, 0x00, 0x00, 0x50, 0x52,
  0x45, 0x43, 0x5f, 0x52, 0x41, 0x4e, 0x47, 0x45, 0x00, 0x00, 0x00, 0x00, 0x00, 0x00, 0x00, 0x20,
  0x40, 0x01, 0x09, 0x00, 0x00, 0x00, 0x50, 0x52, 0x45, 0x43, 0x5f, 0x54, 0x45, 0x52, 0x4d, 0x00,
  0x00, 0x00, 0x00, 0x00, 0x00, 0x00, 0x22, 0x40, 0x01, 0x0b, 0x00, 0x00, 0x00, 0x50, 0x52, 0x45,
  0x43, 0x5f, 0x46, 0x41, 0x43, 0x54, 0x4f, 0x52, 0x00, 0x00, 0x00, 0x00, 0x00, 0x00, 0x00, 0x24,
  0x40, 0x01, 0x0a, 0x00, 0x00, 0x00, 0x50, 0x52, 0x45, 0x43, 0x5f, 0x55, 0x4e, 0x41, 0x52, 0x59,
  0x00, 0x00, 0x00, 0x00, 0x00, 0x00, 0x00, 0x26, 0x40, 0x01, 0x0a, 0x00, 0x00, 0x00, 0x50, 0x52,
  0x45, 0x43, 0x5f, 0x50, 0x4f, 0x57, 0x45, 0x52, 0x00, 0x00, 0x00, 0x00, 0x00, 0x00, 0x00, 0x28,
  0x40, 0x01, 0x09, 0x00, 0x00, 0x00, 0x50, 0x52, 0x45, 0x43, 0x5f, 0x43, 0x41, 0x4c, 0x4c, 0x00,
  0x00, 0x00, 0x00, 0x00, 0x00, 0x00, 0x2a, 0x40, 0x01, 0x0c, 0x00, 0x00, 0x00, 0x50, 0x52, 0x45,
  0x43, 0x5f, 0x50, 0x52, 0x49, 0x4d, 0x41, 0x52, 0x59, 0x00, 0x00, 0x00, 0x00, 0x00, 0x00, 0x00,
  0x2c, 0x40, 0x01, 0x07, 0x00, 0x00, 0x00, 0x46, 0x6e, 0x53, 0x74, 0x61, 0x74, 0x65, 0x01, 0x04,
  0x00, 0x00, 0x00, 0x69, 0x6e, 0x69, 0x74, 0x02, 0x03, 0x00, 0x00, 0x00, 0x01, 0x08, 0x00, 0x00,
  0x00, 0x65, 0x72, 0x72, 0x6f, 0x72, 0x5f, 0x61, 0x74, 0x02, 0x04, 0x00, 0x00, 0x00, 0x01, 0x05,
  0x00, 0x00, 0x00, 0x65, 0x72, 0x72, 0x6f, 0x72, 0x02, 0x05, 0x00, 0x00, 0x00, 0x01, 0x10, 0x00,
  0x00, 0x00, 0x65, 0x72, 0x72, 0x6f, 0x72, 0x5f, 0x61, 0x74, 0x5f, 0x63, 0x75, 0x72, 0x72, 0x65,
  0x6e, 0x74, 0x02, 0x06, 0x00, 0x00, 0x00, 0x01, 0x07, 0x00, 0x00, 0x00, 0x61, 0x64, 0x76, 0x61,
  0x6e, 0x63, 0x65, 0x02, 0x07, 0x00, 0x00, 0x00, 0x01, 0x05, 0x00, 0x00, 0x00, 0x63, 0x68, 0x65,
  0x63, 0x6b, 0x02, 0x08, 0x00, 0x00, 0x00, 0x01, 0x05, 0x00, 0x00, 0x00, 0x6d, 0x61, 0x74, 0x63,
  0x68, 0x02, 0x09, 0x00, 0x00, 0x00, 0x01, 0x07, 0x00, 0x00, 0x00, 0x63, 0x6f, 0x6e, 0x73, 0x75,
  0x6d, 0x65, 0x02, 0x0a, 0x00, 0x00, 0x00, 0x01, 0x0a, 0x00, 0x00, 0x00, 0x73, 0x6b, 0x69, 0x70,
  0x5f, 0x73, 0x65, 0x6d, 0x69, 0x73, 0x02, 0x0b, 0x00, 0x00, 0x00, 0x01, 0x09, 0x00, 0x00, 0x00,
  0x70, 0x65, 0x65, 0x6b, 0x5f, 0x6e, 0x65, 0x78, 0x74, 0x02, 0x0c, 0x00, 0x00, 0x00, 0x01, 0x09,
  0x00, 0x00, 0x00, 0x65, 0x6d, 0x69, 0x74, 0x5f, 0x62, 0x79, 0x74, 0x65, 0x02, 0x0d, 0x00, 0x00,
  0x00, 0x01, 0x0a, 0x00, 0x00, 0x00, 0x65, 0x6d, 0x69, 0x74, 0x5f, 0x62, 0x79, 0x74, 0x65, 0x73,
  0x02, 0x0e, 0x00, 0x00, 0x00, 0x01, 0x0a, 0x00, 0x00, 0x00, 0x65, 0x6d, 0x69, 0x74, 0x5f, 0x73,
  0x68, 0x6f, 0x72, 0x74, 0x02, 0x0f, 0x00, 0x00, 0x00, 0x01, 0x0d, 0x00, 0x00, 0x00, 0x6d, 0x61,
  0x6b, 0x65, 0x5f, 0x63, 0x6f, 0x6e, 0x73, 0x74, 0x61, 0x6e, 0x74, 0x02, 0x10, 0x00, 0x00, 0x00,
  0x01, 0x0d, 0x00, 0x00, 0x00, 0x65, 0x6d, 0x69, 0x74, 0x5f, 0x63, 0x6f, 0x6e, 0x73, 0x74, 0x61,
  0x6e, 0x74, 0x02, 0x11, 0x00, 0x00, 0x00, 0x01, 0x13, 0x00, 0x00, 0x00, 0x69, 0x64, 0x65, 0x6e,
  0x74, 0x69, 0x66, 0x69, 0x65, 0x72, 0x5f, 0x63, 0x6f, 0x6e, 0x73, 0x74, 0x61, 0x6e, 0x74, 0x02,
  0x12, 0x00, 0x00, 0x00, 0x01, 0x09, 0x00, 0x00, 0x00, 0x65, 0x6d, 0x69, 0x74, 0x5f, 0x6a, 0x75,
  0x6d, 0x70, 0x02, 0x13, 0x00, 0x00, 0x00, 0x01, 0x0a, 0x00, 0x00, 0x00, 0x70, 0x61, 0x74, 0x63,
  0x68, 0x5f, 0x6a, 0x75, 0x6d, 0x70, 0x02, 0x14, 0x00, 0x00, 0x00, 0x01, 0x09, 0x00, 0x00, 0x00,
  0x65, 0x6d, 0x69, 0x74, 0x5f, 0x6c, 0x6f, 0x6f, 0x70, 0x02, 0x15, 0x00, 0x00, 0x00, 0x01, 0x0e,
  0x00, 0x00, 0x00, 0x65, 0x6d, 0x69, 0x74, 0x5f, 0x63, 0x68, 0x65, 0x63, 0x6b, 0x5f, 0x74, 0x6f,
  0x70, 0x02, 0x16, 0x00, 0x00, 0x00, 0x01, 0x10, 0x00, 0x00, 0x00, 0x73, 0x70, 0x65, 0x63, 0x5f,
  0x61, 0x63, 0x63, 0x65, 0x70, 0x74, 0x73, 0x5f, 0x6e, 0x69, 0x6c, 0x02, 0x17, 0x00, 0x00, 0x00,
  0x01, 0x0b, 0x00, 0x00, 0x00, 0x65, 0x6d, 0x69, 0x74, 0x5f, 0x72, 0x65, 0x74, 0x75, 0x72, 0x6e,
  0x02, 0x18, 0x00, 0x00, 0x00, 0x01, 0x0e, 0x00, 0x00, 0x00, 0x62, 0x65, 0x67, 0x69, 0x6e, 0x5f,
  0x66, 0x75, 0x6e, 0x63, 0x74, 0x69, 0x6f, 0x6e, 0x02, 0x19, 0x00, 0x00, 0x00, 0x01, 0x0c, 0x00,
  0x00, 0x00, 0x65, 0x6e, 0x64, 0x5f, 0x63, 0x6f, 0x6d, 0x70, 0x69, 0x6c, 0x65, 0x72, 0x02, 0x1a,
  0x00, 0x00, 0x00, 0x01, 0x0b, 0x00, 0x00, 0x00, 0x62, 0x65, 0x67, 0x69, 0x6e, 0x5f, 0x73, 0x63,
  0x6f, 0x70, 0x65, 0x02, 0x1b, 0x00, 0x00, 0x00, 0x01, 0x09, 0x00, 0x00, 0x00, 0x65, 0x6e, 0x64,
  0x5f, 0x73, 0x63, 0x6f, 0x70, 0x65, 0x02, 0x1c, 0x00, 0x00, 0x00, 0x01, 0x0c, 0x00, 0x00, 0x00,
  0x65, 0x6d, 0x69, 0x74, 0x5f, 0x70, 0x6f, 0x70, 0x73, 0x5f, 0x74, 0x6f, 0x02, 0x1d, 0x00, 0x00,
  0x00, 0x01, 0x0d, 0x00, 0x00, 0x00, 0x72, 0x65, 0x73, 0x6f, 0x6c, 0x76, 0x65, 0x5f, 0x6c, 0x6f,
  0x63, 0x61, 0x6c, 0x02, 0x1e, 0x00, 0x00, 0x00, 0x01, 0x0b, 0x00, 0x00, 0x00, 0x61, 0x64, 0x64,
  0x5f, 0x75, 0x70, 0x76, 0x61, 0x6c, 0x75, 0x65, 0x02, 0x1f, 0x00, 0x00, 0x00, 0x01, 0x0f, 0x00,
  0x00, 0x00, 0x72, 0x65, 0x73, 0x6f, 0x6c, 0x76, 0x65, 0x5f, 0x75, 0x70, 0x76, 0x61, 0x6c, 0x75,
  0x65, 0x02, 0x20, 0x00, 0x00, 0x00, 0x01, 0x09, 0x00, 0x00, 0x00, 0x61, 0x64, 0x64, 0x5f, 0x6c,
  0x6f, 0x63, 0x61, 0x6c, 0x02, 0x21, 0x00, 0x00, 0x00, 0x01, 0x10, 0x00, 0x00, 0x00, 0x6d, 0x61,
  0x72, 0x6b, 0x5f, 0x69, 0x6e, 0x69, 0x74, 0x69, 0x61, 0x6c, 0x69, 0x7a, 0x65, 0x64, 0x02, 0x22,
  0x00, 0x00, 0x00, 0x01, 0x10, 0x00, 0x00, 0x00, 0x64, 0x65, 0x63, 0x6c, 0x61, 0x72, 0x65, 0x5f,
  0x76, 0x61, 0x72, 0x69, 0x61, 0x62, 0x6c, 0x65, 0x02, 0x23, 0x00, 0x00, 0x00, 0x01, 0x0e, 0x00,
  0x00, 0x00, 0x70, 0x61, 0x72, 0x73, 0x65, 0x5f, 0x76, 0x61, 0x72, 0x69, 0x61, 0x62, 0x6c, 0x65,
  0x02, 0x24, 0x00, 0x00, 0x00, 0x01, 0x0f, 0x00, 0x00, 0x00, 0x64, 0x65, 0x66, 0x69, 0x6e, 0x65,
  0x5f, 0x76, 0x61, 0x72, 0x69, 0x61, 0x62, 0x6c, 0x65, 0x02, 0x25, 0x00, 0x00, 0x00, 0x01, 0x10,
  0x00, 0x00, 0x00, 0x70, 0x61, 0x72, 0x73, 0x65, 0x5f, 0x70, 0x72, 0x65, 0x63, 0x65, 0x64, 0x65,
  0x6e, 0x63, 0x65, 0x02, 0x26, 0x00, 0x00, 0x00, 0x01, 0x0a, 0x00, 0x00, 0x00, 0x65, 0x78, 0x70,
  0x72, 0x65, 0x73, 0x73, 0x69, 0x6f, 0x6e, 0x02, 0x27, 0x00, 0x00, 0x00, 0x01, 0x0e, 0x00, 0x00,
  0x00, 0x6d, 0x61, 0x74, 0x63, 0x68, 0x5f, 0x63, 0x6f, 0x6d, 0x70, 0x6f, 0x75, 0x6e, 0x64, 0x02,
  0x28, 0x00, 0x00, 0x00, 0x01, 0x0e, 0x00, 0x00, 0x00, 0x6e, 0x61, 0x6d, 0x65, 0x64, 0x5f, 0x76,
  0x61, 0x72, 0x69, 0x61, 0x62, 0x6c, 0x65, 0x02, 0x2a, 0x00, 0x00, 0x00, 0x01, 0x08, 0x00, 0x00,
  0x00, 0x76, 0x61, 0x72, 0x69, 0x61, 0x62, 0x6c, 0x65, 0x02, 0x2b, 0x00, 0x00, 0x00, 0x01, 0x06,
  0x00, 0x00, 0x00, 0x6e, 0x75, 0x6d, 0x62, 0x65, 0x72, 0x02, 0x2c, 0x00, 0x00, 0x00, 0x01, 0x07,
  0x00, 0x00, 0x00, 0x6c, 0x69, 0x74, 0x65, 0x72, 0x61, 0x6c, 0x02, 0x2d, 0x00, 0x00, 0x00, 0x01,
  0x0d, 0x00, 0x00, 0x00, 0x66, 0x6c, 0x75, 0x73, 0x68, 0x5f, 0x6c, 0x69, 0x74, 0x65, 0x72, 0x61,
  0x6c, 0x02, 0x2e, 0x00, 0x00, 0x00, 0x01, 0x15, 0x00, 0x00, 0x00, 0x63, 0x6f, 0x6d, 0x70, 0x69,
  0x6c, 0x65, 0x5f, 0x69, 0x6e, 0x74, 0x65, 0x72, 0x70, 0x6f, 0x6c, 0x61, 0x74, 0x69, 0x6f, 0x6e,
  0x02, 0x2f, 0x00, 0x00, 0x00, 0x01, 0x06, 0x00, 0x00, 0x00, 0x73, 0x74, 0x72, 0x69, 0x6e, 0x67,
  0x02, 0x30, 0x00, 0x00, 0x00, 0x01, 0x08, 0x00, 0x00, 0x00, 0x67, 0x72, 0x6f, 0x75, 0x70, 0x69,
  0x6e, 0x67, 0x02, 0x31, 0x00, 0x00, 0x00, 0x01, 0x05, 0x00, 0x00, 0x00, 0x75, 0x6e, 0x61, 0x72,
  0x79, 0x02, 0x32, 0x00, 0x00, 0x00, 0x01, 0x0a, 0x00, 0x00, 0x00, 0x42, 0x49, 0x4e, 0x41, 0x52,
  0x59, 0x5f, 0x4f, 0x50, 0x53, 0x01, 0x01, 0x00, 0x00, 0x00, 0x2b, 0x01, 0x03, 0x00, 0x00, 0x00,
  0x41, 0x44, 0x44, 0x01, 0x01, 0x00, 0x00, 0x00, 0x2d, 0x01, 0x03, 0x00, 0x00, 0x00, 0x53, 0x55,
  0x42, 0x01, 0x01, 0x00, 0x00, 0x00, 0x2a, 0x01, 0x03, 0x00, 0x00, 0x00, 0x4d, 0x55, 0x4c, 0x01,
  0x01, 0x00, 0x00, 0x00, 0x2f, 0x01, 0x03, 0x00, 0x00, 0x00, 0x44, 0x49, 0x56, 0x01, 0x01, 0x00,
  0x00, 0x00, 0x25, 0x01, 0x03, 0x00, 0x00, 0x00, 0x4d, 0x4f, 0x44, 0x01, 0x02, 0x00, 0x00, 0x00,
  0x2a, 0x2a, 0x01, 0x03, 0x00, 0x00, 0x00, 0x50, 0x4f, 0x57, 0x01, 0x02, 0x00, 0x00, 0x00, 0x3d,
  0x3d, 0x01, 0x05, 0x00, 0x00, 0x00, 0x45, 0x51, 0x55, 0x41, 0x4c, 0x01, 0x02, 0x00, 0x00, 0x00,
  0x21, 0x3d, 0x01, 0x03, 0x00, 0x00, 0x00, 0x4e, 0x4f, 0x54, 0x01, 0x01, 0x00, 0x00, 0x00, 0x3e,
  0x01, 0x07, 0x00, 0x00, 0x00, 0x47, 0x52, 0x45, 0x41, 0x54, 0x45, 0x52, 0x01, 0x02, 0x00, 0x00,
  0x00, 0x3e, 0x3d, 0x01, 0x04, 0x00, 0x00, 0x00, 0x4c, 0x45, 0x53, 0x53, 0x01, 0x01, 0x00, 0x00,
  0x00, 0x3c, 0x01, 0x02, 0x00, 0x00, 0x00, 0x3c, 0x3d, 0x01, 0x02, 0x00, 0x00, 0x00, 0x69, 0x6e,
  0x01, 0x02, 0x00, 0x00, 0x00, 0x49, 0x4e, 0x01, 0x02, 0x00, 0x00, 0x00, 0x2e, 0x2e, 0x01, 0x05,
  0x00, 0x00, 0x00, 0x52, 0x41, 0x4e, 0x47, 0x45, 0x01, 0x02, 0x00, 0x00, 0x00, 0x62, 0x79, 0x01,
  0x02, 0x00, 0x00, 0x00, 0x42, 0x59, 0x01, 0x06, 0x00, 0x00, 0x00, 0x62, 0x69, 0x6e, 0x61, 0x72,
  0x79, 0x02, 0x33, 0x00, 0x00, 0x00, 0x01, 0x04, 0x00, 0x00, 0x00, 0x61, 0x6e, 0x64, 0x5f, 0x02,
  0x34, 0x00, 0x00, 0x00, 0x01, 0x03, 0x00, 0x00, 0x00, 0x6f, 0x72, 0x5f, 0x02, 0x35, 0x00, 0x00,
  0x00, 0x01, 0x0d, 0x00, 0x00, 0x00, 0x61, 0x72, 0x67, 0x75, 0x6d, 0x65, 0x6e, 0x74, 0x5f, 0x6c,
  0x69, 0x73, 0x74, 0x02, 0x36, 0x00, 0x00, 0x00, 0x01, 0x04, 0x00, 0x00, 0x00, 0x63, 0x61, 0x6c,
  0x6c, 0x02, 0x37, 0x00, 0x00, 0x00, 0x01, 0x03, 0x00, 0x00, 0x00, 0x64, 0x6f, 0x74, 0x02, 0x38,
  0x00, 0x00, 0x00, 0x01, 0x09, 0x00, 0x00, 0x00, 0x73, 0x75, 0x62, 0x73, 0x63, 0x72, 0x69, 0x70,
  0x74, 0x02, 0x39, 0x00, 0x00, 0x00, 0x01, 0x0c, 0x00, 0x00, 0x00, 0x6c, 0x69, 0x73, 0x74, 0x5f,
  0x6c, 0x69, 0x74, 0x65, 0x72, 0x61, 0x6c, 0x02, 0x3a, 0x00, 0x00, 0x00, 0x01, 0x0b, 0x00, 0x00,
  0x00, 0x6d, 0x61, 0x70, 0x5f, 0x6c, 0x69, 0x74, 0x65, 0x72, 0x61, 0x6c, 0x02, 0x3b, 0x00, 0x00,
  0x00, 0x01, 0x09, 0x00, 0x00, 0x00, 0x74, 0x79, 0x70, 0x65, 0x5f, 0x73, 0x70, 0x65, 0x63, 0x02,
  0x3c, 0x00, 0x00, 0x00, 0x01, 0x08, 0x00, 0x00, 0x00, 0x66, 0x75, 0x6e, 0x63, 0x74, 0x69, 0x6f,
  0x6e, 0x02, 0x3d, 0x00, 0x00, 0x00, 0x01, 0x06, 0x00, 0x00, 0x00, 0x6c, 0x61, 0x6d, 0x62, 0x64,
  0x61, 0x02, 0x3e, 0x00, 0x00, 0x00, 0x01, 0x0c, 0x00, 0x00, 0x00, 0x61, 0x73, 0x79, 0x6e, 0x63,
  0x5f, 0x6c, 0x61, 0x6d, 0x62, 0x64, 0x61, 0x02, 0x3f, 0x00, 0x00, 0x00, 0x01, 0x0a, 0x00, 0x00,
  0x00, 0x61, 0x77, 0x61, 0x69, 0x74, 0x5f, 0x65, 0x78, 0x70, 0x72, 0x02, 0x40, 0x00, 0x00, 0x00,
  0x01, 0x07, 0x00, 0x00, 0x00, 0x70, 0x69, 0x70, 0x65, 0x5f, 0x6f, 0x70, 0x02, 0x41, 0x00, 0x00,
  0x00, 0x01, 0x08, 0x00, 0x00, 0x00, 0x63, 0x6f, 0x61, 0x6c, 0x65, 0x73, 0x63, 0x65, 0x02, 0x42,
  0x00, 0x00, 0x00, 0x01, 0x0c, 0x00, 0x00, 0x00, 0x6f, 0x70, 0x74, 0x69, 0x6f, 0x6e, 0x61, 0x6c,
  0x5f, 0x64, 0x6f, 0x74, 0x02, 0x43, 0x00, 0x00, 0x00, 0x01, 0x05, 0x00, 0x00, 0x00, 0x73, 0x65,
  0x6c, 0x66, 0x5f, 0x02, 0x44, 0x00, 0x00, 0x00, 0x01, 0x06, 0x00, 0x00, 0x00, 0x73, 0x75, 0x70,
  0x65, 0x72, 0x5f, 0x02, 0x45, 0x00, 0x00, 0x00, 0x01, 0x0d, 0x00, 0x00, 0x00, 0x65, 0x6e, 0x64,
  0x5f, 0x73, 0x74, 0x61, 0x74, 0x65, 0x6d, 0x65, 0x6e, 0x74, 0x02, 0x46, 0x00, 0x00, 0x00, 0x01,
  0x05, 0x00, 0x00, 0x00, 0x62, 0x6c, 0x6f, 0x63, 0x6b, 0x02, 0x47, 0x00, 0x00, 0x00, 0x01, 0x0c,
  0x00, 0x00, 0x00, 0x73, 0x63, 0x6f, 0x70, 0x65, 0x64, 0x5f, 0x62, 0x6c, 0x6f, 0x63, 0x6b, 0x02,
  0x48, 0x00, 0x00, 0x00, 0x01, 0x0f, 0x00, 0x00, 0x00, 0x6c, 0x65, 0x74, 0x5f, 0x64, 0x65, 0x63,
  0x6c, 0x61, 0x72, 0x61, 0x74, 0x69, 0x6f, 0x6e, 0x02, 0x49, 0x00, 0x00, 0x00, 0x01, 0x0f, 0x00,
  0x00, 0x00, 0x66, 0x75, 0x6e, 0x5f, 0x64, 0x65, 0x63, 0x6c, 0x61, 0x72, 0x61, 0x74, 0x69, 0x6f,
  0x6e, 0x02, 0x4a, 0x00, 0x00, 0x00, 0x01, 0x06, 0x00, 0x00, 0x00, 0x6d, 0x65, 0x74, 0x68, 0x6f,
  0x64, 0x02, 0x4b, 0x00, 0x00, 0x00, 0x01, 0x11, 0x00, 0x00, 0x00, 0x63, 0x6c, 0x61, 0x73, 0x73,
  0x5f, 0x64, 0x65, 0x63, 0x6c, 0x61, 0x72, 0x61, 0x74, 0x69, 0x6f, 0x6e, 0x02, 0x4c, 0x00, 0x00,
  0x00, 0x01, 0x09, 0x00, 0x00, 0x00, 0x5f, 0x69, 0x73, 0x5f, 0x61, 0x6c, 0x70, 0x68, 0x61, 0x02,
  0x4d, 0x00, 0x00, 0x00, 0x01, 0x09, 0x00, 0x00, 0x00, 0x5f, 0x69, 0x73, 0x5f, 0x64, 0x69, 0x67,
  0x69, 0x74, 0x02, 0x4e, 0x00, 0x00, 0x00, 0x01, 0x10, 0x00, 0x00, 0x00, 0x69, 0x6d, 0x70, 0x6f,
  0x72, 0x74, 0x5f, 0x73, 0x74, 0x61, 0x74, 0x65, 0x6d, 0x65, 0x6e, 0x74, 0x02, 0x4f, 0x00, 0x00,
  0x00, 0x01, 0x14, 0x00, 0x00, 0x00, 0x65, 0x78, 0x70, 0x72, 0x65, 0x73, 0x73, 0x69, 0x6f, 0x6e,
  0x5f, 0x73, 0x74, 0x61, 0x74, 0x65, 0x6d, 0x65, 0x6e, 0x74, 0x02, 0x50, 0x00, 0x00, 0x00, 0x01,
  0x0c, 0x00, 0x00, 0x00, 0x69, 0x66, 0x5f, 0x73, 0x74, 0x61, 0x74, 0x65, 0x6d, 0x65, 0x6e, 0x74,
  0x02, 0x51, 0x00, 0x00, 0x00, 0x01, 0x09, 0x00, 0x00, 0x00, 0x70, 0x75, 0x73, 0x68, 0x5f, 0x6c,
  0x6f, 0x6f, 0x70, 0x02, 0x52, 0x00, 0x00, 0x00, 0x01, 0x08, 0x00, 0x00, 0x00, 0x70, 0x6f, 0x70,
  0x5f, 0x6c, 0x6f, 0x6f, 0x70, 0x02, 0x53, 0x00, 0x00, 0x00, 0x01, 0x0f, 0x00, 0x00, 0x00, 0x77,
  0x68, 0x69, 0x6c, 0x65, 0x5f, 0x73, 0x74, 0x61, 0x74, 0x65, 0x6d, 0x65, 0x6e, 0x74, 0x02, 0x54,
  0x00, 0x00, 0x00, 0x01, 0x0d, 0x00, 0x00, 0x00, 0x66, 0x6f, 0x72, 0x5f, 0x73, 0x74, 0x61, 0x74,
  0x65, 0x6d, 0x65, 0x6e, 0x74, 0x02, 0x55, 0x00, 0x00, 0x00, 0x01, 0x10, 0x00, 0x00, 0x00, 0x72,
  0x65, 0x74, 0x75, 0x72, 0x6e, 0x5f, 0x73, 0x74, 0x61, 0x74, 0x65, 0x6d, 0x65, 0x6e, 0x74, 0x02,
  0x56, 0x00, 0x00, 0x00, 0x01, 0x0e, 0x00, 0x00, 0x00, 0x62, 0x72, 0x65, 0x61, 0x6b, 0x5f, 0x63,
  0x6f, 0x6e, 0x74, 0x69, 0x6e, 0x75, 0x65, 0x02, 0x57, 0x00, 0x00, 0x00, 0x01, 0x0d, 0x00, 0x00,
  0x00, 0x74, 0x72, 0x79, 0x5f, 0x73, 0x74, 0x61, 0x74, 0x65, 0x6d, 0x65, 0x6e, 0x74, 0x02, 0x58,
  0x00, 0x00, 0x00, 0x01, 0x0b, 0x00, 0x00, 0x00, 0x53, 0x59, 0x4e, 0x43, 0x5f, 0x50, 0x4f, 0x49,
  0x4e, 0x54, 0x53, 0x01, 0x03, 0x00, 0x00, 0x00, 0x6c, 0x65, 0x74, 0x01, 0x05, 0x00, 0x00, 0x00,
  0x63, 0x6c, 0x61, 0x73, 0x73, 0x01, 0x02, 0x00, 0x00, 0x00, 0x66, 0x6e, 0x01, 0x03, 0x00, 0x00,
  0x00, 0x66, 0x6f, 0x72, 0x01, 0x02, 0x00, 0x00, 0x00, 0x69, 0x66, 0x01, 0x05, 0x00, 0x00, 0x00,
  0x77, 0x68, 0x69, 0x6c, 0x65, 0x01, 0x06, 0x00, 0x00, 0x00, 0x72, 0x65, 0x74, 0x75, 0x72, 0x6e,
  0x01, 0x03, 0x00, 0x00, 0x00, 0x74, 0x72, 0x79, 0x01, 0x05, 0x00, 0x00, 0x00, 0x74, 0x68, 0x72,
  0x6f, 0x77, 0x01, 0x06, 0x00, 0x00, 0x00, 0x69, 0x6d, 0x70, 0x6f, 0x72, 0x74, 0x01, 0x0b, 0x00,
  0x00, 0x00, 0x73, 0x79, 0x6e, 0x63, 0x68, 0x72, 0x6f, 0x6e, 0x69, 0x7a, 0x65, 0x02, 0x59, 0x00,
  0x00, 0x00, 0x01, 0x0b, 0x00, 0x00, 0x00, 0x64, 0x65, 0x63, 0x6c, 0x61, 0x72, 0x61, 0x74, 0x69,
  0x6f, 0x6e, 0x02, 0x5a, 0x00, 0x00, 0x00, 0x01, 0x09, 0x00, 0x00, 0x00, 0x73, 0x74, 0x61, 0x74,
  0x65, 0x6d, 0x65, 0x6e, 0x74, 0x02, 0x5b, 0x00, 0x00, 0x00, 0x01, 0x07, 0x00, 0x00, 0x00, 0x4e,
  0x4f, 0x5f, 0x52, 0x55, 0x4c, 0x45, 0x01, 0x05, 0x00, 0x00, 0x00, 0x52, 0x55, 0x4c, 0x45, 0x53,
  0x01, 0x01, 0x00, 0x00, 0x00, 0x28, 0x01, 0x01, 0x00, 0x00, 0x00, 0x5b, 0x01, 0x01, 0x00, 0x00,
  0x00, 0x7b, 0x01, 0x01, 0x00, 0x00, 0x00, 0x2e, 0x01, 0x01, 0x00, 0x00, 0x00, 0x2d, 0x01, 0x01,
  0x00, 0x00, 0x00, 0x2b, 0x01, 0x01, 0x00, 0x00, 0x00, 0x2f, 0x01, 0x01, 0x00, 0x00, 0x00, 0x2a,
  0x01, 0x01, 0x00, 0x00, 0x00, 0x25, 0x01, 0x02, 0x00, 0x00, 0x00, 0x2a, 0x2a, 0x01, 0x02, 0x00,
  0x00, 0x00, 0x2e, 0x2e, 0x01, 0x02, 0x00, 0x00, 0x00, 0x21, 0x3d, 0x01, 0x02, 0x00, 0x00, 0x00,
  0x3d, 0x3d, 0x01, 0x01, 0x00, 0x00, 0x00, 0x3e, 0x01, 0x02, 0x00, 0x00, 0x00, 0x3e, 0x3d, 0x01,
  0x01, 0x00, 0x00, 0x00, 0x3c, 0x01, 0x02, 0x00, 0x00, 0x00, 0x3c, 0x3d, 0x01, 0x02, 0x00, 0x00,
  0x00, 0x69, 0x6e, 0x01, 0x05, 0x00, 0x00, 0x00, 0x49, 0x44, 0x45, 0x4e, 0x54, 0x01, 0x06, 0x00,
  0x00, 0x00, 0x53, 0x54, 0x52, 0x49, 0x4e, 0x47, 0x01, 0x07, 0x00, 0x00, 0x00, 0x46, 0x53, 0x54,
  0x52, 0x49, 0x4e, 0x47, 0x01, 0x06, 0x00, 0x00, 0x00, 0x4e, 0x55, 0x4d, 0x42, 0x45, 0x52, 0x01,
  0x03, 0x00, 0x00, 0x00, 0x61, 0x6e, 0x64, 0x01, 0x02, 0x00, 0x00, 0x00, 0x6f, 0x72, 0x01, 0x03,
  0x00, 0x00, 0x00, 0x6e, 0x6f, 0x74, 0x01, 0x05, 0x00, 0x00, 0x00, 0x66, 0x61, 0x6c, 0x73, 0x65,
  0x01, 0x04, 0x00, 0x00, 0x00, 0x74, 0x72, 0x75, 0x65, 0x01, 0x03, 0x00, 0x00, 0x00, 0x6e, 0x69,
  0x6c, 0x01, 0x02, 0x00, 0x00, 0x00, 0x66, 0x6e, 0x01, 0x05, 0x00, 0x00, 0x00, 0x61, 0x73, 0x79,
  0x6e, 0x63, 0x01, 0x05, 0x00, 0x00, 0x00, 0x61, 0x77, 0x61, 0x69, 0x74, 0x01, 0x04, 0x00, 0x00,
  0x00, 0x73, 0x65, 0x6c, 0x66, 0x01, 0x05, 0x00, 0x00, 0x00, 0x73, 0x75, 0x70, 0x65, 0x72, 0x01,
  0x02, 0x00, 0x00, 0x00, 0x7c, 0x3e, 0x01, 0x02, 0x00, 0x00, 0x00, 0x3f, 0x3f, 0x01, 0x02, 0x00,
  0x00, 0x00, 0x3f, 0x2e, 0x01, 0x02, 0x00, 0x00, 0x00, 0x62, 0x79, 0x01, 0x08, 0x00, 0x00, 0x00,
  0x67, 0x65, 0x74, 0x5f, 0x72, 0x75, 0x6c, 0x65, 0x02, 0x5c, 0x00, 0x00, 0x00, 0x01, 0x07, 0x00,
  0x00, 0x00, 0x63, 0x6f, 0x6d, 0x70, 0x69, 0x6c, 0x65, 0x02, 0x5d, 0x00, 0x00, 0x00, 0x01, 0x0e,
  0x00, 0x00, 0x00, 0x63, 0x6f, 0x6d, 0x70, 0x69, 0x6c, 0x65, 0x5f, 0x66, 0x6f, 0x72, 0x5f, 0x76,
  0x6d, 0x02, 0x5e, 0x00, 0x00, 0x00, 0xb3, 0xef, 0xf8, 0x2c,
};

/* std/csv */
static const unsigned char embedded_4[] = {
  0x7f, 0x46, 0x58, 0x43, 0x01, 0x00, 0x01, 0x00, 0x00, 0x00, 0x00, 0x00, 0x05, 0x00, 0x00, 0x00,
  0x31, 0x2e, 0x30, 0x2e, 0x30, 0x06, 0x00, 0x00, 0x00, 0x63, 0x73, 0x76, 0x2e, 0x66, 0x78, 0x06,
  0x00, 0x00, 0x00, 0x05, 0x00, 0x00, 0x00, 0x70, 0x61, 0x72, 0x73, 0x65, 0x02, 0x01, 0x00, 0x00,
  0x00, 0xa4, 0x01, 0x00, 0x00, 0x07, 0x02, 0x38, 0x00, 0x06, 0x04, 0x00, 0x00, 0x00, 0x08, 0x02,
  0x04, 0x28, 0x00, 0x00, 0x28, 0x00, 0x00, 0x00, 0x00, 0x01, 0x03, 0x03, 0x07, 0x01, 0x24, 0x00,
  0x02, 0x00, 0x09, 0x00, 0x03, 0x07, 0x08, 0x23, 0x01, 0x00, 0x00, 0x04, 0x07, 0x0a, 0x07, 0x09,
  0x15, 0x21, 0x01, 0x25, 0x04, 0x07, 0x08, 0x07, 0x0a, 0x10, 0x07, 0x06, 0x21, 0x00, 0x52, 0x04,
  0x07, 0x0b, 0x00, 0x00, 0x05, 0x13, 0x21, 0x00, 0x3c, 0x04, 0x07, 0x0a, 0x00, 0x00, 0x06, 0x16,
  0x07, 0x09, 0x15, 0x21, 0x00, 0x0e, 0x04, 0x07, 0x08, 0x07, 0x0a, 0x00, 0x00, 0x07, 0x16, 0x10,
  0x00, 0x00, 0x08, 0x13, 0x21, 0x00, 0x16, 0x04, 0x07, 0x05, 0x00, 0x00, 0x09, 0x16, 0x08, 0x05,
  0x04, 0x07, 0x0a, 0x00, 0x00, 0x0a, 0x16, 0x08, 0x0a, 0x04, 0x20, 0x00, 0x05, 0x04, 0x03, 0x08,
  0x06, 0x04, 0x20, 0x00, 0x09, 0x04, 0x07, 0x05, 0x07, 0x0b, 0x16, 0x08, 0x05, 0x04, 0x20, 0x00,
  0xbb, 0x04, 0x07, 0x0b, 0x00, 0x00, 0x0b, 0x13, 0x21, 0x00, 0x07, 0x04, 0x07, 0x05, 0x00, 0x00,
  0x0c, 0x13, 0x21, 0x00, 0x0c, 0x04, 0x02, 0x08, 0x06, 0x04, 0x02, 0x08, 0x07, 0x04, 0x20, 0x00,
  0x9b, 0x04, 0x07, 0x0b, 0x07, 0x02, 0x13, 0x21, 0x00, 0x17, 0x04, 0x07, 0x04, 0x07, 0x05, 0x24,
  0x00, 0x0d, 0x01, 0x04, 0x00, 0x00, 0x0e, 0x08, 0x05, 0x04, 0x03, 0x08, 0x07, 0x04, 0x20, 0x00,
  0x7b, 0x04, 0x07, 0x0b, 0x00, 0x00, 0x0f, 0x13, 0x21, 0x00, 0x03, 0x20, 0x00, 0x07, 0x04, 0x07,
  0x0b, 0x00, 0x00, 0x10, 0x13, 0x21, 0x00, 0x5b, 0x04, 0x07, 0x0b, 0x00, 0x00, 0x11, 0x13, 0x21,
  0x00, 0x0a, 0x04, 0x07, 0x0a, 0x00, 0x00, 0x12, 0x16, 0x07, 0x09, 0x15, 0x21, 0x00, 0x0e, 0x04,
  0x07, 0x08, 0x07, 0x0a, 0x00, 0x00, 0x13, 0x16, 0x10, 0x00, 0x00, 0x14, 0x13, 0x21, 0x00, 0x0d,
  0x04, 0x07, 0x0a, 0x00, 0x00, 0x15, 0x16, 0x08, 0x0a, 0x04, 0x20, 0x00, 0x01, 0x04, 0x07, 0x04,
  0x07, 0x05, 0x24, 0x00, 0x0d, 0x01, 0x04, 0x07, 0x03, 0x07, 0x04, 0x24, 0x00, 0x0d, 0x01, 0x04,
  0x28, 0x00, 0x00, 0x08, 0x04, 0x04, 0x00, 0x00, 0x16, 0x08, 0x05, 0x04, 0x03, 0x08, 0x07, 0x04,
  0x20, 0x00, 0x09, 0x04, 0x07, 0x05, 0x07, 0x0b, 0x16, 0x08, 0x05, 0x04, 0x07, 0x0a, 0x00, 0x00,
  0x17, 0x16, 0x08, 0x0a, 0x04, 0x04, 0x22, 0x01, 0x2d, 0x04, 0x07, 0x06, 0x21, 0x00, 0x08, 0x04,
  0x00, 0x00, 0x18, 0x2d, 0x20, 0x00, 0x01, 0x04, 0x07, 0x05, 0x00, 0x00, 0x19, 0x13, 0x1d, 0x21,
  0x00, 0x03, 0x20, 0x00, 0x03, 0x04, 0x07, 0x07, 0x21, 0x00, 0x03, 0x20, 0x00, 0x0c, 0x04, 0x09,
  0x00, 0x03, 0x07, 0x04, 0x23, 0x01, 0x00, 0x00, 0x1a, 0x14, 0x21, 0x00, 0x16, 0x04, 0x07, 0x04,
  0x07, 0x05, 0x24, 0x00, 0x0d, 0x01, 0x04, 0x07, 0x03, 0x07, 0x04, 0x24, 0x00, 0x0d, 0x01, 0x04,
  0x20, 0x00, 0x01, 0x04, 0x07, 0x03, 0x27, 0x01, 0x27, 0x28, 0x00, 0x00, 0x00, 0x0a, 0x00, 0x00,
  0x00, 0x0c, 0x00, 0x00, 0x00, 0x0b, 0x00, 0x00, 0x00, 0x03, 0x00, 0x00, 0x00, 0x0c, 0x00, 0x00,
  0x00, 0x03, 0x00, 0x00, 0x00, 0x0d, 0x00, 0x00, 0x00, 0x03, 0x00, 0x00, 0x00, 0x0e, 0x00, 0x00,
  0x00, 0x01, 0x00, 0x00, 0x00, 0x0f, 0x00, 0x00, 0x00, 0x01, 0x00, 0x00, 0x00, 0x10, 0x00, 0x00,
  0x00, 0x06, 0x00, 0x00, 0x00, 0x11, 0x00, 0x00, 0x00, 0x07, 0x00, 0x00, 0x00, 0x12, 0x00, 0x00,
  0x00, 0x03, 0x00, 0x00, 0x00, 0x13, 0x00, 0x00, 0x00, 0x09, 0x00, 0x00, 0x00, 0x14, 0x00, 0x00,
  0x00, 0x05, 0x00, 0x00, 0x00, 0x15, 0x00, 0x00, 0x00, 0x06, 0x00, 0x00, 0x00, 0x16, 0x00, 0x00,
  0x00, 0x0a, 0x00, 0x00, 0x00, 0x17, 0x00, 0x00, 0x00, 0x38, 0x00, 0x00, 0x00, 0x18, 0x00, 0x00,
  0x00, 0x0c, 0x00, 0x00, 0x00, 0x19, 0x00, 0x00, 0x00, 0x18, 0x00, 0x00, 0x00, 0x1a, 0x00, 0x00,
  0x00, 0x04, 0x00, 0x00, 0x00, 0x1b, 0x00, 0x00, 0x00, 0x04, 0x00, 0x00, 0x00, 0x1c, 0x00, 0x00,
  0x00, 0x0d, 0x00, 0x00, 0x00, 0x1d, 0x00, 0x00, 0x00, 0x09, 0x00, 0x00, 0x00, 0x1e, 0x00, 0x00,
  0x00, 0x06, 0x00, 0x00, 0x00, 0x1f, 0x00, 0x00, 0x00, 0x04, 0x00, 0x00, 0x00, 0x20, 0x00, 0x00,
  0x00, 0x1b, 0x00, 0x00, 0x00, 0x21, 0x00, 0x00, 0x00, 0x35, 0x00, 0x00, 0x00, 0x22, 0x00, 0x00,
  0x00, 0x09, 0x00, 0x00, 0x00, 0x23, 0x00, 0x00, 0x00, 0x09, 0x00, 0x00, 0x00, 0x24, 0x00, 0x00,
  0x00, 0x06, 0x00, 0x00, 0x00, 0x25, 0x00, 0x00, 0x00, 0x06, 0x00, 0x00, 0x00, 0x26, 0x00, 0x00,
  0x00, 0x04, 0x00, 0x00, 0x00, 0x27, 0x00, 0x00, 0x00, 0x04, 0x00, 0x00, 0x00, 0x28, 0x00, 0x00,
  0x00, 0x08, 0x00, 0x00, 0x00, 0x2a, 0x00, 0x00, 0x00, 0x09, 0x00, 0x00, 0x00, 0x2b, 0x00, 0x00,
  0x00, 0x05, 0x00, 0x00, 0x00, 0x2c, 0x00, 0x00, 0x00, 0x0e, 0x00, 0x00, 0x00, 0x2d, 0x00, 0x00,
  0x00, 0x26, 0x00, 0x00, 0x00, 0x2e, 0x00, 0x00, 0x00, 0x09, 0x00, 0x00, 0x00, 0x2f, 0x00, 0x00,
  0x00, 0x09, 0x00, 0x00, 0x00, 0x30, 0x00, 0x00, 0x00, 0x04, 0x00, 0x00, 0x00, 0x31, 0x00, 0x00,
  0x00, 0x03, 0x00, 0x00, 0x00, 0x32, 0x00, 0x00, 0x00, 0x02, 0x00, 0x00, 0x00, 0x1b, 0x00, 0x00,
  0x00, 0x01, 0x01, 0x00, 0x00, 0x00, 0x2c, 0x01, 0x00, 0x00, 0x00, 0x00, 0x01, 0x05, 0x00, 0x00,
  0x00, 0x63, 0x68, 0x61, 0x72, 0x73, 0x01, 0x03, 0x00, 0x00, 0x00, 0x6c, 0x65, 0x6e, 0x00, 0x00,
  0x00, 0x00, 0x00, 0x00, 0x00, 0x00, 0x00, 0x01, 0x01, 0x00, 0x00, 0x00, 0x22, 0x00, 0x00, 0x00,
  0x00, 0x00, 0x00, 0x00, 0xf0, 0x3f, 0x00, 0x00, 0x00, 0x00, 0x00, 0x00, 0x00, 0xf0, 0x3f, 0x01,
  0x01, 0x00, 0x00, 0x00, 0x22, 0x01, 0x01, 0x00, 0x00, 0x00, 0x22, 0x00, 0x00, 0x00, 0x00, 0x00,
  0x00, 0x00, 0xf0, 0x3f, 0x01, 0x01, 0x00, 0x00, 0x00, 0x22, 0x01, 0x00, 0x00, 0x00, 0x00, 0x01,
  0x04, 0x00, 0x00, 0x00, 0x70, 0x75, 0x73, 0x68, 0x01, 0x00, 0x00, 0x00, 0x00, 0x01, 0x01, 0x00,
  0x00, 0x00, 0x0a, 0x01, 0x01, 0x00, 0x00, 0x00, 0x0d, 0x01, 0x01, 0x00, 0x00, 0x00, 0x0d, 0x00,
  0x00, 0x00, 0x00, 0x00, 0x00, 0x00, 0xf0, 0x3f, 0x00, 0x00, 0x00, 0x00, 0x00, 0x00, 0x00, 0xf0,
  0x3f, 0x01, 0x01, 0x00, 0x00, 0x00, 0x0a, 0x00, 0x00, 0x00, 0x00, 0x00, 0x00, 0x00, 0xf0, 0x3f,
  0x01, 0x00, 0x00, 0x00, 0x00, 0x00, 0x00, 0x00, 0x00, 0x00, 0x00, 0x00, 0xf0, 0x3f, 0x01, 0x23,
  0x00, 0x00, 0x00, 0x63, 0x73, 0x76, 0x3a, 0x20, 0x61, 0x20, 0x71, 0x75, 0x6f, 0x74, 0x65, 0x64,
  0x20, 0x66, 0x69, 0x65, 0x6c, 0x64, 0x20, 0x69, 0x73, 0x20, 0x6e, 0x65, 0x76, 0x65, 0x72, 0x20,
  0x63, 0x6c, 0x6f, 0x73, 0x65, 0x64, 0x01, 0x00, 0x00, 0x00, 0x00, 0x00, 0x00, 0x00, 0x00, 0x00,
  0x00, 0x00, 0x00, 0x00, 0x07, 0x00, 0x00, 0x00, 0x72, 0x65, 0x63, 0x6f, 0x72, 0x64, 0x73, 0x02,
  0x01, 0x00, 0x00, 0x00, 0x97, 0x00, 0x00, 0x00, 0x07, 0x02, 0x38, 0x00, 0x06, 0x04, 0x00, 0x00,
  0x00, 0x08, 0x02, 0x04, 0x09, 0x00, 0x01, 0x07, 0x01, 0x07, 0x02, 0x23, 0x02, 0x09, 0x00, 0x02,
  0x07, 0x03, 0x23, 0x01, 0x00, 0x00, 0x03, 0x13, 0x21, 0x00, 0x08, 0x04, 0x28, 0x00, 0x00, 0x27,
  0x20, 0x00, 0x01, 0x04, 0x07, 0x03, 0x00, 0x00, 0x04, 0x10, 0x28, 0x00, 0x00, 0x07, 0x03, 0x00,
  0x00, 0x05, 0x01, 0x12, 0x00, 0x00, 0x06, 0x2a, 0x06, 0x00, 0x4d, 0x29, 0x00, 0x00, 0x00, 0x00,
  0x07, 0x09, 0x00, 0x02, 0x07, 0x04, 0x23, 0x01, 0x1f, 0x00, 0x00, 0x08, 0x2a, 0x0a, 0x00, 0x28,
  0x07, 0x09, 0x07, 0x04, 0x07, 0x0c, 0x10, 0x07, 0x0c, 0x09, 0x00, 0x02, 0x07, 0x08, 0x23, 0x01,
  0x15, 0x21, 0x00, 0x06, 0x04, 0x07, 0x08, 0x07, 0x0c, 0x10, 0x21, 0x00, 0x03, 0x20, 0x00, 0x02,
  0x04, 0x01, 0x11, 0x04, 0x04, 0x22, 0x00, 0x2c, 0x04, 0x04, 0x07, 0x05, 0x07, 0x09, 0x24, 0x00,
  0x09, 0x01, 0x04, 0x04, 0x04, 0x22, 0x00, 0x51, 0x04, 0x04, 0x07, 0x05, 0x27, 0x01, 0x27, 0x0c,
  0x00, 0x00, 0x00, 0x35, 0x00, 0x00, 0x00, 0x0c, 0x00, 0x00, 0x00, 0x36, 0x00, 0x00, 0x00, 0x09,
  0x00, 0x00, 0x00, 0x37, 0x00, 0x00, 0x00, 0x17, 0x00, 0x00, 0x00, 0x38, 0x00, 0x00, 0x00, 0x06,
  0x00, 0x00, 0x00, 0x39, 0x00, 0x00, 0x00, 0x03, 0x00, 0x00, 0x00, 0x3a, 0x00, 0x00, 0x00, 0x0e,
  0x00, 0x00, 0x00, 0x3b, 0x00, 0x00, 0x00, 0x03, 0x00, 0x00, 0x00, 0x3c, 0x00, 0x00, 0x00, 0x3c,
  0x00, 0x00, 0x00, 0x3d, 0x00, 0x00, 0x00, 0x09, 0x00, 0x00, 0x00, 0x3e, 0x00, 0x00, 0x00, 0x07,
  0x00, 0x00, 0x00, 0x3f, 0x00, 0x00, 0x00, 0x03, 0x00, 0x00, 0x00, 0x40, 0x00, 0x00, 0x00, 0x02,
  0x00, 0x00, 0x00, 0x0a, 0x00, 0x00, 0x00, 0x01, 0x01, 0x00, 0x00, 0x00, 0x2c, 0x01, 0x05, 0x00,
  0x00, 0x00, 0x70, 0x61, 0x72, 0x73, 0x65, 0x01, 0x03, 0x00, 0x00, 0x00, 0x6c, 0x65, 0x6e, 0x00,
  0x00, 0x00, 0x00, 0x00, 0x00, 0x00, 0x00, 0x00, 0x00, 0x00, 0x00, 0x00, 0x00, 0x00, 0x00, 0x00,
  0x00, 0x00, 0x00, 0x00, 0x00, 0x00, 0x00, 0x00, 0xf0, 0x3f, 0x00, 0x00, 0x00, 0x00, 0x00, 0x00,
  0x00, 0x00, 0x00, 0x00, 0x00, 0x00, 0x00, 0x00, 0x00, 0x00, 0x00, 0x00, 0x00, 0x00, 0x00, 0x00,
  0x00, 0x00, 0x00, 0x00, 0x00, 0x01, 0x04, 0x00, 0x00, 0x00, 0x70, 0x75, 0x73, 0x68, 0x06, 0x00,
  0x00, 0x00, 0x5f, 0x66, 0x69, 0x65, 0x6c, 0x64, 0x02, 0x02, 0x00, 0x00, 0x00, 0x73, 0x00, 0x00,
  0x00, 0x07, 0x01, 0x01, 0x13, 0x21, 0x00, 0x04, 0x04, 0x00, 0x00, 0x00, 0x21, 0x00, 0x03, 0x20,
  0x00, 0x08, 0x04, 0x09, 0x00, 0x01, 0x07, 0x01, 0x23, 0x01, 0x07, 0x03, 0x07, 0x02, 0x24, 0x00,
  0x02, 0x01, 0x21, 0x00, 0x03, 0x20, 0x00, 0x0a, 0x04, 0x07, 0x03, 0x00, 0x00, 0x03, 0x24, 0x00,
  0x02, 0x01, 0x21, 0x00, 0x03, 0x20, 0x00, 0x0a, 0x04, 0x07, 0x03, 0x00, 0x00, 0x04, 0x24, 0x00,
  0x02, 0x01, 0x21, 0x00, 0x03, 0x20, 0x00, 0x0a, 0x04, 0x07, 0x03, 0x00, 0x00, 0x05, 0x24, 0x00,
  0x02, 0x01, 0x21, 0x00, 0x19, 0x04, 0x00, 0x00, 0x06, 0x07, 0x03, 0x00, 0x00, 0x08, 0x00, 0x00,
  0x09, 0x24, 0x00, 0x07, 0x02, 0x16, 0x00, 0x00, 0x0a, 0x16, 0x27, 0x20, 0x00, 0x01, 0x04, 0x07,
  0x03, 0x27, 0x01, 0x27, 0x04, 0x00, 0x00, 0x00, 0x43, 0x00, 0x00, 0x00, 0x19, 0x00, 0x00, 0x00,
  0x44, 0x00, 0x00, 0x00, 0x55, 0x00, 0x00, 0x00, 0x45, 0x00, 0x00, 0x00, 0x03, 0x00, 0x00, 0x00,
  0x46, 0x00, 0x00, 0x00, 0x02, 0x00, 0x00, 0x00, 0x0b, 0x00, 0x00, 0x00, 0x01, 0x00, 0x00, 0x00,
  0x00, 0x01, 0x03, 0x00, 0x00, 0x00, 0x73, 0x74, 0x72, 0x01, 0x08, 0x00, 0x00, 0x00, 0x63, 0x6f,
  0x6e, 0x74, 0x61, 0x69, 0x6e, 0x73, 0x01, 0x01, 0x00, 0x00, 0x00, 0x22, 0x01, 0x01, 0x00, 0x00,
  0x00, 0x0a, 0x01, 0x01, 0x00, 0x00, 0x00, 0x0d, 0x01, 0x01, 0x00, 0x00, 0x00, 0x22, 0x01, 0x07,
  0x00, 0x00, 0x00, 0x72, 0x65, 0x70, 0x6c, 0x61, 0x63, 0x65, 0x01, 0x01, 0x00, 0x00, 0x00, 0x22,
  0x01, 0x02, 0x00, 0x00, 0x00, 0x22, 0x22, 0x01, 0x01, 0x00, 0x00, 0x00, 0x22, 0xff, 0xff, 0xff,
  0xff, 0x01, 0x01, 0x01, 0x00, 0x00, 0x0c, 0x00, 0x00, 0x00, 0x09, 0x00, 0x00, 0x07, 0x01, 0x0c,
  0x00, 0x23, 0x02, 0x27, 0x01, 0x27, 0x01, 0x00, 0x00, 0x00, 0x4a, 0x00, 0x00, 0x00, 0x0c, 0x00,
  0x00, 0x00, 0x01, 0x00, 0x00, 0x00, 0x01, 0x06, 0x00, 0x00, 0x00, 0x5f, 0x66, 0x69, 0x65, 0x6c,
  0x64, 0x09, 0x00, 0x00, 0x00, 0x73, 0x74, 0x72, 0x69, 0x6e, 0x67, 0x69, 0x66, 0x79, 0x02, 0x01,
  0x00, 0x00, 0x00, 0x46, 0x00, 0x00, 0x00, 0x07, 0x02, 0x38, 0x00, 0x06, 0x04, 0x00, 0x00, 0x00,
  0x08, 0x02, 0x04, 0x28, 0x00, 0x00, 0x07, 0x01, 0x00, 0x00, 0x01, 0x2a, 0x04, 0x00, 0x1c, 0x07,
  0x03, 0x07, 0x06, 0x25, 0x00, 0x04, 0x01, 0x02, 0x24, 0x00, 0x03, 0x01, 0x07, 0x02, 0x24, 0x00,
  0x05, 0x01, 0x24, 0x00, 0x02, 0x01, 0x04, 0x04, 0x22, 0x00, 0x20, 0x04, 0x04, 0x07, 0x03, 0x00,
  0x00, 0x06, 0x24, 0x00, 0x05, 0x01, 0x00, 0x00, 0x07, 0x16, 0x27, 0x01, 0x27, 0x05, 0x00, 0x00,
  0x00, 0x48, 0x00, 0x00, 0x00, 0x0c, 0x00, 0x00, 0x00, 0x49, 0x00, 0x00, 0x00, 0x03, 0x00, 0x00,
  0x00, 0x4a, 0x00, 0x00, 0x00, 0x27, 0x00, 0x00, 0x00, 0x4b, 0x00, 0x00, 0x00, 0x0e, 0x00, 0x00,
  0x00, 0x4c, 0x00, 0x00, 0x00, 0x02, 0x00, 0x00, 0x00, 0x08, 0x00, 0x00, 0x00, 0x01, 0x01, 0x00,
  0x00, 0x00, 0x2c, 0x00, 0x00, 0x00, 0x00, 0x00, 0x00, 0x00, 0x00, 0x00, 0x01, 0x04, 0x00, 0x00,
  0x00, 0x70, 0x75, 0x73, 0x68, 0x01, 0x03, 0x00, 0x00, 0x00, 0x6d, 0x61, 0x70, 0x02, 0x03, 0x00,
  0x00, 0x00, 0x01, 0x04, 0x00, 0x00, 0x00, 0x6a, 0x6f, 0x69, 0x6e, 0x01, 0x01, 0x00, 0x00, 0x00,
  0x0a, 0x01, 0x01, 0x00, 0x00, 0x00, 0x0a, 0xff, 0xff, 0xff, 0xff, 0x00, 0x00, 0x00, 0x00, 0x01,
  0x1a, 0x00, 0x00, 0x00, 0x25, 0x00, 0x01, 0x0a, 0x00, 0x00, 0x25, 0x00, 0x03, 0x0a, 0x00, 0x02,
  0x25, 0x00, 0x05, 0x0a, 0x00, 0x04, 0x25, 0x00, 0x07, 0x0a, 0x00, 0x06, 0x01, 0x27, 0x04, 0x00,
  0x00, 0x00, 0x32, 0x00, 0x00, 0x00, 0x06, 0x00, 0x00, 0x00, 0x40, 0x00, 0x00, 0x00, 0x06, 0x00,
  0x00, 0x00, 0x46, 0x00, 0x00, 0x00, 0x06, 0x00, 0x00, 0x00, 0x4c, 0x00, 0x00, 0x00, 0x08, 0x00,
  0x00, 0x00, 0x08, 0x00, 0x00, 0x00, 0x01, 0x05, 0x00, 0x00, 0x00, 0x70, 0x61, 0x72, 0x73, 0x65,
  0x02, 0x00, 0x00, 0x00, 0x00, 0x01, 0x07, 0x00, 0x00, 0x00, 0x72, 0x65, 0x63, 0x6f, 0x72, 0x64,
  0x73, 0x02, 0x01, 0x00, 0x00, 0x00, 0x01, 0x06, 0x00, 0x00, 0x00, 0x5f, 0x66, 0x69, 0x65, 0x6c,
  0x64, 0x02, 0x02, 0x00, 0x00, 0x00, 0x01, 0x09, 0x00, 0x00, 0x00, 0x73, 0x74, 0x72, 0x69, 0x6e,
  0x67, 0x69, 0x66, 0x79, 0x02, 0x04, 0x00, 0x00, 0x00, 0xe2, 0xa3, 0xb4, 0xc7,
};

/* std/datetime */
static const unsigned char embedded_5[] = {
  0x7f, 0x46, 0x58, 0x43, 0x01, 0x00, 0x01, 0x00, 0x00, 0x00, 0x00, 0x00, 0x05, 0x00, 0x00, 0x00,
  0x31, 0x2e, 0x30, 0x2e, 0x30, 0x0b, 0x00, 0x00, 0x00, 0x64, 0x61, 0x74, 0x65, 0x74, 0x69, 0x6d,
  0x65, 0x2e, 0x66, 0x78, 0x1b, 0x00, 0x00, 0x00, 0x07, 0x00, 0x00, 0x00, 0x69, 0x73, 0x5f, 0x6c,
  0x65, 0x61, 0x70, 0x01, 0x01, 0x00, 0x00, 0x00, 0x2d, 0x00, 0x00, 0x00, 0x07, 0x01, 0x00, 0x00,
  0x00, 0x1a, 0x00, 0x00, 0x01, 0x13, 0x21, 0x00, 0x1d, 0x04, 0x07, 0x01, 0x00, 0x00, 0x02, 0x1a,
  0x00, 0x00, 0x03, 0x13, 0x1d, 0x21, 0x00, 0x03, 0x20, 0x00, 0x0b, 0x04, 0x07, 0x01, 0x00, 0x00,
  0x04, 0x1a, 0x00, 0x00, 0x05, 0x13, 0x27, 0x01, 0x27, 0x01, 0x00, 0x00, 0x00, 0x11, 0x00, 0x00,
  0x00, 0x2d, 0x00, 0x00, 0x00, 0x06, 0x00, 0x00, 0x00, 0x00, 0x00, 0x00, 0x00, 0x00, 0x00, 0x00,
  0x10, 0x40, 0x00, 0x00, 0x00, 0x00, 0x00, 0x00, 0x00, 0x00, 0x00, 0x00, 0x00, 0x00, 0x00, 0x00,
  0x00, 0x00, 0x59, 0x40, 0x00, 0x00, 0x00, 0x00, 0x00, 0x00, 0x00, 0x00, 0x00, 0x00, 0x00, 0x00,
  0x00, 0x00, 0x00, 0x00, 0x79, 0x40, 0x00, 0x00, 0x00, 0x00, 0x00, 0x00, 0x00, 0x00, 0x00, 0x0d,
  0x00, 0x00, 0x00, 0x64, 0x61, 0x79, 0x73, 0x5f, 0x69, 0x6e, 0x5f, 0x6d, 0x6f, 0x6e, 0x74, 0x68,
  0x02, 0x02, 0x00, 0x00, 0x00, 0x66, 0x00, 0x00, 0x00, 0x07, 0x02, 0x00, 0x00, 0x00, 0x13, 0x21,
  0x00, 0x1d, 0x04, 0x09, 0x00, 0x01, 0x07, 0x01, 0x23, 0x01, 0x21, 0x00, 0x04, 0x04, 0x00, 0x00,
  0x02, 0x21, 0x00, 0x03, 0x20, 0x00, 0x04, 0x04, 0x00, 0x00, 0x03, 0x27, 0x20, 0x00, 0x01, 0x04,
  0x07, 0x02, 0x00, 0x00, 0x04, 0x13, 0x21, 0x00, 0x03, 0x20, 0x00, 0x07, 0x04, 0x07, 0x02, 0x00,
  0x00, 0x05, 0x13, 0x21, 0x00, 0x03, 0x20, 0x00, 0x07, 0x04, 0x07, 0x02, 0x00, 0x00, 0x06, 0x13,
  0x21, 0x00, 0x03, 0x20, 0x00, 0x07, 0x04, 0x07, 0x02, 0x00, 0x00, 0x07, 0x13, 0x21, 0x00, 0x08,
  0x04, 0x00, 0x00, 0x08, 0x27, 0x20, 0x00, 0x01, 0x04, 0x00, 0x00, 0x09, 0x27, 0x01, 0x27, 0x04,
  0x00, 0x00, 0x00, 0x14, 0x00, 0x00, 0x00, 0x27, 0x00, 0x00, 0x00, 0x15, 0x00, 0x00, 0x00, 0x39,
  0x00, 0x00, 0x00, 0x16, 0x00, 0x00, 0x00, 0x04, 0x00, 0x00, 0x00, 0x17, 0x00, 0x00, 0x00, 0x02,
  0x00, 0x00, 0x00, 0x0a, 0x00, 0x00, 0x00, 0x00, 0x00, 0x00, 0x00, 0x00, 0x00, 0x00, 0x00, 0x40,
  0x01, 0x07, 0x00, 0x00, 0x00, 0x69, 0x73, 0x5f, 0x6c, 0x65, 0x61, 0x70, 0x00, 0x00, 0x00, 0x00,
  0x00, 0x00, 0x00, 0x3d, 0x40, 0x00, 0x00, 0x00, 0x00, 0x00, 0x00, 0x00, 0x3c, 0x40, 0x00, 0x00,
  0x00, 0x00, 0x00, 0x00, 0x00, 0x10, 0x40, 0x00, 0x00, 0x00, 0x00, 0x00, 0x00, 0x00, 0x18, 0x40,
  0x00, 0x00, 0x00, 0x00, 0x00, 0x00, 0x00, 0x22, 0x40, 0x00, 0x00, 0x00, 0x00, 0x00, 0x00, 0x00,
  0x26, 0x40, 0x00, 0x00, 0x00, 0x00, 0x00, 0x00, 0x00, 0x3e, 0x40, 0x00, 0x00, 0x00, 0x00, 0x00,
  0x00, 0x00, 0x3f, 0x40, 0x10, 0x00, 0x00, 0x00, 0x5f, 0x64, 0x61, 0x79, 0x73, 0x5f, 0x66, 0x72,
  0x6f, 0x6d, 0x5f, 0x63, 0x69, 0x76, 0x69, 0x6c, 0x03, 0x03, 0x00, 0x00, 0x00, 0x89, 0x00, 0x00,
  0x00, 0x07, 0x02, 0x00, 0x00, 0x00, 0x14, 0x1d, 0x21, 0x00, 0x0d, 0x04, 0x07, 0x01, 0x00, 0x00,
  0x01, 0x17, 0x08, 0x01, 0x04, 0x20, 0x00, 0x01, 0x04, 0x09, 0x00, 0x02, 0x07, 0x01, 0x00, 0x00,
  0x04, 0x19, 0x24, 0x00, 0x03, 0x01, 0x07, 0x01, 0x07, 0x04, 0x00, 0x00, 0x05, 0x18, 0x17, 0x07,
  0x02, 0x00, 0x00, 0x06, 0x16, 0x00, 0x00, 0x07, 0x1a, 0x09, 0x00, 0x02, 0x00, 0x00, 0x08, 0x07,
  0x06, 0x18, 0x00, 0x00, 0x09, 0x16, 0x00, 0x00, 0x0a, 0x19, 0x24, 0x00, 0x03, 0x01, 0x07, 0x03,
  0x16, 0x00, 0x00, 0x0b, 0x17, 0x07, 0x05, 0x00, 0x00, 0x0c, 0x18, 0x09, 0x00, 0x02, 0x07, 0x05,
  0x00, 0x00, 0x0d, 0x19, 0x24, 0x00, 0x03, 0x01, 0x16, 0x09, 0x00, 0x02, 0x07, 0x05, 0x00, 0x00,
  0x0e, 0x19, 0x24, 0x00, 0x03, 0x01, 0x17, 0x07, 0x07, 0x16, 0x07, 0x04, 0x00, 0x00, 0x0f, 0x18,
  0x07, 0x08, 0x16, 0x00, 0x00, 0x10, 0x17, 0x27, 0x01, 0x27, 0x08, 0x00, 0x00, 0x00, 0x1b, 0x00,
  0x00, 0x00, 0x18, 0x00, 0x00, 0x00, 0x1c, 0x00, 0x00, 0x00, 0x0d, 0x00, 0x00, 0x00, 0x1d, 0x00,
  0x00, 0x00, 0x09, 0x00, 0x00, 0x00, 0x1e, 0x00, 0x00, 0x00, 0x0a, 0x00, 0x00, 0x00, 0x1f, 0x00,
  0x00, 0x00, 0x1c, 0x00, 0x00, 0x00, 0x20, 0x00, 0x00, 0x00, 0x25, 0x00, 0x00, 0x00, 0x21, 0x00,
  0x00, 0x00, 0x0e, 0x00, 0x00, 0x00, 0x22, 0x00, 0x00, 0x00, 0x02, 0x00, 0x00, 0x00, 0x11, 0x00,
  0x00, 0x00, 0x00, 0x00, 0x00, 0x00, 0x00, 0x00, 0x00, 0x00, 0x40, 0x00, 0x00, 0x00, 0x00, 0x00,
  0x00, 0x00, 0xf0, 0x3f, 0x01, 0x04, 0x00, 0x00, 0x00, 0x6d, 0x61, 0x74, 0x68, 0x01, 0x05, 0x00,
  0x00, 0x00, 0x66, 0x6c, 0x6f, 0x6f, 0x72, 0x00, 0x00, 0x00, 0x00, 0x00, 0x00, 0x00, 0x79, 0x40,
  0x00, 0x00, 0x00, 0x00, 0x00, 0x00, 0x00, 0x79, 0x40, 0x00, 0x00, 0x00, 0x00, 0x00, 0x00, 0x00,
  0x22, 0x40, 0x00, 0x00, 0x00, 0x00, 0x00, 0x00, 0x00, 0x28, 0x40, 0x00, 0x00, 0x00, 0x00, 0x00,
  0x00, 0x20, 0x63, 0x40, 0x00, 0x00, 0x00, 0x00, 0x00, 0x00, 0x00, 0x00, 0x40, 0x00, 0x00, 0x00,
  0x00, 0x00, 0x00, 0x00, 0x14, 0x40, 0x00, 0x00, 0x00, 0x00, 0x00, 0x00, 0x00, 0xf0, 0x3f, 0x00,
  0x00, 0x00, 0x00, 0x00, 0x00, 0xd0, 0x76, 0x40, 0x00, 0x00, 0x00, 0x00, 0x00, 0x00, 0x00, 0x10,
  0x40, 0x00, 0x00, 0x00, 0x00, 0x00, 0x00, 0x00, 0x59, 0x40, 0x00, 0x00, 0x00, 0x00, 0x00, 0x88,
  0xd5, 0x01, 0x41, 0x00, 0x00, 0x00, 0x00, 0x00, 0xd8, 0xf4, 0x25, 0x41, 0x10, 0x00, 0x00, 0x00,
  0x5f, 0x63, 0x69, 0x76, 0x69, 0x6c, 0x5f, 0x66, 0x72, 0x6f, 0x6d, 0x5f, 0x64, 0x61, 0x79, 0x73,
  0x01, 0x01, 0x00, 0x00, 0x00, 0xf6, 0x00, 0x00, 0x00, 0x07, 0x01, 0x00, 0x00, 0x00, 0x16, 0x08,
  0x01, 0x04, 0x09, 0x00, 0x01, 0x07, 0x01, 0x00, 0x00, 0x03, 0x19, 0x24, 0x00, 0x02, 0x01, 0x07,
  0x01, 0x07, 0x02, 0x00, 0x00, 0x04, 0x18, 0x17, 0x09, 0x00, 0x01, 0x07, 0x03, 0x09, 0x00, 0x01,
  0x07, 0x03, 0x00, 0x00, 0x05, 0x19, 0x24, 0x00, 0x02, 0x01, 0x17, 0x09, 0x00, 0x01, 0x07, 0x03,
  0x00, 0x00, 0x06, 0x19, 0x24, 0x00, 0x02, 0x01, 0x16, 0x09, 0x00, 0x01, 0x07, 0x03, 0x00, 0x00,
  0x07, 0x19, 0x24, 0x00, 0x02, 0x01, 0x17, 0x00, 0x00, 0x08, 0x19, 0x24, 0x00, 0x02, 0x01, 0x07,
  0x04, 0x07, 0x02, 0x00, 0x00, 0x09, 0x18, 0x16, 0x07, 0x03, 0x00, 0x00, 0x0a, 0x07, 0x04, 0x18,
  0x09, 0x00, 0x01, 0x07, 0x04, 0x00, 0x00, 0x0b, 0x19, 0x24, 0x00, 0x02, 0x01, 0x16, 0x09, 0x00,
  0x01, 0x07, 0x04, 0x00, 0x00, 0x0c, 0x19, 0x24, 0x00, 0x02, 0x01, 0x17, 0x17, 0x09, 0x00, 0x01,
  0x00, 0x00, 0x0d, 0x07, 0x06, 0x18, 0x00, 0x00, 0x0e, 0x16, 0x00, 0x00, 0x0f, 0x19, 0x24, 0x00,
  0x02, 0x01, 0x07, 0x06, 0x09, 0x00, 0x01, 0x00, 0x00, 0x10, 0x07, 0x07, 0x18, 0x00, 0x00, 0x11,
  0x16, 0x00, 0x00, 0x12, 0x19, 0x24, 0x00, 0x02, 0x01, 0x17, 0x00, 0x00, 0x13, 0x16, 0x07, 0x07,
  0x00, 0x00, 0x14, 0x15, 0x21, 0x00, 0x07, 0x04, 0x07, 0x07, 0x00, 0x00, 0x15, 0x16, 0x21, 0x00,
  0x03, 0x20, 0x00, 0x07, 0x04, 0x07, 0x07, 0x00, 0x00, 0x16, 0x17, 0x07, 0x09, 0x00, 0x00, 0x17,
  0x14, 0x1d, 0x21, 0x00, 0x07, 0x04, 0x07, 0x05, 0x00, 0x00, 0x18, 0x16, 0x21, 0x00, 0x03, 0x20,
  0x00, 0x03, 0x04, 0x07, 0x05, 0x07, 0x09, 0x07, 0x08, 0x28, 0x00, 0x03, 0x27, 0x01, 0x27, 0x0b,
  0x00, 0x00, 0x00, 0x25, 0x00, 0x00, 0x00, 0x09, 0x00, 0x00, 0x00, 0x26, 0x00, 0x00, 0x00, 0x0d,
  0x00, 0x00, 0x00, 0x27, 0x00, 0x00, 0x00, 0x09, 0x00, 0x00, 0x00, 0x28, 0x00, 0x00, 0x00, 0x37,
  0x00, 0x00, 0x00, 0x29, 0x00, 0x00, 0x00, 0x09, 0x00, 0x00, 0x00, 0x2a, 0x00, 0x00, 0x00, 0x25,
  0x00, 0x00, 0x00, 0x2b, 0x00, 0x00, 0x00, 0x15, 0x00, 0x00, 0x00, 0x2c, 0x00, 0x00, 0x00, 0x1c,
  0x00, 0x00, 0x00, 0x2d, 0x00, 0x00, 0x00, 0x1d, 0x00, 0x00, 0x00, 0x2e, 0x00, 0x00, 0x00, 0x22,
  0x00, 0x00, 0x00, 0x2f, 0x00, 0x00, 0x00, 0x02, 0x00, 0x00, 0x00, 0x19, 0x00, 0x00, 0x00, 0x00,
  0x00, 0x00, 0x00, 0x00, 0xd8, 0xf4, 0x25, 0x41, 0x01, 0x04, 0x00, 0x00, 0x00, 0x6d, 0x61, 0x74,
  0x68, 0x01, 0x05, 0x00, 0x00, 0x00, 0x66, 0x6c, 0x6f, 0x6f, 0x72, 0x00, 0x00, 0x00, 0x00, 0x00,
  0x88, 0xd5, 0x01, 0x41, 0x00, 0x00, 0x00, 0x00, 0x00, 0x88, 0xd5, 0x01, 0x41, 0x00, 0x00, 0x00,
  0x00, 0x00, 0x00, 0xd0, 0x96, 0x40, 0x00, 0x00, 0x00, 0x00, 0x00, 0x80, 0xd5, 0xe1, 0x40, 0x00,
  0x00, 0x00, 0x00, 0x00, 0x80, 0xd5, 0x01, 0x41, 0x00, 0x00, 0x00, 0x00, 0x00, 0x00, 0xd0, 0x76,
  0x40, 0x00, 0x00, 0x00, 0x00, 0x00, 0x00, 0x00, 0x79, 0x40, 0x00, 0x00, 0x00, 0x00, 0x00, 0x00,
  0xd0, 0x76, 0x40, 0x00, 0x00, 0x00, 0x00, 0x00, 0x00, 0x00, 0x10, 0x40, 0x00, 0x00, 0x00, 0x00,
  0x00, 0x00, 0x00, 0x59, 0x40, 0x00, 0x00, 0x00, 0x00, 0x00, 0x00, 0x00, 0x14, 0x40, 0x00, 0x00,
  0x00, 0x00, 0x00, 0x00, 0x00, 0x00, 0x40, 0x00, 0x00, 0x00, 0x00, 0x00, 0x00, 0x20, 0x63, 0x40,
  0x00, 0x00, 0x00, 0x00, 0x00, 0x00, 0x20, 0x63, 0x40, 0x00, 0x00, 0x00, 0x00, 0x00, 0x00, 0x00,
  0x00, 0x40, 0x00, 0x00, 0x00, 0x00, 0x00, 0x00, 0x00, 0x14, 0x40, 0x00, 0x00, 0x00, 0x00, 0x00,
  0x00, 0x00, 0xf0, 0x3f, 0x00, 0x00, 0x00, 0x00, 0x00, 0x00, 0x00, 0x24, 0x40, 0x00, 0x00, 0x00,
  0x00, 0x00, 0x00, 0x00, 0x08, 0x40, 0x00, 0x00, 0x00, 0x00, 0x00, 0x00, 0x00, 0x22, 0x40, 0x00,
  0x00, 0x00, 0x00, 0x00, 0x00, 0x00, 0x00, 0x40, 0x00, 0x00, 0x00, 0x00, 0x00, 0x00, 0x00, 0xf0,
  0x3f, 0x04, 0x00, 0x00, 0x00, 0x5f, 0x74, 0x77, 0x6f, 0x01, 0x01, 0x00, 0x00, 0x00, 0x14, 0x00,
  0x00, 0x00, 0x09, 0x00, 0x00, 0x07, 0x01, 0x23, 0x01, 0x00, 0x00, 0x02, 0x00, 0x00, 0x03, 0x24,
  0x00, 0x01, 0x02, 0x27, 0x01, 0x27, 0x01, 0x00, 0x00, 0x00, 0x31, 0x00, 0x00, 0x00, 0x14, 0x00,
  0x00, 0x00, 0x04, 0x00, 0x00, 0x00, 0x01, 0x03, 0x00, 0x00, 0x00, 0x73, 0x74, 0x72, 0x01, 0x08,
  0x00, 0x00, 0x00, 0x70, 0x61, 0x64, 0x5f, 0x6c, 0x65, 0x66, 0x74, 0x00, 0x00, 0x00, 0x00, 0x00,
  0x00, 0x00, 0x00, 0x40, 0x01, 0x01, 0x00, 0x00, 0x00, 0x30, 0x04, 0x00, 0x00, 0x00, 0x69, 0x6e,
  0x69, 0x74, 0x01, 0x01, 0x00, 0x00, 0x00, 0x97, 0x00, 0x00, 0x00, 0x07, 0x00, 0x09, 0x00, 0x01,
  0x07, 0x01, 0x24, 0x00, 0x02, 0x01, 0x0f, 0x00, 0x00, 0x04, 0x09, 0x00, 0x01, 0x07, 0x00, 0x0e,
  0x00, 0x00, 0x00, 0x00, 0x03, 0x19, 0x24, 0x00, 0x02, 0x01, 0x07, 0x00, 0x0e, 0x00, 0x00, 0x07,
  0x02, 0x00, 0x00, 0x04, 0x18, 0x17, 0x09, 0x00, 0x05, 0x07, 0x02, 0x23, 0x01, 0x07, 0x00, 0x07,
  0x04, 0x00, 0x00, 0x07, 0x10, 0x0f, 0x00, 0x06, 0x04, 0x07, 0x00, 0x07, 0x04, 0x00, 0x00, 0x09,
  0x10, 0x0f, 0x00, 0x08, 0x04, 0x07, 0x00, 0x07, 0x04, 0x00, 0x00, 0x0b, 0x10, 0x0f, 0x00, 0x0a,
  0x04, 0x07, 0x00, 0x09, 0x00, 0x01, 0x07, 0x03, 0x00, 0x00, 0x0d, 0x19, 0x24, 0x00, 0x02, 0x01,
  0x0f, 0x00, 0x0c, 0x04, 0x07, 0x00, 0x09, 0x00, 0x01, 0x07, 0x03, 0x00, 0x00, 0x0f, 0x1a, 0x00,
  0x00, 0x10, 0x19, 0x24, 0x00, 0x02, 0x01, 0x0f, 0x00, 0x0e, 0x04, 0x07, 0x00, 0x07, 0x03, 0x00,
  0x00, 0x12, 0x1a, 0x0f, 0x00, 0x11, 0x04, 0x07, 0x00, 0x07, 0x02, 0x0f, 0x00, 0x13, 0x04, 0x07,
  0x00, 0x27, 0x0c, 0x00, 0x00, 0x00, 0x35, 0x00, 0x00, 0x00, 0x0f, 0x00, 0x00, 0x00, 0x36, 0x00,
  0x00, 0x00, 0x10, 0x00, 0x00, 0x00, 0x37, 0x00, 0x00, 0x00, 0x0c, 0x00, 0x00, 0x00, 0x38, 0x00,
  0x00, 0x00, 0x07, 0x00, 0x00, 0x00, 0x39, 0x00, 0x00, 0x00, 0x0c, 0x00, 0x00, 0x00, 0x3a, 0x00,
  0x00, 0x00, 0x0c, 0x00, 0x00, 0x00, 0x3b, 0x00, 0x00, 0x00, 0x0c, 0x00, 0x00, 0x00, 0x3c, 0x00,
  0x00, 0x00, 0x13, 0x00, 0x00, 0x00, 0x3d, 0x00, 0x00, 0x00, 0x17, 0x00, 0x00, 0x00, 0x3e, 0x00,
  0x00, 0x00, 0x0c, 0x00, 0x00, 0x00, 0x3f, 0x00, 0x00, 0x00, 0x08, 0x00, 0x00, 0x00, 0x40, 0x00,
  0x00, 0x00, 0x03, 0x00, 0x00, 0x00, 0x14, 0x00, 0x00, 0x00, 0x01, 0x02, 0x00, 0x00, 0x00, 0x74,
  0x73, 0x01, 0x04, 0x00, 0x00, 0x00, 0x6d, 0x61, 0x74, 0x68, 0x01, 0x05, 0x00, 0x00, 0x00, 0x66,
  0x6c, 0x6f, 0x6f, 0x72, 0x00, 0x00, 0x00, 0x00, 0x00, 0x00, 0x18, 0xf5, 0x40, 0x00, 0x00, 0x00,
  0x00, 0x00, 0x00, 0x18, 0xf5, 0x40, 0x01, 0x10, 0x00, 0x00, 0x00, 0x5f, 0x63, 0x69, 0x76, 0x69,
  0x6c, 0x5f, 0x66, 0x72, 0x6f, 0x6d, 0x5f, 0x64, 0x61, 0x79, 0x73, 0x01, 0x04, 0x00, 0x00, 0x00,
  0x79, 0x65, 0x61, 0x72, 0x00, 0x00, 0x00, 0x00, 0x00, 0x00, 0x00, 0x00, 0x00, 0x01, 0x05, 0x00,
  0x00, 0x00, 0x6d, 0x6f, 0x6e, 0x74, 0x68, 0x00, 0x00, 0x00, 0x00, 0x00, 0x00, 0x00, 0xf0, 0x3f,
  0x01, 0x03, 0x00, 0x00, 0x00, 0x64, 0x61, 0x79, 0x00, 0x00, 0x00, 0x00, 0x00, 0x00, 0x00, 0x00,
  0x40, 0x01, 0x04, 0x00, 0x00, 0x00, 0x68, 0x6f, 0x75, 0x72, 0x00, 0x00, 0x00, 0x00, 0x00, 0x00,
  0x20, 0xac, 0x40, 0x01, 0x06, 0x00, 0x00, 0x00, 0x6d, 0x69, 0x6e, 0x75, 0x74, 0x65, 0x00, 0x00,
  0x00, 0x00, 0x00, 0x00, 0x20, 0xac, 0x40, 0x00, 0x00, 0x00, 0x00, 0x00, 0x00, 0x00, 0x4e, 0x40,
  0x01, 0x06, 0x00, 0x00, 0x00, 0x73, 0x65, 0x63, 0x6f, 0x6e, 0x64, 0x00, 0x00, 0x00, 0x00, 0x00,
  0x00, 0x00, 0x4e, 0x40, 0x01, 0x04, 0x00, 0x00, 0x00, 0x64, 0x61, 0x79, 0x73, 0x07, 0x00, 0x00,
  0x00, 0x77, 0x65, 0x65, 0x6b, 0x64, 0x61, 0x79, 0x00, 0x00, 0x00, 0x00, 0x00, 0x10, 0x00, 0x00,
  0x00, 0x07, 0x00, 0x0e, 0x00, 0x00, 0x00, 0x00, 0x01, 0x16, 0x00, 0x00, 0x02, 0x1a, 0x27, 0x01,
  0x27, 0x01, 0x00, 0x00, 0x00, 0x43, 0x00, 0x00, 0x00, 0x10, 0x00, 0x00, 0x00, 0x03, 0x00, 0x00,
  0x00, 0x01, 0x04, 0x00, 0x00, 0x00, 0x64, 0x61, 0x79, 0x73, 0x00, 0x00, 0x00, 0x00, 0x00, 0x00,
  0x00, 0x08, 0x40, 0x00, 0x00, 0x00, 0x00, 0x00, 0x00, 0x00, 0x1c, 0x40, 0x0b, 0x00, 0x00, 0x00,
  0x64, 0x61, 0x79, 0x5f, 0x6f, 0x66, 0x5f, 0x79, 0x65, 0x61, 0x72, 0x00, 0x00, 0x00, 0x00, 0x00,
  0x3f, 0x00, 0x00, 0x00, 0x09, 0x00, 0x00, 0x07, 0x00, 0x0e, 0x00, 0x01, 0x00, 0x00, 0x02, 0x17,
  0x10, 0x07, 0x00, 0x0e, 0x00, 0x03, 0x16, 0x07, 0x00, 0x0e, 0x00, 0x01, 0x00, 0x00, 0x04, 0x14,
  0x21, 0x00, 0x0b, 0x04, 0x09, 0x00, 0x05, 0x07, 0x00, 0x0e, 0x00, 0x06, 0x23, 0x01, 0x21, 0x00,
  0x04, 0x04, 0x00, 0x00, 0x07, 0x21, 0x00, 0x03, 0x20, 0x00, 0x04, 0x04, 0x00, 0x00, 0x08, 0x16,
  0x27, 0x01, 0x27, 0x01, 0x00, 0x00, 0x00, 0x44, 0x00, 0x00, 0x00, 0x3f, 0x00, 0x00, 0x00, 0x09,
  0x00, 0x00, 0x00, 0x01, 0x0b, 0x00, 0x00, 0x00, 0x5f, 0x43, 0x55, 0x4d, 0x55, 0x4c, 0x41, 0x54,
  0x49, 0x56, 0x45, 0x01, 0x05, 0x00, 0x00, 0x00, 0x6d, 0x6f, 0x6e, 0x74, 0x68, 0x00, 0x00, 0x00,
  0x00, 0x00, 0x00, 0x00, 0xf0, 0x3f, 0x01, 0x03, 0x00, 0x00, 0x00, 0x64, 0x61, 0x79, 0x00, 0x00,
  0x00, 0x00, 0x00, 0x00, 0x00, 0x00, 0x40, 0x01, 0x07, 0x00, 0x00, 0x00, 0x69, 0x73, 0x5f, 0x6c,
  0x65, 0x61, 0x70, 0x01, 0x04, 0x00, 0x00, 0x00, 0x79, 0x65, 0x61, 0x72, 0x00, 0x00, 0x00, 0x00,
  0x00, 0x00, 0x00, 0xf0, 0x3f, 0x00, 0x00, 0x00, 0x00, 0x00, 0x00, 0x00, 0x00, 0x00, 0x0b, 0x00,
  0x00, 0x00, 0x61, 0x64, 0x64, 0x5f, 0x73, 0x65, 0x63, 0x6f, 0x6e, 0x64, 0x73, 0x01, 0x01, 0x00,
  0x00, 0x00, 0x10, 0x00, 0x00, 0x00, 0x09, 0x00, 0x00, 0x07, 0x00, 0x0e, 0x00, 0x01, 0x07, 0x01,
  0x16, 0x23, 0x01, 0x27, 0x01, 0x27, 0x01, 0x00, 0x00, 0x00, 0x46, 0x00, 0x00, 0x00, 0x10, 0x00,
  0x00, 0x00, 0x02, 0x00, 0x00, 0x00, 0x01, 0x08, 0x00, 0x00, 0x00, 0x44, 0x61, 0x74, 0x65, 0x54,
  0x69, 0x6d, 0x65, 0x01, 0x02, 0x00, 0x00, 0x00, 0x74, 0x73, 0x0b, 0x00, 0x00, 0x00, 0x61, 0x64,
  0x64, 0x5f, 0x6d, 0x69, 0x6e, 0x75, 0x74, 0x65, 0x73, 0x01, 0x01, 0x00, 0x00, 0x00, 0x14, 0x00,
  0x00, 0x00, 0x09, 0x00, 0x00, 0x07, 0x00, 0x0e, 0x00, 0x01, 0x07, 0x01, 0x00, 0x00, 0x02, 0x18,
  0x16, 0x23, 0x01, 0x27, 0x01, 0x27, 0x01, 0x00, 0x00, 0x00, 0x47, 0x00, 0x00, 0x00, 0x14, 0x00,
  0x00, 0x00, 0x03, 0x00, 0x00, 0x00, 0x01, 0x08, 0x00, 0x00, 0x00, 0x44, 0x61, 0x74, 0x65, 0x54,
  0x69, 0x6d, 0x65, 0x01, 0x02, 0x00, 0x00, 0x00, 0x74, 0x73, 0x00, 0x00, 0x00, 0x00, 0x00, 0x00,
  0x00, 0x4e, 0x40, 0x09, 0x00, 0x00, 0x00, 0x61, 0x64, 0x64, 0x5f, 0x68, 0x6f, 0x75, 0x72, 0x73,
  0x01, 0x01, 0x00, 0x00, 0x00, 0x14, 0x00, 0x00, 0x00, 0x09, 0x00, 0x00, 0x07, 0x00, 0x0e, 0x00,
  0x01, 0x07, 0x01, 0x00, 0x00, 0x02, 0x18, 0x16, 0x23, 0x01, 0x27, 0x01, 0x27, 0x01, 0x00, 0x00,
  0x00, 0x48, 0x00, 0x00, 0x00, 0x14, 0x00, 0x00, 0x00, 0x03, 0x00, 0x00, 0x00, 0x01, 0x08, 0x00,
  0x00, 0x00, 0x44, 0x61, 0x74, 0x65, 0x54, 0x69, 0x6d, 0x65, 0x01, 0x02, 0x00, 0x00, 0x00, 0x74,
  0x73, 0x00, 0x00, 0x00, 0x00, 0x00, 0x00, 0x20, 0xac, 0x40, 0x08, 0x00, 0x00, 0x00, 0x61, 0x64,
  0x64, 0x5f, 0x64, 0x61, 0x79, 0x73, 0x01, 0x01, 0x00, 0x00, 0x00, 0x14, 0x00, 0x00, 0x00, 0x09,
  0x00, 0x00, 0x07, 0x00, 0x0e, 0x00, 0x01, 0x07, 0x01, 0x00, 0x00, 0x02, 0x18, 0x16, 0x23, 0x01,
  0x27, 0x01, 0x27, 0x01, 0x00, 0x00, 0x00, 0x49, 0x00, 0x00, 0x00, 0x14, 0x00, 0x00, 0x00, 0x03,
  0x00, 0x00, 0x00, 0x01, 0x08, 0x00, 0x00, 0x00, 0x44, 0x61, 0x74, 0x65, 0x54, 0x69, 0x6d, 0x65,
  0x01, 0x02, 0x00, 0x00, 0x00, 0x74, 0x73, 0x00, 0x00, 0x00, 0x00, 0x00, 0x00, 0x18, 0xf5, 0x40,
  0x0a, 0x00, 0x00, 0x00, 0x61, 0x64, 0x64, 0x5f, 0x6d, 0x6f, 0x6e, 0x74, 0x68, 0x73, 0x01, 0x01,
  0x00, 0x00, 0x00, 0x81, 0x00, 0x00, 0x00, 0x07, 0x00, 0x0e, 0x00, 0x00, 0x00, 0x00, 0x01, 0x18,
  0x07, 0x00, 0x0e, 0x00, 0x02, 0x00, 0x00, 0x03, 0x17, 0x16, 0x07, 0x01, 0x16, 0x09, 0x00, 0x04,
  0x07, 0x02, 0x00, 0x00, 0x06, 0x19, 0x24, 0x00, 0x05, 0x01, 0x07, 0x02, 0x00, 0x00, 0x07, 0x1a,
  0x00, 0x00, 0x08, 0x16, 0x09, 0x00, 0x09, 0x07, 0x03, 0x07, 0x04, 0x23, 0x02, 0x07, 0x00, 0x0e,
  0x00, 0x0a, 0x07, 0x05, 0x14, 0x21, 0x00, 0x03, 0x04, 0x07, 0x05, 0x21, 0x00, 0x03, 0x20, 0x00,
  0x06, 0x04, 0x07, 0x00, 0x0e, 0x00, 0x0a, 0x09, 0x00, 0x0b, 0x09, 0x00, 0x0c, 0x07, 0x03, 0x07,
  0x04, 0x07, 0x06, 0x23, 0x03, 0x00, 0x00, 0x0d, 0x18, 0x07, 0x00, 0x0e, 0x00, 0x0e, 0x00, 0x00,
  0x0f, 0x18, 0x16, 0x07, 0x00, 0x0e, 0x00, 0x10, 0x00, 0x00, 0x11, 0x18, 0x16, 0x07, 0x00, 0x0e,
  0x00, 0x12, 0x16, 0x23, 0x01, 0x27, 0x01, 0x27, 0x07, 0x00, 0x00, 0x00, 0x4d, 0x00, 0x00, 0x00,
  0x16, 0x00, 0x00, 0x00, 0x4e, 0x00, 0x00, 0x00, 0x0d, 0x00, 0x00, 0x00, 0x4f, 0x00, 0x00, 0x00,
  0x0a, 0x00, 0x00, 0x00, 0x50, 0x00, 0x00, 0x00, 0x09, 0x00, 0x00, 0x00, 0x51, 0x00, 0x00, 0x00,
  0x1a, 0x00, 0x00, 0x00, 0x52, 0x00, 0x00, 0x00, 0x2f, 0x00, 0x00, 0x00, 0x53, 0x00, 0x00, 0x00,
  0x02, 0x00, 0x00, 0x00, 0x13, 0x00, 0x00, 0x00, 0x01, 0x04, 0x00, 0x00, 0x00, 0x79, 0x65, 0x61,
  0x72, 0x00, 0x00, 0x00, 0x00, 0x00, 0x00, 0x00, 0x28, 0x40, 0x01, 0x05, 0x00, 0x00, 0x00, 0x6d,
  0x6f, 0x6e, 0x74, 0x68, 0x00, 0x00, 0x00, 0x00, 0x00, 0x00, 0x00, 0xf0, 0x3f, 0x01, 0x04, 0x00,
  0x00, 0x00, 0x6d, 0x61, 0x74, 0x68, 0x01, 0x05, 0x00, 0x00, 0x00, 0x66, 0x6c, 0x6f, 0x6f, 0x72,
  0x00, 0x00, 0x00, 0x00, 0x00, 0x00, 0x00, 0x28, 0x40, 0x00, 0x00, 0x00, 0x00, 0x00, 0x00, 0x00,
  0x28, 0x40, 0x00, 0x00, 0x00, 0x00, 0x00, 0x00, 0x00, 0xf0, 0x3f, 0x01, 0x0d, 0x00, 0x00, 0x00,
  0x64, 0x61, 0x79, 0x73, 0x5f, 0x69, 0x6e, 0x5f, 0x6d, 0x6f, 0x6e, 0x74, 0x68, 0x01, 0x03, 0x00,
  0x00, 0x00, 0x64, 0x61, 0x79, 0x01, 0x08, 0x00, 0x00, 0x00, 0x44, 0x61, 0x74, 0x65, 0x54, 0x69,
  0x6d, 0x65, 0x01, 0x10, 0x00, 0x00, 0x00, 0x5f, 0x64, 0x61, 0x79, 0x73, 0x5f, 0x66, 0x72, 0x6f,
  0x6d, 0x5f, 0x63, 0x69, 0x76, 0x69, 0x6c, 0x00, 0x00, 0x00, 0x00, 0x00, 0x00, 0x18, 0xf5, 0x40,
  0x01, 0x04, 0x00, 0x00, 0x00, 0x68, 0x6f, 0x75, 0x72, 0x00, 0x00, 0x00, 0x00, 0x00, 0x00, 0x20,
  0xac, 0x40, 0x01, 0x06, 0x00, 0x00, 0x00, 0x6d, 0x69, 0x6e, 0x75, 0x74, 0x65, 0x00, 0x00, 0x00,
  0x00, 0x00, 0x00, 0x00, 0x4e, 0x40, 0x01, 0x06, 0x00, 0x00, 0x00, 0x73, 0x65, 0x63, 0x6f, 0x6e,
  0x64, 0x09, 0x00, 0x00, 0x00, 0x61, 0x64, 0x64, 0x5f, 0x79, 0x65, 0x61, 0x72, 0x73, 0x01, 0x01,
  0x00, 0x00, 0x00, 0x0f, 0x00, 0x00, 0x00, 0x07, 0x00, 0x07, 0x01, 0x00, 0x00, 0x01, 0x18, 0x24,
  0x00, 0x00, 0x01, 0x27, 0x01, 0x27, 0x01, 0x00, 0x00, 0x00, 0x54, 0x00, 0x00, 0x00, 0x0f, 0x00,
  0x00, 0x00, 0x02, 0x00, 0x00, 0x00, 0x01, 0x0a, 0x00, 0x00, 0x00, 0x61, 0x64, 0x64, 0x5f, 0x6d,
  0x6f, 0x6e, 0x74, 0x68, 0x73, 0x00, 0x00, 0x00, 0x00, 0x00, 0x00, 0x00, 0x28, 0x40, 0x04, 0x00,
  0x00, 0x00, 0x64, 0x69, 0x66, 0x66, 0x01, 0x01, 0x00, 0x00, 0x00, 0x0e, 0x00, 0x00, 0x00, 0x07,
  0x00, 0x0e, 0x00, 0x00, 0x07, 0x01, 0x0e, 0x00, 0x00, 0x17, 0x27, 0x01, 0x27, 0x01, 0x00, 0x00,
  0x00, 0x56, 0x00, 0x00, 0x00, 0x0e, 0x00, 0x00, 0x00, 0x01, 0x00, 0x00, 0x00, 0x01, 0x02, 0x00,
  0x00, 0x00, 0x74, 0x73, 0x0a, 0x00, 0x00, 0x00, 0x64, 0x61, 0x79, 0x73, 0x5f, 0x75, 0x6e, 0x74,
  0x69, 0x6c, 0x01, 0x01, 0x00, 0x00, 0x00, 0x19, 0x00, 0x00, 0x00, 0x09, 0x00, 0x00, 0x07, 0x01,
  0x0e, 0x00, 0x02, 0x07, 0x00, 0x0e, 0x00, 0x02, 0x17, 0x00, 0x00, 0x03, 0x19, 0x24, 0x00, 0x01,
  0x01, 0x27, 0x01, 0x27, 0x01, 0x00, 0x00, 0x00, 0x57, 0x00, 0x00, 0x00, 0x19, 0x00, 0x00, 0x00,
  0x04, 0x00, 0x00, 0x00, 0x01, 0x04, 0x00, 0x00, 0x00, 0x6d, 0x61, 0x74, 0x68, 0x01, 0x05, 0x00,
  0x00, 0x00, 0x66, 0x6c, 0x6f, 0x6f, 0x72, 0x01, 0x02, 0x00, 0x00, 0x00, 0x74, 0x73, 0x00, 0x00,
  0x00, 0x00, 0x00, 0x00, 0x18, 0xf5, 0x40, 0x09, 0x00, 0x00, 0x00, 0x69, 0x73, 0x5f, 0x62, 0x65,
  0x66, 0x6f, 0x72, 0x65, 0x01, 0x01, 0x00, 0x00, 0x00, 0x0e, 0x00, 0x00, 0x00, 0x07, 0x00, 0x0e,
  0x00, 0x00, 0x07, 0x01, 0x0e, 0x00, 0x00, 0x15, 0x27, 0x01, 0x27, 0x01, 0x00, 0x00, 0x00, 0x58,
  0x00, 0x00, 0x00, 0x0e, 0x00, 0x00, 0x00, 0x01, 0x00, 0x00, 0x00, 0x01, 0x02, 0x00, 0x00, 0x00,
  0x74, 0x73, 0x08, 0x00, 0x00, 0x00, 0x69, 0x73, 0x5f, 0x61, 0x66, 0x74, 0x65, 0x72, 0x01, 0x01,
  0x00, 0x00, 0x00, 0x0e, 0x00, 0x00, 0x00, 0x07, 0x00, 0x0e, 0x00, 0x00, 0x07, 0x01, 0x0e, 0x00,
  0x00, 0x14, 0x27, 0x01, 0x27, 0x01, 0x00, 0x00, 0x00, 0x59, 0x00, 0x00, 0x00, 0x0e, 0x00, 0x00,
  0x00, 0x01, 0x00, 0x00, 0x00, 0x01, 0x02, 0x00, 0x00, 0x00, 0x74, 0x73, 0x0c, 0x00, 0x00, 0x00,
  0x73, 0x74, 0x61, 0x72, 0x74, 0x5f, 0x6f, 0x66, 0x5f, 0x64, 0x61, 0x79, 0x00, 0x00, 0x00, 0x00,
  0x00, 0x11, 0x00, 0x00, 0x00, 0x09, 0x00, 0x00, 0x07, 0x00, 0x0e, 0x00, 0x01, 0x00, 0x00, 0x02,
  0x18, 0x23, 0x01, 0x27, 0x01, 0x27, 0x01, 0x00, 0x00, 0x00, 0x5a, 0x00, 0x00, 0x00, 0x11, 0x00,
  0x00, 0x00, 0x03, 0x00, 0x00, 0x00, 0x01, 0x08, 0x00, 0x00, 0x00, 0x44, 0x61, 0x74, 0x65, 0x54,
  0x69, 0x6d, 0x65, 0x01, 0x04, 0x00, 0x00, 0x00, 0x64, 0x61, 0x79, 0x73, 0x00, 0x00, 0x00, 0x00,
  0x00, 0x00, 0x18, 0xf5, 0x40, 0x06, 0x00, 0x00, 0x00, 0x66, 0x6f, 0x72, 0x6d, 0x61, 0x74, 0x01,
  0x00, 0x00, 0x00, 0x00, 0xe7, 0x02, 0x00, 0x00, 0x07, 0x01, 0x38, 0x00, 0x06, 0x04, 0x00, 0x00,
  0x00, 0x08, 0x01, 0x04, 0x00, 0x00, 0x01, 0x07, 0x01, 0x24, 0x00, 0x02, 0x00, 0x00, 0x00, 0x03,
  0x07, 0x04, 0x09, 0x00, 0x04, 0x07, 0x03, 0x23, 0x01, 0x15, 0x21, 0x02, 0xbc, 0x04, 0x07, 0x03,
  0x07, 0x04, 0x10, 0x07, 0x05, 0x00, 0x00, 0x05, 0x13, 0x1d, 0x21, 0x00, 0x03, 0x20, 0x00, 0x10,
  0x04, 0x07, 0x04, 0x00, 0x00, 0x06, 0x16, 0x09, 0x00, 0x04, 0x07, 0x03, 0x23, 0x01, 0x15, 0x1d,
  0x21, 0x00, 0x19, 0x04, 0x07, 0x02, 0x07, 0x05, 0x16, 0x08, 0x02, 0x04, 0x07, 0x04, 0x00, 0x00,
  0x07, 0x16, 0x08, 0x04, 0x04, 0x04, 0x22, 0x00, 0x49, 0x20, 0x00, 0x01, 0x04, 0x07, 0x03, 0x07,
  0x04, 0x00, 0x00, 0x08, 0x16, 0x10, 0x07, 0x04, 0x00, 0x00, 0x09, 0x16, 0x08, 0x04, 0x04, 0x07,
  0x06, 0x00, 0x00, 0x0a, 0x13, 0x21, 0x00, 0x14, 0x04, 0x07, 0x02, 0x09, 0x00, 0x0b, 0x07, 0x00,
  0x0e, 0x00, 0x0c, 0x23, 0x01, 0x16, 0x08, 0x02, 0x04, 0x20, 0x02, 0x48, 0x04, 0x07, 0x06, 0x00,
  0x00, 0x0d, 0x13, 0x21, 0x00, 0x18, 0x04, 0x07, 0x02, 0x09, 0x00, 0x0e, 0x07, 0x00, 0x0e, 0x00,
  0x0c, 0x00, 0x00, 0x0f, 0x1a, 0x23, 0x01, 0x16, 0x08, 0x02, 0x04, 0x20, 0x02, 0x26, 0x04, 0x07,
  0x06, 0x00, 0x00, 0x10, 0x13, 0x21, 0x00, 0x14, 0x04, 0x07, 0x02, 0x09, 0x00, 0x0e, 0x07, 0x00,
  0x0e, 0x00, 0x11, 0x23, 0x01, 0x16, 0x08, 0x02, 0x04, 0x20, 0x02, 0x08, 0x04, 0x07, 0x06, 0x00,
  0x00, 0x12, 0x13, 0x21, 0x00, 0x14, 0x04, 0x07, 0x02, 0x09, 0x00, 0x0e, 0x07, 0x00, 0x0e, 0x00,
  0x13, 0x23, 0x01, 0x16, 0x08, 0x02, 0x04, 0x20, 0x01, 0xea, 0x04, 0x07, 0x06, 0x00, 0x00, 0x14,
  0x13, 0x21, 0x00, 0x14, 0x04, 0x07, 0x02, 0x09, 0x00, 0x0b, 0x07, 0x00, 0x0e, 0x00, 0x13, 0x23,
  0x01, 0x16, 0x08, 0x02, 0x04, 0x20, 0x01, 0xcc, 0x04, 0x07, 0x06, 0x00, 0x00, 0x15, 0x13, 0x21,
  0x00, 0x14, 0x04, 0x07, 0x02, 0x09, 0x00, 0x0e, 0x07, 0x00, 0x0e, 0x00, 0x16, 0x23, 0x01, 0x16,
  0x08, 0x02, 0x04, 0x20, 0x01, 0xae, 0x04, 0x07, 0x06, 0x00, 0x00, 0x17, 0x13, 0x21, 0x00, 0x20,
  0x04, 0x07, 0x02, 0x09, 0x00, 0x0e, 0x07, 0x00, 0x0e, 0x00, 0x16, 0x00, 0x00, 0x18, 0x16, 0x00,
  0x00, 0x19, 0x1a, 0x00, 0x00, 0x1a, 0x16, 0x23, 0x01, 0x16, 0x08, 0x02, 0x04, 0x20, 0x01, 0x84,
  0x04, 0x07, 0x06, 0x00, 0x00, 0x1b, 0x13, 0x21, 0x00, 0x14, 0x04, 0x07, 0x02, 0x09, 0x00, 0x0e,
  0x07, 0x00, 0x0e, 0x00, 0x1c, 0x23, 0x01, 0x16, 0x08, 0x02, 0x04, 0x20, 0x01, 0x66, 0x04, 0x07,
  0x06, 0x00, 0x00, 0x1d, 0x13, 0x21, 0x00, 0x14, 0x04, 0x07, 0x02, 0x09, 0x00, 0x0e, 0x07, 0x00,
  0x0e, 0x00, 0x1e, 0x23, 0x01, 0x16, 0x08, 0x02, 0x04, 0x20, 0x01, 0x48, 0x04, 0x07, 0x06, 0x00,
  0x00, 0x1f, 0x13, 0x21, 0x00, 0x24, 0x04, 0x07, 0x02, 0x07, 0x00, 0x0e, 0x00, 0x16, 0x00, 0x00,
  0x20, 0x15, 0x21, 0x00, 0x04, 0x04, 0x00, 0x00, 0x21, 0x21, 0x00, 0x03, 0x20, 0x00, 0x04, 0x04,
  0x00, 0x00, 0x22, 0x16, 0x08, 0x02, 0x04, 0x20, 0x01, 0x1a, 0x04, 0x07, 0x06, 0x00, 0x00, 0x23,
  0x13, 0x21, 0x00, 0x17, 0x04, 0x07, 0x02, 0x09, 0x00, 0x24, 0x07, 0x00, 0x0e, 0x00, 0x11, 0x00,
  0x00, 0x25, 0x17, 0x10, 0x16, 0x08, 0x02, 0x04, 0x20, 0x00, 0xf9, 0x04, 0x07, 0x06, 0x00, 0x00,
  0x26, 0x13, 0x21, 0x00, 0x1e, 0x04, 0x07, 0x02, 0x09, 0x00, 0x24, 0x07, 0x00, 0x0e, 0x00, 0x11,
  0x00, 0x00, 0x27, 0x17, 0x10, 0x00, 0x00, 0x28, 0x00, 0x00, 0x29, 0x12, 0x16, 0x08, 0x02, 0x04,
  0x20, 0x00, 0xd1, 0x04, 0x07, 0x06, 0x00, 0x00, 0x2a, 0x13, 0x21, 0x00, 0x14, 0x04, 0x07, 0x02,
  0x09, 0x00, 0x2b, 0x07, 0x00, 0x24, 0x00, 0x2c, 0x00, 0x10, 0x16, 0x08, 0x02, 0x04, 0x20, 0x00,
  0xb3, 0x04, 0x07, 0x06, 0x00, 0x00, 0x2d, 0x13, 0x21, 0x00, 0x1b, 0x04, 0x07, 0x02, 0x09, 0x00,
  0x2b, 0x07, 0x00, 0x24, 0x00, 0x2c, 0x00, 0x10, 0x00, 0x00, 0x2e, 0x00, 0x00, 0x2f, 0x12, 0x16,
  0x08, 0x02, 0x04, 0x20, 0x00, 0x8e, 0x04, 0x07, 0x06, 0x00, 0x00, 0x30, 0x13, 0x21, 0x00, 0x1f,
  0x04, 0x07, 0x02, 0x09, 0x00, 0x0b, 0x07, 0x00, 0x24, 0x00, 0x31, 0x00, 0x23, 0x01, 0x00, 0x00,
  0x33, 0x00, 0x00, 0x34, 0x24, 0x00, 0x32, 0x02, 0x16, 0x08, 0x02, 0x04, 0x20, 0x00, 0x65, 0x04,
  0x07, 0x06, 0x00, 0x00, 0x35, 0x13, 0x21, 0x00, 0x19, 0x04, 0x07, 0x02, 0x09, 0x00, 0x0b, 0x07,
  0x00, 0x24, 0x00, 0x2c, 0x00, 0x00, 0x00, 0x36, 0x16, 0x23, 0x01, 0x16, 0x08, 0x02, 0x04, 0x20,
  0x00, 0x42, 0x04, 0x07, 0x06, 0x00, 0x00, 0x37, 0x13, 0x21, 0x00, 0x14, 0x04, 0x07, 0x02, 0x09,
  0x00, 0x0b, 0x07, 0x00, 0x0e, 0x00, 0x38, 0x23, 0x01, 0x16, 0x08, 0x02, 0x04, 0x20, 0x00, 0x24,
  0x04, 0x07, 0x06, 0x00, 0x00, 0x39, 0x13, 0x21, 0x00, 0x0d, 0x04, 0x07, 0x02, 0x00, 0x00, 0x3a,
  0x16, 0x08, 0x02, 0x04, 0x20, 0x00, 0x0d, 0x04, 0x07, 0x02, 0x00, 0x00, 0x3b, 0x07, 0x06, 0x16,
  0x16, 0x08, 0x02, 0x04, 0x04, 0x04, 0x22, 0x02, 0xc9, 0x04, 0x07, 0x02, 0x27, 0x01, 0x27, 0x1f,
  0x00, 0x00, 0x00, 0x5c, 0x00, 0x00, 0x00, 0x0c, 0x00, 0x00, 0x00, 0x5d, 0x00, 0x00, 0x00, 0x03,
  0x00, 0x00, 0x00, 0x5e, 0x00, 0x00, 0x00, 0x06, 0x00, 0x00, 0x00, 0x5f, 0x00, 0x00, 0x00, 0x03,
  0x00, 0x00, 0x00, 0x60, 0x00, 0x00, 0x00, 0x0e, 0x00, 0x00, 0x00, 0x61, 0x00, 0x00, 0x00, 0x05,
  0x00, 0x00, 0x00, 0x62, 0x00, 0x00, 0x00, 0x3a, 0x00, 0x00, 0x00, 0x63, 0x00, 0x00, 0x00, 0x09,
  0x00, 0x00, 0x00, 0x64, 0x00, 0x00, 0x00, 0x09, 0x00, 0x00, 0x00, 0x65, 0x00, 0x00, 0x00, 0x1e,
  0x00, 0x00, 0x00, 0x66, 0x00, 0x00, 0x00, 0x22, 0x00, 0x00, 0x00, 0x67, 0x00, 0x00, 0x00, 0x1e,
  0x00, 0x00, 0x00, 0x68, 0x00, 0x00, 0x00, 0x1e, 0x00, 0x00, 0x00, 0x69, 0x00, 0x00, 0x00, 0x1e,
  0x00, 0x00, 0x00, 0x6a, 0x00, 0x00, 0x00, 0x1e, 0x00, 0x00, 0x00, 0x6b, 0x00, 0x00, 0x00, 0x2a,
  0x00, 0x00, 0x00, 0x6c, 0x00, 0x00, 0x00, 0x1e, 0x00, 0x00, 0x00, 0x6d, 0x00, 0x00, 0x00, 0x1e,
  0x00, 0x00, 0x00, 0x6e, 0x00, 0x00, 0x00, 0x2e, 0x00, 0x00, 0x00, 0x6f, 0x00, 0x00, 0x00, 0x21,
  0x00, 0x00, 0x00, 0x70, 0x00, 0x00, 0x00, 0x28, 0x00, 0x00, 0x00, 0x71, 0x00, 0x00, 0x00, 0x1e,
  0x00, 0x00, 0x00, 0x72, 0x00, 0x00, 0x00, 0x25, 0x00, 0x00, 0x00, 0x73, 0x00, 0x00, 0x00, 0x29,
  0x00, 0x00, 0x00, 0x74, 0x00, 0x00, 0x00, 0x23, 0x00, 0x00, 0x00, 0x75, 0x00, 0x00, 0x00, 0x1e,
  0x00, 0x00, 0x00, 0x76, 0x00, 0x00, 0x00, 0x17, 0x00, 0x00, 0x00, 0x77, 0x00, 0x00, 0x00, 0x0c,
  0x00, 0x00, 0x00, 0x78, 0x00, 0x00, 0x00, 0x06, 0x00, 0x00, 0x00, 0x79, 0x00, 0x00, 0x00, 0x03,
  0x00, 0x00, 0x00, 0x7a, 0x00, 0x00, 0x00, 0x02, 0x00, 0x00, 0x00, 0x3c, 0x00, 0x00, 0x00, 0x01,
  0x11, 0x00, 0x00, 0x00, 0x25, 0x59, 0x2d, 0x25, 0x6d, 0x2d, 0x25, 0x64, 0x20, 0x25, 0x48, 0x3a,
  0x25, 0x4d, 0x3a, 0x25, 0x53, 0x01, 0x00, 0x00, 0x00, 0x00, 0x01, 0x05, 0x00, 0x00, 0x00, 0x63,
  0x68, 0x61, 0x72, 0x73, 0x00, 0x00, 0x00, 0x00, 0x00, 0x00, 0x00, 0x00, 0x00, 0x01, 0x03, 0x00,
  0x00, 0x00, 0x6c, 0x65, 0x6e, 0x01, 0x01, 0x00, 0x00, 0x00, 0x25, 0x00, 0x00, 0x00, 0x00, 0x00,
  0x00, 0x00, 0xf0, 0x3f, 0x00, 0x00, 0x00, 0x00, 0x00, 0x00, 0x00, 0xf0, 0x3f, 0x00, 0x00, 0x00,
  0x00, 0x00, 0x00, 0x00, 0xf0, 0x3f, 0x00, 0x00, 0x00, 0x00, 0x00, 0x00, 0x00, 0x00, 0x40, 0x01,
  0x01, 0x00, 0x00, 0x00, 0x59, 0x01, 0x03, 0x00, 0x00, 0x00, 0x73, 0x74, 0x72, 0x01, 0x04, 0x00,
  0x00, 0x00, 0x79, 0x65, 0x61, 0x72, 0x01, 0x01, 0x00, 0x00, 0x00, 0x79, 0x01, 0x04, 0x00, 0x00,
  0x00, 0x5f, 0x74, 0x77, 0x6f, 0x00, 0x00, 0x00, 0x00, 0x00, 0x00, 0x00, 0x59, 0x40, 0x01, 0x01,
  0x00, 0x00, 0x00, 0x6d, 0x01, 0x05, 0x00, 0x00, 0x00, 0x6d, 0x6f, 0x6e, 0x74, 0x68, 0x01, 0x01,
  0x00, 0x00, 0x00, 0x64, 0x01, 0x03, 0x00, 0x00, 0x00, 0x64, 0x61, 0x79, 0x01, 0x01, 0x00, 0x00,
  0x00, 0x65, 0x01, 0x01, 0x00, 0x00, 0x00, 0x48, 0x01, 0x04, 0x00, 0x00, 0x00, 0x68, 0x6f, 0x75,
  0x72, 0x01, 0x01, 0x00, 0x00, 0x00, 0x49, 0x00, 0x00, 0x00, 0x00, 0x00, 0x00, 0x00, 0x26, 0x40,
  0x00, 0x00, 0x00, 0x00, 0x00, 0x00, 0x00, 0x28, 0x40, 0x00, 0x00, 0x00, 0x00, 0x00, 0x00, 0x00,
  0xf0, 0x3f, 0x01, 0x01, 0x00, 0x00, 0x00, 0x4d, 0x01, 0x06, 0x00, 0x00, 0x00, 0x6d, 0x69, 0x6e,
  0x75, 0x74, 0x65, 0x01, 0x01, 0x00, 0x00, 0x00, 0x53, 0x01, 0x06, 0x00, 0x00, 0x00, 0x73, 0x65,
  0x63, 0x6f, 0x6e, 0x64, 0x01, 0x01, 0x00, 0x00, 0x00, 0x70, 0x00, 0x00, 0x00, 0x00, 0x00, 0x00,
  0x00, 0x28, 0x40, 0x01, 0x02, 0x00, 0x00, 0x00, 0x41, 0x4d, 0x01, 0x02, 0x00, 0x00, 0x00, 0x50,
  0x4d, 0x01, 0x01, 0x00, 0x00, 0x00, 0x42, 0x01, 0x06, 0x00, 0x00, 0x00, 0x4d, 0x4f, 0x4e, 0x54,
  0x48, 0x53, 0x00, 0x00, 0x00, 0x00, 0x00, 0x00, 0x00, 0xf0, 0x3f, 0x01, 0x01, 0x00, 0x00, 0x00,
  0x62, 0x00, 0x00, 0x00, 0x00, 0x00, 0x00, 0x00, 0xf0, 0x3f, 0x00, 0x00, 0x00, 0x00, 0x00, 0x00,
  0x00, 0x00, 0x00, 0x00, 0x00, 0x00, 0x00, 0x00, 0x00, 0x00, 0x08, 0x40, 0x01, 0x01, 0x00, 0x00,
  0x00, 0x41, 0x01, 0x04, 0x00, 0x00, 0x00, 0x44, 0x41, 0x59, 0x53, 0x01, 0x07, 0x00, 0x00, 0x00,
  0x77, 0x65, 0x65, 0x6b, 0x64, 0x61, 0x79, 0x01, 0x01, 0x00, 0x00, 0x00, 0x61, 0x00, 0x00, 0x00,
  0x00, 0x00, 0x00, 0x00, 0x00, 0x00, 0x00, 0x00, 0x00, 0x00, 0x00, 0x00, 0x00, 0x08, 0x40, 0x01,
  0x01, 0x00, 0x00, 0x00, 0x6a, 0x01, 0x0b, 0x00, 0x00, 0x00, 0x64, 0x61, 0x79, 0x5f, 0x6f, 0x66,
  0x5f, 0x79, 0x65, 0x61, 0x72, 0x01, 0x08, 0x00, 0x00, 0x00, 0x70, 0x61, 0x64, 0x5f, 0x6c, 0x65,
  0x66, 0x74, 0x00, 0x00, 0x00, 0x00, 0x00, 0x00, 0x00, 0x08, 0x40, 0x01, 0x01, 0x00, 0x00, 0x00,
  0x30, 0x01, 0x01, 0x00, 0x00, 0x00, 0x75, 0x00, 0x00, 0x00, 0x00, 0x00, 0x00, 0x00, 0xf0, 0x3f,
  0x01, 0x01, 0x00, 0x00, 0x00, 0x73, 0x01, 0x02, 0x00, 0x00, 0x00, 0x74, 0x73, 0x01, 0x01, 0x00,
  0x00, 0x00, 0x25, 0x01, 0x01, 0x00, 0x00, 0x00, 0x25, 0x01, 0x01, 0x00, 0x00, 0x00, 0x25, 0x06,
  0x00, 0x00, 0x00, 0x74, 0x6f, 0x5f, 0x73, 0x74, 0x72, 0x00, 0x00, 0x00, 0x00, 0x00, 0x09, 0x00,
  0x00, 0x00, 0x07, 0x00, 0x24, 0x00, 0x00, 0x00, 0x27, 0x01, 0x27, 0x01, 0x00, 0x00, 0x00, 0x7c,
  0x00, 0x00, 0x00, 0x09, 0x00, 0x00, 0x00, 0x01, 0x00, 0x00, 0x00, 0x01, 0x06, 0x00, 0x00, 0x00,
  0x66, 0x6f, 0x72, 0x6d, 0x61, 0x74, 0x04, 0x00, 0x00, 0x00, 0x6d, 0x61, 0x6b, 0x65, 0x06, 0x01,
  0x00, 0x00, 0x00, 0x23, 0x01, 0x00, 0x00, 0x07, 0x02, 0x38, 0x00, 0x06, 0x04, 0x00, 0x00, 0x00,
  0x08, 0x02, 0x04, 0x07, 0x03, 0x38, 0x00, 0x06, 0x04, 0x00, 0x00, 0x01, 0x08, 0x03, 0x04, 0x07,
  0x04, 0x38, 0x00, 0x06, 0x04, 0x00, 0x00, 0x02, 0x08, 0x04, 0x04, 0x07, 0x05, 0x38, 0x00, 0x06,
  0x04, 0x00, 0x00, 0x03, 0x08, 0x05, 0x04, 0x07, 0x06, 0x38, 0x00, 0x06, 0x04, 0x00, 0x00, 0x04,
  0x08, 0x06, 0x04, 0x07, 0x02, 0x00, 0x00, 0x05, 0x15, 0x21, 0x00, 0x03, 0x20, 0x00, 0x07, 0x04,
  0x07, 0x02, 0x00, 0x00, 0x06, 0x14, 0x21, 0x00, 0x10, 0x04, 0x00, 0x00, 0x07, 0x09, 0x00, 0x08,
  0x07, 0x02, 0x23, 0x01, 0x16, 0x2d, 0x20, 0x00, 0x01, 0x04, 0x07, 0x03, 0x00, 0x00, 0x09, 0x15,
  0x21, 0x00, 0x03, 0x20, 0x00, 0x0d, 0x04, 0x07, 0x03, 0x09, 0x00, 0x0a, 0x07, 0x01, 0x07, 0x02,
  0x23, 0x02, 0x14, 0x21, 0x00, 0x28, 0x04, 0x00, 0x00, 0x0b, 0x09, 0x00, 0x08, 0x07, 0x01, 0x23,
  0x01, 0x16, 0x00, 0x00, 0x0c, 0x16, 0x09, 0x00, 0x08, 0x07, 0x02, 0x23, 0x01, 0x16, 0x00, 0x00,
  0x0d, 0x16, 0x09, 0x00, 0x08, 0x07, 0x03, 0x23, 0x01, 0x16, 0x2d, 0x20, 0x00, 0x01, 0x04, 0x07,
  0x04, 0x00, 0x00, 0x0e, 0x15, 0x21, 0x00, 0x03, 0x20, 0x00, 0x07, 0x04, 0x07, 0x04, 0x00, 0x00,
  0x0f, 0x14, 0x21, 0x00, 0x03, 0x20, 0x00, 0x07, 0x04, 0x07, 0x05, 0x00, 0x00, 0x10, 0x15, 0x21,
  0x00, 0x03, 0x20, 0x00, 0x07, 0x04, 0x07, 0x05, 0x00, 0x00, 0x11, 0x14, 0x21, 0x00, 0x03, 0x20,
  0x00, 0x07, 0x04, 0x07, 0x06, 0x00, 0x00, 0x12, 0x15, 0x21, 0x00, 0x03, 0x20, 0x00, 0x07, 0x04,
  0x07, 0x06, 0x00, 0x00, 0x13, 0x14, 0x21, 0x00, 0x08, 0x04, 0x00, 0x00, 0x14, 0x2d, 0x20, 0x00,
  0x01, 0x04, 0x09, 0x00, 0x15, 0x09, 0x00, 0x16, 0x07, 0x01, 0x07, 0x02, 0x07, 0x03, 0x23, 0x03,
  0x00, 0x00, 0x17, 0x18, 0x07, 0x04, 0x00, 0x00, 0x18, 0x18, 0x16, 0x07, 0x05, 0x00, 0x00, 0x19,
  0x18, 0x16, 0x07, 0x06, 0x16, 0x23, 0x01, 0x27, 0x01, 0x27, 0x06, 0x00, 0x00, 0x00, 0x7f, 0x00,
  0x00, 0x00, 0x3c, 0x00, 0x00, 0x00, 0x80, 0x00, 0x00, 0x00, 0x27, 0x00, 0x00, 0x00, 0x81, 0x00,
  0x00, 0x00, 0x45, 0x00, 0x00, 0x00, 0x82, 0x00, 0x00, 0x00, 0x53, 0x00, 0x00, 0x00, 0x83, 0x00,
  0x00, 0x00, 0x26, 0x00, 0x00, 0x00, 0x84, 0x00, 0x00, 0x00, 0x02, 0x00, 0x00, 0x00, 0x1a, 0x00,
  0x00, 0x00, 0x00, 0x00, 0x00, 0x00, 0x00, 0x00, 0x00, 0xf0, 0x3f, 0x00, 0x00, 0x00, 0x00, 0x00,
  0x00, 0x00, 0xf0, 0x3f, 0x00, 0x00, 0x00, 0x00, 0x00, 0x00, 0x00, 0x00, 0x00, 0x00, 0x00, 0x00,
  0x00, 0x00, 0x00, 0x00, 0x00, 0x00, 0x00, 0x00, 0x00, 0x00, 0x00, 0x00, 0x00, 0x00, 0x00, 0x00,
  0x00, 0x00, 0x00, 0x00, 0x00, 0x00, 0xf0, 0x3f, 0x00, 0x00, 0x00, 0x00, 0x00, 0x00, 0x00, 0x28,
  0x40, 0x01, 0x1b, 0x00, 0x00, 0x00, 0x6d, 0x6f, 0x6e, 0x74, 0x68, 0x20, 0x6d, 0x75, 0x73, 0x74,
  0x20, 0x62, 0x65, 0x20, 0x31, 0x20, 0x74, 0x6f, 0x20, 0x31, 0x32, 0x2c, 0x20, 0x67, 0x6f, 0x74,
  0x20, 0x01, 0x03, 0x00, 0x00, 0x00, 0x73, 0x74, 0x72, 0x00, 0x00, 0x00, 0x00, 0x00, 0x00, 0x00,
  0xf0, 0x3f, 0x01, 0x0d, 0x00, 0x00, 0x00, 0x64, 0x61, 0x79, 0x73, 0x5f, 0x69, 0x6e, 0x5f, 0x6d,
  0x6f, 0x6e, 0x74, 0x68, 0x01, 0x15, 0x00, 0x00, 0x00, 0x64, 0x61, 0x79, 0x20, 0x6f, 0x75, 0x74,
  0x20, 0x6f, 0x66, 0x20, 0x72, 0x61, 0x6e, 0x67, 0x65, 0x20, 0x66, 0x6f, 0x72, 0x20, 0x01, 0x01,
  0x00, 0x00, 0x00, 0x2d, 0x01, 0x02, 0x00, 0x00, 0x00, 0x3a, 0x20, 0x00, 0x00, 0x00, 0x00, 0x00,
  0x00, 0x00, 0x00, 0x00, 0x00, 0x00, 0x00, 0x00, 0x00, 0x00, 0x00, 0x37, 0x40, 0x00, 0x00, 0x00,
  0x00, 0x00, 0x00, 0x00, 0x00, 0x00, 0x00, 0x00, 0x00, 0x00, 0x00, 0x00, 0x80, 0x4d, 0x40, 0x00,
  0x00, 0x00, 0x00, 0x00, 0x00, 0x00, 0x00, 0x00, 0x00, 0x00, 0x00, 0x00, 0x00, 0x00, 0x80, 0x4d,
  0x40, 0x01, 0x11, 0x00, 0x00, 0x00, 0x74, 0x69, 0x6d, 0x65, 0x20, 0x6f, 0x75, 0x74, 0x20, 0x6f,
  0x66, 0x20, 0x72, 0x61, 0x6e, 0x67, 0x65, 0x01, 0x08, 0x00, 0x00, 0x00, 0x44, 0x61, 0x74, 0x65,
  0x54, 0x69, 0x6d, 0x65, 0x01, 0x10, 0x00, 0x00, 0x00, 0x5f, 0x64, 0x61, 0x79, 0x73, 0x5f, 0x66,
  0x72, 0x6f, 0x6d, 0x5f, 0x63, 0x69, 0x76, 0x69, 0x6c, 0x00, 0x00, 0x00, 0x00, 0x00, 0x00, 0x18,
  0xf5, 0x40, 0x00, 0x00, 0x00, 0x00, 0x00, 0x00, 0x20, 0xac, 0x40, 0x00, 0x00, 0x00, 0x00, 0x00,
  0x00, 0x00, 0x4e, 0x40, 0x0e, 0x00, 0x00, 0x00, 0x66, 0x72, 0x6f, 0x6d, 0x5f, 0x74, 0x69, 0x6d,
  0x65, 0x73, 0x74, 0x61, 0x6d, 0x70, 0x01, 0x01, 0x00, 0x00, 0x00, 0x0a, 0x00, 0x00, 0x00, 0x09,
  0x00, 0x00, 0x07, 0x01, 0x23, 0x01, 0x27, 0x01, 0x27, 0x01, 0x00, 0x00, 0x00, 0x86, 0x00, 0x00,
  0x00, 0x0a, 0x00, 0x00, 0x00, 0x01, 0x00, 0x00, 0x00, 0x01, 0x08, 0x00, 0x00, 0x00, 0x44, 0x61,
  0x74, 0x65, 0x54, 0x69, 0x6d, 0x65, 0x03, 0x00, 0x00, 0x00, 0x6e, 0x6f, 0x77, 0x00, 0x00, 0x00,
  0x00, 0x00, 0x0f, 0x00, 0x00, 0x00, 0x09, 0x00, 0x00, 0x09, 0x00, 0x01, 0x24, 0x00, 0x02, 0x00,
  0x23, 0x01, 0x27, 0x01, 0x27, 0x01, 0x00, 0x00, 0x00, 0x87, 0x00, 0x00, 0x00, 0x0f, 0x00, 0x00,
  0x00, 0x03, 0x00, 0x00, 0x00, 0x01, 0x08, 0x00, 0x00, 0x00, 0x44, 0x61, 0x74, 0x65, 0x54, 0x69,
  0x6d, 0x65, 0x01, 0x04, 0x00, 0x00, 0x00, 0x74, 0x69, 0x6d, 0x65, 0x01, 0x03, 0x00, 0x00, 0x00,
  0x6e, 0x6f, 0x77, 0x05, 0x00, 0x00, 0x00, 0x74, 0x6f, 0x64, 0x61, 0x79, 0x00, 0x00, 0x00, 0x00,
  0x00, 0x0c, 0x00, 0x00, 0x00, 0x09, 0x00, 0x00, 0x23, 0x00, 0x24, 0x00, 0x01, 0x00, 0x27, 0x01,
  0x27, 0x01, 0x00, 0x00, 0x00, 0x88, 0x00, 0x00, 0x00, 0x0c, 0x00, 0x00, 0x00, 0x02, 0x00, 0x00,
  0x00, 0x01, 0x03, 0x00, 0x00, 0x00, 0x6e, 0x6f, 0x77, 0x01, 0x0c, 0x00, 0x00, 0x00, 0x73, 0x74,
  0x61, 0x72, 0x74, 0x5f, 0x6f, 0x66, 0x5f, 0x64, 0x61, 0x79, 0x05, 0x00, 0x00, 0x00, 0x70, 0x61,
  0x72, 0x73, 0x65, 0x01, 0x01, 0x00, 0x00, 0x00, 0x73, 0x01, 0x00, 0x00, 0x07, 0x01, 0x24, 0x00,
  0x00, 0x00, 0x00, 0x00, 0x02, 0x00, 0x00, 0x03, 0x24, 0x00, 0x01, 0x02, 0x07, 0x02, 0x00, 0x00,
  0x05, 0x24, 0x00, 0x04, 0x01, 0x21, 0x00, 0x18, 0x04, 0x07, 0x02, 0x00, 0x00, 0x06, 0x09, 0x00,
  0x07, 0x07, 0x02, 0x23, 0x01, 0x00, 0x00, 0x08, 0x17, 0x12, 0x08, 0x02, 0x04, 0x20, 0x00, 0x01,
  0x04, 0x07, 0x02, 0x00, 0x00, 0x0a, 0x24, 0x00, 0x09, 0x01, 0x07, 0x03, 0x00, 0x00, 0x0b, 0x10,
  0x00, 0x00, 0x0c, 0x24, 0x00, 0x09, 0x01, 0x09, 0x00, 0x07, 0x07, 0x03, 0x23, 0x01, 0x00, 0x00,
  0x0d, 0x14, 0x21, 0x00, 0x03, 0x20, 0x00, 0x0d, 0x04, 0x09, 0x00, 0x07, 0x07, 0x04, 0x23, 0x01,
  0x00, 0x00, 0x0e, 0x13, 0x1d, 0x21, 0x00, 0x14, 0x04, 0x00, 0x00, 0x0f, 0x09, 0x00, 0x10, 0x07,
  0x01, 0x23, 0x01, 0x16, 0x00, 0x00, 0x11, 0x16, 0x2d, 0x20, 0x00, 0x01, 0x04, 0x09, 0x00, 0x07,
  0x07, 0x03, 0x23, 0x01, 0x00, 0x00, 0x12, 0x13, 0x21, 0x00, 0x0e, 0x04, 0x07, 0x03, 0x00, 0x00,
  0x13, 0x10, 0x00, 0x00, 0x14, 0x24, 0x00, 0x09, 0x01, 0x21, 0x00, 0x03, 0x20, 0x00, 0x0d, 0x04,
  0x00, 0x00, 0x15, 0x00, 0x00, 0x16, 0x00, 0x00, 0x17, 0x28, 0x00, 0x03, 0x09, 0x00, 0x07, 0x07,
  0x05, 0x23, 0x01, 0x00, 0x00, 0x18, 0x15, 0x21, 0x00, 0x03, 0x20, 0x00, 0x0c, 0x04, 0x09, 0x00,
  0x07, 0x07, 0x05, 0x23, 0x01, 0x00, 0x00, 0x19, 0x14, 0x21, 0x00, 0x10, 0x04, 0x00, 0x00, 0x1a,
  0x09, 0x00, 0x10, 0x07, 0x01, 0x23, 0x01, 0x16, 0x2d, 0x20, 0x00, 0x01, 0x04, 0x07, 0x04, 0x07,
  0x05, 0x16, 0x00, 0x00, 0x1b, 0x2a, 0x06, 0x00, 0x1f, 0x07, 0x08, 0x24, 0x00, 0x1c, 0x00, 0x1d,
  0x21, 0x00, 0x10, 0x04, 0x00, 0x00, 0x1d, 0x09, 0x00, 0x10, 0x07, 0x01, 0x23, 0x01, 0x16, 0x2d,
  0x20, 0x00, 0x01, 0x04, 0x04, 0x22, 0x00, 0x23, 0x04, 0x04, 0x09, 0x00, 0x07, 0x07, 0x05, 0x23,
  0x01, 0x00, 0x00, 0x1e, 0x13, 0x21, 0x00, 0x0c, 0x04, 0x09, 0x00, 0x1f, 0x07, 0x05, 0x00, 0x00,
  0x20, 0x10, 0x23, 0x01, 0x21, 0x00, 0x03, 0x20, 0x00, 0x04, 0x04, 0x00, 0x00, 0x21, 0x09, 0x00,
  0x22, 0x09, 0x00, 0x1f, 0x07, 0x04, 0x00, 0x00, 0x23, 0x10, 0x23, 0x01, 0x09, 0x00, 0x1f, 0x07,
  0x04, 0x00, 0x00, 0x24, 0x10, 0x23, 0x01, 0x09, 0x00, 0x1f, 0x07, 0x04, 0x00, 0x00, 0x25, 0x10,
  0x23, 0x01, 0x09, 0x00, 0x1f, 0x07, 0x05, 0x00, 0x00, 0x26, 0x10, 0x23, 0x01, 0x09, 0x00, 0x1f,
  0x07, 0x05, 0x00, 0x00, 0x27, 0x10, 0x23, 0x01, 0x07, 0x06, 0x23, 0x06, 0x27, 0x01, 0x27, 0x0d,
  0x00, 0x00, 0x00, 0x8c, 0x00, 0x00, 0x00, 0x10, 0x00, 0x00, 0x00, 0x8d, 0x00, 0x00, 0x00, 0x25,
  0x00, 0x00, 0x00, 0x8e, 0x00, 0x00, 0x00, 0x09, 0x00, 0x00, 0x00, 0x8f, 0x00, 0x00, 0x00, 0x0d,
  0x00, 0x00, 0x00, 0x90, 0x00, 0x00, 0x00, 0x36, 0x00, 0x00, 0x00, 0x91, 0x00, 0x00, 0x00, 0x2f,
  0x00, 0x00, 0x00, 0x92, 0x00, 0x00, 0x00, 0x31, 0x00, 0x00, 0x00, 0x93, 0x00, 0x00, 0x00, 0x0c,
  0x00, 0x00, 0x00, 0x94, 0x00, 0x00, 0x00, 0x1b, 0x00, 0x00, 0x00, 0x95, 0x00, 0x00, 0x00, 0x06,
  0x00, 0x00, 0x00, 0x96, 0x00, 0x00, 0x00, 0x24, 0x00, 0x00, 0x00, 0x97, 0x00, 0x00, 0x00, 0x3f,
  0x00, 0x00, 0x00, 0x98, 0x00, 0x00, 0x00, 0x02, 0x00, 0x00, 0x00, 0x28, 0x00, 0x00, 0x00, 0x01,
  0x04, 0x00, 0x00, 0x00, 0x74, 0x72, 0x69, 0x6d, 0x01, 0x07, 0x00, 0x00, 0x00, 0x72, 0x65, 0x70,
  0x6c, 0x61, 0x63, 0x65, 0x01, 0x01, 0x00, 0x00, 0x00, 0x54, 0x01, 0x01, 0x00, 0x00, 0x00, 0x20,
  0x01, 0x09, 0x00, 0x00, 0x00, 0x65, 0x6e, 0x64, 0x73, 0x5f, 0x77, 0x69, 0x74, 0x68, 0x01, 0x01,
  0x00, 0x00, 0x00, 0x5a, 0x00, 0x00, 0x00, 0x00, 0x00, 0x00, 0x00, 0x00, 0x00, 0x01, 0x03, 0x00,
  0x00, 0x00, 0x6c, 0x65, 0x6e, 0x00, 0x00, 0x00, 0x00, 0x00, 0x00, 0x00, 0xf0, 0x3f, 0x01, 0x05,
  0x00, 0x00, 0x00, 0x73, 0x70, 0x6c, 0x69, 0x74, 0x01, 0x01, 0x00, 0x00, 0x00, 0x20, 0x00, 0x00,
  0x00, 0x00, 0x00, 0x00, 0x00, 0x00, 0x00, 0x01, 0x01, 0x00, 0x00, 0x00, 0x2d, 0x00, 0x00, 0x00,
  0x00, 0x00, 0x00, 0x00, 0x00, 0x40, 0x00, 0x00, 0x00, 0x00, 0x00, 0x00, 0x00, 0x08, 0x40, 0x01,
  0x17, 0x00, 0x00, 0x00, 0x63, 0x61, 0x6e, 0x27, 0x74, 0x20, 0x72, 0x65, 0x61, 0x64, 0x20, 0x61,
  0x20, 0x64, 0x61, 0x74, 0x65, 0x20, 0x66, 0x72, 0x6f, 0x6d, 0x20, 0x01, 0x04, 0x00, 0x00, 0x00,
  0x72, 0x65, 0x70, 0x72, 0x01, 0x28, 0x00, 0x00, 0x00, 0x20, 0x28, 0x75, 0x73, 0x65, 0x20, 0x59,
  0x59, 0x59, 0x59, 0x2d, 0x4d, 0x4d, 0x2d, 0x44, 0x44, 0x20, 0x6f, 0x72, 0x20, 0x59, 0x59, 0x59,
  0x59, 0x2d, 0x4d, 0x4d, 0x2d, 0x44, 0x44, 0x20, 0x48, 0x48, 0x3a, 0x4d, 0x4d, 0x3a, 0x53, 0x53,
  0x29, 0x00, 0x00, 0x00, 0x00, 0x00, 0x00, 0x00, 0x00, 0x40, 0x00, 0x00, 0x00, 0x00, 0x00, 0x00,
  0x00, 0xf0, 0x3f, 0x01, 0x01, 0x00, 0x00, 0x00, 0x3a, 0x01, 0x01, 0x00, 0x00, 0x00, 0x30, 0x01,
  0x01, 0x00, 0x00, 0x00, 0x30, 0x01, 0x01, 0x00, 0x00, 0x00, 0x30, 0x00, 0x00, 0x00, 0x00, 0x00,
  0x00, 0x00, 0x00, 0x40, 0x00, 0x00, 0x00, 0x00, 0x00, 0x00, 0x00, 0x08, 0x40, 0x01, 0x17, 0x00,
  0x00, 0x00, 0x63, 0x61, 0x6e, 0x27, 0x74, 0x20, 0x72, 0x65, 0x61, 0x64, 0x20, 0x61, 0x20, 0x74,
  0x69, 0x6d, 0x65, 0x20, 0x66, 0x72, 0x6f, 0x6d, 0x20, 0x00, 0x00, 0x00, 0x00, 0x00, 0x00, 0x00,
  0x00, 0x00, 0x01, 0x08, 0x00, 0x00, 0x00, 0x69, 0x73, 0x5f, 0x64, 0x69, 0x67, 0x69, 0x74, 0x01,
  0x17, 0x00, 0x00, 0x00, 0x63, 0x61, 0x6e, 0x27, 0x74, 0x20, 0x72, 0x65, 0x61, 0x64, 0x20, 0x61,
  0x20, 0x64, 0x61, 0x74, 0x65, 0x20, 0x66, 0x72, 0x6f, 0x6d, 0x20, 0x00, 0x00, 0x00, 0x00, 0x00,
  0x00, 0x00, 0x08, 0x40, 0x01, 0x03, 0x00, 0x00, 0x00, 0x69, 0x6e, 0x74, 0x00, 0x00, 0x00, 0x00,
  0x00, 0x00, 0x00, 0x00, 0x40, 0x00, 0x00, 0x00, 0x00, 0x00, 0x00, 0x00, 0x00, 0x00, 0x01, 0x04,
  0x00, 0x00, 0x00, 0x6d, 0x61, 0x6b, 0x65, 0x00, 0x00, 0x00, 0x00, 0x00, 0x00, 0x00, 0x00, 0x00,
  0x00, 0x00, 0x00, 0x00, 0x00, 0x00, 0x00, 0xf0, 0x3f, 0x00, 0x00, 0x00, 0x00, 0x00, 0x00, 0x00,
  0x00, 0x40, 0x00, 0x00, 0x00, 0x00, 0x00, 0x00, 0x00, 0x00, 0x00, 0x00, 0x00, 0x00, 0x00, 0x00,
  0x00, 0x00, 0xf0, 0x3f, 0xff, 0xff, 0xff, 0xff, 0x00, 0x00, 0x00, 0x00, 0x01, 0x17, 0x01, 0x00,
  0x00, 0x00, 0x00, 0x01, 0x00, 0x00, 0x02, 0x00, 0x00, 0x03, 0x00, 0x00, 0x04, 0x00, 0x00, 0x05,
  0x00, 0x00, 0x06, 0x00, 0x00, 0x07, 0x00, 0x00, 0x08, 0x00, 0x00, 0x09, 0x00, 0x00, 0x0a, 0x00,
  0x00, 0x0b, 0x00, 0x00, 0x0c, 0x28, 0x00, 0x0c, 0x0a, 0x00, 0x00, 0x00, 0x00, 0x0e, 0x00, 0x00,
  0x0f, 0x00, 0x00, 0x10, 0x00, 0x00, 0x11, 0x00, 0x00, 0x12, 0x00, 0x00, 0x13, 0x00, 0x00, 0x14,
  0x28, 0x00, 0x07, 0x0a, 0x00, 0x0d, 0x00, 0x00, 0x16, 0x00, 0x00, 0x17, 0x00, 0x00, 0x18, 0x00,
  0x00, 0x19, 0x00, 0x00, 0x1a, 0x00, 0x00, 0x1b, 0x00, 0x00, 0x1c, 0x00, 0x00, 0x1d, 0x00, 0x00,
  0x1e, 0x00, 0x00, 0x1f, 0x00, 0x00, 0x20, 0x00, 0x00, 0x21, 0x28, 0x00, 0x0c, 0x0a, 0x00, 0x15,
  0x25, 0x00, 0x23, 0x0a, 0x00, 0x22, 0x25, 0x00, 0x25, 0x0a, 0x00, 0x24, 0x25, 0x00, 0x27, 0x0a,
  0x00, 0x26, 0x25, 0x00, 0x29, 0x0a, 0x00, 0x28, 0x25, 0x00, 0x2b, 0x0a, 0x00, 0x2a, 0x30, 0x00,
  0x2c, 0x0a, 0x00, 0x2c, 0x09, 0x00, 0x2c, 0x25, 0x00, 0x2e, 0x32, 0x00, 0x2d, 0x25, 0x00, 0x30,
  0x32, 0x00, 0x2f, 0x25, 0x00, 0x32, 0x32, 0x00, 0x31, 0x25, 0x00, 0x34, 0x32, 0x00, 0x33, 0x25,
  0x00, 0x36, 0x32, 0x00, 0x35, 0x25, 0x00, 0x38, 0x32, 0x00, 0x37, 0x25, 0x00, 0x3a, 0x32, 0x00,
  0x39, 0x25, 0x00, 0x3c, 0x32, 0x00, 0x3b, 0x25, 0x00, 0x3e, 0x32, 0x00, 0x3d, 0x25, 0x00, 0x40,
  0x32, 0x00, 0x3f, 0x25, 0x00, 0x42, 0x32, 0x00, 0x41, 0x25, 0x00, 0x44, 0x32, 0x00, 0x43, 0x25,
  0x00, 0x46, 0x32, 0x00, 0x45, 0x25, 0x00, 0x48, 0x32, 0x00, 0x47, 0x25, 0x00, 0x4a, 0x32, 0x00,
  0x49, 0x25, 0x00, 0x4c, 0x32, 0x00, 0x4b, 0x04, 0x25, 0x00, 0x4e, 0x0a, 0x00, 0x4d, 0x25, 0x00,
  0x50, 0x0a, 0x00, 0x4f, 0x25, 0x00, 0x52, 0x0a, 0x00, 0x51, 0x25, 0x00, 0x54, 0x0a, 0x00, 0x53,
  0x25, 0x00, 0x56, 0x0a, 0x00, 0x55, 0x01, 0x27, 0x1f, 0x00, 0x00, 0x00, 0x0d, 0x00, 0x00, 0x00,
  0x2a, 0x00, 0x00, 0x00, 0x0e, 0x00, 0x00, 0x00, 0x1b, 0x00, 0x00, 0x00, 0x0f, 0x00, 0x00, 0x00,
  0x2a, 0x00, 0x00, 0x00, 0x11, 0x00, 0x00, 0x00, 0x06, 0x00, 0x00, 0x00, 0x17, 0x00, 0x00, 0x00,
  0x06, 0x00, 0x00, 0x00, 0x22, 0x00, 0x00, 0x00, 0x06, 0x00, 0x00, 0x00, 0x2f, 0x00, 0x00, 0x00,
  0x06, 0x00, 0x00, 0x00, 0x31, 0x00, 0x00, 0x00, 0x06, 0x00, 0x00, 0x00, 0x33, 0x00, 0x00, 0x00,
  0x09, 0x00, 0x00, 0x00, 0x40, 0x00, 0x00, 0x00, 0x06, 0x00, 0x00, 0x00, 0x43, 0x00, 0x00, 0x00,
  0x06, 0x00, 0x00, 0x00, 0x44, 0x00, 0x00, 0x00, 0x06, 0x00, 0x00, 0x00, 0x46, 0x00, 0x00, 0x00,
  0x06, 0x00, 0x00, 0x00, 0x47, 0x00, 0x00, 0x00, 0x06, 0x00, 0x00, 0x00, 0x48, 0x00, 0x00, 0x00,
  0x06, 0x00, 0x00, 0x00, 0x49, 0x00, 0x00, 0x00, 0x06, 0x00, 0x00, 0x00, 0x53, 0x00, 0x00, 0x00,
  0x06, 0x00, 0x00, 0x00, 0x54, 0x00, 0x00, 0x00, 0x06, 0x00, 0x00, 0x00, 0x56, 0x00, 0x00, 0x00,
  0x06, 0x00, 0x00, 0x00, 0x57, 0x00, 0x00, 0x00, 0x06, 0x00, 0x00, 0x00, 0x58, 0x00, 0x00, 0x00,
  0x06, 0x00, 0x00, 0x00, 0x59, 0x00, 0x00, 0x00, 0x06, 0x00, 0x00, 0x00, 0x5a, 0x00, 0x00, 0x00,
  0x06, 0x00, 0x00, 0x00, 0x7a, 0x00, 0x00, 0x00, 0x06, 0x00, 0x00, 0x00, 0x7c, 0x00, 0x00, 0x00,
  0x06, 0x00, 0x00, 0x00, 0x7d, 0x00, 0x00, 0x00, 0x01, 0x00, 0x00, 0x00, 0x84, 0x00, 0x00, 0x00,
  0x06, 0x00, 0x00, 0x00, 0x86, 0x00, 0x00, 0x00, 0x06, 0x00, 0x00, 0x00, 0x87, 0x00, 0x00, 0x00,
  0x06, 0x00, 0x00, 0x00, 0x88, 0x00, 0x00, 0x00, 0x06, 0x00, 0x00, 0x00, 0x98, 0x00, 0x00, 0x00,
  0x08, 0x00, 0x00, 0x00, 0x57, 0x00, 0x00, 0x00, 0x01, 0x06, 0x00, 0x00, 0x00, 0x4d, 0x4f, 0x4e,
  0x54, 0x48, 0x53, 0x01, 0x07, 0x00, 0x00, 0x00, 0x4a, 0x61, 0x6e, 0x75, 0x61, 0x72, 0x79, 0x01,
  0x08, 0x00, 0x00, 0x00, 0x46, 0x65, 0x62, 0x72, 0x75, 0x61, 0x72, 0x79, 0x01, 0x05, 0x00, 0x00,
  0x00, 0x4d, 0x61, 0x72, 0x63, 0x68, 0x01, 0x05, 0x00, 0x00, 0x00, 0x41, 0x70, 0x72, 0x69, 0x6c,
  0x01, 0x03, 0x00, 0x00, 0x00, 0x4d, 0x61, 0x79, 0x01, 0x04, 0x00, 0x00, 0x00, 0x4a, 0x75, 0x6e,
  0x65, 0x01, 0x04, 0x00, 0x00, 0x00, 0x4a, 0x75, 0x6c, 0x79, 0x01, 0x06, 0x00, 0x00, 0x00, 0x41,
  0x75, 0x67, 0x75, 0x73, 0x74, 0x01, 0x09, 0x00, 0x00, 0x00, 0x53, 0x65, 0x70, 0x74, 0x65, 0x6d,
  0x62, 0x65, 0x72, 0x01, 0x07, 0x00, 0x00, 0x00, 0x4f, 0x63, 0x74, 0x6f, 0x62, 0x65, 0x72, 0x01,
  0x08, 0x00, 0x00, 0x00, 0x4e, 0x6f, 0x76, 0x65, 0x6d, 0x62, 0x65, 0x72, 0x01, 0x08, 0x00, 0x00,
  0x00, 0x44, 0x65, 0x63, 0x65, 0x6d, 0x62, 0x65, 0x72, 0x01, 0x04, 0x00, 0x00, 0x00, 0x44, 0x41,
  0x59, 0x53, 0x01, 0x06, 0x00, 0x00, 0x00, 0x4d, 0x6f, 0x6e, 0x64, 0x61, 0x79, 0x01, 0x07, 0x00,
  0x00, 0x00, 0x54, 0x75, 0x65, 0x73, 0x64, 0x61, 0x79, 0x01, 0x09, 0x00, 0x00, 0x00, 0x57, 0x65,
  0x64, 0x6e, 0x65, 0x73, 0x64, 0x61, 0x79, 0x01, 0x08, 0x00, 0x00, 0x00, 0x54, 0x68, 0x75, 0x72,
  0x73, 0x64, 0x61, 0x79, 0x01, 0x06, 0x00, 0x00, 0x00, 0x46, 0x72, 0x69, 0x64, 0x61, 0x79, 0x01,
  0x08, 0x00, 0x00, 0x00, 0x53, 0x61, 0x74, 0x75, 0x72, 0x64, 0x61, 0x79, 0x01, 0x06, 0x00, 0x00,
  0x00, 0x53, 0x75, 0x6e, 0x64, 0x61, 0x79, 0x01, 0x0b, 0x00, 0x00, 0x00, 0x5f, 0x43, 0x55, 0x4d,
  0x55, 0x4c, 0x41, 0x54, 0x49, 0x56, 0x45, 0x00, 0x00, 0x00, 0x00, 0x00, 0x00, 0x00, 0x00, 0x00,
  0x00, 0x00, 0x00, 0x00, 0x00, 0x00, 0x00, 0x3f, 0x40, 0x00, 0x00, 0x00, 0x00, 0x00, 0x00, 0x80,
  0x4d, 0x40, 0x00, 0x00, 0x00, 0x00, 0x00, 0x00, 0x80, 0x56, 0x40, 0x00, 0x00, 0x00, 0x00, 0x00,
  0x00, 0x00, 0x5e, 0x40, 0x00, 0x00, 0x00, 0x00, 0x00, 0x00, 0xe0, 0x62, 0x40, 0x00, 0x00, 0x00,
  0x00, 0x00, 0x00, 0xa0, 0x66, 0x40, 0x00, 0x00, 0x00, 0x00, 0x00, 0x00, 0x80, 0x6a, 0x40, 0x00,
  0x00, 0x00, 0x00, 0x00, 0x00, 0x60, 0x6e, 0x40, 0x00, 0x00, 0x00, 0x00, 0x00, 0x00, 0x10, 0x71,
  0x40, 0x00, 0x00, 0x00, 0x00, 0x00, 0x00, 0x00, 0x73, 0x40, 0x00, 0x00, 0x00, 0x00, 0x00, 0x00,
  0xe0, 0x74, 0x40, 0x01, 0x07, 0x00, 0x00, 0x00, 0x69, 0x73, 0x5f, 0x6c, 0x65, 0x61, 0x70, 0x02,
  0x00, 0x00, 0x00, 0x00, 0x01, 0x0d, 0x00, 0x00, 0x00, 0x64, 0x61, 0x79, 0x73, 0x5f, 0x69, 0x6e,
  0x5f, 0x6d, 0x6f, 0x6e, 0x74, 0x68, 0x02, 0x01, 0x00, 0x00, 0x00, 0x01, 0x10, 0x00, 0x00, 0x00,
  0x5f, 0x64, 0x61, 0x79, 0x73, 0x5f, 0x66, 0x72, 0x6f, 0x6d, 0x5f, 0x63, 0x69, 0x76, 0x69, 0x6c,
  0x02, 0x02, 0x00, 0x00, 0x00, 0x01, 0x10, 0x00, 0x00, 0x00, 0x5f, 0x63, 0x69, 0x76, 0x69, 0x6c,
  0x5f, 0x66, 0x72, 0x6f, 0x6d, 0x5f, 0x64, 0x61, 0x79, 0x73, 0x02, 0x03, 0x00, 0x00, 0x00, 0x01,
  0x04, 0x00, 0x00, 0x00, 0x5f, 0x74, 0x77, 0x6f, 0x02, 0x04, 0x00, 0x00, 0x00, 0x01, 0x08, 0x00,
  0x00, 0x00, 0x44, 0x61, 0x74, 0x65, 0x54, 0x69, 0x6d, 0x65, 0x01, 0x04, 0x00, 0x00, 0x00, 0x69,
  0x6e, 0x69, 0x74, 0x02, 0x05, 0x00, 0x00, 0x00, 0x01, 0x07, 0x00, 0x00, 0x00, 0x77, 0x65, 0x65,
  0x6b, 0x64, 0x61, 0x79, 0x02, 0x06, 0x00, 0x00, 0x00, 0x01, 0x0b, 0x00, 0x00, 0x00, 0x64, 0x61,
  0x79, 0x5f, 0x6f, 0x66, 0x5f, 0x79, 0x65, 0x61, 0x72, 0x02, 0x07, 0x00, 0x00, 0x00, 0x01, 0x0b,
  0x00, 0x00, 0x00, 0x61, 0x64, 0x64, 0x5f, 0x73, 0x65, 0x63, 0x6f, 0x6e, 0x64, 0x73, 0x02, 0x08,
  0x00, 0x00, 0x00, 0x01, 0x0b, 0x00, 0x00, 0x00, 0x61, 0x64, 0x64, 0x5f, 0x6d, 0x69, 0x6e, 0x75,
  0x74, 0x65, 0x73, 0x02, 0x09, 0x00, 0x00, 0x00, 0x01, 0x09, 0x00, 0x00, 0x00, 0x61, 0x64, 0x64,
  0x5f, 0x68, 0x6f, 0x75, 0x72, 0x73, 0x02, 0x0a, 0x00, 0x00, 0x00, 0x01, 0x08, 0x00, 0x00, 0x00,
  0x61, 0x64, 0x64, 0x5f, 0x64, 0x61, 0x79, 0x73, 0x02, 0x0b, 0x00, 0x00, 0x00, 0x01, 0x0a, 0x00,
  0x00, 0x00, 0x61, 0x64, 0x64, 0x5f, 0x6d, 0x6f, 0x6e, 0x74, 0x68, 0x73, 0x02, 0x0c, 0x00, 0x00,
  0x00, 0x01, 0x09, 0x00, 0x00, 0x00, 0x61, 0x64, 0x64, 0x5f, 0x79, 0x65, 0x61, 0x72, 0x73, 0x02,
  0x0d, 0x00, 0x00, 0x00, 0x01, 0x04, 0x00, 0x00, 0x00, 0x64, 0x69, 0x66, 0x66, 0x02, 0x0e, 0x00,
  0x00, 0x00, 0x01, 0x0a, 0x00, 0x00, 0x00, 0x64, 0x61, 0x79, 0x73, 0x5f, 0x75, 0x6e, 0x74, 0x69,
  0x6c, 0x02, 0x0f, 0x00, 0x00, 0x00, 0x01, 0x09, 0x00, 0x00, 0x00, 0x69, 0x73, 0x5f, 0x62, 0x65,
  0x66, 0x6f, 0x72, 0x65, 0x02, 0x10, 0x00, 0x00, 0x00, 0x01, 0x08, 0x00, 0x00, 0x00, 0x69, 0x73,
  0x5f, 0x61, 0x66, 0x74, 0x65, 0x72, 0x02, 0x11, 0x00, 0x00, 0x00, 0x01, 0x0c, 0x00, 0x00, 0x00,
  0x73, 0x74, 0x61, 0x72, 0x74, 0x5f, 0x6f, 0x66, 0x5f, 0x64, 0x61, 0x79, 0x02, 0x12, 0x00, 0x00,
  0x00, 0x01, 0x06, 0x00, 0x00, 0x00, 0x66, 0x6f, 0x72, 0x6d, 0x61, 0x74, 0x02, 0x13, 0x00, 0x00,
  0x00, 0x01, 0x06, 0x00, 0x00, 0x00, 0x74, 0x6f, 0x5f, 0x73, 0x74, 0x72, 0x02, 0x14, 0x00, 0x00,
  0x00, 0x01, 0x04, 0x00, 0x00, 0x00, 0x6d, 0x61, 0x6b, 0x65, 0x02, 0x15, 0x00, 0x00, 0x00, 0x01,
  0x0e, 0x00, 0x00, 0x00, 0x66, 0x72, 0x6f, 0x6d, 0x5f, 0x74, 0x69, 0x6d, 0x65, 0x73, 0x74, 0x61,
  0x6d, 0x70, 0x02, 0x16, 0x00, 0x00, 0x00, 0x01, 0x03, 0x00, 0x00, 0x00, 0x6e, 0x6f, 0x77, 0x02,
  0x17, 0x00, 0x00, 0x00, 0x01, 0x05, 0x00, 0x00, 0x00, 0x74, 0x6f, 0x64, 0x61, 0x79, 0x02, 0x18,
  0x00, 0x00, 0x00, 0x01, 0x05, 0x00, 0x00, 0x00, 0x70, 0x61, 0x72, 0x73, 0x65, 0x02, 0x19, 0x00,
  0x00, 0x00, 0xec, 0x21, 0x5d, 0xde,
};

/* std/fmt */
static const unsigned char embedded_6[] = {
  0x7f, 0x46, 0x58, 0x43, 0x01, 0x00, 0x01, 0x00, 0x00, 0x00, 0x00, 0x00, 0x05, 0x00, 0x00, 0x00,
  0x31, 0x2e, 0x30, 0x2e, 0x30, 0x06, 0x00, 0x00, 0x00, 0x66, 0x6d, 0x74, 0x2e, 0x66, 0x78, 0x0c,
  0x00, 0x00, 0x00, 0x0a, 0x00, 0x00, 0x00, 0x5f, 0x69, 0x73, 0x5f, 0x63, 0x6c, 0x6f, 0x73, 0x65,
  0x72, 0x01, 0x01, 0x00, 0x00, 0x00, 0x39, 0x00, 0x00, 0x00, 0x07, 0x01, 0x0e, 0x00, 0x00, 0x00,
  0x00, 0x01, 0x13, 0x21, 0x00, 0x2a, 0x04, 0x07, 0x01, 0x0e, 0x00, 0x02, 0x00, 0x00, 0x03, 0x13,
  0x21, 0x00, 0x03, 0x20, 0x00, 0x0a, 0x04, 0x07, 0x01, 0x0e, 0x00, 0x02, 0x00, 0x00, 0x04, 0x13,
  0x21, 0x00, 0x03, 0x20, 0x00, 0x0a, 0x04, 0x07, 0x01, 0x0e, 0x00, 0x02, 0x00, 0x00, 0x05, 0x13,
  0x27, 0x01, 0x27, 0x01, 0x00, 0x00, 0x00, 0x11, 0x00, 0x00, 0x00, 0x39, 0x00, 0x00, 0x00, 0x06,
  0x00, 0x00, 0x00, 0x01, 0x04, 0x00, 0x00, 0x00, 0x6b, 0x69, 0x6e, 0x64, 0x01, 0x05, 0x00, 0x00,
  0x00, 0x70, 0x75, 0x6e, 0x63, 0x74, 0x01, 0x04, 0x00, 0x00, 0x00, 0x74, 0x65, 0x78, 0x74, 0x01,
  0x01, 0x00, 0x00, 0x00, 0x29, 0x01, 0x01, 0x00, 0x00, 0x00, 0x5d, 0x01, 0x01, 0x00, 0x00, 0x00,
  0x7d, 0x0a, 0x00, 0x00, 0x00, 0x5f, 0x69, 0x73, 0x5f, 0x6f, 0x70, 0x65, 0x6e, 0x65, 0x72, 0x01,
  0x01, 0x00, 0x00, 0x00, 0x39, 0x00, 0x00, 0x00, 0x07, 0x01, 0x0e, 0x00, 0x00, 0x00, 0x00, 0x01,
  0x13, 0x21, 0x00, 0x2a, 0x04, 0x07, 0x01, 0x0e, 0x00, 0x02, 0x00, 0x00, 0x03, 0x13, 0x21, 0x00,
  0x03, 0x20, 0x00, 0x0a, 0x04, 0x07, 0x01, 0x0e, 0x00, 0x02, 0x00, 0x00, 0x04, 0x13, 0x21, 0x00,
  0x03, 0x20, 0x00, 0x0a, 0x04, 0x07, 0x01, 0x0e, 0x00, 0x02, 0x00, 0x00, 0x05, 0x13, 0x27, 0x01,
  0x27, 0x01, 0x00, 0x00, 0x00, 0x12, 0x00, 0x00, 0x00, 0x39, 0x00, 0x00, 0x00, 0x06, 0x00, 0x00,
  0x00, 0x01, 0x04, 0x00, 0x00, 0x00, 0x6b, 0x69, 0x6e, 0x64, 0x01, 0x05, 0x00, 0x00, 0x00, 0x70,
  0x75, 0x6e, 0x63, 0x74, 0x01, 0x04, 0x00, 0x00, 0x00, 0x74, 0x65, 0x78, 0x74, 0x01, 0x01, 0x00,
  0x00, 0x00, 0x28, 0x01, 0x01, 0x00, 0x00, 0x00, 0x5b, 0x01, 0x01, 0x00, 0x00, 0x00, 0x7b, 0x0a,
  0x00, 0x00, 0x00, 0x5f, 0x6f, 0x70, 0x65, 0x6e, 0x73, 0x5f, 0x6d, 0x61, 0x70, 0x01, 0x01, 0x00,
  0x00, 0x00, 0xb5, 0x00, 0x00, 0x00, 0x07, 0x01, 0x01, 0x13, 0x21, 0x00, 0x06, 0x04, 0x03, 0x27,
  0x20, 0x00, 0x01, 0x04, 0x07, 0x01, 0x0e, 0x00, 0x00, 0x00, 0x00, 0x01, 0x13, 0x21, 0x00, 0x06,
  0x04, 0x02, 0x27, 0x20, 0x00, 0x01, 0x04, 0x07, 0x01, 0x0e, 0x00, 0x00, 0x00, 0x00, 0x02, 0x13,
  0x21, 0x00, 0x3a, 0x04, 0x07, 0x01, 0x0e, 0x00, 0x03, 0x00, 0x00, 0x04, 0x13, 0x21, 0x00, 0x03,
  0x20, 0x00, 0x0a, 0x04, 0x07, 0x01, 0x0e, 0x00, 0x03, 0x00, 0x00, 0x05, 0x13, 0x21, 0x00, 0x03,
  0x20, 0x00, 0x0a, 0x04, 0x07, 0x01, 0x0e, 0x00, 0x03, 0x00, 0x00, 0x06, 0x13, 0x21, 0x00, 0x03,
  0x20, 0x00, 0x0a, 0x04, 0x07, 0x01, 0x0e, 0x00, 0x03, 0x00, 0x00, 0x07, 0x13, 0x21, 0x00, 0x06,
  0x04, 0x02, 0x27, 0x20, 0x00, 0x01, 0x04, 0x07, 0x01, 0x0e, 0x00, 0x00, 0x00, 0x00, 0x08, 0x13,
  0x21, 0x00, 0x0e, 0x04, 0x09, 0x00, 0x09, 0x07, 0x01, 0x0e, 0x00, 0x03, 0x24, 0x00, 0x0a, 0x01,
  0x1d, 0x21, 0x00, 0x0b, 0x04, 0x07, 0x01, 0x0e, 0x00, 0x03, 0x00, 0x00, 0x0b, 0x13, 0x1d, 0x21,
  0x00, 0x0b, 0x04, 0x07, 0x01, 0x0e, 0x00, 0x03, 0x00, 0x00, 0x0c, 0x13, 0x1d, 0x21, 0x00, 0x06,
  0x04, 0x02, 0x27, 0x20, 0x00, 0x01, 0x04, 0x03, 0x27, 0x01, 0x27, 0x06, 0x00, 0x00, 0x00, 0x16,
  0x00, 0x00, 0x00, 0x0e, 0x00, 0x00, 0x00, 0x17, 0x00, 0x00, 0x00, 0x13, 0x00, 0x00, 0x00, 0x18,
  0x00, 0x00, 0x00, 0x50, 0x00, 0x00, 0x00, 0x19, 0x00, 0x00, 0x00, 0x40, 0x00, 0x00, 0x00, 0x1a,
  0x00, 0x00, 0x00, 0x02, 0x00, 0x00, 0x00, 0x1b, 0x00, 0x00, 0x00, 0x02, 0x00, 0x00, 0x00, 0x0d,
  0x00, 0x00, 0x00, 0x01, 0x04, 0x00, 0x00, 0x00, 0x6b, 0x69, 0x6e, 0x64, 0x01, 0x02, 0x00, 0x00,
  0x00, 0x6f, 0x70, 0x01, 0x05, 0x00, 0x00, 0x00, 0x70, 0x75, 0x6e, 0x63, 0x74, 0x01, 0x04, 0x00,
  0x00, 0x00, 0x74, 0x65, 0x78, 0x74, 0x01, 0x01, 0x00, 0x00, 0x00, 0x28, 0x01, 0x01, 0x00, 0x00,
  0x00, 0x5b, 0x01, 0x01, 0x00, 0x00, 0x00, 0x2c, 0x01, 0x01, 0x00, 0x00, 0x00, 0x3a, 0x01, 0x07,
  0x00, 0x00, 0x00, 0x6b, 0x65, 0x79, 0x77, 0x6f, 0x72, 0x64, 0x01, 0x0e, 0x00, 0x00, 0x00, 0x56,
  0x41, 0x4c, 0x55, 0x45, 0x5f, 0x4b, 0x45, 0x59, 0x57, 0x4f, 0x52, 0x44, 0x53, 0x01, 0x08, 0x00,
  0x00, 0x00, 0x63, 0x6f, 0x6e, 0x74, 0x61, 0x69, 0x6e, 0x73, 0x01, 0x04, 0x00, 0x00, 0x00, 0x65,
  0x6c, 0x73, 0x65, 0x01, 0x03, 0x00, 0x00, 0x00, 0x74, 0x72, 0x79, 0x08, 0x00, 0x00, 0x00, 0x5f,
  0x69, 0x73, 0x5f, 0x73, 0x69, 0x67, 0x6e, 0x01, 0x01, 0x00, 0x00, 0x00, 0xb9, 0x00, 0x00, 0x00,
  0x07, 0x01, 0x01, 0x13, 0x21, 0x00, 0x06, 0x04, 0x02, 0x27, 0x20, 0x00, 0x01, 0x04, 0x07, 0x01,
  0x0e, 0x00, 0x00, 0x00, 0x00, 0x01, 0x13, 0x21, 0x00, 0x06, 0x04, 0x02, 0x27, 0x20, 0x00, 0x01,
  0x04, 0x07, 0x01, 0x0e, 0x00, 0x00, 0x00, 0x00, 0x02, 0x13, 0x21, 0x00, 0x5a, 0x04, 0x07, 0x01,
  0x0e, 0x00, 0x03, 0x00, 0x00, 0x04, 0x13, 0x21, 0x00, 0x03, 0x20, 0x00, 0x0a, 0x04, 0x07, 0x01,
  0x0e, 0x00, 0x03, 0x00, 0x00, 0x05, 0x13, 0x21, 0x00, 0x03, 0x20, 0x00, 0x0a, 0x04, 0x07, 0x01,
  0x0e, 0x00, 0x03, 0x00, 0x00, 0x06, 0x13, 0x21, 0x00, 0x03, 0x20, 0x00, 0x0a, 0x04, 0x07, 0x01,
  0x0e, 0x00, 0x03, 0x00, 0x00, 0x07, 0x13, 0x21, 0x00, 0x03, 0x20, 0x00, 0x0a, 0x04, 0x07, 0x01,
  0x0e, 0x00, 0x03, 0x00, 0x00, 0x08, 0x13, 0x21, 0x00, 0x03, 0x20, 0x00, 0x0a, 0x04, 0x07, 0x01,
  0x0e, 0x00, 0x03, 0x00, 0x00, 0x09, 0x13, 0x21, 0x00, 0x06, 0x04, 0x02, 0x27, 0x20, 0x00, 0x01,
  0x04, 0x07, 0x01, 0x0e, 0x00, 0x00, 0x00, 0x00, 0x0a, 0x13, 0x21, 0x00, 0x0e, 0x04, 0x09, 0x00,
  0x0b, 0x07, 0x01, 0x0e, 0x00, 0x03, 0x24, 0x00, 0x0c, 0x01, 0x1d, 0x21, 0x00, 0x06, 0x04, 0x02,
  0x27, 0x20, 0x00, 0x01, 0x04, 0x03, 0x27, 0x01, 0x27, 0x06, 0x00, 0x00, 0x00, 0x1f, 0x00, 0x00,
  0x00, 0x0e, 0x00, 0x00, 0x00, 0x20, 0x00, 0x00, 0x00, 0x13, 0x00, 0x00, 0x00, 0x21, 0x00, 0x00,
  0x00, 0x70, 0x00, 0x00, 0x00, 0x22, 0x00, 0x00, 0x00, 0x24, 0x00, 0x00, 0x00, 0x23, 0x00, 0x00,
  0x00, 0x02, 0x00, 0x00, 0x00, 0x24, 0x00, 0x00, 0x00, 0x02, 0x00, 0x00, 0x00, 0x0d, 0x00, 0x00,
  0x00, 0x01, 0x04, 0x00, 0x00, 0x00, 0x6b, 0x69, 0x6e, 0x64, 0x01, 0x02, 0x00, 0x00, 0x00, 0x6f,
  0x70, 0x01, 0x05, 0x00, 0x00, 0x00, 0x70, 0x75, 0x6e, 0x63, 0x74, 0x01, 0x04, 0x00, 0x00, 0x00,
  0x74, 0x65, 0x78, 0x74, 0x01, 0x01, 0x00, 0x00, 0x00, 0x28, 0x01, 0x01, 0x00, 0x00, 0x00, 0x5b,
  0x01, 0x01, 0x00, 0x00, 0x00, 0x7b, 0x01, 0x01, 0x00, 0x00, 0x00, 0x2c, 0x01, 0x01, 0x00, 0x00,
  0x00, 0x3a, 0x01, 0x01, 0x00, 0x00, 0x00, 0x3b, 0x01, 0x07, 0x00, 0x00, 0x00, 0x6b, 0x65, 0x79,
  0x77, 0x6f, 0x72, 0x64, 0x01, 0x0e, 0x00, 0x00, 0x00, 0x56, 0x41, 0x4c, 0x55, 0x45, 0x5f, 0x4b,
  0x45, 0x59, 0x57, 0x4f, 0x52, 0x44, 0x53, 0x01, 0x08, 0x00, 0x00, 0x00, 0x63, 0x6f, 0x6e, 0x74,
  0x61, 0x69, 0x6e, 0x73, 0x04, 0x00, 0x00, 0x00, 0x5f, 0x67, 0x61, 0x70, 0x03, 0x03, 0x00, 0x00,
  0x00, 0xe0, 0x02, 0x00, 0x00, 0x07, 0x01, 0x0e, 0x00, 0x00, 0x07, 0x02, 0x0e, 0x00, 0x00, 0x07,
  0x02, 0x0e, 0x00, 0x01, 0x00, 0x00, 0x02, 0x13, 0x21, 0x00, 0x08, 0x04, 0x00, 0x00, 0x03, 0x27,
  0x20, 0x00, 0x01, 0x04, 0x07, 0x04, 0x00, 0x00, 0x04, 0x13, 0x21, 0x00, 0x03, 0x20, 0x00, 0x07,
  0x04, 0x07, 0x04, 0x00, 0x00, 0x05, 0x13, 0x21, 0x00, 0x08, 0x04, 0x00, 0x00, 0x06, 0x27, 0x20,
  0x00, 0x01, 0x04, 0x07, 0x04, 0x00, 0x00, 0x07, 0x13, 0x21, 0x00, 0x36, 0x04, 0x07, 0x05, 0x00,
  0x00, 0x08, 0x13, 0x21, 0x00, 0x08, 0x04, 0x00, 0x00, 0x09, 0x27, 0x20, 0x00, 0x01, 0x04, 0x07,
  0x03, 0x01, 0x13, 0x1d, 0x21, 0x00, 0x06, 0x04, 0x07, 0x03, 0x0e, 0x00, 0x0a, 0x21, 0x00, 0x04,
  0x04, 0x00, 0x00, 0x0b, 0x21, 0x00, 0x03, 0x20, 0x00, 0x04, 0x04, 0x00, 0x00, 0x0c, 0x27, 0x20,
  0x00, 0x01, 0x04, 0x07, 0x05, 0x00, 0x00, 0x0d, 0x13, 0x21, 0x00, 0x03, 0x20, 0x00, 0x07, 0x04,
  0x07, 0x05, 0x00, 0x00, 0x0e, 0x13, 0x21, 0x00, 0x03, 0x20, 0x00, 0x07, 0x04, 0x07, 0x05, 0x00,
  0x00, 0x0f, 0x13, 0x21, 0x00, 0x03, 0x20, 0x00, 0x07, 0x04, 0x07, 0x05, 0x00, 0x00, 0x10, 0x13,
  0x21, 0x00, 0x03, 0x20, 0x00, 0x07, 0x04, 0x07, 0x05, 0x00, 0x00, 0x11, 0x13, 0x21, 0x00, 0x08,
  0x04, 0x00, 0x00, 0x12, 0x27, 0x20, 0x00, 0x01, 0x04, 0x07, 0x05, 0x00, 0x00, 0x13, 0x13, 0x21,
  0x00, 0x24, 0x04, 0x07, 0x03, 0x01, 0x13, 0x1d, 0x21, 0x00, 0x06, 0x04, 0x07, 0x03, 0x0e, 0x00,
  0x0a, 0x21, 0x00, 0x04, 0x04, 0x00, 0x00, 0x14, 0x21, 0x00, 0x03, 0x20, 0x00, 0x04, 0x04, 0x00,
  0x00, 0x15, 0x27, 0x20, 0x00, 0x01, 0x04, 0x07, 0x05, 0x00, 0x00, 0x16, 0x13, 0x21, 0x00, 0x03,
  0x20, 0x00, 0x07, 0x04, 0x07, 0x05, 0x00, 0x00, 0x17, 0x13, 0x21, 0x00, 0x03, 0x20, 0x00, 0x07,
  0x04, 0x07, 0x04, 0x00, 0x00, 0x18, 0x13, 0x21, 0x00, 0x03, 0x20, 0x00, 0x07, 0x04, 0x07, 0x04,
  0x00, 0x00, 0x19, 0x13, 0x21, 0x00, 0x08, 0x04, 0x00, 0x00, 0x1a, 0x27, 0x20, 0x00, 0x01, 0x04,
  0x07, 0x05, 0x00, 0x00, 0x1b, 0x13, 0x21, 0x00, 0x03, 0x20, 0x00, 0x07, 0x04, 0x07, 0x04, 0x00,
  0x00, 0x1c, 0x13, 0x21, 0x00, 0x08, 0x04, 0x00, 0x00, 0x1d, 0x27, 0x20, 0x00, 0x01, 0x04, 0x07,
  0x04, 0x00, 0x00, 0x1e, 0x13, 0x21, 0x00, 0x03, 0x20, 0x00, 0x07, 0x04, 0x07, 0x04, 0x00, 0x00,
  0x1f, 0x13, 0x21, 0x00, 0x08, 0x04, 0x00, 0x00, 0x20, 0x27, 0x20, 0x00, 0x01, 0x04, 0x07, 0x04,
  0x00, 0x00, 0x21, 0x13, 0x21, 0x00, 0x28, 0x04, 0x07, 0x03, 0x01, 0x13, 0x1d, 0x21, 0x00, 0x0a,
  0x04, 0x07, 0x03, 0x0e, 0x00, 0x22, 0x00, 0x00, 0x23, 0x13, 0x21, 0x00, 0x04, 0x04, 0x00, 0x00,
  0x24, 0x21, 0x00, 0x03, 0x20, 0x00, 0x04, 0x04, 0x00, 0x00, 0x25, 0x27, 0x20, 0x00, 0x01, 0x04,
  0x07, 0x05, 0x00, 0x00, 0x26, 0x13, 0x21, 0x00, 0x97, 0x04, 0x07, 0x01, 0x0e, 0x00, 0x01, 0x00,
  0x00, 0x27, 0x13, 0x21, 0x00, 0x0b, 0x04, 0x09, 0x00, 0x28, 0x07, 0x04, 0x24, 0x00, 0x29, 0x01,
  0x1d, 0x21, 0x00, 0x08, 0x04, 0x00, 0x00, 0x2a, 0x27, 0x20, 0x00, 0x01, 0x04, 0x07, 0x01, 0x0e,
  0x00, 0x01, 0x00, 0x00, 0x2b, 0x13, 0x21, 0x00, 0x03, 0x20, 0x00, 0x0a, 0x04, 0x07, 0x01, 0x0e,
  0x00, 0x01, 0x00, 0x00, 0x2c, 0x13, 0x21, 0x00, 0x03, 0x20, 0x00, 0x07, 0x04, 0x07, 0x04, 0x00,
  0x00, 0x2d, 0x13, 0x21, 0x00, 0x03, 0x20, 0x00, 0x07, 0x04, 0x07, 0x04, 0x00, 0x00, 0x2e, 0x13,
  0x21, 0x00, 0x03, 0x20, 0x00, 0x07, 0x04, 0x07, 0x04, 0x00, 0x00, 0x2f, 0x13, 0x21, 0x00, 0x03,
  0x20, 0x00, 0x0a, 0x04, 0x07, 0x01, 0x0e, 0x00, 0x01, 0x00, 0x00, 0x30, 0x13, 0x21, 0x00, 0x03,
  0x20, 0x00, 0x0a, 0x04, 0x07, 0x01, 0x0e, 0x00, 0x01, 0x00, 0x00, 0x31, 0x13, 0x21, 0x00, 0x08,
  0x04, 0x00, 0x00, 0x32, 0x27, 0x20, 0x00, 0x01, 0x04, 0x00, 0x00, 0x33, 0x27, 0x20, 0x00, 0x01,
  0x04, 0x07, 0x05, 0x00, 0x00, 0x34, 0x13, 0x21, 0x00, 0x71, 0x04, 0x07, 0x01, 0x0e, 0x00, 0x01,
  0x00, 0x00, 0x35, 0x13, 0x21, 0x00, 0x03, 0x20, 0x00, 0x07, 0x04, 0x07, 0x04, 0x00, 0x00, 0x36,
  0x13, 0x21, 0x00, 0x03, 0x20, 0x00, 0x07, 0x04, 0x07, 0x04, 0x00, 0x00, 0x37, 0x13, 0x21, 0x00,
  0x03, 0x20, 0x00, 0x0a, 0x04, 0x07, 0x01, 0x0e, 0x00, 0x01, 0x00, 0x00, 0x38, 0x13, 0x21, 0x00,
  0x03, 0x20, 0x00, 0x0a, 0x04, 0x07, 0x01, 0x0e, 0x00, 0x01, 0x00, 0x00, 0x39, 0x13, 0x21, 0x00,
  0x03, 0x20, 0x00, 0x07, 0x04, 0x07, 0x04, 0x00, 0x00, 0x3a, 0x13, 0x21, 0x00, 0x03, 0x20, 0x00,
  0x07, 0x04, 0x07, 0x04, 0x00, 0x00, 0x3b, 0x13, 0x21, 0x00, 0x08, 0x04, 0x00, 0x00, 0x3c, 0x27,
  0x20, 0x00, 0x01, 0x04, 0x00, 0x00, 0x3d, 0x27, 0x20, 0x00, 0x01, 0x04, 0x07, 0x05, 0x00, 0x00,
  0x3e, 0x13, 0x21, 0x00, 0x08, 0x04, 0x00, 0x00, 0x3f, 0x27, 0x20, 0x00, 0x01, 0x04, 0x07, 0x01,
  0x0e, 0x00, 0x40, 0x21, 0x00, 0x08, 0x04, 0x00, 0x00, 0x41, 0x27, 0x20, 0x00, 0x01, 0x04, 0x00,
  0x00, 0x42, 0x27, 0x01, 0x27, 0x1b, 0x00, 0x00, 0x00, 0x28, 0x00, 0x00, 0x00, 0x05, 0x00, 0x00,
  0x00, 0x29, 0x00, 0x00, 0x00, 0x05, 0x00, 0x00, 0x00, 0x2a, 0x00, 0x00, 0x00, 0x15, 0x00, 0x00,
  0x00, 0x2b, 0x00, 0x00, 0x00, 0x1f, 0x00, 0x00, 0x00, 0x2c, 0x00, 0x00, 0x00, 0x0a, 0x00, 0x00,
  0x00, 0x2d, 0x00, 0x00, 0x00, 0x12, 0x00, 0x00, 0x00, 0x2e, 0x00, 0x00, 0x00, 0x20, 0x00, 0x00,
  0x00, 0x2f, 0x00, 0x00, 0x00, 0x04, 0x00, 0x00, 0x00, 0x30, 0x00, 0x00, 0x00, 0x46, 0x00, 0x00,
  0x00, 0x31, 0x00, 0x00, 0x00, 0x2e, 0x00, 0x00, 0x00, 0x32, 0x00, 0x00, 0x00, 0x39, 0x00, 0x00,
  0x00, 0x33, 0x00, 0x00, 0x00, 0x1f, 0x00, 0x00, 0x00, 0x34, 0x00, 0x00, 0x00, 0x1f, 0x00, 0x00,
  0x00, 0x35, 0x00, 0x00, 0x00, 0x32, 0x00, 0x00, 0x00, 0x36, 0x00, 0x00, 0x00, 0x0a, 0x00, 0x00,
  0x00, 0x37, 0x00, 0x00, 0x00, 0x23, 0x00, 0x00, 0x00, 0x38, 0x00, 0x00, 0x00, 0x6c, 0x00, 0x00,
  0x00, 0x39, 0x00, 0x00, 0x00, 0x04, 0x00, 0x00, 0x00, 0x3a, 0x00, 0x00, 0x00, 0x04, 0x00, 0x00,
  0x00, 0x3b, 0x00, 0x00, 0x00, 0x0a, 0x00, 0x00, 0x00, 0x3c, 0x00, 0x00, 0x00, 0x69, 0x00, 0x00,
  0x00, 0x3d, 0x00, 0x00, 0x00, 0x04, 0x00, 0x00, 0x00, 0x3e, 0x00, 0x00, 0x00, 0x04, 0x00, 0x00,
  0x00, 0x3f, 0x00, 0x00, 0x00, 0x12, 0x00, 0x00, 0x00, 0x40, 0x00, 0x00, 0x00, 0x11, 0x00, 0x00,
  0x00, 0x41, 0x00, 0x00, 0x00, 0x04, 0x00, 0x00, 0x00, 0x42, 0x00, 0x00, 0x00, 0x02, 0x00, 0x00,
  0x00, 0x43, 0x00, 0x00, 0x00, 0x01, 0x04, 0x00, 0x00, 0x00, 0x74, 0x65, 0x78, 0x74, 0x01, 0x04,
  0x00, 0x00, 0x00, 0x6b, 0x69, 0x6e, 0x64, 0x01, 0x07, 0x00, 0x00, 0x00, 0x63, 0x6f, 0x6d, 0x6d,
  0x65, 0x6e, 0x74, 0x00, 0x00, 0x00, 0x00, 0x00, 0x00, 0x00, 0x00, 0x40, 0x01, 0x01, 0x00, 0x00,
  0x00, 0x28, 0x01, 0x01, 0x00, 0x00, 0x00, 0x5b, 0x00, 0x00, 0x00, 0x00, 0x00, 0x00, 0x00, 0x00,
  0x00, 0x01, 0x01, 0x00, 0x00, 0x00, 0x7b, 0x01, 0x01, 0x00, 0x00, 0x00, 0x7d, 0x00, 0x00, 0x00,
  0x00, 0x00, 0x00, 0x00, 0x00, 0x00, 0x01, 0x05, 0x00, 0x00, 0x00, 0x62, 0x6c, 0x6f, 0x63, 0x6b,
  0x00, 0x00, 0x00, 0x00, 0x00, 0x00, 0x00, 0xf0, 0x3f, 0x00, 0x00, 0x00, 0x00, 0x00, 0x00, 0x00,
  0x00, 0x00, 0x01, 0x01, 0x00, 0x00, 0x00, 0x29, 0x01, 0x01, 0x00, 0x00, 0x00, 0x5d, 0x01, 0x01,
  0x00, 0x00, 0x00, 0x2c, 0x01, 0x01, 0x00, 0x00, 0x00, 0x3b, 0x01, 0x01, 0x00, 0x00, 0x00, 0x3a,
  0x00, 0x00, 0x00, 0x00, 0x00, 0x00, 0x00, 0x00, 0x00, 0x01, 0x01, 0x00, 0x00, 0x00, 0x7d, 0x00,
  0x00, 0x00, 0x00, 0x00, 0x00, 0x00, 0xf0, 0x3f, 0x00, 0x00, 0x00, 0x00, 0x00, 0x00, 0x00, 0x00,
  0x00, 0x01, 0x01, 0x00, 0x00, 0x00, 0x2e, 0x01, 0x02, 0x00, 0x00, 0x00, 0x3f, 0x2e, 0x01, 0x01,
  0x00, 0x00, 0x00, 0x2e, 0x01, 0x02, 0x00, 0x00, 0x00, 0x3f, 0x2e, 0x00, 0x00, 0x00, 0x00, 0x00,
  0x00, 0x00, 0x00, 0x00, 0x01, 0x02, 0x00, 0x00, 0x00, 0x2e, 0x2e, 0x01, 0x02, 0x00, 0x00, 0x00,
  0x2e, 0x2e, 0x00, 0x00, 0x00, 0x00, 0x00, 0x00, 0x00, 0x00, 0x00, 0x01, 0x01, 0x00, 0x00, 0x00,
  0x2c, 0x01, 0x01, 0x00, 0x00, 0x00, 0x3b, 0x00, 0x00, 0x00, 0x00, 0x00, 0x00, 0x00, 0xf0, 0x3f,
  0x01, 0x01, 0x00, 0x00, 0x00, 0x3a, 0x01, 0x02, 0x00, 0x00, 0x00, 0x63, 0x68, 0x01, 0x01, 0x00,
  0x00, 0x00, 0x5b, 0x00, 0x00, 0x00, 0x00, 0x00, 0x00, 0x00, 0x00, 0x00, 0x00, 0x00, 0x00, 0x00,
  0x00, 0x00, 0x00, 0xf0, 0x3f, 0x01, 0x01, 0x00, 0x00, 0x00, 0x28, 0x01, 0x07, 0x00, 0x00, 0x00,
  0x6b, 0x65, 0x79, 0x77, 0x6f, 0x72, 0x64, 0x01, 0x0d, 0x00, 0x00, 0x00, 0x43, 0x41, 0x4c, 0x4c,
  0x5f, 0x4e, 0x4f, 0x5f, 0x53, 0x50, 0x41, 0x43, 0x45, 0x01, 0x08, 0x00, 0x00, 0x00, 0x63, 0x6f,
  0x6e, 0x74, 0x61, 0x69, 0x6e, 0x73, 0x00, 0x00, 0x00, 0x00, 0x00, 0x00, 0x00, 0xf0, 0x3f, 0x01,
  0x05, 0x00, 0x00, 0x00, 0x69, 0x64, 0x65, 0x6e, 0x74, 0x01, 0x07, 0x00, 0x00, 0x00, 0x6b, 0x65,
  0x79, 0x77, 0x6f, 0x72, 0x64, 0x01, 0x01, 0x00, 0x00, 0x00, 0x29, 0x01, 0x01, 0x00, 0x00, 0x00,
  0x5d, 0x01, 0x01, 0x00, 0x00, 0x00, 0x7d, 0x01, 0x06, 0x00, 0x00, 0x00, 0x73, 0x74, 0x72, 0x69,
  0x6e, 0x67, 0x01, 0x07, 0x00, 0x00, 0x00, 0x66, 0x73, 0x74, 0x72, 0x69, 0x6e, 0x67, 0x00, 0x00,
  0x00, 0x00, 0x00, 0x00, 0x00, 0x00, 0x00, 0x00, 0x00, 0x00, 0x00, 0x00, 0x00, 0x00, 0xf0, 0x3f,
  0x01, 0x01, 0x00, 0x00, 0x00, 0x5b, 0x01, 0x05, 0x00, 0x00, 0x00, 0x69, 0x64, 0x65, 0x6e, 0x74,
  0x01, 0x01, 0x00, 0x00, 0x00, 0x29, 0x01, 0x01, 0x00, 0x00, 0x00, 0x5d, 0x01, 0x06, 0x00, 0x00,
  0x00, 0x73, 0x74, 0x72, 0x69, 0x6e, 0x67, 0x01, 0x07, 0x00, 0x00, 0x00, 0x66, 0x73, 0x74, 0x72,
  0x69, 0x6e, 0x67, 0x01, 0x04, 0x00, 0x00, 0x00, 0x73, 0x65, 0x6c, 0x66, 0x01, 0x05, 0x00, 0x00,
  0x00, 0x73, 0x75, 0x70, 0x65, 0x72, 0x00, 0x00, 0x00, 0x00, 0x00, 0x00, 0x00, 0x00, 0x00, 0x00,
  0x00, 0x00, 0x00, 0x00, 0x00, 0x00, 0xf0, 0x3f, 0x01, 0x01, 0x00, 0x00, 0x00, 0x7b, 0x00, 0x00,
  0x00, 0x00, 0x00, 0x00, 0x00, 0xf0, 0x3f, 0x01, 0x04, 0x00, 0x00, 0x00, 0x73, 0x69, 0x67, 0x6e,
  0x00, 0x00, 0x00, 0x00, 0x00, 0x00, 0x00, 0x00, 0x00, 0x00, 0x00, 0x00, 0x00, 0x00, 0x00, 0x00,
  0xf0, 0x3f, 0xff, 0xff, 0xff, 0xff, 0x01, 0x01, 0x00, 0x00, 0x00, 0x0a, 0x00, 0x00, 0x00, 0x09,
  0x00, 0x00, 0x07, 0x01, 0x23, 0x01, 0x27, 0x01, 0x27, 0x01, 0x00, 0x00, 0x00, 0x7f, 0x00, 0x00,
  0x00, 0x0a, 0x00, 0x00, 0x00, 0x01, 0x00, 0x00, 0x00, 0x01, 0x07, 0x00, 0x00, 0x00, 0x5f, 0x72,
  0x73, 0x74, 0x72, 0x69, 0x70, 0x06, 0x00, 0x00, 0x00, 0x66, 0x6f, 0x72, 0x6d, 0x61, 0x74, 0x01,
  0x01, 0x00, 0x00, 0x00, 0xee, 0x03, 0x00, 0x00, 0x09, 0x00, 0x00, 0x07, 0x01, 0x24, 0x00, 0x01,
  0x01, 0x07, 0x02, 0x00, 0x00, 0x02, 0x2a, 0x03, 0x00, 0xa3, 0x07, 0x05, 0x0e, 0x00, 0x03, 0x00,
  0x00, 0x04, 0x13, 0x21, 0x00, 0x03, 0x20, 0x00, 0x0a, 0x04, 0x07, 0x05, 0x0e, 0x00, 0x03, 0x00,
  0x00, 0x05, 0x13, 0x21, 0x00, 0x82, 0x04, 0x07, 0x05, 0x0e, 0x00, 0x06, 0x00, 0x00, 0x07, 0x1c,
  0x10, 0x07, 0x05, 0x0e, 0x00, 0x03, 0x00, 0x00, 0x08, 0x13, 0x21, 0x00, 0x0a, 0x04, 0x07, 0x05,
  0x0e, 0x00, 0x06, 0x00, 0x00, 0x09, 0x10, 0x21, 0x00, 0x03, 0x20, 0x00, 0x0a, 0x04, 0x07, 0x05,
  0x0e, 0x00, 0x06, 0x00, 0x00, 0x0a, 0x10, 0x09, 0x00, 0x0b, 0x07, 0x05, 0x0e, 0x00, 0x06, 0x23,
  0x01, 0x00, 0x00, 0x0c, 0x07, 0x05, 0x0e, 0x00, 0x03, 0x00, 0x00, 0x0d, 0x13, 0x21, 0x00, 0x04,
  0x04, 0x00, 0x00, 0x0e, 0x21, 0x00, 0x03, 0x20, 0x00, 0x04, 0x04, 0x00, 0x00, 0x0f, 0x16, 0x15,
  0x21, 0x00, 0x03, 0x20, 0x00, 0x07, 0x04, 0x07, 0x06, 0x07, 0x07, 0x13, 0x1d, 0x21, 0x00, 0x12,
  0x04, 0x00, 0x00, 0x10, 0x07, 0x05, 0x0e, 0x00, 0x11, 0x16, 0x00, 0x00, 0x12, 0x16, 0x2d, 0x20,
  0x00, 0x01, 0x04, 0x04, 0x04, 0x20, 0x00, 0x01, 0x04, 0x04, 0x22, 0x00, 0xa7, 0x04, 0x04, 0x28,
  0x00, 0x00, 0x00, 0x00, 0x13, 0x28, 0x00, 0x00, 0x01, 0x00, 0x00, 0x14, 0x00, 0x00, 0x15, 0x03,
  0x07, 0x02, 0x00, 0x00, 0x16, 0x2a, 0x0a, 0x02, 0xac, 0x07, 0x0c, 0x0e, 0x00, 0x03, 0x00, 0x00,
  0x17, 0x13, 0x21, 0x00, 0x08, 0x04, 0x04, 0x20, 0x02, 0x9b, 0x20, 0x00, 0x01, 0x04, 0x07, 0x05,
  0x24, 0x00, 0x0b, 0x00, 0x00, 0x00, 0x18, 0x14, 0x21, 0x00, 0x08, 0x04, 0x07, 0x05, 0x00, 0x00,
  0x19, 0x1c, 0x10, 0x21, 0x00, 0x03, 0x20, 0x00, 0x02, 0x04, 0x01, 0x07, 0x06, 0x01, 0x13, 0x21,
  0x00, 0x03, 0x20, 0x00, 0x0a, 0x04, 0x07, 0x0c, 0x0e, 0x00, 0x1a, 0x00, 0x00, 0x1b, 0x14, 0x07,
  0x0e, 0x21, 0x01, 0x89, 0x04, 0x07, 0x04, 0x00, 0x00, 0x1c, 0x13, 0x1d, 0x21, 0x00, 0x0d, 0x04,
  0x07, 0x03, 0x07, 0x04, 0x24, 0x00, 0x1d, 0x01, 0x04, 0x20, 0x00, 0x01, 0x04, 0x07, 0x06, 0x01,
  0x13, 0x1d, 0x21, 0x00, 0x0b, 0x04, 0x07, 0x0c, 0x0e, 0x00, 0x1a, 0x00, 0x00, 0x1e, 0x15, 0x1d,
  0x21, 0x00, 0x0b, 0x04, 0x07, 0x06, 0x0e, 0x00, 0x06, 0x00, 0x00, 0x1f, 0x13, 0x1d, 0x21, 0x00,
  0x0b, 0x04, 0x07, 0x0c, 0x0e, 0x00, 0x06, 0x00, 0x00, 0x20, 0x13, 0x1d, 0x21, 0x00, 0x0b, 0x04,
  0x07, 0x03, 0x24, 0x00, 0x0b, 0x00, 0x00, 0x00, 0x21, 0x14, 0x21, 0x00, 0x0d, 0x04, 0x07, 0x03,
  0x00, 0x00, 0x22, 0x1c, 0x10, 0x00, 0x00, 0x23, 0x13, 0x1d, 0x21, 0x00, 0x0e, 0x04, 0x07, 0x03,
  0x00, 0x00, 0x24, 0x24, 0x00, 0x1d, 0x01, 0x04, 0x20, 0x00, 0x01, 0x04, 0x09, 0x00, 0x25, 0x07,
  0x0c, 0x23, 0x01, 0x07, 0x0d, 0x01, 0x13, 0x21, 0x00, 0x04, 0x04, 0x00, 0x00, 0x26, 0x21, 0x00,
  0x03, 0x20, 0x00, 0x1c, 0x04, 0x07, 0x0f, 0x21, 0x00, 0x06, 0x04, 0x07, 0x0d, 0x0e, 0x00, 0x27,
  0x21, 0x00, 0x03, 0x20, 0x00, 0x0a, 0x04, 0x07, 0x0d, 0x0e, 0x00, 0x27, 0x00, 0x00, 0x28, 0x16,
  0x08, 0x07, 0x04, 0x03, 0x08, 0x09, 0x04, 0x07, 0x0f, 0x1d, 0x21, 0x00, 0x06, 0x04, 0x07, 0x06,
  0x01, 0x13, 0x1d, 0x21, 0x00, 0x0b, 0x04, 0x07, 0x0c, 0x0e, 0x00, 0x03, 0x00, 0x00, 0x29, 0x13,
  0x1d, 0x21, 0x00, 0x95, 0x04, 0x09, 0x00, 0x2a, 0x07, 0x0c, 0x0e, 0x00, 0x06, 0x24, 0x00, 0x2b,
  0x01, 0x21, 0x00, 0x03, 0x20, 0x00, 0x27, 0x04, 0x07, 0x0c, 0x0e, 0x00, 0x03, 0x00, 0x00, 0x2c,
  0x13, 0x21, 0x00, 0x1a, 0x04, 0x07, 0x0c, 0x0e, 0x00, 0x06, 0x00, 0x00, 0x2d, 0x13, 0x21, 0x00,
  0x03, 0x20, 0x00, 0x0a, 0x04, 0x07, 0x0c, 0x0e, 0x00, 0x06, 0x00, 0x00, 0x2e, 0x13, 0x07, 0x06,
  0x0e, 0x00, 0x03, 0x00, 0x00, 0x2f, 0x13, 0x21, 0x00, 0x03, 0x20, 0x00, 0x27, 0x04, 0x07, 0x06,
  0x0e, 0x00, 0x03, 0x00, 0x00, 0x30, 0x13, 0x21, 0x00, 0x1a, 0x04, 0x07, 0x06, 0x0e, 0x00, 0x06,
  0x00, 0x00, 0x31, 0x13, 0x21, 0x00, 0x03, 0x20, 0x00, 0x0a, 0x04, 0x07, 0x06, 0x0e, 0x00, 0x06,
  0x00, 0x00, 0x32, 0x13, 0x07, 0x10, 0x21, 0x00, 0x03, 0x20, 0x00, 0x03, 0x04, 0x07, 0x11, 0x21,
  0x00, 0x11, 0x04, 0x07, 0x07, 0x00, 0x00, 0x33, 0x16, 0x08, 0x07, 0x04, 0x02, 0x08, 0x09, 0x04,
  0x20, 0x00, 0x01, 0x04, 0x04, 0x04, 0x20, 0x00, 0x01, 0x04, 0x07, 0x09, 0x1d, 0x21, 0x00, 0x09,
  0x04, 0x07, 0x07, 0x08, 0x08, 0x04, 0x20, 0x00, 0x01, 0x04, 0x09, 0x00, 0x34, 0x07, 0x07, 0x18,
  0x07, 0x0c, 0x0e, 0x00, 0x06, 0x16, 0x08, 0x04, 0x04, 0x04, 0x20, 0x00, 0x1c, 0x04, 0x07, 0x04,
  0x00, 0x00, 0x35, 0x09, 0x00, 0x36, 0x07, 0x06, 0x07, 0x0c, 0x07, 0x0d, 0x23, 0x03, 0x18, 0x16,
  0x07, 0x0c, 0x0e, 0x00, 0x06, 0x16, 0x08, 0x04, 0x04, 0x07, 0x0c, 0x0e, 0x00, 0x03, 0x00, 0x00,
  0x37, 0x13, 0x21, 0x00, 0x1a, 0x04, 0x07, 0x0c, 0x0e, 0x00, 0x06, 0x00, 0x00, 0x38, 0x13, 0x21,
  0x00, 0x03, 0x20, 0x00, 0x0a, 0x04, 0x07, 0x0c, 0x0e, 0x00, 0x06, 0x00, 0x00, 0x39, 0x13, 0x21,
  0x00, 0x08, 0x04, 0x09, 0x00, 0x3a, 0x07, 0x06, 0x23, 0x01, 0x21, 0x00, 0x0b, 0x04, 0x07, 0x0c,
  0x02, 0x0f, 0x00, 0x3b, 0x04, 0x20, 0x00, 0x01, 0x04, 0x09, 0x00, 0x3c, 0x07, 0x0c, 0x23, 0x01,
  0x21, 0x00, 0x42, 0x04, 0x07, 0x05, 0x00, 0x00, 0x3d, 0x07, 0x0c, 0x0e, 0x00, 0x06, 0x00, 0x00,
  0x3e, 0x07, 0x09, 0x21, 0x00, 0x03, 0x04, 0x07, 0x08, 0x21, 0x00, 0x03, 0x20, 0x00, 0x03, 0x04,
  0x07, 0x07, 0x00, 0x00, 0x3f, 0x07, 0x0c, 0x0e, 0x00, 0x06, 0x00, 0x00, 0x40, 0x13, 0x21, 0x00,
  0x09, 0x04, 0x09, 0x00, 0x41, 0x07, 0x06, 0x23, 0x01, 0x1d, 0x29, 0x00, 0x03, 0x24, 0x00, 0x1d,
  0x01, 0x04, 0x20, 0x00, 0x25, 0x04, 0x09, 0x00, 0x25, 0x07, 0x0c, 0x23, 0x01, 0x21, 0x00, 0x0b,
  0x04, 0x07, 0x05, 0x24, 0x00, 0x0b, 0x00, 0x00, 0x00, 0x42, 0x14, 0x21, 0x00, 0x0b, 0x04, 0x07,
  0x05, 0x24, 0x00, 0x43, 0x00, 0x04, 0x20, 0x00, 0x01, 0x04, 0x07, 0x0c, 0x08, 0x06, 0x04, 0x04,
  0x04, 0x04, 0x22, 0x02, 0xb0, 0x04, 0x04, 0x07, 0x04, 0x00, 0x00, 0x44, 0x13, 0x1d, 0x21, 0x00,
  0x0d, 0x04, 0x07, 0x03, 0x07, 0x04, 0x24, 0x00, 0x1d, 0x01, 0x04, 0x20, 0x00, 0x01, 0x04, 0x07,
  0x03, 0x25, 0x00, 0x46, 0x24, 0x00, 0x45, 0x01, 0x07, 0x0a, 0x24, 0x00, 0x0b, 0x00, 0x00, 0x00,
  0x47, 0x14, 0x21, 0x00, 0x0c, 0x04, 0x07, 0x0a, 0x00, 0x00, 0x48, 0x1c, 0x10, 0x00, 0x00, 0x49,
  0x13, 0x21, 0x00, 0x0b, 0x04, 0x07, 0x0a, 0x24, 0x00, 0x43, 0x00, 0x04, 0x22, 0x00, 0x27, 0x04,
  0x07, 0x0a, 0x24, 0x00, 0x0b, 0x00, 0x00, 0x00, 0x4a, 0x13, 0x21, 0x00, 0x08, 0x04, 0x00, 0x00,
  0x4b, 0x27, 0x20, 0x00, 0x01, 0x04, 0x07, 0x0a, 0x00, 0x00, 0x4d, 0x24, 0x00, 0x4c, 0x01, 0x00,
  0x00, 0x4e, 0x16, 0x27, 0x01, 0x27, 0x37, 0x00, 0x00, 0x00, 0x46, 0x00, 0x00, 0x00, 0x09, 0x00,
  0x00, 0x00, 0x47, 0x00, 0x00, 0x00, 0x09, 0x00, 0x00, 0x00, 0x48, 0x00, 0x00, 0x00, 0x1d, 0x00,
  0x00, 0x00, 0x49, 0x00, 0x00, 0x00, 0x0a, 0x00, 0x00, 0x00, 0x4a, 0x00, 0x00, 0x00, 0x26, 0x00,
  0x00, 0x00, 0x4b, 0x00, 0x00, 0x00, 0x3a, 0x00, 0x00, 0x00, 0x4c, 0x00, 0x00, 0x00, 0x0e, 0x00,
  0x00, 0x00, 0x4d, 0x00, 0x00, 0x00, 0x04, 0x00, 0x00, 0x00, 0x4e, 0x00, 0x00, 0x00, 0x06, 0x00,
  0x00, 0x00, 0x4f, 0x00, 0x00, 0x00, 0x06, 0x00, 0x00, 0x00, 0x50, 0x00, 0x00, 0x00, 0x03, 0x00,
  0x00, 0x00, 0x51, 0x00, 0x00, 0x00, 0x03, 0x00, 0x00, 0x00, 0x52, 0x00, 0x00, 0x00, 0x03, 0x00,
  0x00, 0x00, 0x53, 0x00, 0x00, 0x00, 0x01, 0x00, 0x00, 0x00, 0x54, 0x00, 0x00, 0x00, 0x03, 0x00,
  0x00, 0x00, 0x55, 0x00, 0x00, 0x00, 0x03, 0x00, 0x00, 0x00, 0x56, 0x00, 0x00, 0x00, 0x01, 0x00,
  0x00, 0x00, 0x58, 0x00, 0x00, 0x00, 0x09, 0x00, 0x00, 0x00, 0x59, 0x00, 0x00, 0x00, 0x15, 0x00,
  0x00, 0x00, 0x5a, 0x00, 0x00, 0x00, 0x1d, 0x00, 0x00, 0x00, 0x5b, 0x00, 0x00, 0x00, 0x14, 0x00,
  0x00, 0x00, 0x5d, 0x00, 0x00, 0x00, 0x06, 0x00, 0x00, 0x00, 0x5e, 0x00, 0x00, 0x00, 0x18, 0x00,
  0x00, 0x00, 0x5f, 0x00, 0x00, 0x00, 0x51, 0x00, 0x00, 0x00, 0x60, 0x00, 0x00, 0x00, 0x0a, 0x00,
  0x00, 0x00, 0x61, 0x00, 0x00, 0x00, 0x04, 0x00, 0x00, 0x00, 0x62, 0x00, 0x00, 0x00, 0x07, 0x00,
  0x00, 0x00, 0x63, 0x00, 0x00, 0x00, 0x30, 0x00, 0x00, 0x00, 0x64, 0x00, 0x00, 0x00, 0x04, 0x00,
  0x00, 0x00, 0x65, 0x00, 0x00, 0x00, 0x1e, 0x00, 0x00, 0x00, 0x66, 0x00, 0x00, 0x00, 0x39, 0x00,
  0x00, 0x00, 0x67, 0x00, 0x00, 0x00, 0x36, 0x00, 0x00, 0x00, 0x68, 0x00, 0x00, 0x00, 0x0f, 0x00,
  0x00, 0x00, 0x69, 0x00, 0x00, 0x00, 0x09, 0x00, 0x00, 0x00, 0x6a, 0x00, 0x00, 0x00, 0x04, 0x00,
  0x00, 0x00, 0x6b, 0x00, 0x00, 0x00, 0x04, 0x00, 0x00, 0x00, 0x6c, 0x00, 0x00, 0x00, 0x06, 0x00,
  0x00, 0x00, 0x6d, 0x00, 0x00, 0x00, 0x10, 0x00, 0x00, 0x00, 0x6e, 0x00, 0x00, 0x00, 0x0f, 0x00,
  0x00, 0x00, 0x6f, 0x00, 0x00, 0x00, 0x05, 0x00, 0x00, 0x00, 0x70, 0x00, 0x00, 0x00, 0x1b, 0x00,
  0x00, 0x00, 0x73, 0x00, 0x00, 0x00, 0x40, 0x00, 0x00, 0x00, 0x75, 0x00, 0x00, 0x00, 0x0b, 0x00,
  0x00, 0x00, 0x76, 0x00, 0x00, 0x00, 0x3e, 0x00, 0x00, 0x00, 0x77, 0x00, 0x00, 0x00, 0x1d, 0x00,
  0x00, 0x00, 0x78, 0x00, 0x00, 0x00, 0x07, 0x00, 0x00, 0x00, 0x79, 0x00, 0x00, 0x00, 0x04, 0x00,
  0x00, 0x00, 0x7a, 0x00, 0x00, 0x00, 0x05, 0x00, 0x00, 0x00, 0x7b, 0x00, 0x00, 0x00, 0x08, 0x00,
  0x00, 0x00, 0x7c, 0x00, 0x00, 0x00, 0x18, 0x00, 0x00, 0x00, 0x7f, 0x00, 0x00, 0x00, 0x09, 0x00,
  0x00, 0x00, 0x80, 0x00, 0x00, 0x00, 0x28, 0x00, 0x00, 0x00, 0x81, 0x00, 0x00, 0x00, 0x16, 0x00,
  0x00, 0x00, 0x82, 0x00, 0x00, 0x00, 0x0e, 0x00, 0x00, 0x00, 0x83, 0x00, 0x00, 0x00, 0x02, 0x00,
  0x00, 0x00, 0x4f, 0x00, 0x00, 0x00, 0x01, 0x03, 0x00, 0x00, 0x00, 0x6c, 0x65, 0x78, 0x01, 0x08,
  0x00, 0x00, 0x00, 0x74, 0x6f, 0x6b, 0x65, 0x6e, 0x69, 0x7a, 0x65, 0x00, 0x00, 0x00, 0x00, 0x00,
  0x00, 0x00, 0x00, 0x00, 0x01, 0x04, 0x00, 0x00, 0x00, 0x6b, 0x69, 0x6e, 0x64, 0x01, 0x06, 0x00,
  0x00, 0x00, 0x73, 0x74, 0x72, 0x69, 0x6e, 0x67, 0x01, 0x07, 0x00, 0x00, 0x00, 0x66, 0x73, 0x74,
  0x72, 0x69, 0x6e, 0x67, 0x01, 0x04, 0x00, 0x00, 0x00, 0x74, 0x65, 0x78, 0x74, 0x00, 0x00, 0x00,
  0x00, 0x00, 0x00, 0x00, 0xf0, 0x3f, 0x01, 0x07, 0x00, 0x00, 0x00, 0x66, 0x73, 0x74, 0x72, 0x69,
  0x6e, 0x67, 0x00, 0x00, 0x00, 0x00, 0x00, 0x00, 0x00, 0xf0, 0x3f, 0x00, 0x00, 0x00, 0x00, 0x00,
  0x00, 0x00, 0x00, 0x00, 0x01, 0x03, 0x00, 0x00, 0x00, 0x6c, 0x65, 0x6e, 0x00, 0x00, 0x00, 0x00,
  0x00, 0x00, 0x00, 0x00, 0x40, 0x01, 0x07, 0x00, 0x00, 0x00, 0x66, 0x73, 0x74, 0x72, 0x69, 0x6e,
  0x67, 0x00, 0x00, 0x00, 0x00, 0x00, 0x00, 0x00, 0xf0, 0x3f, 0x00, 0x00, 0x00, 0x00, 0x00, 0x00,
  0x00, 0x00, 0x00, 0x01, 0x42, 0x00, 0x00, 0x00, 0x63, 0x61, 0x6e, 0x6e, 0x6f, 0x74, 0x20, 0x66,
  0x6f, 0x72, 0x6d, 0x61, 0x74, 0x20, 0x63, 0x6f, 0x64, 0x65, 0x20, 0x77, 0x69, 0x74, 0x68, 0x20,
  0x61, 0x6e, 0x20, 0x75, 0x6e, 0x74, 0x65, 0x72, 0x6d, 0x69, 0x6e, 0x61, 0x74, 0x65, 0x64, 0x20,
  0x73, 0x74, 0x72, 0x69, 0x6e, 0x67, 0x20, 0x28, 0x69, 0x74, 0x20, 0x73, 0x74, 0x61, 0x72, 0x74,
  0x73, 0x20, 0x6f, 0x6e, 0x20, 0x6c, 0x69, 0x6e, 0x65, 0x20, 0x01, 0x04, 0x00, 0x00, 0x00, 0x6c,
  0x69, 0x6e, 0x65, 0x01, 0x01, 0x00, 0x00, 0x00, 0x29, 0x01, 0x00, 0x00, 0x00, 0x00, 0x00, 0x00,
  0x00, 0x00, 0x00, 0x00, 0x00, 0x00, 0x00, 0x00, 0x00, 0x00, 0x00, 0x00, 0x00, 0x00, 0x00, 0x00,
  0x00, 0x00, 0x00, 0x00, 0x00, 0x00, 0x00, 0x00, 0x00, 0x01, 0x03, 0x00, 0x00, 0x00, 0x65, 0x6f,
  0x66, 0x00, 0x00, 0x00, 0x00, 0x00, 0x00, 0x00, 0x00, 0x00, 0x00, 0x00, 0x00, 0x00, 0x00, 0x00,
  0x00, 0xf0, 0x3f, 0x01, 0x02, 0x00, 0x00, 0x00, 0x6e, 0x6c, 0x00, 0x00, 0x00, 0x00, 0x00, 0x00,
  0x00, 0x00, 0x00, 0x01, 0x00, 0x00, 0x00, 0x00, 0x01, 0x04, 0x00, 0x00, 0x00, 0x70, 0x75, 0x73,
  0x68, 0x00, 0x00, 0x00, 0x00, 0x00, 0x00, 0x00, 0x00, 0x40, 0x01, 0x01, 0x00, 0x00, 0x00, 0x7b,
  0x01, 0x01, 0x00, 0x00, 0x00, 0x7d, 0x00, 0x00, 0x00, 0x00, 0x00, 0x00, 0x00, 0x00, 0x00, 0x00,
  0x00, 0x00, 0x00, 0x00, 0x00, 0x00, 0xf0, 0x3f, 0x01, 0x00, 0x00, 0x00, 0x00, 0x01, 0x00, 0x00,
  0x00, 0x00, 0x01, 0x0a, 0x00, 0x00, 0x00, 0x5f, 0x69, 0x73, 0x5f, 0x63, 0x6c, 0x6f, 0x73, 0x65,
  0x72, 0x00, 0x00, 0x00, 0x00, 0x00, 0x00, 0x00, 0x00, 0x00, 0x01, 0x06, 0x00, 0x00, 0x00, 0x69,
  0x6e, 0x64, 0x65, 0x6e, 0x74, 0x00, 0x00, 0x00, 0x00, 0x00, 0x00, 0x00, 0xf0, 0x3f, 0x01, 0x07,
  0x00, 0x00, 0x00, 0x63, 0x6f, 0x6d, 0x6d, 0x65, 0x6e, 0x74, 0x01, 0x14, 0x00, 0x00, 0x00, 0x4c,
  0x45, 0x41, 0x44, 0x49, 0x4e, 0x47, 0x5f, 0x43, 0x4f, 0x4e, 0x54, 0x49, 0x4e, 0x55, 0x41, 0x54,
  0x49, 0x4f, 0x4e, 0x01, 0x08, 0x00, 0x00, 0x00, 0x63, 0x6f, 0x6e, 0x74, 0x61, 0x69, 0x6e, 0x73,
  0x01, 0x07, 0x00, 0x00, 0x00, 0x6b, 0x65, 0x79, 0x77, 0x6f, 0x72, 0x64, 0x01, 0x03, 0x00, 0x00,
  0x00, 0x61, 0x6e, 0x64, 0x01, 0x02, 0x00, 0x00, 0x00, 0x6f, 0x72, 0x01, 0x02, 0x00, 0x00, 0x00,
  0x6f, 0x70, 0x01, 0x07, 0x00, 0x00, 0x00, 0x6b, 0x65, 0x79, 0x77, 0x6f, 0x72, 0x64, 0x01, 0x03,
  0x00, 0x00, 0x00, 0x61, 0x6e, 0x64, 0x01, 0x02, 0x00, 0x00, 0x00, 0x6f, 0x72, 0x00, 0x00, 0x00,
  0x00, 0x00, 0x00, 0x00, 0xf0, 0x3f, 0x01, 0x06, 0x00, 0x00, 0x00, 0x49, 0x4e, 0x44, 0x45, 0x4e,
  0x54, 0x01, 0x01, 0x00, 0x00, 0x00, 0x20, 0x01, 0x04, 0x00, 0x00, 0x00, 0x5f, 0x67, 0x61, 0x70,
  0x01, 0x02, 0x00, 0x00, 0x00, 0x6f, 0x70, 0x01, 0x01, 0x00, 0x00, 0x00, 0x2d, 0x01, 0x01, 0x00,
  0x00, 0x00, 0x2b, 0x01, 0x08, 0x00, 0x00, 0x00, 0x5f, 0x69, 0x73, 0x5f, 0x73, 0x69, 0x67, 0x6e,
  0x01, 0x04, 0x00, 0x00, 0x00, 0x73, 0x69, 0x67, 0x6e, 0x01, 0x0a, 0x00, 0x00, 0x00, 0x5f, 0x69,
  0x73, 0x5f, 0x6f, 0x70, 0x65, 0x6e, 0x65, 0x72, 0x01, 0x02, 0x00, 0x00, 0x00, 0x63, 0x68, 0x01,
  0x06, 0x00, 0x00, 0x00, 0x69, 0x6e, 0x64, 0x65, 0x6e, 0x74, 0x01, 0x05, 0x00, 0x00, 0x00, 0x62,
  0x6c, 0x6f, 0x63, 0x6b, 0x01, 0x01, 0x00, 0x00, 0x00, 0x7b, 0x01, 0x0a, 0x00, 0x00, 0x00, 0x5f,
  0x6f, 0x70, 0x65, 0x6e, 0x73, 0x5f, 0x6d, 0x61, 0x70, 0x00, 0x00, 0x00, 0x00, 0x00, 0x00, 0x00,
  0x00, 0x00, 0x01, 0x03, 0x00, 0x00, 0x00, 0x70, 0x6f, 0x70, 0x01, 0x00, 0x00, 0x00, 0x00, 0x01,
  0x03, 0x00, 0x00, 0x00, 0x6d, 0x61, 0x70, 0x02, 0x05, 0x00, 0x00, 0x00, 0x00, 0x00, 0x00, 0x00,
  0x00, 0x00, 0x00, 0x00, 0x00, 0x00, 0x00, 0x00, 0x00, 0x00, 0x00, 0x00, 0xf0, 0x3f, 0x01, 0x00,
  0x00, 0x00, 0x00, 0x00, 0x00, 0x00, 0x00, 0x00, 0x00, 0x00, 0x00, 0x00, 0x01, 0x00, 0x00, 0x00,
  0x00, 0x01, 0x04, 0x00, 0x00, 0x00, 0x6a, 0x6f, 0x69, 0x6e, 0x01, 0x01, 0x00, 0x00, 0x00, 0x0a,
  0x01, 0x01, 0x00, 0x00, 0x00, 0x0a, 0x07, 0x00, 0x00, 0x00, 0x5f, 0x72, 0x73, 0x74, 0x72, 0x69,
  0x70, 0x01, 0x01, 0x00, 0x00, 0x00, 0x38, 0x00, 0x00, 0x00, 0x09, 0x00, 0x00, 0x07, 0x01, 0x23,
  0x01, 0x07, 0x02, 0x00, 0x00, 0x01, 0x14, 0x21, 0x00, 0x0e, 0x04, 0x07, 0x01, 0x07, 0x02, 0x00,
  0x00, 0x02, 0x17, 0x10, 0x00, 0x00, 0x03, 0x13, 0x21, 0x00, 0x0d, 0x04, 0x07, 0x02, 0x00, 0x00,
  0x04, 0x17, 0x08, 0x02, 0x04, 0x22, 0x00, 0x27, 0x04, 0x07, 0x01, 0x01, 0x07, 0x02, 0x12, 0x27,
  0x01, 0x27, 0x04, 0x00, 0x00, 0x00, 0x86, 0x00, 0x00, 0x00, 0x07, 0x00, 0x00, 0x00, 0x87, 0x00,
  0x00, 0x00, 0x28, 0x00, 0x00, 0x00, 0x88, 0x00, 0x00, 0x00, 0x07, 0x00, 0x00, 0x00, 0x89, 0x00,
  0x00, 0x00, 0x02, 0x00, 0x00, 0x00, 0x05, 0x00, 0x00, 0x00, 0x01, 0x03, 0x00, 0x00, 0x00, 0x6c,
  0x65, 0x6e, 0x00, 0x00, 0x00, 0x00, 0x00, 0x00, 0x00, 0x00, 0x00, 0x00, 0x00, 0x00, 0x00, 0x00,
  0x00, 0x00, 0xf0, 0x3f, 0x01, 0x01, 0x00, 0x00, 0x00, 0x20, 0x00, 0x00, 0x00, 0x00, 0x00, 0x00,
  0x00, 0xf0, 0x3f, 0xff, 0xff, 0xff, 0xff, 0x01, 0x01, 0x00, 0x00, 0x00, 0x30, 0x00, 0x00, 0x00,
  0x07, 0x01, 0x0e, 0x00, 0x00, 0x00, 0x00, 0x01, 0x16, 0x07, 0x01, 0x0e, 0x00, 0x00, 0x00, 0x00,
  0x02, 0x13, 0x21, 0x00, 0x0b, 0x04, 0x09, 0x00, 0x03, 0x07, 0x01, 0x0e, 0x00, 0x04, 0x23, 0x01,
  0x21, 0x00, 0x03, 0x20, 0x00, 0x06, 0x04, 0x07, 0x01, 0x0e, 0x00, 0x04, 0x16, 0x27, 0x01, 0x27,
  0x01, 0x00, 0x00, 0x00, 0x8e, 0x00, 0x00, 0x00, 0x30, 0x00, 0x00, 0x00, 0x05, 0x00, 0x00, 0x00,
  0x01, 0x04, 0x00, 0x00, 0x00, 0x6b, 0x69, 0x6e, 0x64, 0x01, 0x01, 0x00, 0x00, 0x00, 0x3a, 0x01,
  0x07, 0x00, 0x00, 0x00, 0x63, 0x6f, 0x6d, 0x6d, 0x65, 0x6e, 0x74, 0x01, 0x07, 0x00, 0x00, 0x00,
  0x5f, 0x72, 0x73, 0x74, 0x72, 0x69, 0x70, 0x01, 0x04, 0x00, 0x00, 0x00, 0x74, 0x65, 0x78, 0x74,
  0x09, 0x00, 0x00, 0x00, 0x73, 0x69, 0x67, 0x6e, 0x61, 0x74, 0x75, 0x72, 0x65, 0x01, 0x01, 0x00,
  0x00, 0x00, 0x13, 0x00, 0x00, 0x00, 0x09, 0x00, 0x00, 0x07, 0x01, 0x24, 0x00, 0x01, 0x01, 0x25,
  0x00, 0x03, 0x24, 0x00, 0x02, 0x01, 0x27, 0x01, 0x27, 0x02, 0x00, 0x00, 0x00, 0x8e, 0x00, 0x00,
  0x00, 0x11, 0x00, 0x00, 0x00, 0x8f, 0x00, 0x00, 0x00, 0x02, 0x00, 0x00, 0x00, 0x04, 0x00, 0x00,
  0x00, 0x01, 0x03, 0x00, 0x00, 0x00, 0x6c, 0x65, 0x78, 0x01, 0x08, 0x00, 0x00, 0x00, 0x74, 0x6f,
  0x6b, 0x65, 0x6e, 0x69, 0x7a, 0x65, 0x01, 0x03, 0x00, 0x00, 0x00, 0x6d, 0x61, 0x70, 0x02, 0x08,
  0x00, 0x00, 0x00, 0x0e, 0x00, 0x00, 0x00, 0x66, 0x6f, 0x72, 0x6d, 0x61, 0x74, 0x5f, 0x63, 0x68,
  0x65, 0x63, 0x6b, 0x65, 0x64, 0x01, 0x01, 0x00, 0x00, 0x00, 0x28, 0x00, 0x00, 0x00, 0x09, 0x00,
  0x00, 0x07, 0x01, 0x23, 0x01, 0x09, 0x00, 0x01, 0x07, 0x02, 0x23, 0x01, 0x09, 0x00, 0x01, 0x07,
  0x01, 0x23, 0x01, 0x13, 0x1d, 0x21, 0x00, 0x08, 0x04, 0x00, 0x00, 0x02, 0x2d, 0x20, 0x00, 0x01,
  0x04, 0x07, 0x02, 0x27, 0x01, 0x27, 0x06, 0x00, 0x00, 0x00, 0x93, 0x00, 0x00, 0x00, 0x07, 0x00,
  0x00, 0x00, 0x94, 0x00, 0x00, 0x00, 0x14, 0x00, 0x00, 0x00, 0x95, 0x00, 0x00, 0x00, 0x04, 0x00,
  0x00, 0x00, 0x96, 0x00, 0x00, 0x00, 0x04, 0x00, 0x00, 0x00, 0x97, 0x00, 0x00, 0x00, 0x03, 0x00,
  0x00, 0x00, 0x98, 0x00, 0x00, 0x00, 0x02, 0x00, 0x00, 0x00, 0x03, 0x00, 0x00, 0x00, 0x01, 0x06,
  0x00, 0x00, 0x00, 0x66, 0x6f, 0x72, 0x6d, 0x61, 0x74, 0x01, 0x09, 0x00, 0x00, 0x00, 0x73, 0x69,
  0x67, 0x6e, 0x61, 0x74, 0x75, 0x72, 0x65, 0x01, 0x5d, 0x00, 0x00, 0x00, 0x74, 0x68, 0x65, 0x20,
  0x66, 0x6f, 0x72, 0x6d, 0x61, 0x74, 0x74, 0x65, 0x72, 0x20, 0x77, 0x6f, 0x75, 0x6c, 0x64, 0x20,
  0x68, 0x61, 0x76, 0x65, 0x20, 0x63, 0x68, 0x61, 0x6e, 0x67, 0x65, 0x64, 0x20, 0x74, 0x68, 0x65,
  0x20, 0x70, 0x72, 0x6f, 0x67, 0x72, 0x61, 0x6d, 0x2c, 0x20, 0x73, 0x6f, 0x20, 0x69, 0x74, 0x20,
  0x77, 0x61, 0x73, 0x20, 0x6c, 0x65, 0x66, 0x74, 0x20, 0x61, 0x6c, 0x6f, 0x6e, 0x65, 0x20, 0x28,
  0x74, 0x68, 0x69, 0x73, 0x20, 0x69, 0x73, 0x20, 0x61, 0x20, 0x62, 0x75, 0x67, 0x20, 0x69, 0x6e,
  0x20, 0x73, 0x74, 0x64, 0x2f, 0x66, 0x6d, 0x74, 0x29, 0xff, 0xff, 0xff, 0xff, 0x00, 0x00, 0x00,
  0x00, 0x01, 0x7b, 0x00, 0x00, 0x00, 0x00, 0x00, 0x00, 0x2e, 0x0a, 0x00, 0x01, 0x00, 0x00, 0x03,
  0x0a, 0x00, 0x02, 0x00, 0x00, 0x05, 0x00, 0x00, 0x06, 0x00, 0x00, 0x07, 0x28, 0x00, 0x03, 0x0a,
  0x00, 0x04, 0x00, 0x00, 0x09, 0x00, 0x00, 0x0a, 0x00, 0x00, 0x0b, 0x00, 0x00, 0x0c, 0x00, 0x00,
  0x0d, 0x28, 0x00, 0x05, 0x0a, 0x00, 0x08, 0x00, 0x00, 0x0f, 0x00, 0x00, 0x10, 0x00, 0x00, 0x11,
  0x00, 0x00, 0x12, 0x28, 0x00, 0x04, 0x0a, 0x00, 0x0e, 0x25, 0x00, 0x14, 0x0a, 0x00, 0x13, 0x25,
  0x00, 0x16, 0x0a, 0x00, 0x15, 0x25, 0x00, 0x18, 0x0a, 0x00, 0x17, 0x25, 0x00, 0x1a, 0x0a, 0x00,
  0x19, 0x25, 0x00, 0x1c, 0x0a, 0x00, 0x1b, 0x25, 0x00, 0x1e, 0x0a, 0x00, 0x1d, 0x25, 0x00, 0x20,
  0x0a, 0x00, 0x1f, 0x25, 0x00, 0x22, 0x0a, 0x00, 0x21, 0x25, 0x00, 0x24, 0x0a, 0x00, 0x23, 0x01,
  0x27, 0x0e, 0x00, 0x00, 0x00, 0x0a, 0x00, 0x00, 0x00, 0x07, 0x00, 0x00, 0x00, 0x0c, 0x00, 0x00,
  0x00, 0x06, 0x00, 0x00, 0x00, 0x0d, 0x00, 0x00, 0x00, 0x0f, 0x00, 0x00, 0x00, 0x0e, 0x00, 0x00,
  0x00, 0x15, 0x00, 0x00, 0x00, 0x0f, 0x00, 0x00, 0x00, 0x12, 0x00, 0x00, 0x00, 0x11, 0x00, 0x00,
  0x00, 0x06, 0x00, 0x00, 0x00, 0x12, 0x00, 0x00, 0x00, 0x06, 0x00, 0x00, 0x00, 0x1b, 0x00, 0x00,
  0x00, 0x06, 0x00, 0x00, 0x00, 0x24, 0x00, 0x00, 0x00, 0x06, 0x00, 0x00, 0x00, 0x42, 0x00, 0x00,
  0x00, 0x06, 0x00, 0x00, 0x00, 0x83, 0x00, 0x00, 0x00, 0x06, 0x00, 0x00, 0x00, 0x89, 0x00, 0x00,
  0x00, 0x06, 0x00, 0x00, 0x00, 0x8f, 0x00, 0x00, 0x00, 0x06, 0x00, 0x00, 0x00, 0x98, 0x00, 0x00,
  0x00, 0x08, 0x00, 0x00, 0x00, 0x25, 0x00, 0x00, 0x00, 0x01, 0x07, 0x00, 0x00, 0x00, 0x73, 0x74,
  0x64, 0x2f, 0x6c, 0x65, 0x78, 0x01, 0x03, 0x00, 0x00, 0x00, 0x6c, 0x65, 0x78, 0x01, 0x06, 0x00,
  0x00, 0x00, 0x49, 0x4e, 0x44, 0x45, 0x4e, 0x54, 0x01, 0x02, 0x00, 0x00, 0x00, 0x20, 0x20, 0x01,
  0x0d, 0x00, 0x00, 0x00, 0x43, 0x41, 0x4c, 0x4c, 0x5f, 0x4e, 0x4f, 0x5f, 0x53, 0x50, 0x41, 0x43,
  0x45, 0x01, 0x02, 0x00, 0x00, 0x00, 0x66, 0x6e, 0x01, 0x04, 0x00, 0x00, 0x00, 0x73, 0x65, 0x6c,
  0x66, 0x01, 0x05, 0x00, 0x00, 0x00, 0x73, 0x75, 0x70, 0x65, 0x72, 0x01, 0x0e, 0x00, 0x00, 0x00,
  0x56, 0x41, 0x4c, 0x55, 0x45, 0x5f, 0x4b, 0x45, 0x59, 0x57, 0x4f, 0x52, 0x44, 0x53, 0x01, 0x04,
  0x00, 0x00, 0x00, 0x74, 0x72, 0x75, 0x65, 0x01, 0x05, 0x00, 0x00, 0x00, 0x66, 0x61, 0x6c, 0x73,
  0x65, 0x01, 0x03, 0x00, 0x00, 0x00, 0x6e, 0x69, 0x6c, 0x01, 0x04, 0x00, 0x00, 0x00, 0x73, 0x65,
  0x6c, 0x66, 0x01, 0x05, 0x00, 0x00, 0x00, 0x73, 0x75, 0x70, 0x65, 0x72, 0x01, 0x14, 0x00, 0x00,
  0x00, 0x4c, 0x45, 0x41, 0x44, 0x49, 0x4e, 0x47, 0x5f, 0x43, 0x4f, 0x4e, 0x54, 0x49, 0x4e, 0x55,
  0x41, 0x54, 0x49, 0x4f, 0x4e, 0x01, 0x01, 0x00, 0x00, 0x00, 0x2e, 0x01, 0x02, 0x00, 0x00, 0x00,
  0x3f, 0x2e, 0x01, 0x02, 0x00, 0x00, 0x00, 0x7c, 0x3e, 0x01, 0x02, 0x00, 0x00, 0x00, 0x3f, 0x3f,
  0x01, 0x0a, 0x00, 0x00, 0x00, 0x5f, 0x69, 0x73, 0x5f, 0x63, 0x6c, 0x6f, 0x73, 0x65, 0x72, 0x02,
  0x00, 0x00, 0x00, 0x00, 0x01, 0x0a, 0x00, 0x00, 0x00, 0x5f, 0x69, 0x73, 0x5f, 0x6f, 0x70, 0x65,
  0x6e, 0x65, 0x72, 0x02, 0x01, 0x00, 0x00, 0x00, 0x01, 0x0a, 0x00, 0x00, 0x00, 0x5f, 0x6f, 0x70,
  0x65, 0x6e, 0x73, 0x5f, 0x6d, 0x61, 0x70, 0x02, 0x02, 0x00, 0x00, 0x00, 0x01, 0x08, 0x00, 0x00,
  0x00, 0x5f, 0x69, 0x73, 0x5f, 0x73, 0x69, 0x67, 0x6e, 0x02, 0x03, 0x00, 0x00, 0x00, 0x01, 0x04,
  0x00, 0x00, 0x00, 0x5f, 0x67, 0x61, 0x70, 0x02, 0x04, 0x00, 0x00, 0x00, 0x01, 0x06, 0x00, 0x00,
  0x00, 0x66, 0x6f, 0x72, 0x6d, 0x61, 0x74, 0x02, 0x06, 0x00, 0x00, 0x00, 0x01, 0x07, 0x00, 0x00,
  0x00, 0x5f, 0x72, 0x73, 0x74, 0x72, 0x69, 0x70, 0x02, 0x07, 0x00, 0x00, 0x00, 0x01, 0x09, 0x00,
  0x00, 0x00, 0x73, 0x69, 0x67, 0x6e, 0x61, 0x74, 0x75, 0x72, 0x65, 0x02, 0x09, 0x00, 0x00, 0x00,
  0x01, 0x0e, 0x00, 0x00, 0x00, 0x66, 0x6f, 0x72, 0x6d, 0x61, 0x74, 0x5f, 0x63, 0x68, 0x65, 0x63,
  0x6b, 0x65, 0x64, 0x02, 0x0a, 0x00, 0x00, 0x00, 0x53, 0x50, 0x74, 0xe4,
};

/* std/iter */
static const unsigned char embedded_7[] = {
  0x7f, 0x46, 0x58, 0x43, 0x01, 0x00, 0x01, 0x00, 0x00, 0x00, 0x00, 0x00, 0x05, 0x00, 0x00, 0x00,
  0x31, 0x2e, 0x30, 0x2e, 0x30, 0x07, 0x00, 0x00, 0x00, 0x69, 0x74, 0x65, 0x72, 0x2e, 0x66, 0x78,
  0x16, 0x00, 0x00, 0x00, 0x09, 0x00, 0x00, 0x00, 0x65, 0x6e, 0x75, 0x6d, 0x65, 0x72, 0x61, 0x74,
  0x65, 0x01, 0x01, 0x00, 0x00, 0x00, 0x31, 0x00, 0x00, 0x00, 0x28, 0x00, 0x00, 0x00, 0x00, 0x00,
  0x07, 0x01, 0x00, 0x00, 0x01, 0x2a, 0x04, 0x00, 0x1b, 0x07, 0x02, 0x07, 0x03, 0x07, 0x06, 0x28,
  0x00, 0x02, 0x24, 0x00, 0x02, 0x01, 0x04, 0x07, 0x03, 0x00, 0x00, 0x03, 0x16, 0x08, 0x03, 0x04,
  0x04, 0x22, 0x00, 0x1f, 0x04, 0x04, 0x07, 0x02, 0x27, 0x01, 0x27, 0x08, 0x00, 0x00, 0x00, 0x05,
  0x00, 0x00, 0x00, 0x03, 0x00, 0x00, 0x00, 0x06, 0x00, 0x00, 0x00, 0x03, 0x00, 0x00, 0x00, 0x07,
  0x00, 0x00, 0x00, 0x09, 0x00, 0x00, 0x00, 0x08, 0x00, 0x00, 0x00, 0x0e, 0x00, 0x00, 0x00, 0x09,
  0x00, 0x00, 0x00, 0x09, 0x00, 0x00, 0x00, 0x0a, 0x00, 0x00, 0x00, 0x06, 0x00, 0x00, 0x00, 0x0b,
  0x00, 0x00, 0x00, 0x03, 0x00, 0x00, 0x00, 0x0c, 0x00, 0x00, 0x00, 0x02, 0x00, 0x00, 0x00, 0x04,
  0x00, 0x00, 0x00, 0x00, 0x00, 0x00, 0x00, 0x00, 0x00, 0x00, 0x00, 0x00, 0x00, 0x00, 0x00, 0x00,
  0x00, 0x00, 0x00, 0x00, 0x00, 0x01, 0x04, 0x00, 0x00, 0x00, 0x70, 0x75, 0x73, 0x68, 0x00, 0x00,
  0x00, 0x00, 0x00, 0x00, 0x00, 0xf0, 0x3f, 0x03, 0x00, 0x00, 0x00, 0x7a, 0x69, 0x70, 0x02, 0x02,
  0x00, 0x00, 0x00, 0x42, 0x00, 0x00, 0x00, 0x28, 0x00, 0x00, 0x09, 0x00, 0x00, 0x09, 0x00, 0x01,
  0x07, 0x01, 0x23, 0x01, 0x09, 0x00, 0x01, 0x07, 0x02, 0x23, 0x01, 0x23, 0x02, 0x00, 0x00, 0x02,
  0x07, 0x04, 0x1f, 0x00, 0x00, 0x03, 0x2a, 0x05, 0x00, 0x18, 0x07, 0x03, 0x07, 0x01, 0x07, 0x07,
  0x10, 0x07, 0x02, 0x07, 0x07, 0x10, 0x28, 0x00, 0x02, 0x24, 0x00, 0x04, 0x01, 0x04, 0x04, 0x22,
  0x00, 0x1c, 0x04, 0x04, 0x07, 0x03, 0x27, 0x01, 0x27, 0x05, 0x00, 0x00, 0x00, 0x0f, 0x00, 0x00,
  0x00, 0x03, 0x00, 0x00, 0x00, 0x10, 0x00, 0x00, 0x00, 0x13, 0x00, 0x00, 0x00, 0x11, 0x00, 0x00,
  0x00, 0x27, 0x00, 0x00, 0x00, 0x12, 0x00, 0x00, 0x00, 0x03, 0x00, 0x00, 0x00, 0x13, 0x00, 0x00,
  0x00, 0x02, 0x00, 0x00, 0x00, 0x05, 0x00, 0x00, 0x00, 0x01, 0x03, 0x00, 0x00, 0x00, 0x6d, 0x69,
  0x6e, 0x01, 0x03, 0x00, 0x00, 0x00, 0x6c, 0x65, 0x6e, 0x00, 0x00, 0x00, 0x00, 0x00, 0x00, 0x00,
  0x00, 0x00, 0x00, 0x00, 0x00, 0x00, 0x00, 0x00, 0x00, 0x00, 0x00, 0x01, 0x04, 0x00, 0x00, 0x00,
  0x70, 0x75, 0x73, 0x68, 0x03, 0x00, 0x00, 0x00, 0x73, 0x75, 0x6d, 0x01, 0x01, 0x00, 0x00, 0x00,
  0x1f, 0x00, 0x00, 0x00, 0x00, 0x00, 0x00, 0x07, 0x01, 0x00, 0x00, 0x01, 0x2a, 0x03, 0x00, 0x0c,
  0x07, 0x02, 0x07, 0x05, 0x16, 0x08, 0x02, 0x04, 0x04, 0x22, 0x00, 0x10, 0x04, 0x04, 0x07, 0x02,
  0x27, 0x01, 0x27, 0x04, 0x00, 0x00, 0x00, 0x16, 0x00, 0x00, 0x00, 0x03, 0x00, 0x00, 0x00, 0x17,
  0x00, 0x00, 0x00, 0x17, 0x00, 0x00, 0x00, 0x18, 0x00, 0x00, 0x00, 0x03, 0x00, 0x00, 0x00, 0x19,
  0x00, 0x00, 0x00, 0x02, 0x00, 0x00, 0x00, 0x02, 0x00, 0x00, 0x00, 0x00, 0x00, 0x00, 0x00, 0x00,
  0x00, 0x00, 0x00, 0x00, 0x00, 0x00, 0x00, 0x00, 0x00, 0x00, 0x00, 0x00, 0x00, 0x07, 0x00, 0x00,
  0x00, 0x70, 0x72, 0x6f, 0x64, 0x75, 0x63, 0x74, 0x01, 0x01, 0x00, 0x00, 0x00, 0x1f, 0x00, 0x00,
  0x00, 0x00, 0x00, 0x00, 0x07, 0x01, 0x00, 0x00, 0x01, 0x2a, 0x03, 0x00, 0x0c, 0x07, 0x02, 0x07,
  0x05, 0x18, 0x08, 0x02, 0x04, 0x04, 0x22, 0x00, 0x10, 0x04, 0x04, 0x07, 0x02, 0x27, 0x01, 0x27,
  0x04, 0x00, 0x00, 0x00, 0x1c, 0x00, 0x00, 0x00, 0x03, 0x00, 0x00, 0x00, 0x1d, 0x00, 0x00, 0x00,
  0x17, 0x00, 0x00, 0x00, 0x1e, 0x00, 0x00, 0x00, 0x03, 0x00, 0x00, 0x00, 0x1f, 0x00, 0x00, 0x00,
  0x02, 0x00, 0x00, 0x00, 0x02, 0x00, 0x00, 0x00, 0x00, 0x00, 0x00, 0x00, 0x00, 0x00, 0x00, 0xf0,
  0x3f, 0x00, 0x00, 0x00, 0x00, 0x00, 0x00, 0x00, 0x00, 0x00, 0x05, 0x00, 0x00, 0x00, 0x63, 0x6f,
  0x75, 0x6e, 0x74, 0x02, 0x02, 0x00, 0x00, 0x00, 0x2e, 0x00, 0x00, 0x00, 0x00, 0x00, 0x00, 0x07,
  0x01, 0x00, 0x00, 0x01, 0x2a, 0x04, 0x00, 0x1b, 0x07, 0x02, 0x07, 0x06, 0x23, 0x01, 0x21, 0x00,
  0x0d, 0x04, 0x07, 0x03, 0x00, 0x00, 0x02, 0x16, 0x08, 0x03, 0x04, 0x20, 0x00, 0x01, 0x04, 0x04,
  0x22, 0x00, 0x1f, 0x04, 0x04, 0x07, 0x03, 0x27, 0x01, 0x27, 0x04, 0x00, 0x00, 0x00, 0x22, 0x00,
  0x00, 0x00, 0x03, 0x00, 0x00, 0x00, 0x23, 0x00, 0x00, 0x00, 0x26, 0x00, 0x00, 0x00, 0x24, 0x00,
  0x00, 0x00, 0x03, 0x00, 0x00, 0x00, 0x25, 0x00, 0x00, 0x00, 0x02, 0x00, 0x00, 0x00, 0x03, 0x00,
  0x00, 0x00, 0x00, 0x00, 0x00, 0x00, 0x00, 0x00, 0x00, 0x00, 0x00, 0x00, 0x00, 0x00, 0x00, 0x00,
  0x00, 0x00, 0x00, 0x00, 0x00, 0x00, 0x00, 0x00, 0x00, 0x00, 0x00, 0xf0, 0x3f, 0x03, 0x00, 0x00,
  0x00, 0x61, 0x6e, 0x79, 0x02, 0x01, 0x00, 0x00, 0x00, 0x47, 0x00, 0x00, 0x00, 0x07, 0x02, 0x38,
  0x00, 0x04, 0x04, 0x01, 0x08, 0x02, 0x04, 0x07, 0x01, 0x00, 0x00, 0x00, 0x2a, 0x03, 0x00, 0x2e,
  0x07, 0x02, 0x01, 0x13, 0x21, 0x00, 0x03, 0x04, 0x07, 0x05, 0x21, 0x00, 0x03, 0x20, 0x00, 0x10,
  0x04, 0x07, 0x02, 0x01, 0x13, 0x1d, 0x21, 0x00, 0x07, 0x04, 0x07, 0x02, 0x07, 0x05, 0x23, 0x01,
  0x21, 0x00, 0x06, 0x04, 0x02, 0x27, 0x20, 0x00, 0x01, 0x04, 0x04, 0x22, 0x00, 0x32, 0x04, 0x04,
  0x03, 0x27, 0x01, 0x27, 0x06, 0x00, 0x00, 0x00, 0x27, 0x00, 0x00, 0x00, 0x0a, 0x00, 0x00, 0x00,
  0x28, 0x00, 0x00, 0x00, 0x09, 0x00, 0x00, 0x00, 0x29, 0x00, 0x00, 0x00, 0x2a, 0x00, 0x00, 0x00,
  0x2a, 0x00, 0x00, 0x00, 0x06, 0x00, 0x00, 0x00, 0x2b, 0x00, 0x00, 0x00, 0x02, 0x00, 0x00, 0x00,
  0x2c, 0x00, 0x00, 0x00, 0x02, 0x00, 0x00, 0x00, 0x01, 0x00, 0x00, 0x00, 0x00, 0x00, 0x00, 0x00,
  0x00, 0x00, 0x00, 0x00, 0x00, 0x03, 0x00, 0x00, 0x00, 0x61, 0x6c, 0x6c, 0x02, 0x01, 0x00, 0x00,
  0x00, 0x48, 0x00, 0x00, 0x00, 0x07, 0x02, 0x38, 0x00, 0x04, 0x04, 0x01, 0x08, 0x02, 0x04, 0x07,
  0x01, 0x00, 0x00, 0x00, 0x2a, 0x03, 0x00, 0x2f, 0x07, 0x02, 0x01, 0x13, 0x21, 0x00, 0x03, 0x04,
  0x07, 0x05, 0x21, 0x00, 0x03, 0x20, 0x00, 0x10, 0x04, 0x07, 0x02, 0x01, 0x13, 0x1d, 0x21, 0x00,
  0x07, 0x04, 0x07, 0x02, 0x07, 0x05, 0x23, 0x01, 0x1d, 0x21, 0x00, 0x06, 0x04, 0x03, 0x27, 0x20,
  0x00, 0x01, 0x04, 0x04, 0x22, 0x00, 0x33, 0x04, 0x04, 0x02, 0x27, 0x01, 0x27, 0x06, 0x00, 0x00,
  0x00, 0x2e, 0x00, 0x00, 0x00, 0x0a, 0x00, 0x00, 0x00, 0x2f, 0x00, 0x00, 0x00, 0x09, 0x00, 0x00,
  0x00, 0x30, 0x00, 0x00, 0x00, 0x2b, 0x00, 0x00, 0x00, 0x31, 0x00, 0x00, 0x00, 0x06, 0x00, 0x00,
  0x00, 0x32, 0x00, 0x00, 0x00, 0x02, 0x00, 0x00, 0x00, 0x33, 0x00, 0x00, 0x00, 0x02, 0x00, 0x00,
  0x00, 0x01, 0x00, 0x00, 0x00, 0x00, 0x00, 0x00, 0x00, 0x00, 0x00, 0x00, 0x00, 0x00, 0x04, 0x00,
  0x00, 0x00, 0x66, 0x69, 0x6e, 0x64, 0x02, 0x02, 0x00, 0x00, 0x00, 0x24, 0x00, 0x00, 0x00, 0x07,
  0x01, 0x00, 0x00, 0x00, 0x2a, 0x03, 0x00, 0x15, 0x07, 0x02, 0x07, 0x05, 0x23, 0x01, 0x21, 0x00,
  0x07, 0x04, 0x07, 0x05, 0x27, 0x20, 0x00, 0x01, 0x04, 0x04, 0x22, 0x00, 0x19, 0x04, 0x04, 0x01,
  0x27, 0x01, 0x27, 0x03, 0x00, 0x00, 0x00, 0x37, 0x00, 0x00, 0x00, 0x20, 0x00, 0x00, 0x00, 0x38,
  0x00, 0x00, 0x00, 0x02, 0x00, 0x00, 0x00, 0x39, 0x00, 0x00, 0x00, 0x02, 0x00, 0x00, 0x00, 0x01,
  0x00, 0x00, 0x00, 0x00, 0x00, 0x00, 0x00, 0x00, 0x00, 0x00, 0x00, 0x00, 0x04, 0x00, 0x00, 0x00,
  0x74, 0x61, 0x6b, 0x65, 0x02, 0x02, 0x00, 0x00, 0x00, 0x0e, 0x00, 0x00, 0x00, 0x07, 0x01, 0x00,
  0x00, 0x01, 0x07, 0x02, 0x24, 0x00, 0x00, 0x02, 0x27, 0x01, 0x27, 0x01, 0x00, 0x00, 0x00, 0x3b,
  0x00, 0x00, 0x00, 0x0e, 0x00, 0x00, 0x00, 0x02, 0x00, 0x00, 0x00, 0x01, 0x05, 0x00, 0x00, 0x00,
  0x73, 0x6c, 0x69, 0x63, 0x65, 0x00, 0x00, 0x00, 0x00, 0x00, 0x00, 0x00, 0x00, 0x00, 0x04, 0x00,
  0x00, 0x00, 0x73, 0x6b, 0x69, 0x70, 0x02, 0x02, 0x00, 0x00, 0x00, 0x0b, 0x00, 0x00, 0x00, 0x07,
  0x01, 0x07, 0x02, 0x24, 0x00, 0x00, 0x01, 0x27, 0x01, 0x27, 0x01, 0x00, 0x00, 0x00, 0x3c, 0x00,
  0x00, 0x00, 0x0b, 0x00, 0x00, 0x00, 0x01, 0x00, 0x00, 0x00, 0x01, 0x05, 0x00, 0x00, 0x00, 0x73,
  0x6c, 0x69, 0x63, 0x65, 0x07, 0x00, 0x00, 0x00, 0x72, 0x65, 0x76, 0x65, 0x72, 0x73, 0x65, 0x01,
  0x01, 0x00, 0x00, 0x00, 0x0d, 0x00, 0x00, 0x00, 0x07, 0x01, 0x24, 0x00, 0x00, 0x00, 0x24, 0x00,
  0x01, 0x00, 0x27, 0x01, 0x27, 0x01, 0x00, 0x00, 0x00, 0x3e, 0x00, 0x00, 0x00, 0x0d, 0x00, 0x00,
  0x00, 0x02, 0x00, 0x00, 0x00, 0x01, 0x04, 0x00, 0x00, 0x00, 0x63, 0x6f, 0x70, 0x79, 0x01, 0x07,
  0x00, 0x00, 0x00, 0x72, 0x65, 0x76, 0x65, 0x72, 0x73, 0x65, 0x07, 0x00, 0x00, 0x00, 0x66, 0x6c,
  0x61, 0x74, 0x74, 0x65, 0x6e, 0x01, 0x01, 0x00, 0x00, 0x00, 0x4b, 0x00, 0x00, 0x00, 0x28, 0x00,
  0x00, 0x07, 0x01, 0x00, 0x00, 0x00, 0x2a, 0x03, 0x00, 0x38, 0x09, 0x00, 0x01, 0x07, 0x05, 0x23,
  0x01, 0x00, 0x00, 0x02, 0x13, 0x21, 0x00, 0x1c, 0x04, 0x07, 0x05, 0x00, 0x00, 0x03, 0x2a, 0x06,
  0x00, 0x0d, 0x07, 0x02, 0x07, 0x08, 0x24, 0x00, 0x04, 0x01, 0x04, 0x04, 0x22, 0x00, 0x11, 0x04,
  0x04, 0x20, 0x00, 0x0a, 0x04, 0x07, 0x02, 0x07, 0x05, 0x24, 0x00, 0x04, 0x01, 0x04, 0x04, 0x22,
  0x00, 0x3c, 0x04, 0x04, 0x07, 0x02, 0x27, 0x01, 0x27, 0x06, 0x00, 0x00, 0x00, 0x42, 0x00, 0x00,
  0x00, 0x03, 0x00, 0x00, 0x00, 0x43, 0x00, 0x00, 0x00, 0x09, 0x00, 0x00, 0x00, 0x44, 0x00, 0x00,
  0x00, 0x34, 0x00, 0x00, 0x00, 0x45, 0x00, 0x00, 0x00, 0x06, 0x00, 0x00, 0x00, 0x46, 0x00, 0x00,
  0x00, 0x03, 0x00, 0x00, 0x00, 0x47, 0x00, 0x00, 0x00, 0x02, 0x00, 0x00, 0x00, 0x05, 0x00, 0x00,
  0x00, 0x00, 0x00, 0x00, 0x00, 0x00, 0x00, 0x00, 0x00, 0x00, 0x01, 0x04, 0x00, 0x00, 0x00, 0x74,
  0x79, 0x70, 0x65, 0x01, 0x04, 0x00, 0x00, 0x00, 0x6c, 0x69, 0x73, 0x74, 0x00, 0x00, 0x00, 0x00,
  0x00, 0x00, 0x00, 0x00, 0x00, 0x01, 0x04, 0x00, 0x00, 0x00, 0x70, 0x75, 0x73, 0x68, 0x06, 0x00,
  0x00, 0x00, 0x63, 0x68, 0x75, 0x6e, 0x6b, 0x73, 0x02, 0x02, 0x00, 0x00, 0x00, 0x4b, 0x00, 0x00,
  0x00, 0x07, 0x02, 0x00, 0x00, 0x00, 0x15, 0x21, 0x00, 0x08, 0x04, 0x00, 0x00, 0x01, 0x2d, 0x20,
  0x00, 0x01, 0x04, 0x28, 0x00, 0x00, 0x00, 0x00, 0x02, 0x07, 0x04, 0x09, 0x00, 0x03, 0x07, 0x01,
  0x23, 0x01, 0x15, 0x21, 0x00, 0x20, 0x04, 0x07, 0x03, 0x07, 0x01, 0x07, 0x04, 0x07, 0x04, 0x07,
  0x02, 0x16, 0x24, 0x00, 0x05, 0x02, 0x24, 0x00, 0x04, 0x01, 0x04, 0x07, 0x04, 0x07, 0x02, 0x16,
  0x08, 0x04, 0x04, 0x22, 0x00, 0x2d, 0x04, 0x07, 0x03, 0x27, 0x01, 0x27, 0x09, 0x00, 0x00, 0x00,
  0x4b, 0x00, 0x00, 0x00, 0x12, 0x00, 0x00, 0x00, 0x4c, 0x00, 0x00, 0x00, 0x03, 0x00, 0x00, 0x00,
  0x4d, 0x00, 0x00, 0x00, 0x03, 0x00, 0x00, 0x00, 0x4e, 0x00, 0x00, 0x00, 0x0e, 0x00, 0x00, 0x00,
  0x4f, 0x00, 0x00, 0x00, 0x14, 0x00, 0x00, 0x00, 0x50, 0x00, 0x00, 0x00, 0x08, 0x00, 0x00, 0x00,
  0x51, 0x00, 0x00, 0x00, 0x04, 0x00, 0x00, 0x00, 0x52, 0x00, 0x00, 0x00, 0x03, 0x00, 0x00, 0x00,
  0x53, 0x00, 0x00, 0x00, 0x02, 0x00, 0x00, 0x00, 0x06, 0x00, 0x00, 0x00, 0x00, 0x00, 0x00, 0x00,
  0x00, 0x00, 0x00, 0xf0, 0x3f, 0x01, 0x23, 0x00, 0x00, 0x00, 0x63, 0x68, 0x75, 0x6e, 0x6b, 0x73,
  0x28, 0x29, 0x20, 0x6e, 0x65, 0x65, 0x64, 0x73, 0x20, 0x61, 0x20, 0x73, 0x69, 0x7a, 0x65, 0x20,
  0x6f, 0x66, 0x20, 0x61, 0x74, 0x20, 0x6c, 0x65, 0x61, 0x73, 0x74, 0x20, 0x31, 0x00, 0x00, 0x00,
  0x00, 0x00, 0x00, 0x00, 0x00, 0x00, 0x01, 0x03, 0x00, 0x00, 0x00, 0x6c, 0x65, 0x6e, 0x01, 0x04,
  0x00, 0x00, 0x00, 0x70, 0x75, 0x73, 0x68, 0x01, 0x05, 0x00, 0x00, 0x00, 0x73, 0x6c, 0x69, 0x63,
  0x65, 0x06, 0x00, 0x00, 0x00, 0x75, 0x6e, 0x69, 0x71, 0x75, 0x65, 0x01, 0x01, 0x00, 0x00, 0x00,
  0x85, 0x00, 0x00, 0x00, 0x28, 0x00, 0x00, 0x29, 0x00, 0x00, 0x07, 0x01, 0x00, 0x00, 0x00, 0x2a,
  0x04, 0x00, 0x6f, 0x09, 0x00, 0x01, 0x07, 0x06, 0x23, 0x01, 0x07, 0x07, 0x00, 0x00, 0x02, 0x13,
  0x21, 0x00, 0x03, 0x20, 0x00, 0x07, 0x04, 0x07, 0x07, 0x00, 0x00, 0x03, 0x13, 0x21, 0x00, 0x03,
  0x20, 0x00, 0x07, 0x04, 0x07, 0x07, 0x00, 0x00, 0x04, 0x13, 0x21, 0x00, 0x25, 0x04, 0x07, 0x03,
  0x07, 0x06, 0x24, 0x00, 0x05, 0x01, 0x1d, 0x21, 0x00, 0x14, 0x04, 0x07, 0x03, 0x07, 0x06, 0x02,
  0x11, 0x04, 0x07, 0x02, 0x07, 0x06, 0x24, 0x00, 0x06, 0x01, 0x04, 0x20, 0x00, 0x01, 0x04, 0x20,
  0x00, 0x1b, 0x04, 0x07, 0x02, 0x07, 0x06, 0x24, 0x00, 0x07, 0x01, 0x1d, 0x21, 0x00, 0x0d, 0x04,
  0x07, 0x02, 0x07, 0x06, 0x24, 0x00, 0x06, 0x01, 0x04, 0x20, 0x00, 0x01, 0x04, 0x04, 0x04, 0x22,
  0x00, 0x73, 0x04, 0x04, 0x07, 0x02, 0x27, 0x01, 0x27, 0x0f, 0x00, 0x00, 0x00, 0x57, 0x00, 0x00,
  0x00, 0x03, 0x00, 0x00, 0x00, 0x58, 0x00, 0x00, 0x00, 0x03, 0x00, 0x00, 0x00, 0x59, 0x00, 0x00,
  0x00, 0x09, 0x00, 0x00, 0x00, 0x5a, 0x00, 0x00, 0x00, 0x07, 0x00, 0x00, 0x00, 0x5b, 0x00, 0x00,
  0x00, 0x24, 0x00, 0x00, 0x00, 0x5c, 0x00, 0x00, 0x00, 0x0d, 0x00, 0x00, 0x00, 0x5d, 0x00, 0x00,
  0x00, 0x07, 0x00, 0x00, 0x00, 0x5e, 0x00, 0x00, 0x00, 0x09, 0x00, 0x00, 0x00, 0x5f, 0x00, 0x00,
  0x00, 0x04, 0x00, 0x00, 0x00, 0x60, 0x00, 0x00, 0x00, 0x11, 0x00, 0x00, 0x00, 0x61, 0x00, 0x00,
  0x00, 0x09, 0x00, 0x00, 0x00, 0x62, 0x00, 0x00, 0x00, 0x04, 0x00, 0x00, 0x00, 0x63, 0x00, 0x00,
  0x00, 0x07, 0x00, 0x00, 0x00, 0x64, 0x00, 0x00, 0x00, 0x03, 0x00, 0x00, 0x00, 0x65, 0x00, 0x00,
  0x00, 0x02, 0x00, 0x00, 0x00, 0x08, 0x00, 0x00, 0x00, 0x00, 0x00, 0x00, 0x00, 0x00, 0x00, 0x00,
  0x00, 0x00, 0x01, 0x04, 0x00, 0x00, 0x00, 0x74, 0x79, 0x70, 0x65, 0x01, 0x06, 0x00, 0x00, 0x00,
  0x73, 0x74, 0x72, 0x69, 0x6e, 0x67, 0x01, 0x06, 0x00, 0x00, 0x00, 0x6e, 0x75, 0x6d, 0x62, 0x65,
  0x72, 0x01, 0x04, 0x00, 0x00, 0x00, 0x62, 0x6f, 0x6f, 0x6c, 0x01, 0x03, 0x00, 0x00, 0x00, 0x68,
  0x61, 0x73, 0x01, 0x04, 0x00, 0x00, 0x00, 0x70, 0x75, 0x73, 0x68, 0x01, 0x08, 0x00, 0x00, 0x00,
  0x63, 0x6f, 0x6e, 0x74, 0x61, 0x69, 0x6e, 0x73, 0x08, 0x00, 0x00, 0x00, 0x67, 0x72, 0x6f, 0x75,
  0x70, 0x5f, 0x62, 0x79, 0x02, 0x02, 0x00, 0x00, 0x00, 0x44, 0x00, 0x00, 0x00, 0x29, 0x00, 0x00,
  0x07, 0x01, 0x00, 0x00, 0x00, 0x2a, 0x04, 0x00, 0x31, 0x07, 0x02, 0x07, 0x06, 0x23, 0x01, 0x07,
  0x03, 0x07, 0x07, 0x24, 0x00, 0x01, 0x01, 0x1d, 0x21, 0x00, 0x0d, 0x04, 0x07, 0x03, 0x07, 0x07,
  0x28, 0x00, 0x00, 0x11, 0x04, 0x20, 0x00, 0x01, 0x04, 0x07, 0x03, 0x07, 0x07, 0x10, 0x07, 0x06,
  0x24, 0x00, 0x02, 0x01, 0x04, 0x04, 0x04, 0x22, 0x00, 0x35, 0x04, 0x04, 0x07, 0x03, 0x27, 0x01,
  0x27, 0x08, 0x00, 0x00, 0x00, 0x69, 0x00, 0x00, 0x00, 0x03, 0x00, 0x00, 0x00, 0x6a, 0x00, 0x00,
  0x00, 0x09, 0x00, 0x00, 0x00, 0x6b, 0x00, 0x00, 0x00, 0x06, 0x00, 0x00, 0x00, 0x6c, 0x00, 0x00,
  0x00, 0x1a, 0x00, 0x00, 0x00, 0x6d, 0x00, 0x00, 0x00, 0x0c, 0x00, 0x00, 0x00, 0x6e, 0x00, 0x00,
  0x00, 0x07, 0x00, 0x00, 0x00, 0x6f, 0x00, 0x00, 0x00, 0x03, 0x00, 0x00, 0x00, 0x70, 0x00, 0x00,
  0x00, 0x02, 0x00, 0x00, 0x00, 0x03, 0x00, 0x00, 0x00, 0x00, 0x00, 0x00, 0x00, 0x00, 0x00, 0x00,
  0x00, 0x00, 0x01, 0x03, 0x00, 0x00, 0x00, 0x68, 0x61, 0x73, 0x01, 0x04, 0x00, 0x00, 0x00, 0x70,
  0x75, 0x73, 0x68, 0xff, 0xff, 0xff, 0xff, 0x02, 0x02, 0x01, 0x00, 0x00, 0x35, 0x00, 0x00, 0x00,
  0x0c, 0x00, 0x07, 0x01, 0x23, 0x01, 0x0c, 0x00, 0x07, 0x02, 0x23, 0x01, 0x07, 0x03, 0x07, 0x04,
  0x15, 0x21, 0x00, 0x09, 0x04, 0x00, 0x00, 0x00, 0x1c, 0x27, 0x20, 0x00, 0x01, 0x04, 0x07, 0x03,
  0x07, 0x04, 0x14, 0x21, 0x00, 0x08, 0x04, 0x00, 0x00, 0x01, 0x27, 0x20, 0x00, 0x01, 0x04, 0x00,
  0x00, 0x02, 0x27, 0x01, 0x27, 0x06, 0x00, 0x00, 0x00, 0x75, 0x00, 0x00, 0x00, 0x06, 0x00, 0x00,
  0x00, 0x76, 0x00, 0x00, 0x00, 0x06, 0x00, 0x00, 0x00, 0x77, 0x00, 0x00, 0x00, 0x12, 0x00, 0x00,
  0x00, 0x78, 0x00, 0x00, 0x00, 0x11, 0x00, 0x00, 0x00, 0x79, 0x00, 0x00, 0x00, 0x04, 0x00, 0x00,
  0x00, 0x7a, 0x00, 0x00, 0x00, 0x02, 0x00, 0x00, 0x00, 0x03, 0x00, 0x00, 0x00, 0x00, 0x00, 0x00,
  0x00, 0x00, 0x00, 0x00, 0xf0, 0x3f, 0x00, 0x00, 0x00, 0x00, 0x00, 0x00, 0x00, 0xf0, 0x3f, 0x00,
  0x00, 0x00, 0x00, 0x00, 0x00, 0x00, 0x00, 0x00, 0x07, 0x00, 0x00, 0x00, 0x73, 0x6f, 0x72, 0x74,
  0x5f, 0x62, 0x79, 0x02, 0x02, 0x00, 0x00, 0x00, 0x12, 0x00, 0x00, 0x00, 0x07, 0x01, 0x24, 0x00,
  0x00, 0x00, 0x25, 0x00, 0x02, 0x01, 0x02, 0x24, 0x00, 0x01, 0x01, 0x27, 0x01, 0x27, 0x03, 0x00,
  0x00, 0x00, 0x74, 0x00, 0x00, 0x00, 0x06, 0x00, 0x00, 0x00, 0x7a, 0x00, 0x00, 0x00, 0x0a, 0x00,
  0x00, 0x00, 0x7b, 0x00, 0x00, 0x00, 0x02, 0x00, 0x00, 0x00, 0x03, 0x00, 0x00, 0x00, 0x01, 0x04,
  0x00, 0x00, 0x00, 0x63, 0x6f, 0x70, 0x79, 0x01, 0x04, 0x00, 0x00, 0x00, 0x73, 0x6f, 0x72, 0x74,
  0x02, 0x0f, 0x00, 0x00, 0x00, 0x06, 0x00, 0x00, 0x00, 0x6d, 0x69, 0x6e, 0x5f, 0x62, 0x79, 0x02,
  0x02, 0x00, 0x00, 0x00, 0x49, 0x00, 0x00, 0x00, 0x09, 0x00, 0x00, 0x07, 0x01, 0x23, 0x01, 0x00,
  0x00, 0x01, 0x13, 0x21, 0x00, 0x06, 0x04, 0x01, 0x27, 0x20, 0x00, 0x01, 0x04, 0x07, 0x01, 0x00,
  0x00, 0x02, 0x10, 0x07, 0x01, 0x00, 0x00, 0x03, 0x2a, 0x04, 0x00, 0x1e, 0x07, 0x02, 0x07, 0x06,
  0x23, 0x01, 0x07, 0x02, 0x07, 0x03, 0x23, 0x01, 0x15, 0x21, 0x00, 0x09, 0x04, 0x07, 0x06, 0x08,
  0x03, 0x04, 0x20, 0x00, 0x01, 0x04, 0x04, 0x22, 0x00, 0x22, 0x04, 0x04, 0x07, 0x03, 0x27, 0x01,
  0x27, 0x05, 0x00, 0x00, 0x00, 0x7e, 0x00, 0x00, 0x00, 0x15, 0x00, 0x00, 0x00, 0x7f, 0x00, 0x00,
  0x00, 0x06, 0x00, 0x00, 0x00, 0x80, 0x00, 0x00, 0x00, 0x29, 0x00, 0x00, 0x00, 0x81, 0x00, 0x00,
  0x00, 0x03, 0x00, 0x00, 0x00, 0x82, 0x00, 0x00, 0x00, 0x02, 0x00, 0x00, 0x00, 0x04, 0x00, 0x00,
  0x00, 0x01, 0x03, 0x00, 0x00, 0x00, 0x6c, 0x65, 0x6e, 0x00, 0x00, 0x00, 0x00, 0x00, 0x00, 0x00,
  0x00, 0x00, 0x00, 0x00, 0x00, 0x00, 0x00, 0x00, 0x00, 0x00, 0x00, 0x00, 0x00, 0x00, 0x00, 0x00,
  0x00, 0x00, 0x00, 0x00, 0x06, 0x00, 0x00, 0x00, 0x6d, 0x61, 0x78, 0x5f, 0x62, 0x79, 0x02, 0x02,
  0x00, 0x00, 0x00, 0x49, 0x00, 0x00, 0x00, 0x09, 0x00, 0x00, 0x07, 0x01, 0x23, 0x01, 0x00, 0x00,
  0x01, 0x13, 0x21, 0x00, 0x06, 0x04, 0x01, 0x27, 0x20, 0x00, 0x01, 0x04, 0x07, 0x01, 0x00, 0x00,
  0x02, 0x10, 0x07, 0x01, 0x00, 0x00, 0x03, 0x2a, 0x04, 0x00, 0x1e, 0x07, 0x02, 0x07, 0x06, 0x23,
  0x01, 0x07, 0x02, 0x07, 0x03, 0x23, 0x01, 0x14, 0x21, 0x00, 0x09, 0x04, 0x07, 0x06, 0x08, 0x03,
  0x04, 0x20, 0x00, 0x01, 0x04, 0x04, 0x22, 0x00, 0x22, 0x04, 0x04, 0x07, 0x03, 0x27, 0x01, 0x27,
  0x05, 0x00, 0x00, 0x00, 0x85, 0x00, 0x00, 0x00, 0x15, 0x00, 0x00, 0x00, 0x86, 0x00, 0x00, 0x00,
  0x06, 0x00, 0x00, 0x00, 0x87, 0x00, 0x00, 0x00, 0x29, 0x00, 0x00, 0x00, 0x88, 0x00, 0x00, 0x00,
  0x03, 0x00, 0x00, 0x00, 0x89, 0x00, 0x00, 0x00, 0x02, 0x00, 0x00, 0x00, 0x04, 0x00, 0x00, 0x00,
  0x01, 0x03, 0x00, 0x00, 0x00, 0x6c, 0x65, 0x6e, 0x00, 0x00, 0x00, 0x00, 0x00, 0x00, 0x00, 0x00,
  0x00, 0x00, 0x00, 0x00, 0x00, 0x00, 0x00, 0x00, 0x00, 0x00, 0x00, 0x00, 0x00, 0x00, 0x00, 0x00,
  0x00, 0x00, 0x00, 0x09, 0x00, 0x00, 0x00, 0x70, 0x61, 0x72, 0x74, 0x69, 0x74, 0x69, 0x6f, 0x6e,
  0x02, 0x02, 0x00, 0x00, 0x00, 0x3f, 0x00, 0x00, 0x00, 0x28, 0x00, 0x00, 0x28, 0x00, 0x00, 0x07,
  0x01, 0x00, 0x00, 0x00, 0x2a, 0x05, 0x00, 0x24, 0x07, 0x02, 0x07, 0x07, 0x23, 0x01, 0x21, 0x00,
  0x0d, 0x04, 0x07, 0x03, 0x07, 0x07, 0x24, 0x00, 0x01, 0x01, 0x04, 0x20, 0x00, 0x0a, 0x04, 0x07,
  0x04, 0x07, 0x07, 0x24, 0x00, 0x01, 0x01, 0x04, 0x04, 0x22, 0x00, 0x28, 0x04, 0x04, 0x07, 0x03,
  0x07, 0x04, 0x28, 0x00, 0x02, 0x27, 0x01, 0x27, 0x05, 0x00, 0x00, 0x00, 0x8d, 0x00, 0x00, 0x00,
  0x03, 0x00, 0x00, 0x00, 0x8e, 0x00, 0x00, 0x00, 0x03, 0x00, 0x00, 0x00, 0x8f, 0x00, 0x00, 0x00,
  0x2f, 0x00, 0x00, 0x00, 0x90, 0x00, 0x00, 0x00, 0x08, 0x00, 0x00, 0x00, 0x91, 0x00, 0x00, 0x00,
  0x02, 0x00, 0x00, 0x00, 0x02, 0x00, 0x00, 0x00, 0x00, 0x00, 0x00, 0x00, 0x00, 0x00, 0x00, 0x00,
  0x00, 0x01, 0x04, 0x00, 0x00, 0x00, 0x70, 0x75, 0x73, 0x68, 0x06, 0x00, 0x00, 0x00, 0x72, 0x65,
  0x70, 0x65, 0x61, 0x74, 0x02, 0x02, 0x00, 0x00, 0x00, 0x24, 0x00, 0x00, 0x00, 0x28, 0x00, 0x00,
  0x00, 0x00, 0x00, 0x07, 0x02, 0x1f, 0x00, 0x00, 0x01, 0x2a, 0x04, 0x00, 0x0d, 0x07, 0x03, 0x07,
  0x01, 0x24, 0x00, 0x02, 0x01, 0x04, 0x04, 0x22, 0x00, 0x11, 0x04, 0x04, 0x07, 0x03, 0x27, 0x01,
  0x27, 0x04, 0x00, 0x00, 0x00, 0x94, 0x00, 0x00, 0x00, 0x03, 0x00, 0x00, 0x00, 0x95, 0x00, 0x00,
  0x00, 0x1c, 0x00, 0x00, 0x00, 0x96, 0x00, 0x00, 0x00, 0x03, 0x00, 0x00, 0x00, 0x97, 0x00, 0x00,
  0x00, 0x02, 0x00, 0x00, 0x00, 0x03, 0x00, 0x00, 0x00, 0x00, 0x00, 0x00, 0x00, 0x00, 0x00, 0x00,
  0x00, 0x00, 0x00, 0x00, 0x00, 0x00, 0x00, 0x00, 0x00, 0x00, 0x00, 0x01, 0x04, 0x00, 0x00, 0x00,
  0x70, 0x75, 0x73, 0x68, 0xff, 0xff, 0xff, 0xff, 0x00, 0x00, 0x00, 0x00, 0x01, 0x7a, 0x00, 0x00,
  0x00, 0x25, 0x00, 0x01, 0x0a, 0x00, 0x00, 0x25, 0x00, 0x03, 0x0a, 0x00, 0x02, 0x25, 0x00, 0x05,
  0x0a, 0x00, 0x04, 0x25, 0x00, 0x07, 0x0a, 0x00, 0x06, 0x25, 0x00, 0x09, 0x0a, 0x00, 0x08, 0x25,
  0x00, 0x0b, 0x0a, 0x00, 0x0a, 0x25, 0x00, 0x0d, 0x0a, 0x00, 0x0c, 0x25, 0x00, 0x0f, 0x0a, 0x00,
  0x0e, 0x25, 0x00, 0x11, 0x0a, 0x00, 0x10, 0x25, 0x00, 0x13, 0x0a, 0x00, 0x12, 0x25, 0x00, 0x15,
  0x0a, 0x00, 0x14, 0x25, 0x00, 0x17, 0x0a, 0x00, 0x16, 0x25, 0x00, 0x19, 0x0a, 0x00, 0x18, 0x25,
  0x00, 0x1b, 0x0a, 0x00, 0x1a, 0x25, 0x00, 0x1d, 0x0a, 0x00, 0x1c, 0x25, 0x00, 0x1f, 0x0a, 0x00,
  0x1e, 0x25, 0x00, 0x21, 0x0a, 0x00, 0x20, 0x25, 0x00, 0x23, 0x0a, 0x00, 0x22, 0x25, 0x00, 0x25,
  0x0a, 0x00, 0x24, 0x25, 0x00, 0x27, 0x0a, 0x00, 0x26, 0x01, 0x27, 0x14, 0x00, 0x00, 0x00, 0x0c,
  0x00, 0x00, 0x00, 0x06, 0x00, 0x00, 0x00, 0x13, 0x00, 0x00, 0x00, 0x06, 0x00, 0x00, 0x00, 0x19,
  0x00, 0x00, 0x00, 0x06, 0x00, 0x00, 0x00, 0x1f, 0x00, 0x00, 0x00, 0x06, 0x00, 0x00, 0x00, 0x25,
  0x00, 0x00, 0x00, 0x06, 0x00, 0x00, 0x00, 0x2c, 0x00, 0x00, 0x00, 0x06, 0x00, 0x00, 0x00, 0x33,
  0x00, 0x00, 0x00, 0x06, 0x00, 0x00, 0x00, 0x39, 0x00, 0x00, 0x00, 0x06, 0x00, 0x00, 0x00, 0x3b,
  0x00, 0x00, 0x00, 0x06, 0x00, 0x00, 0x00, 0x3c, 0x00, 0x00, 0x00, 0x06, 0x00, 0x00, 0x00, 0x3e,
  0x00, 0x00, 0x00, 0x06, 0x00, 0x00, 0x00, 0x47, 0x00, 0x00, 0x00, 0x06, 0x00, 0x00, 0x00, 0x53,
  0x00, 0x00, 0x00, 0x06, 0x00, 0x00, 0x00, 0x65, 0x00, 0x00, 0x00, 0x06, 0x00, 0x00, 0x00, 0x70,
  0x00, 0x00, 0x00, 0x06, 0x00, 0x00, 0x00, 0x7b, 0x00, 0x00, 0x00, 0x06, 0x00, 0x00, 0x00, 0x82,
  0x00, 0x00, 0x00, 0x06, 0x00, 0x00, 0x00, 0x89, 0x00, 0x00, 0x00, 0x06, 0x00, 0x00, 0x00, 0x91,
  0x00, 0x00, 0x00, 0x06, 0x00, 0x00, 0x00, 0x97, 0x00, 0x00, 0x00, 0x08, 0x00, 0x00, 0x00, 0x28,
  0x00, 0x00, 0x00, 0x01, 0x09, 0x00, 0x00, 0x00, 0x65, 0x6e, 0x75, 0x6d, 0x65, 0x72, 0x61, 0x74,
  0x65, 0x02, 0x00, 0x00, 0x00, 0x00, 0x01, 0x03, 0x00, 0x00, 0x00, 0x7a, 0x69, 0x70, 0x02, 0x01,
  0x00, 0x00, 0x00, 0x01, 0x03, 0x00, 0x00, 0x00, 0x73, 0x75, 0x6d, 0x02, 0x02, 0x00, 0x00, 0x00,
  0x01, 0x07, 0x00, 0x00, 0x00, 0x70, 0x72, 0x6f, 0x64, 0x75, 0x63, 0x74, 0x02, 0x03, 0x00, 0x00,
  0x00, 0x01, 0x05, 0x00, 0x00, 0x00, 0x63, 0x6f, 0x75, 0x6e, 0x74, 0x02, 0x04, 0x00, 0x00, 0x00,
  0x01, 0x03, 0x00, 0x00, 0x00, 0x61, 0x6e, 0x79, 0x02, 0x05, 0x00, 0x00, 0x00, 0x01, 0x03, 0x00,
  0x00, 0x00, 0x61, 0x6c, 0x6c, 0x02, 0x06, 0x00, 0x00, 0x00, 0x01, 0x04, 0x00, 0x00, 0x00, 0x66,
  0x69, 0x6e, 0x64, 0x02, 0x07, 0x00, 0x00, 0x00, 0x01, 0x04, 0x00, 0x00, 0x00, 0x74, 0x61, 0x6b,
  0x65, 0x02, 0x08, 0x00, 0x00, 0x00, 0x01, 0x04, 0x00, 0x00, 0x00, 0x73, 0x6b, 0x69, 0x70, 0x02,
  0x09, 0x00, 0x00, 0x00, 0x01, 0x07, 0x00, 0x00, 0x00, 0x72, 0x65, 0x76, 0x65, 0x72, 0x73, 0x65,
  0x02, 0x0a, 0x00, 0x00, 0x00, 0x01, 0x07, 0x00, 0x00, 0x00, 0x66, 0x6c, 0x61, 0x74, 0x74, 0x65,
  0x6e, 0x02, 0x0b, 0x00, 0x00, 0x00, 0x01, 0x06, 0x00, 0x00, 0x00, 0x63, 0x68, 0x75, 0x6e, 0x6b,
  0x73, 0x02, 0x0c, 0x00, 0x00, 0x00, 0x01, 0x06, 0x00, 0x00, 0x00, 0x75, 0x6e, 0x69, 0x71, 0x75,
  0x65, 0x02, 0x0d, 0x00, 0x00, 0x00, 0x01, 0x08, 0x00, 0x00, 0x00, 0x67, 0x72, 0x6f, 0x75, 0x70,
  0x5f, 0x62, 0x79, 0x02, 0x0e, 0x00, 0x00, 0x00, 0x01, 0x07, 0x00, 0x00, 0x00, 0x73, 0x6f, 0x72,
  0x74, 0x5f, 0x62, 0x79, 0x02, 0x10, 0x00, 0x00, 0x00, 0x01, 0x06, 0x00, 0x00, 0x00, 0x6d, 0x69,
  0x6e, 0x5f, 0x62, 0x79, 0x02, 0x11, 0x00, 0x00, 0x00, 0x01, 0x06, 0x00, 0x00, 0x00, 0x6d, 0x61,
  0x78, 0x5f, 0x62, 0x79, 0x02, 0x12, 0x00, 0x00, 0x00, 0x01, 0x09, 0x00, 0x00, 0x00, 0x70, 0x61,
  0x72, 0x74, 0x69, 0x74, 0x69, 0x6f, 0x6e, 0x02, 0x13, 0x00, 0x00, 0x00, 0x01, 0x06, 0x00, 0x00,
  0x00, 0x72, 0x65, 0x70, 0x65, 0x61, 0x74, 0x02, 0x14, 0x00, 0x00, 0x00, 0x98, 0xcd, 0xe7, 0x6e,
};

/* std/lex */
static const unsigned char embedded_8[] = {
  0x7f, 0x46, 0x58, 0x43, 0x01, 0x00, 0x01, 0x00, 0x00, 0x00, 0x00, 0x00, 0x05, 0x00, 0x00, 0x00,
  0x31, 0x2e, 0x30, 0x2e, 0x30, 0x06, 0x00, 0x00, 0x00, 0x6c, 0x65, 0x78, 0x2e, 0x66, 0x78, 0x07,
  0x00, 0x00, 0x00, 0x09, 0x00, 0x00, 0x00, 0x5f, 0x69, 0x73, 0x5f, 0x64, 0x69, 0x67, 0x69, 0x74,
  0x01, 0x01, 0x00, 0x00, 0x00, 0x15, 0x00, 0x00, 0x00, 0x07, 0x01, 0x00, 0x00, 0x00, 0x15, 0x1d,
  0x21, 0x00, 0x08, 0x04, 0x07, 0x01, 0x00, 0x00, 0x01, 0x14, 0x1d, 0x27, 0x01, 0x27, 0x01, 0x00,
  0x00, 0x00, 0x16, 0x00, 0x00, 0x00, 0x15, 0x00, 0x00, 0x00, 0x02, 0x00, 0x00, 0x00, 0x01, 0x01,
  0x00, 0x00, 0x00, 0x30, 0x01, 0x01, 0x00, 0x00, 0x00, 0x39, 0x07, 0x00, 0x00, 0x00, 0x5f, 0x69,
  0x73, 0x5f, 0x68, 0x65, 0x78, 0x01, 0x01, 0x00, 0x00, 0x00, 0x3c, 0x00, 0x00, 0x00, 0x09, 0x00,
  0x00, 0x07, 0x01, 0x23, 0x01, 0x21, 0x00, 0x03, 0x20, 0x00, 0x13, 0x04, 0x07, 0x01, 0x00, 0x00,
  0x01, 0x15, 0x1d, 0x21, 0x00, 0x08, 0x04, 0x07, 0x01, 0x00, 0x00, 0x02, 0x14, 0x1d, 0x21, 0x00,
  0x03, 0x20, 0x00, 0x13, 0x04, 0x07, 0x01, 0x00, 0x00, 0x03, 0x15, 0x1d, 0x21, 0x00, 0x08, 0x04,
  0x07, 0x01, 0x00, 0x00, 0x04, 0x14, 0x1d, 0x27, 0x01, 0x27, 0x01, 0x00, 0x00, 0x00, 0x17, 0x00,
  0x00, 0x00, 0x3c, 0x00, 0x00, 0x00, 0x05, 0x00, 0x00, 0x00, 0x01, 0x09, 0x00, 0x00, 0x00, 0x5f,
  0x69, 0x73, 0x5f, 0x64, 0x69, 0x67, 0x69, 0x74, 0x01, 0x01, 0x00, 0x00, 0x00, 0x61, 0x01, 0x01,
  0x00, 0x00, 0x00, 0x66, 0x01, 0x01, 0x00, 0x00, 0x00, 0x41, 0x01, 0x01, 0x00, 0x00, 0x00, 0x46,
  0x09, 0x00, 0x00, 0x00, 0x5f, 0x69, 0x73, 0x5f, 0x61, 0x6c, 0x70, 0x68, 0x61, 0x01, 0x01, 0x00,
  0x00, 0x00, 0x48, 0x00, 0x00, 0x00, 0x07, 0x01, 0x00, 0x00, 0x00, 0x15, 0x1d, 0x21, 0x00, 0x08,
  0x04, 0x07, 0x01, 0x00, 0x00, 0x01, 0x14, 0x1d, 0x21, 0x00, 0x03, 0x20, 0x00, 0x13, 0x04, 0x07,
  0x01, 0x00, 0x00, 0x02, 0x15, 0x1d, 0x21, 0x00, 0x08, 0x04, 0x07, 0x01, 0x00, 0x00, 0x03, 0x14,
  0x1d, 0x21, 0x00, 0x03, 0x20, 0x00, 0x07, 0x04, 0x07, 0x01, 0x00, 0x00, 0x04, 0x13, 0x21, 0x00,
  0x03, 0x20, 0x00, 0x07, 0x04, 0x07, 0x01, 0x00, 0x00, 0x05, 0x14, 0x27, 0x01, 0x27, 0x01, 0x00,
  0x00, 0x00, 0x19, 0x00, 0x00, 0x00, 0x48, 0x00, 0x00, 0x00, 0x06, 0x00, 0x00, 0x00, 0x01, 0x01,
  0x00, 0x00, 0x00, 0x61, 0x01, 0x01, 0x00, 0x00, 0x00, 0x7a, 0x01, 0x01, 0x00, 0x00, 0x00, 0x41,
  0x01, 0x01, 0x00, 0x00, 0x00, 0x5a, 0x01, 0x01, 0x00, 0x00, 0x00, 0x5f, 0x01, 0x01, 0x00, 0x00,
  0x00, 0x7e, 0x0c, 0x00, 0x00, 0x00, 0x5f, 0x73, 0x63, 0x61, 0x6e, 0x5f, 0x6e, 0x75, 0x6d, 0x62,
  0x65, 0x72, 0x03, 0x03, 0x00, 0x00, 0x00, 0xe3, 0x01, 0x00, 0x00, 0x07, 0x01, 0x07, 0x02, 0x10,
  0x00, 0x00, 0x00, 0x13, 0x21, 0x00, 0x0a, 0x04, 0x07, 0x02, 0x00, 0x00, 0x01, 0x16, 0x07, 0x03,
  0x15, 0x21, 0x00, 0x22, 0x04, 0x07, 0x01, 0x07, 0x02, 0x00, 0x00, 0x02, 0x16, 0x10, 0x00, 0x00,
  0x03, 0x13, 0x21, 0x00, 0x03, 0x20, 0x00, 0x0e, 0x04, 0x07, 0x01, 0x07, 0x02, 0x00, 0x00, 0x04,
  0x16, 0x10, 0x00, 0x00, 0x05, 0x13, 0x21, 0x00, 0x0f, 0x04, 0x09, 0x00, 0x06, 0x07, 0x01, 0x07,
  0x02, 0x00, 0x00, 0x07, 0x16, 0x10, 0x23, 0x01, 0x21, 0x00, 0x44, 0x04, 0x07, 0x02, 0x00, 0x00,
  0x08, 0x16, 0x08, 0x02, 0x04, 0x07, 0x02, 0x07, 0x03, 0x15, 0x21, 0x00, 0x1b, 0x04, 0x09, 0x00,
  0x06, 0x07, 0x01, 0x07, 0x02, 0x10, 0x23, 0x01, 0x21, 0x00, 0x03, 0x20, 0x00, 0x0a, 0x04, 0x07,
  0x01, 0x07, 0x02, 0x10, 0x00, 0x00, 0x09, 0x13, 0x21, 0x00, 0x0d, 0x04, 0x07, 0x02, 0x00, 0x00,
  0x0a, 0x16, 0x08, 0x02, 0x04, 0x22, 0x00, 0x33, 0x04, 0x07, 0x02, 0x27, 0x20, 0x00, 0x01, 0x04,
  0x07, 0x02, 0x07, 0x03, 0x15, 0x21, 0x00, 0x1b, 0x04, 0x09, 0x00, 0x0b, 0x07, 0x01, 0x07, 0x02,
  0x10, 0x23, 0x01, 0x21, 0x00, 0x03, 0x20, 0x00, 0x0a, 0x04, 0x07, 0x01, 0x07, 0x02, 0x10, 0x00,
  0x00, 0x0c, 0x13, 0x21, 0x00, 0x0d, 0x04, 0x07, 0x02, 0x00, 0x00, 0x0d, 0x16, 0x08, 0x02, 0x04,
  0x22, 0x00, 0x33, 0x04, 0x07, 0x02, 0x00, 0x00, 0x0e, 0x16, 0x07, 0x03, 0x15, 0x21, 0x00, 0x0a,
  0x04, 0x07, 0x01, 0x07, 0x02, 0x10, 0x00, 0x00, 0x0f, 0x13, 0x21, 0x00, 0x0f, 0x04, 0x09, 0x00,
  0x0b, 0x07, 0x01, 0x07, 0x02, 0x00, 0x00, 0x10, 0x16, 0x10, 0x23, 0x01, 0x21, 0x00, 0x41, 0x04,
  0x07, 0x02, 0x00, 0x00, 0x11, 0x16, 0x08, 0x02, 0x04, 0x07, 0x02, 0x07, 0x03, 0x15, 0x21, 0x00,
  0x1b, 0x04, 0x09, 0x00, 0x0b, 0x07, 0x01, 0x07, 0x02, 0x10, 0x23, 0x01, 0x21, 0x00, 0x03, 0x20,
  0x00, 0x0a, 0x04, 0x07, 0x01, 0x07, 0x02, 0x10, 0x00, 0x00, 0x12, 0x13, 0x21, 0x00, 0x0d, 0x04,
  0x07, 0x02, 0x00, 0x00, 0x13, 0x16, 0x08, 0x02, 0x04, 0x22, 0x00, 0x33, 0x04, 0x20, 0x00, 0x01,
  0x04, 0x07, 0x02, 0x07, 0x03, 0x15, 0x21, 0x00, 0x1a, 0x04, 0x07, 0x01, 0x07, 0x02, 0x10, 0x00,
  0x00, 0x14, 0x13, 0x21, 0x00, 0x03, 0x20, 0x00, 0x0a, 0x04, 0x07, 0x01, 0x07, 0x02, 0x10, 0x00,
  0x00, 0x15, 0x13, 0x21, 0x00, 0x82, 0x04, 0x07, 0x02, 0x00, 0x00, 0x16, 0x16, 0x07, 0x04, 0x07,
  0x03, 0x15, 0x21, 0x00, 0x1a, 0x04, 0x07, 0x01, 0x07, 0x04, 0x10, 0x00, 0x00, 0x17, 0x13, 0x21,
  0x00, 0x03, 0x20, 0x00, 0x0a, 0x04, 0x07, 0x01, 0x07, 0x04, 0x10, 0x00, 0x00, 0x18, 0x13, 0x21,
  0x00, 0x0d, 0x04, 0x07, 0x04, 0x00, 0x00, 0x19, 0x16, 0x08, 0x04, 0x04, 0x20, 0x00, 0x01, 0x04,
  0x07, 0x04, 0x07, 0x03, 0x15, 0x21, 0x00, 0x0b, 0x04, 0x09, 0x00, 0x0b, 0x07, 0x01, 0x07, 0x04,
  0x10, 0x23, 0x01, 0x21, 0x00, 0x2d, 0x04, 0x07, 0x04, 0x08, 0x02, 0x04, 0x07, 0x02, 0x07, 0x03,
  0x15, 0x21, 0x00, 0x0b, 0x04, 0x09, 0x00, 0x0b, 0x07, 0x01, 0x07, 0x02, 0x10, 0x23, 0x01, 0x21,
  0x00, 0x0d, 0x04, 0x07, 0x02, 0x00, 0x00, 0x1a, 0x16, 0x08, 0x02, 0x04, 0x22, 0x00, 0x23, 0x04,
  0x20, 0x00, 0x01, 0x04, 0x04, 0x20, 0x00, 0x01, 0x04, 0x07, 0x02, 0x27, 0x01, 0x27, 0x14, 0x00,
  0x00, 0x00, 0x1c, 0x00, 0x00, 0x00, 0x51, 0x00, 0x00, 0x00, 0x1d, 0x00, 0x00, 0x00, 0x09, 0x00,
  0x00, 0x00, 0x1e, 0x00, 0x00, 0x00, 0x34, 0x00, 0x00, 0x00, 0x1f, 0x00, 0x00, 0x00, 0x03, 0x00,
  0x00, 0x00, 0x20, 0x00, 0x00, 0x00, 0x04, 0x00, 0x00, 0x00, 0x21, 0x00, 0x00, 0x00, 0x34, 0x00,
  0x00, 0x00, 0x22, 0x00, 0x00, 0x00, 0x2c, 0x00, 0x00, 0x00, 0x23, 0x00, 0x00, 0x00, 0x09, 0x00,
  0x00, 0x00, 0x24, 0x00, 0x00, 0x00, 0x34, 0x00, 0x00, 0x00, 0x25, 0x00, 0x00, 0x00, 0x04, 0x00,
  0x00, 0x00, 0x26, 0x00, 0x00, 0x00, 0x26, 0x00, 0x00, 0x00, 0x27, 0x00, 0x00, 0x00, 0x06, 0x00,
  0x00, 0x00, 0x28, 0x00, 0x00, 0x00, 0x33, 0x00, 0x00, 0x00, 0x29, 0x00, 0x00, 0x00, 0x17, 0x00,
  0x00, 0x00, 0x2a, 0x00, 0x00, 0x00, 0x05, 0x00, 0x00, 0x00, 0x2b, 0x00, 0x00, 0x00, 0x24, 0x00,
  0x00, 0x00, 0x2c, 0x00, 0x00, 0x00, 0x04, 0x00, 0x00, 0x00, 0x2d, 0x00, 0x00, 0x00, 0x05, 0x00,
  0x00, 0x00, 0x2e, 0x00, 0x00, 0x00, 0x03, 0x00, 0x00, 0x00, 0x2f, 0x00, 0x00, 0x00, 0x02, 0x00,
  0x00, 0x00, 0x1b, 0x00, 0x00, 0x00, 0x01, 0x01, 0x00, 0x00, 0x00, 0x30, 0x00, 0x00, 0x00, 0x00,
  0x00, 0x00, 0x00, 0x00, 0x40, 0x00, 0x00, 0x00, 0x00, 0x00, 0x00, 0x00, 0xf0, 0x3f, 0x01, 0x01,
  0x00, 0x00, 0x00, 0x78, 0x00, 0x00, 0x00, 0x00, 0x00, 0x00, 0x00, 0xf0, 0x3f, 0x01, 0x01, 0x00,
  0x00, 0x00, 0x58, 0x01, 0x07, 0x00, 0x00, 0x00, 0x5f, 0x69, 0x73, 0x5f, 0x68, 0x65, 0x78, 0x00,
  0x00, 0x00, 0x00, 0x00, 0x00, 0x00, 0x00, 0x40, 0x00, 0x00, 0x00, 0x00, 0x00, 0x00, 0x00, 0x00,
  0x40, 0x01, 0x01, 0x00, 0x00, 0x00, 0x5f, 0x00, 0x00, 0x00, 0x00, 0x00, 0x00, 0x00, 0xf0, 0x3f,
  0x01, 0x09, 0x00, 0x00, 0x00, 0x5f, 0x69, 0x73, 0x5f, 0x64, 0x69, 0x67, 0x69, 0x74, 0x01, 0x01,
  0x00, 0x00, 0x00, 0x5f, 0x00, 0x00, 0x00, 0x00, 0x00, 0x00, 0x00, 0xf0, 0x3f, 0x00, 0x00, 0x00,
  0x00, 0x00, 0x00, 0x00, 0xf0, 0x3f, 0x01, 0x01, 0x00, 0x00, 0x00, 0x2e, 0x00, 0x00, 0x00, 0x00,
  0x00, 0x00, 0x00, 0xf0, 0x3f, 0x00, 0x00, 0x00, 0x00, 0x00, 0x00, 0x00, 0xf0, 0x3f, 0x01, 0x01,
  0x00, 0x00, 0x00, 0x5f, 0x00, 0x00, 0x00, 0x00, 0x00, 0x00, 0x00, 0xf0, 0x3f, 0x01, 0x01, 0x00,
  0x00, 0x00, 0x65, 0x01, 0x01, 0x00, 0x00, 0x00, 0x45, 0x00, 0x00, 0x00, 0x00, 0x00, 0x00, 0x00,
  0xf0, 0x3f, 0x01, 0x01, 0x00, 0x00, 0x00, 0x2d, 0x01, 0x01, 0x00, 0x00, 0x00, 0x2b, 0x00, 0x00,
  0x00, 0x00, 0x00, 0x00, 0x00, 0xf0, 0x3f, 0x00, 0x00, 0x00, 0x00, 0x00, 0x00, 0x00, 0xf0, 0x3f,
  0x0c, 0x00, 0x00, 0x00, 0x5f, 0x73, 0x63, 0x61, 0x6e, 0x5f, 0x73, 0x74, 0x72, 0x69, 0x6e, 0x67,
  0x04, 0x04, 0x00, 0x00, 0x00, 0x45, 0x01, 0x00, 0x00, 0x07, 0x01, 0x07, 0x02, 0x10, 0x07, 0x02,
  0x00, 0x00, 0x00, 0x16, 0x08, 0x02, 0x04, 0x00, 0x00, 0x01, 0x09, 0x00, 0x02, 0x03, 0x0f, 0x00,
  0x03, 0x04, 0x07, 0x02, 0x07, 0x03, 0x15, 0x21, 0x01, 0x16, 0x04, 0x07, 0x01, 0x07, 0x02, 0x10,
  0x07, 0x07, 0x07, 0x05, 0x13, 0x21, 0x00, 0x07, 0x04, 0x07, 0x06, 0x00, 0x00, 0x04, 0x13, 0x21,
  0x00, 0x0b, 0x04, 0x07, 0x02, 0x00, 0x00, 0x05, 0x16, 0x27, 0x20, 0x00, 0x01, 0x04, 0x07, 0x07,
  0x00, 0x00, 0x06, 0x13, 0x21, 0x00, 0x0a, 0x04, 0x07, 0x02, 0x00, 0x00, 0x07, 0x16, 0x07, 0x03,
  0x15, 0x21, 0x00, 0x11, 0x04, 0x07, 0x02, 0x00, 0x00, 0x08, 0x16, 0x08, 0x02, 0x04, 0x04, 0x22,
  0x00, 0x50, 0x20, 0x00, 0x01, 0x04, 0x07, 0x04, 0x21, 0x00, 0xb7, 0x04, 0x07, 0x07, 0x00, 0x00,
  0x09, 0x13, 0x21, 0x00, 0x0d, 0x04, 0x07, 0x06, 0x00, 0x00, 0x0a, 0x16, 0x08, 0x06, 0x04, 0x20,
  0x00, 0x9d, 0x04, 0x07, 0x07, 0x00, 0x00, 0x0b, 0x13, 0x21, 0x00, 0x07, 0x04, 0x07, 0x06, 0x00,
  0x00, 0x0c, 0x14, 0x21, 0x00, 0x0d, 0x04, 0x07, 0x06, 0x00, 0x00, 0x0d, 0x17, 0x08, 0x06, 0x04,
  0x20, 0x00, 0x7c, 0x04, 0x07, 0x07, 0x00, 0x00, 0x0e, 0x13, 0x21, 0x00, 0x03, 0x20, 0x00, 0x07,
  0x04, 0x07, 0x07, 0x00, 0x00, 0x0f, 0x13, 0x21, 0x00, 0x07, 0x04, 0x07, 0x06, 0x00, 0x00, 0x10,
  0x14, 0x21, 0x00, 0x5a, 0x04, 0x07, 0x07, 0x07, 0x02, 0x00, 0x00, 0x11, 0x16, 0x08, 0x02, 0x04,
  0x07, 0x02, 0x07, 0x03, 0x15, 0x21, 0x00, 0x0a, 0x04, 0x07, 0x01, 0x07, 0x02, 0x10, 0x07, 0x08,
  0x13, 0x1d, 0x21, 0x00, 0x34, 0x04, 0x07, 0x01, 0x07, 0x02, 0x10, 0x00, 0x00, 0x12, 0x13, 0x21,
  0x00, 0x0a, 0x04, 0x07, 0x02, 0x00, 0x00, 0x13, 0x16, 0x07, 0x03, 0x15, 0x21, 0x00, 0x0d, 0x04,
  0x07, 0x02, 0x00, 0x00, 0x14, 0x16, 0x08, 0x02, 0x04, 0x20, 0x00, 0x01, 0x04, 0x07, 0x02, 0x00,
  0x00, 0x15, 0x16, 0x08, 0x02, 0x04, 0x22, 0x00, 0x49, 0x04, 0x04, 0x20, 0x00, 0x01, 0x04, 0x20,
  0x00, 0x01, 0x04, 0x07, 0x02, 0x00, 0x00, 0x16, 0x16, 0x08, 0x02, 0x04, 0x04, 0x22, 0x01, 0x1e,
  0x04, 0x09, 0x00, 0x02, 0x02, 0x0f, 0x00, 0x03, 0x04, 0x07, 0x03, 0x27, 0x01, 0x27, 0x1c, 0x00,
  0x00, 0x00, 0x36, 0x00, 0x00, 0x00, 0x05, 0x00, 0x00, 0x00, 0x37, 0x00, 0x00, 0x00, 0x09, 0x00,
  0x00, 0x00, 0x38, 0x00, 0x00, 0x00, 0x03, 0x00, 0x00, 0x00, 0x39, 0x00, 0x00, 0x00, 0x08, 0x00,
  0x00, 0x00, 0x3a, 0x00, 0x00, 0x00, 0x09, 0x00, 0x00, 0x00, 0x3b, 0x00, 0x00, 0x00, 0x05, 0x00,
  0x00, 0x00, 0x3c, 0x00, 0x00, 0x00, 0x1e, 0x00, 0x00, 0x00, 0x3d, 0x00, 0x00, 0x00, 0x17, 0x00,
  0x00, 0x00, 0x3e, 0x00, 0x00, 0x00, 0x09, 0x00, 0x00, 0x00, 0x3f, 0x00, 0x00, 0x00, 0x04, 0x00,
  0x00, 0x00, 0x40, 0x00, 0x00, 0x00, 0x04, 0x00, 0x00, 0x00, 0x41, 0x00, 0x00, 0x00, 0x06, 0x00,
  0x00, 0x00, 0x42, 0x00, 0x00, 0x00, 0x17, 0x00, 0x00, 0x00, 0x43, 0x00, 0x00, 0x00, 0x21, 0x00,
  0x00, 0x00, 0x44, 0x00, 0x00, 0x00, 0x21, 0x00, 0x00, 0x00, 0x45, 0x00, 0x00, 0x00, 0x02, 0x00,
  0x00, 0x00, 0x46, 0x00, 0x00, 0x00, 0x09, 0x00, 0x00, 0x00, 0x47, 0x00, 0x00, 0x00, 0x16, 0x00,
  0x00, 0x00, 0x48, 0x00, 0x00, 0x00, 0x27, 0x00, 0x00, 0x00, 0x49, 0x00, 0x00, 0x00, 0x09, 0x00,
  0x00, 0x00, 0x4a, 0x00, 0x00, 0x00, 0x04, 0x00, 0x00, 0x00, 0x4b, 0x00, 0x00, 0x00, 0x05, 0x00,
  0x00, 0x00, 0x4c, 0x00, 0x00, 0x00, 0x04, 0x00, 0x00, 0x00, 0x4d, 0x00, 0x00, 0x00, 0x09, 0x00,
  0x00, 0x00, 0x4e, 0x00, 0x00, 0x00, 0x05, 0x00, 0x00, 0x00, 0x4f, 0x00, 0x00, 0x00, 0x08, 0x00,
  0x00, 0x00, 0x50, 0x00, 0x00, 0x00, 0x03, 0x00, 0x00, 0x00, 0x51, 0x00, 0x00, 0x00, 0x02, 0x00,
  0x00, 0x00, 0x17, 0x00, 0x00, 0x00, 0x00, 0x00, 0x00, 0x00, 0x00, 0x00, 0x00, 0xf0, 0x3f, 0x00,
  0x00, 0x00, 0x00, 0x00, 0x00, 0x00, 0x00, 0x00, 0x01, 0x05, 0x00, 0x00, 0x00, 0x5f, 0x73, 0x63,
  0x61, 0x6e, 0x01, 0x0c, 0x00, 0x00, 0x00, 0x75, 0x6e, 0x74, 0x65, 0x72, 0x6d, 0x69, 0x6e, 0x61,
  0x74, 0x65, 0x64, 0x00, 0x00, 0x00, 0x00, 0x00, 0x00, 0x00, 0x00, 0x00, 0x00, 0x00, 0x00, 0x00,
  0x00, 0x00, 0x00, 0xf0, 0x3f, 0x01, 0x01, 0x00, 0x00, 0x00, 0x5c, 0x00, 0x00, 0x00, 0x00, 0x00,
  0x00, 0x00, 0xf0, 0x3f, 0x00, 0x00, 0x00, 0x00, 0x00, 0x00, 0x00, 0x00, 0x40, 0x01, 0x01, 0x00,
  0x00, 0x00, 0x7b, 0x00, 0x00, 0x00, 0x00, 0x00, 0x00, 0x00, 0xf0, 0x3f, 0x01, 0x01, 0x00, 0x00,
  0x00, 0x7d, 0x00, 0x00, 0x00, 0x00, 0x00, 0x00, 0x00, 0x00, 0x00, 0x00, 0x00, 0x00, 0x00, 0x00,
  0x00, 0x00, 0xf0, 0x3f, 0x01, 0x01, 0x00, 0x00, 0x00, 0x22, 0x01, 0x01, 0x00, 0x00, 0x00, 0x27,
  0x00, 0x00, 0x00, 0x00, 0x00, 0x00, 0x00, 0x00, 0x00, 0x00, 0x00, 0x00, 0x00, 0x00, 0x00, 0x00,
  0xf0, 0x3f, 0x01, 0x01, 0x00, 0x00, 0x00, 0x5c, 0x00, 0x00, 0x00, 0x00, 0x00, 0x00, 0x00, 0xf0,
  0x3f, 0x00, 0x00, 0x00, 0x00, 0x00, 0x00, 0x00, 0xf0, 0x3f, 0x00, 0x00, 0x00, 0x00, 0x00, 0x00,
  0x00, 0xf0, 0x3f, 0x00, 0x00, 0x00, 0x00, 0x00, 0x00, 0x00, 0xf0, 0x3f, 0x08, 0x00, 0x00, 0x00,
  0x74, 0x6f, 0x6b, 0x65, 0x6e, 0x69, 0x7a, 0x65, 0x01, 0x01, 0x00, 0x00, 0x00, 0x7a, 0x03, 0x00,
  0x00, 0x28, 0x00, 0x00, 0x09, 0x00, 0x00, 0x07, 0x01, 0x23, 0x01, 0x00, 0x00, 0x01, 0x00, 0x00,
  0x02, 0x00, 0x00, 0x03, 0x00, 0x00, 0x04, 0x03, 0x07, 0x04, 0x07, 0x03, 0x15, 0x21, 0x03, 0x1c,
  0x04, 0x07, 0x01, 0x07, 0x04, 0x10, 0x07, 0x09, 0x00, 0x00, 0x05, 0x13, 0x21, 0x00, 0x30, 0x04,
  0x07, 0x07, 0x00, 0x00, 0x06, 0x16, 0x08, 0x07, 0x04, 0x07, 0x05, 0x00, 0x00, 0x07, 0x16, 0x08,
  0x05, 0x04, 0x07, 0x04, 0x00, 0x00, 0x08, 0x16, 0x08, 0x06, 0x04, 0x03, 0x08, 0x08, 0x04, 0x07,
  0x04, 0x00, 0x00, 0x09, 0x16, 0x08, 0x04, 0x04, 0x04, 0x22, 0x00, 0x44, 0x20, 0x00, 0x01, 0x04,
  0x07, 0x09, 0x00, 0x00, 0x0a, 0x13, 0x21, 0x00, 0x03, 0x20, 0x00, 0x07, 0x04, 0x07, 0x09, 0x00,
  0x00, 0x0b, 0x13, 0x21, 0x00, 0x03, 0x20, 0x00, 0x07, 0x04, 0x07, 0x09, 0x00, 0x00, 0x0c, 0x13,
  0x21, 0x00, 0x15, 0x04, 0x02, 0x08, 0x08, 0x04, 0x07, 0x04, 0x00, 0x00, 0x0d, 0x16, 0x08, 0x04,
  0x04, 0x04, 0x22, 0x00, 0x7d, 0x20, 0x00, 0x01, 0x04, 0x07, 0x04, 0x03, 0x00, 0x00, 0x0e, 0x07,
  0x09, 0x00, 0x00, 0x0f, 0x13, 0x21, 0x00, 0x2e, 0x04, 0x00, 0x00, 0x10, 0x08, 0x0c, 0x04, 0x07,
  0x04, 0x07, 0x03, 0x15, 0x21, 0x00, 0x0b, 0x04, 0x07, 0x01, 0x07, 0x04, 0x10, 0x00, 0x00, 0x11,
  0x13, 0x1d, 0x21, 0x00, 0x0d, 0x04, 0x07, 0x04, 0x00, 0x00, 0x12, 0x16, 0x08, 0x04, 0x04, 0x22,
  0x00, 0x23, 0x04, 0x20, 0x01, 0xaa, 0x04, 0x09, 0x00, 0x13, 0x07, 0x09, 0x23, 0x01, 0x21, 0x00,
  0x18, 0x04, 0x00, 0x00, 0x14, 0x08, 0x0c, 0x04, 0x09, 0x00, 0x15, 0x07, 0x01, 0x07, 0x04, 0x07,
  0x03, 0x23, 0x03, 0x08, 0x04, 0x04, 0x20, 0x01, 0x87, 0x04, 0x09, 0x00, 0x16, 0x07, 0x09, 0x23,
  0x01, 0x21, 0x00, 0xb9, 0x04, 0x07, 0x04, 0x00, 0x00, 0x17, 0x16, 0x08, 0x04, 0x04, 0x07, 0x04,
  0x07, 0x03, 0x15, 0x21, 0x00, 0x1c, 0x04, 0x09, 0x00, 0x16, 0x07, 0x01, 0x07, 0x04, 0x10, 0x23,
  0x01, 0x21, 0x00, 0x03, 0x20, 0x00, 0x0b, 0x04, 0x09, 0x00, 0x13, 0x07, 0x01, 0x07, 0x04, 0x10,
  0x23, 0x01, 0x21, 0x00, 0x0d, 0x04, 0x07, 0x04, 0x00, 0x00, 0x18, 0x16, 0x08, 0x04, 0x04, 0x22,
  0x00, 0x34, 0x04, 0x07, 0x01, 0x07, 0x0a, 0x07, 0x04, 0x12, 0x07, 0x0d, 0x00, 0x00, 0x19, 0x13,
  0x21, 0x00, 0x06, 0x04, 0x07, 0x04, 0x07, 0x03, 0x15, 0x21, 0x00, 0x1a, 0x04, 0x07, 0x01, 0x07,
  0x04, 0x10, 0x00, 0x00, 0x1a, 0x13, 0x21, 0x00, 0x03, 0x20, 0x00, 0x0a, 0x04, 0x07, 0x01, 0x07,
  0x04, 0x10, 0x00, 0x00, 0x1b, 0x13, 0x21, 0x00, 0x22, 0x04, 0x00, 0x00, 0x1c, 0x08, 0x0c, 0x04,
  0x09, 0x00, 0x1d, 0x07, 0x01, 0x07, 0x04, 0x07, 0x03, 0x02, 0x23, 0x04, 0x08, 0x04, 0x04, 0x09,
  0x00, 0x1e, 0x0e, 0x00, 0x1f, 0x08, 0x0b, 0x04, 0x20, 0x00, 0x1e, 0x04, 0x09, 0x00, 0x20, 0x07,
  0x0d, 0x24, 0x00, 0x21, 0x01, 0x21, 0x00, 0x0a, 0x04, 0x00, 0x00, 0x22, 0x08, 0x0c, 0x04, 0x20,
  0x00, 0x07, 0x04, 0x00, 0x00, 0x23, 0x08, 0x0c, 0x04, 0x04, 0x20, 0x00, 0xc3, 0x04, 0x07, 0x09,
  0x00, 0x00, 0x24, 0x13, 0x21, 0x00, 0x03, 0x20, 0x00, 0x07, 0x04, 0x07, 0x09, 0x00, 0x00, 0x25,
  0x13, 0x21, 0x00, 0x22, 0x04, 0x00, 0x00, 0x26, 0x08, 0x0c, 0x04, 0x09, 0x00, 0x1d, 0x07, 0x01,
  0x07, 0x04, 0x07, 0x03, 0x03, 0x23, 0x04, 0x08, 0x04, 0x04, 0x09, 0x00, 0x1e, 0x0e, 0x00, 0x1f,
  0x08, 0x0b, 0x04, 0x20, 0x00, 0x8a, 0x04, 0x09, 0x00, 0x27, 0x07, 0x01, 0x07, 0x04, 0x07, 0x04,
  0x00, 0x00, 0x28, 0x16, 0x12, 0x24, 0x00, 0x21, 0x01, 0x21, 0x00, 0x0d, 0x04, 0x07, 0x04, 0x00,
  0x00, 0x29, 0x16, 0x08, 0x04, 0x04, 0x20, 0x00, 0x0a, 0x04, 0x07, 0x04, 0x00, 0x00, 0x2a, 0x16,
  0x08, 0x04, 0x04, 0x07, 0x01, 0x07, 0x0a, 0x07, 0x04, 0x12, 0x09, 0x00, 0x00, 0x07, 0x0d, 0x23,
  0x01, 0x00, 0x00, 0x2b, 0x13, 0x21, 0x00, 0x0a, 0x04, 0x09, 0x00, 0x2c, 0x07, 0x0d, 0x24, 0x00,
  0x21, 0x01, 0x21, 0x00, 0x0a, 0x04, 0x00, 0x00, 0x2d, 0x08, 0x0c, 0x04, 0x20, 0x00, 0x30, 0x04,
  0x09, 0x00, 0x00, 0x07, 0x0d, 0x23, 0x01, 0x00, 0x00, 0x2e, 0x13, 0x21, 0x00, 0x03, 0x20, 0x00,
  0x0a, 0x04, 0x09, 0x00, 0x2f, 0x07, 0x0d, 0x24, 0x00, 0x21, 0x01, 0x21, 0x00, 0x0a, 0x04, 0x00,
  0x00, 0x30, 0x08, 0x0c, 0x04, 0x20, 0x00, 0x07, 0x04, 0x00, 0x00, 0x31, 0x08, 0x0c, 0x04, 0x04,
  0x07, 0x01, 0x07, 0x0a, 0x07, 0x04, 0x12, 0x07, 0x02, 0x00, 0x00, 0x33, 0x07, 0x0c, 0x00, 0x00,
  0x34, 0x07, 0x0d, 0x00, 0x00, 0x35, 0x07, 0x05, 0x00, 0x00, 0x36, 0x07, 0x07, 0x00, 0x00, 0x37,
  0x07, 0x08, 0x00, 0x00, 0x38, 0x07, 0x0a, 0x07, 0x06, 0x17, 0x00, 0x00, 0x39, 0x16, 0x00, 0x00,
  0x3a, 0x07, 0x0a, 0x00, 0x00, 0x3b, 0x07, 0x0b, 0x29, 0x00, 0x08, 0x24, 0x00, 0x32, 0x01, 0x04,
  0x07, 0x0d, 0x00, 0x00, 0x3d, 0x24, 0x00, 0x3c, 0x01, 0x07, 0x0e, 0x00, 0x00, 0x3e, 0x14, 0x21,
  0x00, 0x56, 0x04, 0x07, 0x05, 0x07, 0x0e, 0x16, 0x08, 0x05, 0x04, 0x07, 0x0a, 0x07, 0x0d, 0x00,
  0x00, 0x40, 0x24, 0x00, 0x3f, 0x01, 0x16, 0x00, 0x00, 0x41, 0x16, 0x08, 0x06, 0x04, 0x07, 0x0d,
  0x00, 0x00, 0x42, 0x24, 0x00, 0x3f, 0x01, 0x07, 0x0f, 0x00, 0x00, 0x43, 0x15, 0x1d, 0x21, 0x00,
  0x22, 0x04, 0x07, 0x0a, 0x07, 0x0f, 0x16, 0x00, 0x00, 0x44, 0x16, 0x08, 0x06, 0x04, 0x07, 0x0d,
  0x00, 0x00, 0x45, 0x07, 0x0f, 0x00, 0x00, 0x46, 0x16, 0x24, 0x00, 0x3f, 0x02, 0x08, 0x0f, 0x04,
  0x22, 0x00, 0x2c, 0x04, 0x04, 0x20, 0x00, 0x01, 0x04, 0x00, 0x00, 0x47, 0x08, 0x07, 0x04, 0x03,
  0x08, 0x08, 0x04, 0x04, 0x04, 0x04, 0x04, 0x04, 0x04, 0x22, 0x03, 0x24, 0x04, 0x07, 0x02, 0x00,
  0x00, 0x48, 0x00, 0x00, 0x49, 0x00, 0x00, 0x4a, 0x00, 0x00, 0x4b, 0x00, 0x00, 0x4c, 0x07, 0x05,
  0x00, 0x00, 0x4d, 0x07, 0x07, 0x00, 0x00, 0x4e, 0x03, 0x00, 0x00, 0x4f, 0x07, 0x03, 0x07, 0x06,
  0x17, 0x00, 0x00, 0x50, 0x16, 0x00, 0x00, 0x51, 0x07, 0x03, 0x00, 0x00, 0x52, 0x03, 0x29, 0x00,
  0x08, 0x24, 0x00, 0x32, 0x01, 0x04, 0x07, 0x02, 0x27, 0x01, 0x27, 0x48, 0x00, 0x00, 0x00, 0x54,
  0x00, 0x00, 0x00, 0x03, 0x00, 0x00, 0x00, 0x55, 0x00, 0x00, 0x00, 0x07, 0x00, 0x00, 0x00, 0x56,
  0x00, 0x00, 0x00, 0x03, 0x00, 0x00, 0x00, 0x57, 0x00, 0x00, 0x00, 0x03, 0x00, 0x00, 0x00, 0x58,
  0x00, 0x00, 0x00, 0x03, 0x00, 0x00, 0x00, 0x59, 0x00, 0x00, 0x00, 0x03, 0x00, 0x00, 0x00, 0x5a,
  0x00, 0x00, 0x00, 0x01, 0x00, 0x00, 0x00, 0x5b, 0x00, 0x00, 0x00, 0x09, 0x00, 0x00, 0x00, 0x5c,
  0x00, 0x00, 0x00, 0x05, 0x00, 0x00, 0x00, 0x5d, 0x00, 0x00, 0x00, 0x0a, 0x00, 0x00, 0x00, 0x5e,
  0x00, 0x00, 0x00, 0x09, 0x00, 0x00, 0x00, 0x5f, 0x00, 0x00, 0x00, 0x09, 0x00, 0x00, 0x00, 0x60,
  0x00, 0x00, 0x00, 0x09, 0x00, 0x00, 0x00, 0x61, 0x00, 0x00, 0x00, 0x04, 0x00, 0x00, 0x00, 0x62,
  0x00, 0x00, 0x00, 0x09, 0x00, 0x00, 0x00, 0x63, 0x00, 0x00, 0x00, 0x04, 0x00, 0x00, 0x00, 0x64,
  0x00, 0x00, 0x00, 0x04, 0x00, 0x00, 0x00, 0x65, 0x00, 0x00, 0x00, 0x24, 0x00, 0x00, 0x00, 0x66,
  0x00, 0x00, 0x00, 0x04, 0x00, 0x00, 0x00, 0x67, 0x00, 0x00, 0x00, 0x09, 0x00, 0x00, 0x00, 0x68,
  0x00, 0x00, 0x00, 0x04, 0x00, 0x00, 0x00, 0x69, 0x00, 0x00, 0x00, 0x04, 0x00, 0x00, 0x00, 0x6b,
  0x00, 0x00, 0x00, 0x02, 0x00, 0x00, 0x00, 0x6c, 0x00, 0x00, 0x00, 0x01, 0x00, 0x00, 0x00, 0x6d,
  0x00, 0x00, 0x00, 0x03, 0x00, 0x00, 0x00, 0x6e, 0x00, 0x00, 0x00, 0x0a, 0x00, 0x00, 0x00, 0x6f,
  0x00, 0x00, 0x00, 0x06, 0x00, 0x00, 0x00, 0x70, 0x00, 0x00, 0x00, 0x24, 0x00, 0x00, 0x00, 0x71,
  0x00, 0x00, 0x00, 0x0f, 0x00, 0x00, 0x00, 0x72, 0x00, 0x00, 0x00, 0x06, 0x00, 0x00, 0x00, 0x73,
  0x00, 0x00, 0x00, 0x0e, 0x00, 0x00, 0x00, 0x74, 0x00, 0x00, 0x00, 0x0f, 0x00, 0x00, 0x00, 0x75,
  0x00, 0x00, 0x00, 0x09, 0x00, 0x00, 0x00, 0x76, 0x00, 0x00, 0x00, 0x35, 0x00, 0x00, 0x00, 0x77,
  0x00, 0x00, 0x00, 0x07, 0x00, 0x00, 0x00, 0x78, 0x00, 0x00, 0x00, 0x30, 0x00, 0x00, 0x00, 0x79,
  0x00, 0x00, 0x00, 0x06, 0x00, 0x00, 0x00, 0x7a, 0x00, 0x00, 0x00, 0x0f, 0x00, 0x00, 0x00, 0x7b,
  0x00, 0x00, 0x00, 0x09, 0x00, 0x00, 0x00, 0x7c, 0x00, 0x00, 0x00, 0x11, 0x00, 0x00, 0x00, 0x7d,
  0x00, 0x00, 0x00, 0x06, 0x00, 0x00, 0x00, 0x7e, 0x00, 0x00, 0x00, 0x04, 0x00, 0x00, 0x00, 0x7f,
  0x00, 0x00, 0x00, 0x06, 0x00, 0x00, 0x00, 0x81, 0x00, 0x00, 0x00, 0x1c, 0x00, 0x00, 0x00, 0x82,
  0x00, 0x00, 0x00, 0x06, 0x00, 0x00, 0x00, 0x83, 0x00, 0x00, 0x00, 0x0f, 0x00, 0x00, 0x00, 0x84,
  0x00, 0x00, 0x00, 0x09, 0x00, 0x00, 0x00, 0x85, 0x00, 0x00, 0x00, 0x04, 0x00, 0x00, 0x00, 0x86,
  0x00, 0x00, 0x00, 0x2c, 0x00, 0x00, 0x00, 0x87, 0x00, 0x00, 0x00, 0x07, 0x00, 0x00, 0x00, 0x88,
  0x00, 0x00, 0x00, 0x26, 0x00, 0x00, 0x00, 0x89, 0x00, 0x00, 0x00, 0x29, 0x00, 0x00, 0x00, 0x8a,
  0x00, 0x00, 0x00, 0x06, 0x00, 0x00, 0x00, 0x8b, 0x00, 0x00, 0x00, 0x01, 0x00, 0x00, 0x00, 0x8d,
  0x00, 0x00, 0x00, 0x07, 0x00, 0x00, 0x00, 0x8e, 0x00, 0x00, 0x00, 0x39, 0x00, 0x00, 0x00, 0x8f,
  0x00, 0x00, 0x00, 0x09, 0x00, 0x00, 0x00, 0x90, 0x00, 0x00, 0x00, 0x0a, 0x00, 0x00, 0x00, 0x91,
  0x00, 0x00, 0x00, 0x08, 0x00, 0x00, 0x00, 0x92, 0x00, 0x00, 0x00, 0x13, 0x00, 0x00, 0x00, 0x93,
  0x00, 0x00, 0x00, 0x09, 0x00, 0x00, 0x00, 0x94, 0x00, 0x00, 0x00, 0x0b, 0x00, 0x00, 0x00, 0x95,
  0x00, 0x00, 0x00, 0x0c, 0x00, 0x00, 0x00, 0x96, 0x00, 0x00, 0x00, 0x12, 0x00, 0x00, 0x00, 0x97,
  0x00, 0x00, 0x00, 0x04, 0x00, 0x00, 0x00, 0x98, 0x00, 0x00, 0x00, 0x05, 0x00, 0x00, 0x00, 0x99,
  0x00, 0x00, 0x00, 0x06, 0x00, 0x00, 0x00, 0x9a, 0x00, 0x00, 0x00, 0x04, 0x00, 0x00, 0x00, 0x9b,
  0x00, 0x00, 0x00, 0x0a, 0x00, 0x00, 0x00, 0x9c, 0x00, 0x00, 0x00, 0x39, 0x00, 0x00, 0x00, 0x9d,
  0x00, 0x00, 0x00, 0x03, 0x00, 0x00, 0x00, 0x9e, 0x00, 0x00, 0x00, 0x02, 0x00, 0x00, 0x00, 0x53,
  0x00, 0x00, 0x00, 0x01, 0x03, 0x00, 0x00, 0x00, 0x6c, 0x65, 0x6e, 0x00, 0x00, 0x00, 0x00, 0x00,
  0x00, 0x00, 0x00, 0x00, 0x00, 0x00, 0x00, 0x00, 0x00, 0x00, 0x00, 0xf0, 0x3f, 0x00, 0x00, 0x00,
  0x00, 0x00, 0x00, 0x00, 0x00, 0x00, 0x00, 0x00, 0x00, 0x00, 0x00, 0x00, 0x00, 0x00, 0x00, 0x01,
  0x01, 0x00, 0x00, 0x00, 0x0a, 0x00, 0x00, 0x00, 0x00, 0x00, 0x00, 0x00, 0xf0, 0x3f, 0x00, 0x00,
  0x00, 0x00, 0x00, 0x00, 0x00, 0xf0, 0x3f, 0x00, 0x00, 0x00, 0x00, 0x00, 0x00, 0x00, 0xf0, 0x3f,
  0x00, 0x00, 0x00, 0x00, 0x00, 0x00, 0x00, 0xf0, 0x3f, 0x01, 0x01, 0x00, 0x00, 0x00, 0x20, 0x01,
  0x01, 0x00, 0x00, 0x00, 0x09, 0x01, 0x01, 0x00, 0x00, 0x00, 0x0d, 0x00, 0x00, 0x00, 0x00, 0x00,
  0x00, 0x00, 0xf0, 0x3f, 0x01, 0x02, 0x00, 0x00, 0x00, 0x6f, 0x70, 0x01, 0x01, 0x00, 0x00, 0x00,
  0x23, 0x01, 0x07, 0x00, 0x00, 0x00, 0x63, 0x6f, 0x6d, 0x6d, 0x65, 0x6e, 0x74, 0x01, 0x01, 0x00,
  0x00, 0x00, 0x0a, 0x00, 0x00, 0x00, 0x00, 0x00, 0x00, 0x00, 0xf0, 0x3f, 0x01, 0x09, 0x00, 0x00,
  0x00, 0x5f, 0x69, 0x73, 0x5f, 0x64, 0x69, 0x67, 0x69, 0x74, 0x01, 0x06, 0x00, 0x00, 0x00, 0x6e,
  0x75, 0x6d, 0x62, 0x65, 0x72, 0x01, 0x0c, 0x00, 0x00, 0x00, 0x5f, 0x73, 0x63, 0x61, 0x6e, 0x5f,
  0x6e, 0x75, 0x6d, 0x62, 0x65, 0x72, 0x01, 0x09, 0x00, 0x00, 0x00, 0x5f, 0x69, 0x73, 0x5f, 0x61,
  0x6c, 0x70, 0x68, 0x61, 0x00, 0x00, 0x00, 0x00, 0x00, 0x00, 0x00, 0xf0, 0x3f, 0x00, 0x00, 0x00,
  0x00, 0x00, 0x00, 0x00, 0xf0, 0x3f, 0x01, 0x01, 0x00, 0x00, 0x00, 0x66, 0x01, 0x01, 0x00, 0x00,
  0x00, 0x22, 0x01, 0x01, 0x00, 0x00, 0x00, 0x27, 0x01, 0x07, 0x00, 0x00, 0x00, 0x66, 0x73, 0x74,
  0x72, 0x69, 0x6e, 0x67, 0x01, 0x0c, 0x00, 0x00, 0x00, 0x5f, 0x73, 0x63, 0x61, 0x6e, 0x5f, 0x73,
  0x74, 0x72, 0x69, 0x6e, 0x67, 0x01, 0x05, 0x00, 0x00, 0x00, 0x5f, 0x73, 0x63, 0x61, 0x6e, 0x01,
  0x0c, 0x00, 0x00, 0x00, 0x75, 0x6e, 0x74, 0x65, 0x72, 0x6d, 0x69, 0x6e, 0x61, 0x74, 0x65, 0x64,
  0x01, 0x08, 0x00, 0x00, 0x00, 0x4b, 0x45, 0x59, 0x57, 0x4f, 0x52, 0x44, 0x53, 0x01, 0x08, 0x00,
  0x00, 0x00, 0x63, 0x6f, 0x6e, 0x74, 0x61, 0x69, 0x6e, 0x73, 0x01, 0x07, 0x00, 0x00, 0x00, 0x6b,
  0x65, 0x79, 0x77, 0x6f, 0x72, 0x64, 0x01, 0x05, 0x00, 0x00, 0x00, 0x69, 0x64, 0x65, 0x6e, 0x74,
  0x01, 0x01, 0x00, 0x00, 0x00, 0x22, 0x01, 0x01, 0x00, 0x00, 0x00, 0x27, 0x01, 0x06, 0x00, 0x00,
  0x00, 0x73, 0x74, 0x72, 0x69, 0x6e, 0x67, 0x01, 0x0c, 0x00, 0x00, 0x00, 0x54, 0x57, 0x4f, 0x5f,
  0x43, 0x48, 0x41, 0x52, 0x5f, 0x4f, 0x50, 0x53, 0x00, 0x00, 0x00, 0x00, 0x00, 0x00, 0x00, 0x00,
  0x40, 0x00, 0x00, 0x00, 0x00, 0x00, 0x00, 0x00, 0x00, 0x40, 0x00, 0x00, 0x00, 0x00, 0x00, 0x00,
  0x00, 0xf0, 0x3f, 0x00, 0x00, 0x00, 0x00, 0x00, 0x00, 0x00, 0xf0, 0x3f, 0x01, 0x0b, 0x00, 0x00,
  0x00, 0x50, 0x55, 0x4e, 0x43, 0x54, 0x55, 0x41, 0x54, 0x49, 0x4f, 0x4e, 0x01, 0x05, 0x00, 0x00,
  0x00, 0x70, 0x75, 0x6e, 0x63, 0x74, 0x00, 0x00, 0x00, 0x00, 0x00, 0x00, 0x00, 0x00, 0x40, 0x01,
  0x0c, 0x00, 0x00, 0x00, 0x4f, 0x4e, 0x45, 0x5f, 0x43, 0x48, 0x41, 0x52, 0x5f, 0x4f, 0x50, 0x53,
  0x01, 0x02, 0x00, 0x00, 0x00, 0x6f, 0x70, 0x01, 0x05, 0x00, 0x00, 0x00, 0x65, 0x72, 0x72, 0x6f,
  0x72, 0x01, 0x04, 0x00, 0x00, 0x00, 0x70, 0x75, 0x73, 0x68, 0x01, 0x04, 0x00, 0x00, 0x00, 0x6b,
  0x69, 0x6e, 0x64, 0x01, 0x04, 0x00, 0x00, 0x00, 0x74, 0x65, 0x78, 0x74, 0x01, 0x04, 0x00, 0x00,
  0x00, 0x6c, 0x69, 0x6e, 0x65, 0x01, 0x02, 0x00, 0x00, 0x00, 0x6e, 0x6c, 0x01, 0x02, 0x00, 0x00,
  0x00, 0x73, 0x70, 0x01, 0x03, 0x00, 0x00, 0x00, 0x63, 0x6f, 0x6c, 0x00, 0x00, 0x00, 0x00, 0x00,
  0x00, 0x00, 0xf0, 0x3f, 0x01, 0x03, 0x00, 0x00, 0x00, 0x70, 0x6f, 0x73, 0x01, 0x04, 0x00, 0x00,
  0x00, 0x6f, 0x70, 0x65, 0x6e, 0x01, 0x05, 0x00, 0x00, 0x00, 0x63, 0x6f, 0x75, 0x6e, 0x74, 0x01,
  0x01, 0x00, 0x00, 0x00, 0x0a, 0x00, 0x00, 0x00, 0x00, 0x00, 0x00, 0x00, 0x00, 0x00, 0x01, 0x04,
  0x00, 0x00, 0x00, 0x66, 0x69, 0x6e, 0x64, 0x01, 0x01, 0x00, 0x00, 0x00, 0x0a, 0x00, 0x00, 0x00,
  0x00, 0x00, 0x00, 0x00, 0xf0, 0x3f, 0x01, 0x01, 0x00, 0x00, 0x00, 0x0a, 0x00, 0x00, 0x00, 0x00,
  0x00, 0x00, 0x00, 0x00, 0x00, 0x00, 0x00, 0x00, 0x00, 0x00, 0x00, 0x00, 0xf0, 0x3f, 0x01, 0x01,
  0x00, 0x00, 0x00, 0x0a, 0x00, 0x00, 0x00, 0x00, 0x00, 0x00, 0x00, 0xf0, 0x3f, 0x00, 0x00, 0x00,
  0x00, 0x00, 0x00, 0x00, 0x00, 0x00, 0x01, 0x04, 0x00, 0x00, 0x00, 0x6b, 0x69, 0x6e, 0x64, 0x01,
  0x03, 0x00, 0x00, 0x00, 0x65, 0x6f, 0x66, 0x01, 0x04, 0x00, 0x00, 0x00, 0x74, 0x65, 0x78, 0x74,
  0x01, 0x00, 0x00, 0x00, 0x00, 0x01, 0x04, 0x00, 0x00, 0x00, 0x6c, 0x69, 0x6e, 0x65, 0x01, 0x02,
  0x00, 0x00, 0x00, 0x6e, 0x6c, 0x01, 0x02, 0x00, 0x00, 0x00, 0x73, 0x70, 0x01, 0x03, 0x00, 0x00,
  0x00, 0x63, 0x6f, 0x6c, 0x00, 0x00, 0x00, 0x00, 0x00, 0x00, 0x00, 0xf0, 0x3f, 0x01, 0x03, 0x00,
  0x00, 0x00, 0x70, 0x6f, 0x73, 0x01, 0x04, 0x00, 0x00, 0x00, 0x6f, 0x70, 0x65, 0x6e, 0xff, 0xff,
  0xff, 0xff, 0x00, 0x00, 0x00, 0x00, 0x01, 0xc9, 0x00, 0x00, 0x00, 0x00, 0x00, 0x01, 0x00, 0x00,
  0x02, 0x00, 0x00, 0x03, 0x00, 0x00, 0x04, 0x00, 0x00, 0x05, 0x00, 0x00, 0x06, 0x00, 0x00, 0x07,
  0x00, 0x00, 0x08, 0x00, 0x00, 0x09, 0x00, 0x00, 0x0a, 0x00, 0x00, 0x0b, 0x00, 0x00, 0x0c, 0x00,
  0x00, 0x0d, 0x00, 0x00, 0x0e, 0x00, 0x00, 0x0f, 0x00, 0x00, 0x10, 0x00, 0x00, 0x11, 0x00, 0x00,
  0x12, 0x00, 0x00, 0x13, 0x00, 0x00, 0x14, 0x00, 0x00, 0x15, 0x00, 0x00, 0x16, 0x00, 0x00, 0x17,
  0x00, 0x00, 0x18, 0x00, 0x00, 0x19, 0x00, 0x00, 0x1a, 0x00, 0x00, 0x1b, 0x28, 0x00, 0x1b, 0x0a,
  0x00, 0x00, 0x00, 0x00, 0x1d, 0x00, 0x00, 0x1e, 0x00, 0x00, 0x1f, 0x00, 0x00, 0x20, 0x00, 0x00,
  0x21, 0x00, 0x00, 0x22, 0x00, 0x00, 0x23, 0x00, 0x00, 0x24, 0x00, 0x00, 0x25, 0x00, 0x00, 0x26,
  0x00, 0x00, 0x27, 0x00, 0x00, 0x28, 0x00, 0x00, 0x29, 0x00, 0x00, 0x2a, 0x00, 0x00, 0x2b, 0x00,
  0x00, 0x2c, 0x28, 0x00, 0x10, 0x0a, 0x00, 0x1c, 0x00, 0x00, 0x2e, 0x0a, 0x00, 0x2d, 0x00, 0x00,
  0x30, 0x0a, 0x00, 0x2f, 0x25, 0x00, 0x32, 0x0a, 0x00, 0x31, 0x25, 0x00, 0x34, 0x0a, 0x00, 0x33,
  0x25, 0x00, 0x36, 0x0a, 0x00, 0x35, 0x25, 0x00, 0x38, 0x0a, 0x00, 0x37, 0x00, 0x00, 0x3a, 0x03,
  0x29, 0x00, 0x01, 0x0a, 0x00, 0x39, 0x25, 0x00, 0x3c, 0x0a, 0x00, 0x3b, 0x25, 0x00, 0x3e, 0x0a,
  0x00, 0x3d, 0x01, 0x27, 0x0e, 0x00, 0x00, 0x00, 0x0e, 0x00, 0x00, 0x00, 0x1e, 0x00, 0x00, 0x00,
  0x0f, 0x00, 0x00, 0x00, 0x1e, 0x00, 0x00, 0x00, 0x10, 0x00, 0x00, 0x00, 0x15, 0x00, 0x00, 0x00,
  0x11, 0x00, 0x00, 0x00, 0x06, 0x00, 0x00, 0x00, 0x12, 0x00, 0x00, 0x00, 0x36, 0x00, 0x00, 0x00,
  0x13, 0x00, 0x00, 0x00, 0x06, 0x00, 0x00, 0x00, 0x14, 0x00, 0x00, 0x00, 0x06, 0x00, 0x00, 0x00,
  0x16, 0x00, 0x00, 0x00, 0x06, 0x00, 0x00, 0x00, 0x17, 0x00, 0x00, 0x00, 0x06, 0x00, 0x00, 0x00,
  0x19, 0x00, 0x00, 0x00, 0x06, 0x00, 0x00, 0x00, 0x2f, 0x00, 0x00, 0x00, 0x06, 0x00, 0x00, 0x00,
  0x32, 0x00, 0x00, 0x00, 0x0a, 0x00, 0x00, 0x00, 0x51, 0x00, 0x00, 0x00, 0x06, 0x00, 0x00, 0x00,
  0x9e, 0x00, 0x00, 0x00, 0x08, 0x00, 0x00, 0x00, 0x3f, 0x00, 0x00, 0x00, 0x01, 0x08, 0x00, 0x00,
  0x00, 0x4b, 0x45, 0x59, 0x57, 0x4f, 0x52, 0x44, 0x53, 0x01, 0x03, 0x00, 0x00, 0x00, 0x6c, 0x65,
  0x74, 0x01, 0x02, 0x00, 0x00, 0x00, 0x66, 0x6e, 0x01, 0x02, 0x00, 0x00, 0x00, 0x69, 0x66, 0x01,
  0x04, 0x00, 0x00, 0x00, 0x65, 0x6c, 0x73, 0x65, 0x01, 0x05, 0x00, 0x00, 0x00, 0x77, 0x68, 0x69,
  0x6c, 0x65, 0x01, 0x03, 0x00, 0x00, 0x00, 0x66, 0x6f, 0x72, 0x01, 0x02, 0x00, 0x00, 0x00, 0x69,
  0x6e, 0x01, 0x05, 0x00, 0x00, 0x00, 0x62, 0x72, 0x65, 0x61, 0x6b, 0x01, 0x08, 0x00, 0x00, 0x00,
  0x63, 0x6f, 0x6e, 0x74, 0x69, 0x6e, 0x75, 0x65, 0x01, 0x06, 0x00, 0x00, 0x00, 0x72, 0x65, 0x74,
  0x75, 0x72, 0x6e, 0x01, 0x04, 0x00, 0x00, 0x00, 0x74, 0x72, 0x75, 0x65, 0x01, 0x05, 0x00, 0x00,
  0x00, 0x66, 0x61, 0x6c, 0x73, 0x65, 0x01, 0x03, 0x00, 0x00, 0x00, 0x6e, 0x69, 0x6c, 0x01, 0x03,
  0x00, 0x00, 0x00, 0x61, 0x6e, 0x64, 0x01, 0x02, 0x00, 0x00, 0x00, 0x6f, 0x72, 0x01, 0x03, 0x00,
  0x00, 0x00, 0x6e, 0x6f, 0x74, 0x01, 0x03, 0x00, 0x00, 0x00, 0x74, 0x72, 0x79, 0x01, 0x05, 0x00,
  0x00, 0x00, 0x63, 0x61, 0x74, 0x63, 0x68, 0x01, 0x05, 0x00, 0x00, 0x00, 0x74, 0x68, 0x72, 0x6f,
  0x77, 0x01, 0x06, 0x00, 0x00, 0x00, 0x69, 0x6d, 0x70, 0x6f, 0x72, 0x74, 0x01, 0x05, 0x00, 0x00,
  0x00, 0x63, 0x6c, 0x61, 0x73, 0x73, 0x01, 0x07, 0x00, 0x00, 0x00, 0x65, 0x78, 0x74, 0x65, 0x6e,
  0x64, 0x73, 0x01, 0x04, 0x00, 0x00, 0x00, 0x73, 0x65, 0x6c, 0x66, 0x01, 0x05, 0x00, 0x00, 0x00,
  0x73, 0x75, 0x70, 0x65, 0x72, 0x01, 0x02, 0x00, 0x00, 0x00, 0x62, 0x79, 0x01, 0x05, 0x00, 0x00,
  0x00, 0x61, 0x73, 0x79, 0x6e, 0x63, 0x01, 0x05, 0x00, 0x00, 0x00, 0x61, 0x77, 0x61, 0x69, 0x74,
  0x01, 0x0c, 0x00, 0x00, 0x00, 0x54, 0x57, 0x4f, 0x5f, 0x43, 0x48, 0x41, 0x52, 0x5f, 0x4f, 0x50,
  0x53, 0x01, 0x02, 0x00, 0x00, 0x00, 0x2a, 0x2a, 0x01, 0x02, 0x00, 0x00, 0x00, 0x3d, 0x3d, 0x01,
  0x02, 0x00, 0x00, 0x00, 0x21, 0x3d, 0x01, 0x02, 0x00, 0x00, 0x00, 0x3c, 0x3d, 0x01, 0x02, 0x00,
  0x00, 0x00, 0x3e, 0x3d, 0x01, 0x02, 0x00, 0x00, 0x00, 0x2b, 0x3d, 0x01, 0x02, 0x00, 0x00, 0x00,
  0x2d, 0x3d, 0x01, 0x02, 0x00, 0x00, 0x00, 0x2a, 0x3d, 0x01, 0x02, 0x00, 0x00, 0x00, 0x2f, 0x3d,
  0x01, 0x02, 0x00, 0x00, 0x00, 0x25, 0x3d, 0x01, 0x02, 0x00, 0x00, 0x00, 0x2e, 0x2e, 0x01, 0x02,
  0x00, 0x00, 0x00, 0x7c, 0x3e, 0x01, 0x02, 0x00, 0x00, 0x00, 0x3f, 0x3f, 0x01, 0x02, 0x00, 0x00,
  0x00, 0x3f, 0x2e, 0x01, 0x02, 0x00, 0x00, 0x00, 0x3d, 0x3e, 0x01, 0x02, 0x00, 0x00, 0x00, 0x2d,
  0x3e, 0x01, 0x0c, 0x00, 0x00, 0x00, 0x4f, 0x4e, 0x45, 0x5f, 0x43, 0x48, 0x41, 0x52, 0x5f, 0x4f,
  0x50, 0x53, 0x01, 0x08, 0x00, 0x00, 0x00, 0x2b, 0x2d, 0x2a, 0x2f, 0x25, 0x3c, 0x3e, 0x3d, 0x01,
  0x0b, 0x00, 0x00, 0x00, 0x50, 0x55, 0x4e, 0x43, 0x54, 0x55, 0x41, 0x54, 0x49, 0x4f, 0x4e, 0x01,
  0x0a, 0x00, 0x00, 0x00, 0x28, 0x29, 0x7b, 0x7d, 0x5b, 0x5d, 0x2c, 0x3a, 0x3b, 0x2e, 0x01, 0x09,
  0x00, 0x00, 0x00, 0x5f, 0x69, 0x73, 0x5f, 0x64, 0x69, 0x67, 0x69, 0x74, 0x02, 0x00, 0x00, 0x00,
  0x00, 0x01, 0x07, 0x00, 0x00, 0x00, 0x5f, 0x69, 0x73, 0x5f, 0x68, 0x65, 0x78, 0x02, 0x01, 0x00,
  0x00, 0x00, 0x01, 0x09, 0x00, 0x00, 0x00, 0x5f, 0x69, 0x73, 0x5f, 0x61, 0x6c, 0x70, 0x68, 0x61,
  0x02, 0x02, 0x00, 0x00, 0x00, 0x01, 0x0c, 0x00, 0x00, 0x00, 0x5f, 0x73, 0x63, 0x61, 0x6e, 0x5f,
  0x6e, 0x75, 0x6d, 0x62, 0x65, 0x72, 0x02, 0x03, 0x00, 0x00, 0x00, 0x01, 0x05, 0x00, 0x00, 0x00,
  0x5f, 0x73, 0x63, 0x61, 0x6e, 0x01, 0x0c, 0x00, 0x00, 0x00, 0x75, 0x6e, 0x74, 0x65, 0x72, 0x6d,
  0x69, 0x6e, 0x61, 0x74, 0x65, 0x64, 0x01, 0x0c, 0x00, 0x00, 0x00, 0x5f, 0x73, 0x63, 0x61, 0x6e,
  0x5f, 0x73, 0x74, 0x72, 0x69, 0x6e, 0x67, 0x02, 0x04, 0x00, 0x00, 0x00, 0x01, 0x08, 0x00, 0x00,
  0x00, 0x74, 0x6f, 0x6b, 0x65, 0x6e, 0x69, 0x7a, 0x65, 0x02, 0x05, 0x00, 0x00, 0x00, 0xe0, 0x34,
  0xe1, 0x7f,
};

/* std/numbers */
static const unsigned char embedded_9[] = {
  0x7f, 0x46, 0x58, 0x43, 0x01, 0x00, 0x01, 0x00, 0x00, 0x00, 0x00, 0x00, 0x05, 0x00, 0x00, 0x00,
  0x31, 0x2e, 0x30, 0x2e, 0x30, 0x0a, 0x00, 0x00, 0x00, 0x6e, 0x75, 0x6d, 0x62, 0x65, 0x72, 0x73,
  0x2e, 0x66, 0x78, 0x0b, 0x00, 0x00, 0x00, 0x03, 0x00, 0x00, 0x00, 0x67, 0x63, 0x64, 0x02, 0x02,
  0x00, 0x00, 0x00, 0x38, 0x00, 0x00, 0x00, 0x09, 0x00, 0x00, 0x07, 0x01, 0x23, 0x01, 0x08, 0x01,
  0x04, 0x09, 0x00, 0x00, 0x07, 0x02, 0x23, 0x01, 0x08, 0x02, 0x04, 0x07, 0x02, 0x00, 0x00, 0x01,
  0x13, 0x1d, 0x21, 0x00, 0x14, 0x04, 0x07, 0x02, 0x07, 0x01, 0x07, 0x02, 0x1a, 0x08, 0x02, 0x04,
  0x07, 0x03, 0x08, 0x01, 0x04, 0x04, 0x22, 0x00, 0x1e, 0x04, 0x07, 0x01, 0x27, 0x01, 0x27, 0x09,
  0x00, 0x00, 0x00, 0x04, 0x00, 0x00, 0x00, 0x0a, 0x00, 0x00, 0x00, 0x05, 0x00, 0x00, 0x00, 0x0a,
  0x00, 0x00, 0x00, 0x06, 0x00, 0x00, 0x00, 0x0b, 0x00, 0x00, 0x00, 0x07, 0x00, 0x00, 0x00, 0x02,
  0x00, 0x00, 0x00, 0x08, 0x00, 0x00, 0x00, 0x08, 0x00, 0x00, 0x00, 0x09, 0x00, 0x00, 0x00, 0x05,
  0x00, 0x00, 0x00, 0x0a, 0x00, 0x00, 0x00, 0x05, 0x00, 0x00, 0x00, 0x0b, 0x00, 0x00, 0x00, 0x03,
  0x00, 0x00, 0x00, 0x0c, 0x00, 0x00, 0x00, 0x02, 0x00, 0x00, 0x00, 0x02, 0x00, 0x00, 0x00, 0x01,
  0x03, 0x00, 0x00, 0x00, 0x61, 0x62, 0x73, 0x00, 0x00, 0x00, 0x00, 0x00, 0x00, 0x00, 0x00, 0x00,
  0x03, 0x00, 0x00, 0x00, 0x6c, 0x63, 0x6d, 0x02, 0x02, 0x00, 0x00, 0x00, 0x36, 0x00, 0x00, 0x00,
  0x07, 0x01, 0x00, 0x00, 0x00, 0x13, 0x21, 0x00, 0x03, 0x20, 0x00, 0x07, 0x04, 0x07, 0x02, 0x00,
  0x00, 0x01, 0x13, 0x21, 0x00, 0x08, 0x04, 0x00, 0x00, 0x02, 0x27, 0x20, 0x00, 0x01, 0x04, 0x09,
  0x00, 0x03, 0x07, 0x01, 0x07, 0x02, 0x18, 0x23, 0x01, 0x09, 0x00, 0x04, 0x07, 0x01, 0x07, 0x02,
  0x23, 0x02, 0x19, 0x27, 0x01, 0x27, 0x03, 0x00, 0x00, 0x00, 0x0f, 0x00, 0x00, 0x00, 0x1f, 0x00,
  0x00, 0x00, 0x10, 0x00, 0x00, 0x00, 0x15, 0x00, 0x00, 0x00, 0x11, 0x00, 0x00, 0x00, 0x02, 0x00,
  0x00, 0x00, 0x05, 0x00, 0x00, 0x00, 0x00, 0x00, 0x00, 0x00, 0x00, 0x00, 0x00, 0x00, 0x00, 0x00,
  0x00, 0x00, 0x00, 0x00, 0x00, 0x00, 0x00, 0x00, 0x00, 0x00, 0x00, 0x00, 0x00, 0x00, 0x00, 0x00,
  0x00, 0x01, 0x03, 0x00, 0x00, 0x00, 0x61, 0x62, 0x73, 0x01, 0x03, 0x00, 0x00, 0x00, 0x67, 0x63,
  0x64, 0x09, 0x00, 0x00, 0x00, 0x66, 0x61, 0x63, 0x74, 0x6f, 0x72, 0x69, 0x61, 0x6c, 0x01, 0x01,
  0x00, 0x00, 0x00, 0x4b, 0x00, 0x00, 0x00, 0x07, 0x01, 0x00, 0x00, 0x00, 0x15, 0x21, 0x00, 0x03,
  0x20, 0x00, 0x0c, 0x04, 0x07, 0x01, 0x09, 0x00, 0x01, 0x07, 0x01, 0x23, 0x01, 0x13, 0x1d, 0x21,
  0x00, 0x08, 0x04, 0x00, 0x00, 0x02, 0x2d, 0x20, 0x00, 0x01, 0x04, 0x00, 0x00, 0x03, 0x00, 0x00,
  0x04, 0x07, 0x01, 0x00, 0x00, 0x05, 0x16, 0x1f, 0x00, 0x00, 0x06, 0x2a, 0x03, 0x00, 0x0c, 0x07,
  0x02, 0x07, 0x05, 0x18, 0x08, 0x02, 0x04, 0x04, 0x22, 0x00, 0x10, 0x04, 0x04, 0x07, 0x02, 0x27,
  0x01, 0x27, 0x05, 0x00, 0x00, 0x00, 0x14, 0x00, 0x00, 0x00, 0x24, 0x00, 0x00, 0x00, 0x15, 0x00,
  0x00, 0x00, 0x03, 0x00, 0x00, 0x00, 0x16, 0x00, 0x00, 0x00, 0x1f, 0x00, 0x00, 0x00, 0x17, 0x00,
  0x00, 0x00, 0x03, 0x00, 0x00, 0x00, 0x18, 0x00, 0x00, 0x00, 0x02, 0x00, 0x00, 0x00, 0x07, 0x00,
  0x00, 0x00, 0x00, 0x00, 0x00, 0x00, 0x00, 0x00, 0x00, 0x00, 0x00, 0x01, 0x05, 0x00, 0x00, 0x00,
  0x66, 0x6c, 0x6f, 0x6f, 0x72, 0x01, 0x35, 0x00, 0x00, 0x00, 0x66, 0x61, 0x63, 0x74, 0x6f, 0x72,
  0x69, 0x61, 0x6c, 0x28, 0x29, 0x20, 0x6e, 0x65, 0x65, 0x64, 0x73, 0x20, 0x61, 0x20, 0x77, 0x68,
  0x6f, 0x6c, 0x65, 0x20, 0x6e, 0x75, 0x6d, 0x62, 0x65, 0x72, 0x20, 0x74, 0x68, 0x61, 0x74, 0x20,
  0x69, 0x73, 0x20, 0x6e, 0x6f, 0x74, 0x20, 0x6e, 0x65, 0x67, 0x61, 0x74, 0x69, 0x76, 0x65, 0x00,
  0x00, 0x00, 0x00, 0x00, 0x00, 0x00, 0xf0, 0x3f, 0x00, 0x00, 0x00, 0x00, 0x00, 0x00, 0x00, 0x00,
  0x40, 0x00, 0x00, 0x00, 0x00, 0x00, 0x00, 0x00, 0xf0, 0x3f, 0x00, 0x00, 0x00, 0x00, 0x00, 0x00,
  0x00, 0x00, 0x00, 0x08, 0x00, 0x00, 0x00, 0x69, 0x73, 0x5f, 0x70, 0x72, 0x69, 0x6d, 0x65, 0x01,
  0x01, 0x00, 0x00, 0x00, 0x7a, 0x00, 0x00, 0x00, 0x07, 0x01, 0x00, 0x00, 0x00, 0x15, 0x21, 0x00,
  0x03, 0x20, 0x00, 0x0c, 0x04, 0x07, 0x01, 0x09, 0x00, 0x01, 0x07, 0x01, 0x23, 0x01, 0x13, 0x1d,
  0x21, 0x00, 0x06, 0x04, 0x03, 0x27, 0x20, 0x00, 0x01, 0x04, 0x07, 0x01, 0x00, 0x00, 0x02, 0x15,
  0x21, 0x00, 0x06, 0x04, 0x02, 0x27, 0x20, 0x00, 0x01, 0x04, 0x07, 0x01, 0x00, 0x00, 0x03, 0x1a,
  0x00, 0x00, 0x04, 0x13, 0x21, 0x00, 0x06, 0x04, 0x03, 0x27, 0x20, 0x00, 0x01, 0x04, 0x00, 0x00,
  0x05, 0x07, 0x02, 0x07, 0x02, 0x18, 0x07, 0x01, 0x14, 0x1d, 0x21, 0x00, 0x20, 0x04, 0x07, 0x01,
  0x07, 0x02, 0x1a, 0x00, 0x00, 0x06, 0x13, 0x21, 0x00, 0x06, 0x04, 0x03, 0x27, 0x20, 0x00, 0x01,
  0x04, 0x07, 0x02, 0x00, 0x00, 0x07, 0x16, 0x08, 0x02, 0x04, 0x22, 0x00, 0x2c, 0x04, 0x02, 0x27,
  0x01, 0x27, 0x0a, 0x00, 0x00, 0x00, 0x1b, 0x00, 0x00, 0x00, 0x22, 0x00, 0x00, 0x00, 0x1c, 0x00,
  0x00, 0x00, 0x10, 0x00, 0x00, 0x00, 0x1d, 0x00, 0x00, 0x00, 0x14, 0x00, 0x00, 0x00, 0x1e, 0x00,
  0x00, 0x00, 0x03, 0x00, 0x00, 0x00, 0x1f, 0x00, 0x00, 0x00, 0x0d, 0x00, 0x00, 0x00, 0x20, 0x00,
  0x00, 0x00, 0x13, 0x00, 0x00, 0x00, 0x21, 0x00, 0x00, 0x00, 0x09, 0x00, 0x00, 0x00, 0x22, 0x00,
  0x00, 0x00, 0x04, 0x00, 0x00, 0x00, 0x23, 0x00, 0x00, 0x00, 0x02, 0x00, 0x00, 0x00, 0x24, 0x00,
  0x00, 0x00, 0x02, 0x00, 0x00, 0x00, 0x08, 0x00, 0x00, 0x00, 0x00, 0x00, 0x00, 0x00, 0x00, 0x00,
  0x00, 0x00, 0x40, 0x01, 0x05, 0x00, 0x00, 0x00, 0x66, 0x6c, 0x6f, 0x6f, 0x72, 0x00, 0x00, 0x00,
  0x00, 0x00, 0x00, 0x00, 0x10, 0x40, 0x00, 0x00, 0x00, 0x00, 0x00, 0x00, 0x00, 0x00, 0x40, 0x00,
  0x00, 0x00, 0x00, 0x00, 0x00, 0x00, 0x00, 0x00, 0x00, 0x00, 0x00, 0x00, 0x00, 0x00, 0x00, 0x08,
  0x40, 0x00, 0x00, 0x00, 0x00, 0x00, 0x00, 0x00, 0x00, 0x00, 0x00, 0x00, 0x00, 0x00, 0x00, 0x00,
  0x00, 0x00, 0x40, 0x0c, 0x00, 0x00, 0x00, 0x70, 0x72, 0x69, 0x6d, 0x65, 0x73, 0x5f, 0x75, 0x70,
  0x5f, 0x74, 0x6f, 0x01, 0x01, 0x00, 0x00, 0x00, 0x37, 0x00, 0x00, 0x00, 0x28, 0x00, 0x00, 0x00,
  0x00, 0x00, 0x07, 0x01, 0x00, 0x00, 0x01, 0x16, 0x1f, 0x00, 0x00, 0x02, 0x2a, 0x03, 0x00, 0x1c,
  0x09, 0x00, 0x03, 0x07, 0x05, 0x23, 0x01, 0x21, 0x00, 0x0d, 0x04, 0x07, 0x02, 0x07, 0x05, 0x24,
  0x00, 0x04, 0x01, 0x04, 0x20, 0x00, 0x01, 0x04, 0x04, 0x22, 0x00, 0x20, 0x04, 0x04, 0x07, 0x02,
  0x27, 0x01, 0x27, 0x04, 0x00, 0x00, 0x00, 0x28, 0x00, 0x00, 0x00, 0x03, 0x00, 0x00, 0x00, 0x29,
  0x00, 0x00, 0x00, 0x2f, 0x00, 0x00, 0x00, 0x2a, 0x00, 0x00, 0x00, 0x03, 0x00, 0x00, 0x00, 0x2b,
  0x00, 0x00, 0x00, 0x02, 0x00, 0x00, 0x00, 0x05, 0x00, 0x00, 0x00, 0x00, 0x00, 0x00, 0x00, 0x00,
  0x00, 0x00, 0x00, 0x40, 0x00, 0x00, 0x00, 0x00, 0x00, 0x00, 0x00, 0xf0, 0x3f, 0x00, 0x00, 0x00,
  0x00, 0x00, 0x00, 0x00, 0x00, 0x00, 0x01, 0x08, 0x00, 0x00, 0x00, 0x69, 0x73, 0x5f, 0x70, 0x72,
  0x69, 0x6d, 0x65, 0x01, 0x04, 0x00, 0x00, 0x00, 0x70, 0x75, 0x73, 0x68, 0x04, 0x00, 0x00, 0x00,
  0x6d, 0x65, 0x61, 0x6e, 0x01, 0x01, 0x00, 0x00, 0x00, 0x3e, 0x00, 0x00, 0x00, 0x09, 0x00, 0x00,
  0x07, 0x01, 0x23, 0x01, 0x00, 0x00, 0x01, 0x13, 0x21, 0x00, 0x08, 0x04, 0x00, 0x00, 0x02, 0x2d,
  0x20, 0x00, 0x01, 0x04, 0x00, 0x00, 0x03, 0x07, 0x01, 0x00, 0x00, 0x04, 0x2a, 0x03, 0x00, 0x0c,
  0x07, 0x02, 0x07, 0x05, 0x16, 0x08, 0x02, 0x04, 0x04, 0x22, 0x00, 0x10, 0x04, 0x04, 0x07, 0x02,
  0x09, 0x00, 0x00, 0x07, 0x01, 0x23, 0x01, 0x19, 0x27, 0x01, 0x27, 0x05, 0x00, 0x00, 0x00, 0x2e,
  0x00, 0x00, 0x00, 0x17, 0x00, 0x00, 0x00, 0x2f, 0x00, 0x00, 0x00, 0x03, 0x00, 0x00, 0x00, 0x30,
  0x00, 0x00, 0x00, 0x17, 0x00, 0x00, 0x00, 0x31, 0x00, 0x00, 0x00, 0x0b, 0x00, 0x00, 0x00, 0x32,
  0x00, 0x00, 0x00, 0x02, 0x00, 0x00, 0x00, 0x05, 0x00, 0x00, 0x00, 0x01, 0x03, 0x00, 0x00, 0x00,
  0x6c, 0x65, 0x6e, 0x00, 0x00, 0x00, 0x00, 0x00, 0x00, 0x00, 0x00, 0x00, 0x01, 0x20, 0x00, 0x00,
  0x00, 0x6d, 0x65, 0x61, 0x6e, 0x28, 0x29, 0x20, 0x6e, 0x65, 0x65, 0x64, 0x73, 0x20, 0x61, 0x74,
  0x20, 0x6c, 0x65, 0x61, 0x73, 0x74, 0x20, 0x6f, 0x6e, 0x65, 0x20, 0x6e, 0x75, 0x6d, 0x62, 0x65,
  0x72, 0x00, 0x00, 0x00, 0x00, 0x00, 0x00, 0x00, 0x00, 0x00, 0x00, 0x00, 0x00, 0x00, 0x00, 0x00,
  0x00, 0x00, 0x00, 0x06, 0x00, 0x00, 0x00, 0x6d, 0x65, 0x64, 0x69, 0x61, 0x6e, 0x01, 0x01, 0x00,
  0x00, 0x00, 0x64, 0x00, 0x00, 0x00, 0x09, 0x00, 0x00, 0x07, 0x01, 0x23, 0x01, 0x00, 0x00, 0x01,
  0x13, 0x21, 0x00, 0x08, 0x04, 0x00, 0x00, 0x02, 0x2d, 0x20, 0x00, 0x01, 0x04, 0x07, 0x01, 0x24,
  0x00, 0x03, 0x00, 0x24, 0x00, 0x04, 0x00, 0x09, 0x00, 0x05, 0x09, 0x00, 0x00, 0x07, 0x02, 0x23,
  0x01, 0x00, 0x00, 0x06, 0x19, 0x23, 0x01, 0x09, 0x00, 0x00, 0x07, 0x02, 0x23, 0x01, 0x00, 0x00,
  0x07, 0x1a, 0x00, 0x00, 0x08, 0x13, 0x21, 0x00, 0x0a, 0x04, 0x07, 0x02, 0x07, 0x03, 0x10, 0x27,
  0x20, 0x00, 0x01, 0x04, 0x07, 0x02, 0x07, 0x03, 0x00, 0x00, 0x09, 0x17, 0x10, 0x07, 0x02, 0x07,
  0x03, 0x10, 0x16, 0x00, 0x00, 0x0a, 0x19, 0x27, 0x01, 0x27, 0x06, 0x00, 0x00, 0x00, 0x35, 0x00,
  0x00, 0x00, 0x17, 0x00, 0x00, 0x00, 0x36, 0x00, 0x00, 0x00, 0x0a, 0x00, 0x00, 0x00, 0x37, 0x00,
  0x00, 0x00, 0x10, 0x00, 0x00, 0x00, 0x38, 0x00, 0x00, 0x00, 0x1d, 0x00, 0x00, 0x00, 0x39, 0x00,
  0x00, 0x00, 0x14, 0x00, 0x00, 0x00, 0x3a, 0x00, 0x00, 0x00, 0x02, 0x00, 0x00, 0x00, 0x0b, 0x00,
  0x00, 0x00, 0x01, 0x03, 0x00, 0x00, 0x00, 0x6c, 0x65, 0x6e, 0x00, 0x00, 0x00, 0x00, 0x00, 0x00,
  0x00, 0x00, 0x00, 0x01, 0x22, 0x00, 0x00, 0x00, 0x6d, 0x65, 0x64, 0x69, 0x61, 0x6e, 0x28, 0x29,
  0x20, 0x6e, 0x65, 0x65, 0x64, 0x73, 0x20, 0x61, 0x74, 0x20, 0x6c, 0x65, 0x61, 0x73, 0x74, 0x20,
  0x6f, 0x6e, 0x65, 0x20, 0x6e, 0x75, 0x6d, 0x62, 0x65, 0x72, 0x01, 0x04, 0x00, 0x00, 0x00, 0x63,
  0x6f, 0x70, 0x79, 0x01, 0x04, 0x00, 0x00, 0x00, 0x73, 0x6f, 0x72, 0x74, 0x01, 0x05, 0x00, 0x00,
  0x00, 0x66, 0x6c, 0x6f, 0x6f, 0x72, 0x00, 0x00, 0x00, 0x00, 0x00, 0x00, 0x00, 0x00, 0x40, 0x00,
  0x00, 0x00, 0x00, 0x00, 0x00, 0x00, 0x00, 0x40, 0x00, 0x00, 0x00, 0x00, 0x00, 0x00, 0x00, 0xf0,
  0x3f, 0x00, 0x00, 0x00, 0x00, 0x00, 0x00, 0x00, 0xf0, 0x3f, 0x00, 0x00, 0x00, 0x00, 0x00, 0x00,
  0x00, 0x00, 0x40, 0x08, 0x00, 0x00, 0x00, 0x76, 0x61, 0x72, 0x69, 0x61, 0x6e, 0x63, 0x65, 0x01,
  0x01, 0x00, 0x00, 0x00, 0x35, 0x00, 0x00, 0x00, 0x09, 0x00, 0x00, 0x07, 0x01, 0x23, 0x01, 0x00,
  0x00, 0x01, 0x07, 0x01, 0x00, 0x00, 0x02, 0x2a, 0x04, 0x00, 0x13, 0x07, 0x03, 0x07, 0x06, 0x07,
  0x02, 0x17, 0x00, 0x00, 0x03, 0x1b, 0x16, 0x08, 0x03, 0x04, 0x04, 0x22, 0x00, 0x17, 0x04, 0x04,
  0x07, 0x03, 0x09, 0x00, 0x04, 0x07, 0x01, 0x23, 0x01, 0x19, 0x27, 0x01, 0x27, 0x05, 0x00, 0x00,
  0x00, 0x3d, 0x00, 0x00, 0x00, 0x07, 0x00, 0x00, 0x00, 0x3e, 0x00, 0x00, 0x00, 0x03, 0x00, 0x00,
  0x00, 0x3f, 0x00, 0x00, 0x00, 0x1e, 0x00, 0x00, 0x00, 0x40, 0x00, 0x00, 0x00, 0x0b, 0x00, 0x00,
  0x00, 0x41, 0x00, 0x00, 0x00, 0x02, 0x00, 0x00, 0x00, 0x05, 0x00, 0x00, 0x00, 0x01, 0x04, 0x00,
  0x00, 0x00, 0x6d, 0x65, 0x61, 0x6e, 0x00, 0x00, 0x00, 0x00, 0x00, 0x00, 0x00, 0x00, 0x00, 0x00,
  0x00, 0x00, 0x00, 0x00, 0x00, 0x00, 0x00, 0x00, 0x00, 0x00, 0x00, 0x00, 0x00, 0x00, 0x00, 0x00,
  0x40, 0x01, 0x03, 0x00, 0x00, 0x00, 0x6c, 0x65, 0x6e, 0x06, 0x00, 0x00, 0x00, 0x73, 0x74, 0x64,
  0x64, 0x65, 0x76, 0x01, 0x01, 0x00, 0x00, 0x00, 0x11, 0x00, 0x00, 0x00, 0x09, 0x00, 0x00, 0x09,
  0x00, 0x02, 0x07, 0x01, 0x23, 0x01, 0x24, 0x00, 0x01, 0x01, 0x27, 0x01, 0x27, 0x01, 0x00, 0x00,
  0x00, 0x43, 0x00, 0x00, 0x00, 0x11, 0x00, 0x00, 0x00, 0x03, 0x00, 0x00, 0x00, 0x01, 0x04, 0x00,
  0x00, 0x00, 0x6d, 0x61, 0x74, 0x68, 0x01, 0x04, 0x00, 0x00, 0x00, 0x73, 0x71, 0x72, 0x74, 0x01,
  0x08, 0x00, 0x00, 0x00, 0x76, 0x61, 0x72, 0x69, 0x61, 0x6e, 0x63, 0x65, 0x05, 0x00, 0x00, 0x00,
  0x72, 0x65, 0x6d, 0x61, 0x70, 0x05, 0x05, 0x00, 0x00, 0x00, 0x17, 0x00, 0x00, 0x00, 0x07, 0x04,
  0x07, 0x01, 0x07, 0x02, 0x17, 0x07, 0x05, 0x07, 0x04, 0x17, 0x18, 0x07, 0x03, 0x07, 0x02, 0x17,
  0x19, 0x16, 0x27, 0x01, 0x27, 0x02, 0x00, 0x00, 0x00, 0x47, 0x00, 0x00, 0x00, 0x15, 0x00, 0x00,
  0x00, 0x48, 0x00, 0x00, 0x00, 0x02, 0x00, 0x00, 0x00, 0x00, 0x00, 0x00, 0x00, 0xff, 0xff, 0xff,
  0xff, 0x00, 0x00, 0x00, 0x00, 0x01, 0x3e, 0x00, 0x00, 0x00, 0x25, 0x00, 0x01, 0x0a, 0x00, 0x00,
  0x25, 0x00, 0x03, 0x0a, 0x00, 0x02, 0x25, 0x00, 0x05, 0x0a, 0x00, 0x04, 0x25, 0x00, 0x07, 0x0a,
  0x00, 0x06, 0x25, 0x00, 0x09, 0x0a, 0x00, 0x08, 0x25, 0x00, 0x0b, 0x0a, 0x00, 0x0a, 0x25, 0x00,
  0x0d, 0x0a, 0x00, 0x0c, 0x25, 0x00, 0x0f, 0x0a, 0x00, 0x0e, 0x25, 0x00, 0x11, 0x0a, 0x00, 0x10,
  0x25, 0x00, 0x13, 0x0a, 0x00, 0x12, 0x01, 0x27, 0x0a, 0x00, 0x00, 0x00, 0x0c, 0x00, 0x00, 0x00,
  0x06, 0x00, 0x00, 0x00, 0x11, 0x00, 0x00, 0x00, 0x06, 0x00, 0x00, 0x00, 0x18, 0x00, 0x00, 0x00,
  0x06, 0x00, 0x00, 0x00, 0x24, 0x00, 0x00, 0x00, 0x06, 0x00, 0x00, 0x00, 0x2b, 0x00, 0x00, 0x00,
  0x06, 0x00, 0x00, 0x00, 0x32, 0x00, 0x00, 0x00, 0x06, 0x00, 0x00, 0x00, 0x3a, 0x00, 0x00, 0x00,
  0x06, 0x00, 0x00, 0x00, 0x41, 0x00, 0x00, 0x00, 0x06, 0x00, 0x00, 0x00, 0x43, 0x00, 0x00, 0x00,
  0x06, 0x00, 0x00, 0x00, 0x48, 0x00, 0x00, 0x00, 0x08, 0x00, 0x00, 0x00, 0x14, 0x00, 0x00, 0x00,
  0x01, 0x03, 0x00, 0x00, 0x00, 0x67, 0x63, 0x64, 0x02, 0x00, 0x00, 0x00, 0x00, 0x01, 0x03, 0x00,
  0x00, 0x00, 0x6c, 0x63, 0x6d, 0x02, 0x01, 0x00, 0x00, 0x00, 0x01, 0x09, 0x00, 0x00, 0x00, 0x66,
  0x61, 0x63, 0x74, 0x6f, 0x72, 0x69, 0x61, 0x6c, 0x02, 0x02, 0x00, 0x00, 0x00, 0x01, 0x08, 0x00,
  0x00, 0x00, 0x69, 0x73, 0x5f, 0x70, 0x72, 0x69, 0x6d, 0x65, 0x02, 0x03, 0x00, 0x00, 0x00, 0x01,
  0x0c, 0x00, 0x00, 0x00, 0x70, 0x72, 0x69, 0x6d, 0x65, 0x73, 0x5f, 0x75, 0x70, 0x5f, 0x74, 0x6f,
  0x02, 0x04, 0x00, 0x00, 0x00, 0x01, 0x04, 0x00, 0x00, 0x00, 0x6d, 0x65, 0x61, 0x6e, 0x02, 0x05,
  0x00, 0x00, 0x00, 0x01, 0x06, 0x00, 0x00, 0x00, 0x6d, 0x65, 0x64, 0x69, 0x61, 0x6e, 0x02, 0x06,
  0x00, 0x00, 0x00, 0x01, 0x08, 0x00, 0x00, 0x00, 0x76, 0x61, 0x72, 0x69, 0x61, 0x6e, 0x63, 0x65,
  0x02, 0x07, 0x00, 0x00, 0x00, 0x01, 0x06, 0x00, 0x00, 0x00, 0x73, 0x74, 0x64, 0x64, 0x65, 0x76,
  0x02, 0x08, 0x00, 0x00, 0x00, 0x01, 0x05, 0x00, 0x00, 0x00, 0x72, 0x65, 0x6d, 0x61, 0x70, 0x02,
  0x09, 0x00, 0x00, 0x00, 0xb8, 0xbe, 0x17, 0x81,
};

/* std/path */
static const unsigned char embedded_10[] = {
  0x7f, 0x46, 0x58, 0x43, 0x01, 0x00, 0x01, 0x00, 0x00, 0x00, 0x00, 0x00, 0x05, 0x00, 0x00, 0x00,
  0x31, 0x2e, 0x30, 0x2e, 0x30, 0x07, 0x00, 0x00, 0x00, 0x70, 0x61, 0x74, 0x68, 0x2e, 0x66, 0x78,
  0x0b, 0x00, 0x00, 0x00, 0x05, 0x00, 0x00, 0x00, 0x5f, 0x75, 0x6e, 0x69, 0x78, 0x01, 0x01, 0x00,
  0x00, 0x00, 0x0f, 0x00, 0x00, 0x00, 0x07, 0x01, 0x00, 0x00, 0x01, 0x00, 0x00, 0x02, 0x24, 0x00,
  0x00, 0x02, 0x27, 0x01, 0x27, 0x01, 0x00, 0x00, 0x00, 0x0b, 0x00, 0x00, 0x00, 0x0f, 0x00, 0x00,
  0x00, 0x03, 0x00, 0x00, 0x00, 0x01, 0x07, 0x00, 0x00, 0x00, 0x72, 0x65, 0x70, 0x6c, 0x61, 0x63,
  0x65, 0x01, 0x01, 0x00, 0x00, 0x00, 0x5c, 0x01, 0x01, 0x00, 0x00, 0x00, 0x2f, 0x0b, 0x00, 0x00,
  0x00, 0x69, 0x73, 0x5f, 0x61, 0x62, 0x73, 0x6f, 0x6c, 0x75, 0x74, 0x65, 0x01, 0x01, 0x00, 0x00,
  0x00, 0x45, 0x00, 0x00, 0x00, 0x09, 0x00, 0x00, 0x07, 0x01, 0x23, 0x01, 0x08, 0x01, 0x04, 0x07,
  0x01, 0x00, 0x00, 0x02, 0x24, 0x00, 0x01, 0x01, 0x21, 0x00, 0x03, 0x20, 0x00, 0x29, 0x04, 0x09,
  0x00, 0x03, 0x07, 0x01, 0x23, 0x01, 0x00, 0x00, 0x04, 0x15, 0x1d, 0x21, 0x00, 0x0b, 0x04, 0x07,
  0x01, 0x00, 0x00, 0x05, 0x10, 0x00, 0x00, 0x06, 0x13, 0x21, 0x00, 0x0b, 0x04, 0x07, 0x01, 0x00,
  0x00, 0x07, 0x10, 0x00, 0x00, 0x08, 0x13, 0x27, 0x01, 0x27, 0x03, 0x00, 0x00, 0x00, 0x0e, 0x00,
  0x00, 0x00, 0x0a, 0x00, 0x00, 0x00, 0x0f, 0x00, 0x00, 0x00, 0x39, 0x00, 0x00, 0x00, 0x10, 0x00,
  0x00, 0x00, 0x02, 0x00, 0x00, 0x00, 0x09, 0x00, 0x00, 0x00, 0x01, 0x05, 0x00, 0x00, 0x00, 0x5f,
  0x75, 0x6e, 0x69, 0x78, 0x01, 0x0b, 0x00, 0x00, 0x00, 0x73, 0x74, 0x61, 0x72, 0x74, 0x73, 0x5f,
  0x77, 0x69, 0x74, 0x68, 0x01, 0x01, 0x00, 0x00, 0x00, 0x2f, 0x01, 0x03, 0x00, 0x00, 0x00, 0x6c,
  0x65, 0x6e, 0x00, 0x00, 0x00, 0x00, 0x00, 0x00, 0x00, 0x08, 0x40, 0x00, 0x00, 0x00, 0x00, 0x00,
  0x00, 0x00, 0xf0, 0x3f, 0x01, 0x01, 0x00, 0x00, 0x00, 0x3a, 0x00, 0x00, 0x00, 0x00, 0x00, 0x00,
  0x00, 0x00, 0x40, 0x01, 0x01, 0x00, 0x00, 0x00, 0x2f, 0x04, 0x00, 0x00, 0x00, 0x6a, 0x6f, 0x69,
  0x6e, 0x06, 0x01, 0x00, 0x00, 0x00, 0xdf, 0x00, 0x00, 0x00, 0x07, 0x02, 0x38, 0x00, 0x04, 0x04,
  0x01, 0x08, 0x02, 0x04, 0x07, 0x03, 0x38, 0x00, 0x04, 0x04, 0x01, 0x08, 0x03, 0x04, 0x07, 0x04,
  0x38, 0x00, 0x04, 0x04, 0x01, 0x08, 0x04, 0x04, 0x07, 0x05, 0x38, 0x00, 0x04, 0x04, 0x01, 0x08,
  0x05, 0x04, 0x07, 0x06, 0x38, 0x00, 0x04, 0x04, 0x01, 0x08, 0x06, 0x04, 0x09, 0x00, 0x00, 0x07,
  0x01, 0x23, 0x01, 0x00, 0x00, 0x01, 0x13, 0x21, 0x00, 0x03, 0x04, 0x07, 0x01, 0x21, 0x00, 0x03,
  0x20, 0x00, 0x10, 0x04, 0x07, 0x01, 0x07, 0x02, 0x07, 0x03, 0x07, 0x04, 0x07, 0x05, 0x07, 0x06,
  0x28, 0x00, 0x06, 0x00, 0x00, 0x02, 0x07, 0x07, 0x00, 0x00, 0x03, 0x2a, 0x09, 0x00, 0x73, 0x07,
  0x0b, 0x01, 0x13, 0x21, 0x00, 0x03, 0x20, 0x00, 0x07, 0x04, 0x07, 0x0b, 0x00, 0x00, 0x04, 0x13,
  0x21, 0x00, 0x08, 0x04, 0x04, 0x22, 0x00, 0x1d, 0x20, 0x00, 0x01, 0x04, 0x09, 0x00, 0x05, 0x07,
  0x0b, 0x23, 0x01, 0x08, 0x0b, 0x04, 0x07, 0x08, 0x00, 0x00, 0x06, 0x13, 0x21, 0x00, 0x03, 0x20,
  0x00, 0x0a, 0x04, 0x07, 0x0b, 0x00, 0x00, 0x08, 0x24, 0x00, 0x07, 0x01, 0x21, 0x00, 0x09, 0x04,
  0x07, 0x0b, 0x08, 0x08, 0x04, 0x20, 0x00, 0x26, 0x04, 0x07, 0x08, 0x00, 0x00, 0x0a, 0x24, 0x00,
  0x09, 0x01, 0x21, 0x00, 0x0c, 0x04, 0x07, 0x08, 0x07, 0x0b, 0x16, 0x08, 0x08, 0x04, 0x20, 0x00,
  0x0d, 0x04, 0x07, 0x08, 0x00, 0x00, 0x0b, 0x07, 0x0b, 0x16, 0x16, 0x08, 0x08, 0x04, 0x04, 0x22,
  0x00, 0x77, 0x04, 0x04, 0x07, 0x08, 0x27, 0x01, 0x27, 0x0c, 0x00, 0x00, 0x00, 0x13, 0x00, 0x00,
  0x00, 0x32, 0x00, 0x00, 0x00, 0x14, 0x00, 0x00, 0x00, 0x27, 0x00, 0x00, 0x00, 0x15, 0x00, 0x00,
  0x00, 0x03, 0x00, 0x00, 0x00, 0x16, 0x00, 0x00, 0x00, 0x09, 0x00, 0x00, 0x00, 0x17, 0x00, 0x00,
  0x00, 0x1d, 0x00, 0x00, 0x00, 0x18, 0x00, 0x00, 0x00, 0x0a, 0x00, 0x00, 0x00, 0x19, 0x00, 0x00,
  0x00, 0x23, 0x00, 0x00, 0x00, 0x1a, 0x00, 0x00, 0x00, 0x19, 0x00, 0x00, 0x00, 0x1b, 0x00, 0x00,
  0x00, 0x0c, 0x00, 0x00, 0x00, 0x1c, 0x00, 0x00, 0x00, 0x06, 0x00, 0x00, 0x00, 0x1d, 0x00, 0x00,
  0x00, 0x03, 0x00, 0x00, 0x00, 0x1e, 0x00, 0x00, 0x00, 0x02, 0x00, 0x00, 0x00, 0x0c, 0x00, 0x00,
  0x00, 0x01, 0x04, 0x00, 0x00, 0x00, 0x74, 0x79, 0x70, 0x65, 0x01, 0x04, 0x00, 0x00, 0x00, 0x6c,
  0x69, 0x73, 0x74, 0x01, 0x00, 0x00, 0x00, 0x00, 0x00, 0x00, 0x00, 0x00, 0x00, 0x00, 0x00, 0x00,
  0x00, 0x01, 0x00, 0x00, 0x00, 0x00, 0x01, 0x05, 0x00, 0x00, 0x00, 0x5f, 0x75, 0x6e, 0x69, 0x78,
  0x01, 0x00, 0x00, 0x00, 0x00, 0x01, 0x0b, 0x00, 0x00, 0x00, 0x73, 0x74, 0x61, 0x72, 0x74, 0x73,
  0x5f, 0x77, 0x69, 0x74, 0x68, 0x01, 0x01, 0x00, 0x00, 0x00, 0x2f, 0x01, 0x09, 0x00, 0x00, 0x00,
  0x65, 0x6e, 0x64, 0x73, 0x5f, 0x77, 0x69, 0x74, 0x68, 0x01, 0x01, 0x00, 0x00, 0x00, 0x2f, 0x01,
  0x01, 0x00, 0x00, 0x00, 0x2f, 0x08, 0x00, 0x00, 0x00, 0x62, 0x61, 0x73, 0x65, 0x6e, 0x61, 0x6d,
  0x65, 0x01, 0x01, 0x00, 0x00, 0x00, 0x7d, 0x00, 0x00, 0x00, 0x09, 0x00, 0x00, 0x07, 0x01, 0x23,
  0x01, 0x08, 0x01, 0x04, 0x09, 0x00, 0x01, 0x07, 0x01, 0x23, 0x01, 0x00, 0x00, 0x02, 0x14, 0x21,
  0x00, 0x0a, 0x04, 0x07, 0x01, 0x00, 0x00, 0x04, 0x24, 0x00, 0x03, 0x01, 0x21, 0x00, 0x18, 0x04,
  0x07, 0x01, 0x00, 0x00, 0x05, 0x09, 0x00, 0x01, 0x07, 0x01, 0x23, 0x01, 0x00, 0x00, 0x06, 0x17,
  0x12, 0x08, 0x01, 0x04, 0x22, 0x00, 0x33, 0x04, 0x00, 0x00, 0x07, 0x1c, 0x00, 0x00, 0x08, 0x09,
  0x00, 0x01, 0x07, 0x01, 0x23, 0x01, 0x1f, 0x00, 0x00, 0x09, 0x2a, 0x03, 0x00, 0x1a, 0x07, 0x01,
  0x07, 0x05, 0x10, 0x00, 0x00, 0x0a, 0x13, 0x21, 0x00, 0x09, 0x04, 0x07, 0x05, 0x08, 0x02, 0x04,
  0x20, 0x00, 0x01, 0x04, 0x04, 0x22, 0x00, 0x1e, 0x04, 0x04, 0x07, 0x01, 0x07, 0x02, 0x00, 0x00,
  0x0b, 0x16, 0x01, 0x12, 0x27, 0x01, 0x27, 0x06, 0x00, 0x00, 0x00, 0x21, 0x00, 0x00, 0x00, 0x0a,
  0x00, 0x00, 0x00, 0x22, 0x00, 0x00, 0x00, 0x34, 0x00, 0x00, 0x00, 0x23, 0x00, 0x00, 0x00, 0x04,
  0x00, 0x00, 0x00, 0x24, 0x00, 0x00, 0x00, 0x2e, 0x00, 0x00, 0x00, 0x25, 0x00, 0x00, 0x00, 0x0b,
  0x00, 0x00, 0x00, 0x26, 0x00, 0x00, 0x00, 0x02, 0x00, 0x00, 0x00, 0x0c, 0x00, 0x00, 0x00, 0x01,
  0x05, 0x00, 0x00, 0x00, 0x5f, 0x75, 0x6e, 0x69, 0x78, 0x01, 0x03, 0x00, 0x00, 0x00, 0x6c, 0x65,
  0x6e, 0x00, 0x00, 0x00, 0x00, 0x00, 0x00, 0x00, 0xf0, 0x3f, 0x01, 0x09, 0x00, 0x00, 0x00, 0x65,
  0x6e, 0x64, 0x73, 0x5f, 0x77, 0x69, 0x74, 0x68, 0x01, 0x01, 0x00, 0x00, 0x00, 0x2f, 0x00, 0x00,
  0x00, 0x00, 0x00, 0x00, 0x00, 0x00, 0x00, 0x00, 0x00, 0x00, 0x00, 0x00, 0x00, 0x00, 0xf0, 0x3f,
  0x00, 0x00, 0x00, 0x00, 0x00, 0x00, 0x00, 0xf0, 0x3f, 0x00, 0x00, 0x00, 0x00, 0x00, 0x00, 0x00,
  0x00, 0x00, 0x00, 0x00, 0x00, 0x00, 0x00, 0x00, 0x00, 0x00, 0x00, 0x01, 0x01, 0x00, 0x00, 0x00,
  0x2f, 0x00, 0x00, 0x00, 0x00, 0x00, 0x00, 0x00, 0xf0, 0x3f, 0x07, 0x00, 0x00, 0x00, 0x64, 0x69,
  0x72, 0x6e, 0x61, 0x6d, 0x65, 0x01, 0x01, 0x00, 0x00, 0x00, 0x9f, 0x00, 0x00, 0x00, 0x09, 0x00,
  0x00, 0x07, 0x01, 0x23, 0x01, 0x08, 0x01, 0x04, 0x09, 0x00, 0x01, 0x07, 0x01, 0x23, 0x01, 0x00,
  0x00, 0x02, 0x14, 0x21, 0x00, 0x0a, 0x04, 0x07, 0x01, 0x00, 0x00, 0x04, 0x24, 0x00, 0x03, 0x01,
  0x21, 0x00, 0x18, 0x04, 0x07, 0x01, 0x00, 0x00, 0x05, 0x09, 0x00, 0x01, 0x07, 0x01, 0x23, 0x01,
  0x00, 0x00, 0x06, 0x17, 0x12, 0x08, 0x01, 0x04, 0x22, 0x00, 0x33, 0x04, 0x00, 0x00, 0x07, 0x1c,
  0x00, 0x00, 0x08, 0x09, 0x00, 0x01, 0x07, 0x01, 0x23, 0x01, 0x1f, 0x00, 0x00, 0x09, 0x2a, 0x03,
  0x00, 0x1a, 0x07, 0x01, 0x07, 0x05, 0x10, 0x00, 0x00, 0x0a, 0x13, 0x21, 0x00, 0x09, 0x04, 0x07,
  0x05, 0x08, 0x02, 0x04, 0x20, 0x00, 0x01, 0x04, 0x04, 0x22, 0x00, 0x1e, 0x04, 0x04, 0x07, 0x02,
  0x00, 0x00, 0x0b, 0x15, 0x21, 0x00, 0x08, 0x04, 0x00, 0x00, 0x0c, 0x27, 0x20, 0x00, 0x01, 0x04,
  0x07, 0x02, 0x00, 0x00, 0x0d, 0x13, 0x21, 0x00, 0x08, 0x04, 0x00, 0x00, 0x0e, 0x27, 0x20, 0x00,
  0x01, 0x04, 0x07, 0x01, 0x00, 0x00, 0x0f, 0x07, 0x02, 0x12, 0x27, 0x01, 0x27, 0x08, 0x00, 0x00,
  0x00, 0x29, 0x00, 0x00, 0x00, 0x0a, 0x00, 0x00, 0x00, 0x2a, 0x00, 0x00, 0x00, 0x34, 0x00, 0x00,
  0x00, 0x2b, 0x00, 0x00, 0x00, 0x04, 0x00, 0x00, 0x00, 0x2c, 0x00, 0x00, 0x00, 0x2e, 0x00, 0x00,
  0x00, 0x2d, 0x00, 0x00, 0x00, 0x12, 0x00, 0x00, 0x00, 0x2e, 0x00, 0x00, 0x00, 0x12, 0x00, 0x00,
  0x00, 0x2f, 0x00, 0x00, 0x00, 0x09, 0x00, 0x00, 0x00, 0x30, 0x00, 0x00, 0x00, 0x02, 0x00, 0x00,
  0x00, 0x10, 0x00, 0x00, 0x00, 0x01, 0x05, 0x00, 0x00, 0x00, 0x5f, 0x75, 0x6e, 0x69, 0x78, 0x01,
  0x03, 0x00, 0x00, 0x00, 0x6c, 0x65, 0x6e, 0x00, 0x00, 0x00, 0x00, 0x00, 0x00, 0x00, 0xf0, 0x3f,
  0x01, 0x09, 0x00, 0x00, 0x00, 0x65, 0x6e, 0x64, 0x73, 0x5f, 0x77, 0x69, 0x74, 0x68, 0x01, 0x01,
  0x00, 0x00, 0x00, 0x2f, 0x00, 0x00, 0x00, 0x00, 0x00, 0x00, 0x00, 0x00, 0x00, 0x00, 0x00, 0x00,
  0x00, 0x00, 0x00, 0x00, 0xf0, 0x3f, 0x00, 0x00, 0x00, 0x00, 0x00, 0x00, 0x00, 0xf0, 0x3f, 0x00,
  0x00, 0x00, 0x00, 0x00, 0x00, 0x00, 0x00, 0x00, 0x00, 0x00, 0x00, 0x00, 0x00, 0x00, 0x00, 0x00,
  0x00, 0x01, 0x01, 0x00, 0x00, 0x00, 0x2f, 0x00, 0x00, 0x00, 0x00, 0x00, 0x00, 0x00, 0x00, 0x00,
  0x01, 0x01, 0x00, 0x00, 0x00, 0x2e, 0x00, 0x00, 0x00, 0x00, 0x00, 0x00, 0x00, 0x00, 0x00, 0x01,
  0x01, 0x00, 0x00, 0x00, 0x2f, 0x00, 0x00, 0x00, 0x00, 0x00, 0x00, 0x00, 0x00, 0x00, 0x03, 0x00,
  0x00, 0x00, 0x65, 0x78, 0x74, 0x01, 0x01, 0x00, 0x00, 0x00, 0x55, 0x00, 0x00, 0x00, 0x09, 0x00,
  0x00, 0x07, 0x01, 0x23, 0x01, 0x00, 0x00, 0x01, 0x1c, 0x00, 0x00, 0x02, 0x09, 0x00, 0x03, 0x07,
  0x02, 0x23, 0x01, 0x1f, 0x00, 0x00, 0x04, 0x2a, 0x04, 0x00, 0x1a, 0x07, 0x02, 0x07, 0x06, 0x10,
  0x00, 0x00, 0x05, 0x13, 0x21, 0x00, 0x09, 0x04, 0x07, 0x06, 0x08, 0x03, 0x04, 0x20, 0x00, 0x01,
  0x04, 0x04, 0x22, 0x00, 0x1e, 0x04, 0x04, 0x07, 0x03, 0x00, 0x00, 0x06, 0x14, 0x1d, 0x21, 0x00,
  0x08, 0x04, 0x00, 0x00, 0x07, 0x27, 0x20, 0x00, 0x01, 0x04, 0x07, 0x02, 0x07, 0x03, 0x01, 0x12,
  0x27, 0x01, 0x27, 0x06, 0x00, 0x00, 0x00, 0x33, 0x00, 0x00, 0x00, 0x07, 0x00, 0x00, 0x00, 0x34,
  0x00, 0x00, 0x00, 0x04, 0x00, 0x00, 0x00, 0x35, 0x00, 0x00, 0x00, 0x2e, 0x00, 0x00, 0x00, 0x36,
  0x00, 0x00, 0x00, 0x13, 0x00, 0x00, 0x00, 0x37, 0x00, 0x00, 0x00, 0x07, 0x00, 0x00, 0x00, 0x38,
  0x00, 0x00, 0x00, 0x02, 0x00, 0x00, 0x00, 0x08, 0x00, 0x00, 0x00, 0x01, 0x08, 0x00, 0x00, 0x00,
  0x62, 0x61, 0x73, 0x65, 0x6e, 0x61, 0x6d, 0x65, 0x00, 0x00, 0x00, 0x00, 0x00, 0x00, 0x00, 0xf0,
  0x3f, 0x00, 0x00, 0x00, 0x00, 0x00, 0x00, 0x00, 0x00, 0x00, 0x01, 0x03, 0x00, 0x00, 0x00, 0x6c,
  0x65, 0x6e, 0x00, 0x00, 0x00, 0x00, 0x00, 0x00, 0x00, 0x00, 0x00, 0x01, 0x01, 0x00, 0x00, 0x00,
  0x2e, 0x00, 0x00, 0x00, 0x00, 0x00, 0x00, 0x00, 0x00, 0x00, 0x01, 0x00, 0x00, 0x00, 0x00, 0x04,
  0x00, 0x00, 0x00, 0x73, 0x74, 0x65, 0x6d, 0x01, 0x01, 0x00, 0x00, 0x00, 0x26, 0x00, 0x00, 0x00,
  0x09, 0x00, 0x00, 0x07, 0x01, 0x23, 0x01, 0x09, 0x00, 0x01, 0x07, 0x02, 0x23, 0x01, 0x07, 0x02,
  0x00, 0x00, 0x02, 0x09, 0x00, 0x03, 0x07, 0x02, 0x23, 0x01, 0x09, 0x00, 0x03, 0x07, 0x03, 0x23,
  0x01, 0x17, 0x12, 0x27, 0x01, 0x27, 0x04, 0x00, 0x00, 0x00, 0x3b, 0x00, 0x00, 0x00, 0x07, 0x00,
  0x00, 0x00, 0x3c, 0x00, 0x00, 0x00, 0x07, 0x00, 0x00, 0x00, 0x3d, 0x00, 0x00, 0x00, 0x16, 0x00,
  0x00, 0x00, 0x3e, 0x00, 0x00, 0x00, 0x02, 0x00, 0x00, 0x00, 0x04, 0x00, 0x00, 0x00, 0x01, 0x08,
  0x00, 0x00, 0x00, 0x62, 0x61, 0x73, 0x65, 0x6e, 0x61, 0x6d, 0x65, 0x01, 0x03, 0x00, 0x00, 0x00,
  0x65, 0x78, 0x74, 0x00, 0x00, 0x00, 0x00, 0x00, 0x00, 0x00, 0x00, 0x00, 0x01, 0x03, 0x00, 0x00,
  0x00, 0x6c, 0x65, 0x6e, 0x05, 0x00, 0x00, 0x00, 0x73, 0x70, 0x6c, 0x69, 0x74, 0x01, 0x01, 0x00,
  0x00, 0x00, 0x14, 0x00, 0x00, 0x00, 0x09, 0x00, 0x00, 0x07, 0x01, 0x23, 0x01, 0x09, 0x00, 0x01,
  0x07, 0x01, 0x23, 0x01, 0x28, 0x00, 0x02, 0x27, 0x01, 0x27, 0x01, 0x00, 0x00, 0x00, 0x40, 0x00,
  0x00, 0x00, 0x14, 0x00, 0x00, 0x00, 0x02, 0x00, 0x00, 0x00, 0x01, 0x07, 0x00, 0x00, 0x00, 0x64,
  0x69, 0x72, 0x6e, 0x61, 0x6d, 0x65, 0x01, 0x08, 0x00, 0x00, 0x00, 0x62, 0x61, 0x73, 0x65, 0x6e,
  0x61, 0x6d, 0x65, 0x09, 0x00, 0x00, 0x00, 0x6e, 0x6f, 0x72, 0x6d, 0x61, 0x6c, 0x69, 0x7a, 0x65,
  0x01, 0x01, 0x00, 0x00, 0x00, 0xd4, 0x00, 0x00, 0x00, 0x09, 0x00, 0x00, 0x07, 0x01, 0x23, 0x01,
  0x08, 0x01, 0x04, 0x07, 0x01, 0x00, 0x00, 0x02, 0x24, 0x00, 0x01, 0x01, 0x28, 0x00, 0x00, 0x07,
  0x01, 0x00, 0x00, 0x04, 0x24, 0x00, 0x03, 0x01, 0x00, 0x00, 0x05, 0x2a, 0x04, 0x00, 0x79, 0x07,
  0x06, 0x00, 0x00, 0x06, 0x13, 0x21, 0x00, 0x03, 0x20, 0x00, 0x07, 0x04, 0x07, 0x06, 0x00, 0x00,
  0x07, 0x13, 0x21, 0x00, 0x08, 0x04, 0x04, 0x22, 0x00, 0x1f, 0x20, 0x00, 0x01, 0x04, 0x07, 0x06,
  0x00, 0x00, 0x08, 0x13, 0x21, 0x00, 0x43, 0x04, 0x09, 0x00, 0x09, 0x07, 0x03, 0x23, 0x01, 0x00,
  0x00, 0x0a, 0x14, 0x21, 0x00, 0x0d, 0x04, 0x07, 0x03, 0x00, 0x00, 0x0b, 0x1c, 0x10, 0x00, 0x00,
  0x0c, 0x13, 0x1d, 0x21, 0x00, 0x0b, 0x04, 0x07, 0x03, 0x24, 0x00, 0x0d, 0x00, 0x04, 0x20, 0x00,
  0x16, 0x04, 0x07, 0x02, 0x1d, 0x21, 0x00, 0x0e, 0x04, 0x07, 0x03, 0x00, 0x00, 0x0f, 0x24, 0x00,
  0x0e, 0x01, 0x04, 0x20, 0x00, 0x01, 0x04, 0x20, 0x00, 0x0a, 0x04, 0x07, 0x03, 0x07, 0x06, 0x24,
  0x00, 0x0e, 0x01, 0x04, 0x04, 0x22, 0x00, 0x7d, 0x04, 0x04, 0x07, 0x03, 0x00, 0x00, 0x11, 0x24,
  0x00, 0x10, 0x01, 0x07, 0x02, 0x21, 0x00, 0x0b, 0x04, 0x00, 0x00, 0x12, 0x07, 0x04, 0x16, 0x27,
  0x20, 0x00, 0x01, 0x04, 0x07, 0x04, 0x00, 0x00, 0x13, 0x13, 0x21, 0x00, 0x04, 0x04, 0x00, 0x00,
  0x14, 0x21, 0x00, 0x03, 0x20, 0x00, 0x03, 0x04, 0x07, 0x04, 0x27, 0x01, 0x27, 0x0f, 0x00, 0x00,
  0x00, 0x43, 0x00, 0x00, 0x00, 0x0a, 0x00, 0x00, 0x00, 0x44, 0x00, 0x00, 0x00, 0x09, 0x00, 0x00,
  0x00, 0x45, 0x00, 0x00, 0x00, 0x03, 0x00, 0x00, 0x00, 0x46, 0x00, 0x00, 0x00, 0x10, 0x00, 0x00,
  0x00, 0x47, 0x00, 0x00, 0x00, 0x1f, 0x00, 0x00, 0x00, 0x48, 0x00, 0x00, 0x00, 0x0a, 0x00, 0x00,
  0x00, 0x49, 0x00, 0x00, 0x00, 0x2a, 0x00, 0x00, 0x00, 0x4a, 0x00, 0x00, 0x00, 0x15, 0x00, 0x00,
  0x00, 0x4b, 0x00, 0x00, 0x00, 0x04, 0x00, 0x00, 0x00, 0x4c, 0x00, 0x00, 0x00, 0x09, 0x00, 0x00,
  0x00, 0x4e, 0x00, 0x00, 0x00, 0x06, 0x00, 0x00, 0x00, 0x4f, 0x00, 0x00, 0x00, 0x09, 0x00, 0x00,
  0x00, 0x50, 0x00, 0x00, 0x00, 0x11, 0x00, 0x00, 0x00, 0x51, 0x00, 0x00, 0x00, 0x17, 0x00, 0x00,
  0x00, 0x52, 0x00, 0x00, 0x00, 0x02, 0x00, 0x00, 0x00, 0x15, 0x00, 0x00, 0x00, 0x01, 0x05, 0x00,
  0x00, 0x00, 0x5f, 0x75, 0x6e, 0x69, 0x78, 0x01, 0x0b, 0x00, 0x00, 0x00, 0x73, 0x74, 0x61, 0x72,
  0x74, 0x73, 0x5f, 0x77, 0x69, 0x74, 0x68, 0x01, 0x01, 0x00, 0x00, 0x00, 0x2f, 0x01, 0x05, 0x00,
  0x00, 0x00, 0x73, 0x70, 0x6c, 0x69, 0x74, 0x01, 0x01, 0x00, 0x00, 0x00, 0x2f, 0x00, 0x00, 0x00,
  0x00, 0x00, 0x00, 0x00, 0x00, 0x00, 0x01, 0x00, 0x00, 0x00, 0x00, 0x01, 0x01, 0x00, 0x00, 0x00,
  0x2e, 0x01, 0x02, 0x00, 0x00, 0x00, 0x2e, 0x2e, 0x01, 0x03, 0x00, 0x00, 0x00, 0x6c, 0x65, 0x6e,
  0x00, 0x00, 0x00, 0x00, 0x00, 0x00, 0x00, 0x00, 0x00, 0x00, 0x00, 0x00, 0x00, 0x00, 0x00, 0x00,
  0xf0, 0x3f, 0x01, 0x02, 0x00, 0x00, 0x00, 0x2e, 0x2e, 0x01, 0x03, 0x00, 0x00, 0x00, 0x70, 0x6f,
  0x70, 0x01, 0x04, 0x00, 0x00, 0x00, 0x70, 0x75, 0x73, 0x68, 0x01, 0x02, 0x00, 0x00, 0x00, 0x2e,
  0x2e, 0x01, 0x04, 0x00, 0x00, 0x00, 0x6a, 0x6f, 0x69, 0x6e, 0x01, 0x01, 0x00, 0x00, 0x00, 0x2f,
  0x01, 0x01, 0x00, 0x00, 0x00, 0x2f, 0x01, 0x00, 0x00, 0x00, 0x00, 0x01, 0x01, 0x00, 0x00, 0x00,
  0x2e, 0x08, 0x00, 0x00, 0x00, 0x77, 0x69, 0x74, 0x68, 0x5f, 0x65, 0x78, 0x74, 0x02, 0x02, 0x00,
  0x00, 0x00, 0x22, 0x00, 0x00, 0x00, 0x09, 0x00, 0x00, 0x07, 0x01, 0x23, 0x01, 0x07, 0x01, 0x00,
  0x00, 0x01, 0x09, 0x00, 0x02, 0x07, 0x01, 0x23, 0x01, 0x09, 0x00, 0x02, 0x07, 0x03, 0x23, 0x01,
  0x17, 0x12, 0x07, 0x02, 0x16, 0x27, 0x01, 0x27, 0x03, 0x00, 0x00, 0x00, 0x55, 0x00, 0x00, 0x00,
  0x07, 0x00, 0x00, 0x00, 0x56, 0x00, 0x00, 0x00, 0x19, 0x00, 0x00, 0x00, 0x57, 0x00, 0x00, 0x00,
  0x02, 0x00, 0x00, 0x00, 0x03, 0x00, 0x00, 0x00, 0x01, 0x03, 0x00, 0x00, 0x00, 0x65, 0x78, 0x74,
  0x00, 0x00, 0x00, 0x00, 0x00, 0x00, 0x00, 0x00, 0x00, 0x01, 0x03, 0x00, 0x00, 0x00, 0x6c, 0x65,
  0x6e, 0xff, 0xff, 0xff, 0xff, 0x00, 0x00, 0x00, 0x00, 0x01, 0x3e, 0x00, 0x00, 0x00, 0x25, 0x00,
  0x01, 0x0a, 0x00, 0x00, 0x25, 0x00, 0x03, 0x0a, 0x00, 0x02, 0x25, 0x00, 0x05, 0x0a, 0x00, 0x04,
  0x25, 0x00, 0x07, 0x0a, 0x00, 0x06, 0x25, 0x00, 0x09, 0x0a, 0x00, 0x08, 0x25, 0x00, 0x0b, 0x0a,
  0x00, 0x0a, 0x25, 0x00, 0x0d, 0x0a, 0x00, 0x0c, 0x25, 0x00, 0x0f, 0x0a, 0x00, 0x0e, 0x25, 0x00,
  0x11, 0x0a, 0x00, 0x10, 0x25, 0x00, 0x13, 0x0a, 0x00, 0x12, 0x01, 0x27, 0x0a, 0x00, 0x00, 0x00,
  0x0b, 0x00, 0x00, 0x00, 0x06, 0x00, 0x00, 0x00, 0x10, 0x00, 0x00, 0x00, 0x06, 0x00, 0x00, 0x00,
  0x1e, 0x00, 0x00, 0x00, 0x06, 0x00, 0x00, 0x00, 0x26, 0x00, 0x00, 0x00, 0x06, 0x00, 0x00, 0x00,
  0x30, 0x00, 0x00, 0x00, 0x06, 0x00, 0x00, 0x00, 0x38, 0x00, 0x00, 0x00, 0x06, 0x00, 0x00, 0x00,
  0x3e, 0x00, 0x00, 0x00, 0x06, 0x00, 0x00, 0x00, 0x40, 0x00, 0x00, 0x00, 0x06, 0x00, 0x00, 0x00,
  0x52, 0x00, 0x00, 0x00, 0x06, 0x00, 0x00, 0x00, 0x57, 0x00, 0x00, 0x00, 0x08, 0x00, 0x00, 0x00,
  0x14, 0x00, 0x00, 0x00, 0x01, 0x05, 0x00, 0x00, 0x00, 0x5f, 0x75, 0x6e, 0x69, 0x78, 0x02, 0x00,
  0x00, 0x00, 0x00, 0x01, 0x0b, 0x00, 0x00, 0x00, 0x69, 0x73, 0x5f, 0x61, 0x62, 0x73, 0x6f, 0x6c,
  0x75, 0x74, 0x65, 0x02, 0x01, 0x00, 0x00, 0x00, 0x01, 0x04, 0x00, 0x00, 0x00, 0x6a, 0x6f, 0x69,
  0x6e, 0x02, 0x02, 0x00, 0x00, 0x00, 0x01, 0x08, 0x00, 0x00, 0x00, 0x62, 0x61, 0x73, 0x65, 0x6e,
  0x61, 0x6d, 0x65, 0x02, 0x03, 0x00, 0x00, 0x00, 0x01, 0x07, 0x00, 0x00, 0x00, 0x64, 0x69, 0x72,
  0x6e, 0x61, 0x6d, 0x65, 0x02, 0x04, 0x00, 0x00, 0x00, 0x01, 0x03, 0x00, 0x00, 0x00, 0x65, 0x78,
  0x74, 0x02, 0x05, 0x00, 0x00, 0x00, 0x01, 0x04, 0x00, 0x00, 0x00, 0x73, 0x74, 0x65, 0x6d, 0x02,
  0x06, 0x00, 0x00, 0x00, 0x01, 0x05, 0x00, 0x00, 0x00, 0x73, 0x70, 0x6c, 0x69, 0x74, 0x02, 0x07,
  0x00, 0x00, 0x00, 0x01, 0x09, 0x00, 0x00, 0x00, 0x6e, 0x6f, 0x72, 0x6d, 0x61, 0x6c, 0x69, 0x7a,
  0x65, 0x02, 0x08, 0x00, 0x00, 0x00, 0x01, 0x08, 0x00, 0x00, 0x00, 0x77, 0x69, 0x74, 0x68, 0x5f,
  0x65, 0x78, 0x74, 0x02, 0x09, 0x00, 0x00, 0x00, 0x64, 0x31, 0x1b, 0x5f,
};

/* std/random */
static const unsigned char embedded_11[] = {
  0x7f, 0x46, 0x58, 0x43, 0x01, 0x00, 0x01, 0x00, 0x00, 0x00, 0x00, 0x00, 0x05, 0x00, 0x00, 0x00,
  0x31, 0x2e, 0x30, 0x2e, 0x30, 0x09, 0x00, 0x00, 0x00, 0x72, 0x61, 0x6e, 0x64, 0x6f, 0x6d, 0x2e,
  0x66, 0x78, 0x08, 0x00, 0x00, 0x00, 0x04, 0x00, 0x00, 0x00, 0x73, 0x65, 0x65, 0x64, 0x01, 0x01,
  0x00, 0x00, 0x00, 0x0c, 0x00, 0x00, 0x00, 0x09, 0x00, 0x00, 0x07, 0x01, 0x24, 0x00, 0x01, 0x01,
  0x04, 0x01, 0x27, 0x01, 0x00, 0x00, 0x00, 0x0b, 0x00, 0x00, 0x00, 0x0c, 0x00, 0x00, 0x00, 0x02,
  0x00, 0x00, 0x00, 0x01, 0x04, 0x00, 0x00, 0x00, 0x6d, 0x61, 0x74, 0x68, 0x01, 0x04, 0x00, 0x00,
  0x00, 0x73, 0x65, 0x65, 0x64, 0x03, 0x00, 0x00, 0x00, 0x69, 0x6e, 0x74, 0x02, 0x02, 0x00, 0x00,
  0x00, 0x0e, 0x00, 0x00, 0x00, 0x09, 0x00, 0x00, 0x07, 0x01, 0x07, 0x02, 0x24, 0x00, 0x01, 0x02,
  0x27, 0x01, 0x27, 0x01, 0x00, 0x00, 0x00, 0x0c, 0x00, 0x00, 0x00, 0x0e, 0x00, 0x00, 0x00, 0x02,
  0x00, 0x00, 0x00, 0x01, 0x04, 0x00, 0x00, 0x00, 0x6d, 0x61, 0x74, 0x68, 0x01, 0x07, 0x00, 0x00,
  0x00, 0x72, 0x61, 0x6e, 0x64, 0x69, 0x6e, 0x74, 0x05, 0x00, 0x00, 0x00, 0x66, 0x6c, 0x6f, 0x61,
  0x74, 0x02, 0x00, 0x00, 0x00, 0x00, 0x2b, 0x00, 0x00, 0x00, 0x07, 0x01, 0x38, 0x00, 0x06, 0x04,
  0x00, 0x00, 0x00, 0x08, 0x01, 0x04, 0x07, 0x02, 0x38, 0x00, 0x06, 0x04, 0x00, 0x00, 0x01, 0x08,
  0x02, 0x04, 0x07, 0x01, 0x09, 0x00, 0x02, 0x24, 0x00, 0x03, 0x00, 0x07, 0x02, 0x07, 0x01, 0x17,
  0x18, 0x16, 0x27, 0x01, 0x27, 0x01, 0x00, 0x00, 0x00, 0x0d, 0x00, 0x00, 0x00, 0x2b, 0x00, 0x00,
  0x00, 0x04, 0x00, 0x00, 0x00, 0x00, 0x00, 0x00, 0x00, 0x00, 0x00, 0x00, 0x00, 0x00, 0x00, 0x00,
  0x00, 0x00, 0x00, 0x00, 0x00, 0xf0, 0x3f, 0x01, 0x04, 0x00, 0x00, 0x00, 0x6d, 0x61, 0x74, 0x68,
  0x01, 0x06, 0x00, 0x00, 0x00, 0x72, 0x61, 0x6e, 0x64, 0x6f, 0x6d, 0x06, 0x00, 0x00, 0x00, 0x63,
  0x68, 0x61, 0x6e, 0x63, 0x65, 0x01, 0x00, 0x00, 0x00, 0x00, 0x19, 0x00, 0x00, 0x00, 0x07, 0x01,
  0x38, 0x00, 0x06, 0x04, 0x00, 0x00, 0x00, 0x08, 0x01, 0x04, 0x09, 0x00, 0x01, 0x24, 0x00, 0x02,
  0x00, 0x07, 0x01, 0x15, 0x27, 0x01, 0x27, 0x01, 0x00, 0x00, 0x00, 0x0e, 0x00, 0x00, 0x00, 0x19,
  0x00, 0x00, 0x00, 0x03, 0x00, 0x00, 0x00, 0x00, 0x00, 0x00, 0x00, 0x00, 0x00, 0x00, 0xe0, 0x3f,
  0x01, 0x04, 0x00, 0x00, 0x00, 0x6d, 0x61, 0x74, 0x68, 0x01, 0x06, 0x00, 0x00, 0x00, 0x72, 0x61,
  0x6e, 0x64, 0x6f, 0x6d, 0x06, 0x00, 0x00, 0x00, 0x63, 0x68, 0x6f, 0x69, 0x63, 0x65, 0x01, 0x01,
  0x00, 0x00, 0x00, 0x32, 0x00, 0x00, 0x00, 0x09, 0x00, 0x00, 0x07, 0x01, 0x23, 0x01, 0x00, 0x00,
  0x01, 0x13, 0x21, 0x00, 0x08, 0x04, 0x00, 0x00, 0x02, 0x2d, 0x20, 0x00, 0x01, 0x04, 0x07, 0x01,
  0x09, 0x00, 0x03, 0x00, 0x00, 0x05, 0x09, 0x00, 0x00, 0x07, 0x01, 0x23, 0x01, 0x00, 0x00, 0x06,
  0x17, 0x24, 0x00, 0x04, 0x02, 0x10, 0x27, 0x01, 0x27, 0x03, 0x00, 0x00, 0x00, 0x11, 0x00, 0x00,
  0x00, 0x17, 0x00, 0x00, 0x00, 0x12, 0x00, 0x00, 0x00, 0x19, 0x00, 0x00, 0x00, 0x13, 0x00, 0x00,
  0x00, 0x02, 0x00, 0x00, 0x00, 0x07, 0x00, 0x00, 0x00, 0x01, 0x03, 0x00, 0x00, 0x00, 0x6c, 0x65,
  0x6e, 0x00, 0x00, 0x00, 0x00, 0x00, 0x00, 0x00, 0x00, 0x00, 0x01, 0x26, 0x00, 0x00, 0x00, 0x72,
  0x61, 0x6e, 0x64, 0x6f, 0x6d, 0x2e, 0x63, 0x68, 0x6f, 0x69, 0x63, 0x65, 0x28, 0x29, 0x20, 0x6e,
  0x65, 0x65, 0x64, 0x73, 0x20, 0x61, 0x20, 0x6e, 0x6f, 0x6e, 0x2d, 0x65, 0x6d, 0x70, 0x74, 0x79,
  0x20, 0x6c, 0x69, 0x73, 0x74, 0x01, 0x04, 0x00, 0x00, 0x00, 0x6d, 0x61, 0x74, 0x68, 0x01, 0x07,
  0x00, 0x00, 0x00, 0x72, 0x61, 0x6e, 0x64, 0x69, 0x6e, 0x74, 0x00, 0x00, 0x00, 0x00, 0x00, 0x00,
  0x00, 0x00, 0x00, 0x00, 0x00, 0x00, 0x00, 0x00, 0x00, 0x00, 0xf0, 0x3f, 0x07, 0x00, 0x00, 0x00,
  0x73, 0x68, 0x75, 0x66, 0x66, 0x6c, 0x65, 0x01, 0x01, 0x00, 0x00, 0x00, 0x4d, 0x00, 0x00, 0x00,
  0x09, 0x00, 0x00, 0x07, 0x01, 0x23, 0x01, 0x00, 0x00, 0x01, 0x17, 0x07, 0x02, 0x00, 0x00, 0x02,
  0x14, 0x21, 0x00, 0x33, 0x04, 0x09, 0x00, 0x03, 0x00, 0x00, 0x05, 0x07, 0x02, 0x24, 0x00, 0x04,
  0x02, 0x07, 0x01, 0x07, 0x02, 0x10, 0x07, 0x01, 0x07, 0x02, 0x07, 0x01, 0x07, 0x03, 0x10, 0x11,
  0x04, 0x07, 0x01, 0x07, 0x03, 0x07, 0x04, 0x11, 0x04, 0x07, 0x02, 0x00, 0x00, 0x06, 0x17, 0x08,
  0x02, 0x04, 0x04, 0x04, 0x22, 0x00, 0x3c, 0x04, 0x07, 0x01, 0x27, 0x01, 0x27, 0x0a, 0x00, 0x00,
  0x00, 0x16, 0x00, 0x00, 0x00, 0x0b, 0x00, 0x00, 0x00, 0x17, 0x00, 0x00, 0x00, 0x0a, 0x00, 0x00,
  0x00, 0x18, 0x00, 0x00, 0x00, 0x0c, 0x00, 0x00, 0x00, 0x19, 0x00, 0x00, 0x00, 0x05, 0x00, 0x00,
  0x00, 0x1a, 0x00, 0x00, 0x00, 0x0b, 0x00, 0x00, 0x00, 0x1b, 0x00, 0x00, 0x00, 0x08, 0x00, 0x00,
  0x00, 0x1c, 0x00, 0x00, 0x00, 0x09, 0x00, 0x00, 0x00, 0x1d, 0x00, 0x00, 0x00, 0x06, 0x00, 0x00,
  0x00, 0x1e, 0x00, 0x00, 0x00, 0x03, 0x00, 0x00, 0x00, 0x1f, 0x00, 0x00, 0x00, 0x02, 0x00, 0x00,
  0x00, 0x07, 0x00, 0x00, 0x00, 0x01, 0x03, 0x00, 0x00, 0x00, 0x6c, 0x65, 0x6e, 0x00, 0x00, 0x00,
  0x00, 0x00, 0x00, 0x00, 0xf0, 0x3f, 0x00, 0x00, 0x00, 0x00, 0x00, 0x00, 0x00, 0x00, 0x00, 0x01,
  0x04, 0x00, 0x00, 0x00, 0x6d, 0x61, 0x74, 0x68, 0x01, 0x07, 0x00, 0x00, 0x00, 0x72, 0x61, 0x6e,
  0x64, 0x69, 0x6e, 0x74, 0x00, 0x00, 0x00, 0x00, 0x00, 0x00, 0x00, 0x00, 0x00, 0x00, 0x00, 0x00,
  0x00, 0x00, 0x00, 0x00, 0xf0, 0x3f, 0x06, 0x00, 0x00, 0x00, 0x73, 0x61, 0x6d, 0x70, 0x6c, 0x65,
  0x02, 0x02, 0x00, 0x00, 0x00, 0x43, 0x00, 0x00, 0x00, 0x07, 0x02, 0x09, 0x00, 0x00, 0x07, 0x01,
  0x23, 0x01, 0x14, 0x21, 0x00, 0x21, 0x04, 0x00, 0x00, 0x01, 0x09, 0x00, 0x02, 0x07, 0x02, 0x23,
  0x01, 0x16, 0x00, 0x00, 0x03, 0x16, 0x09, 0x00, 0x02, 0x09, 0x00, 0x00, 0x07, 0x01, 0x23, 0x01,
  0x23, 0x01, 0x16, 0x2d, 0x20, 0x00, 0x01, 0x04, 0x09, 0x00, 0x04, 0x07, 0x01, 0x24, 0x00, 0x05,
  0x00, 0x23, 0x01, 0x00, 0x00, 0x06, 0x07, 0x02, 0x12, 0x27, 0x01, 0x27, 0x03, 0x00, 0x00, 0x00,
  0x22, 0x00, 0x00, 0x00, 0x2f, 0x00, 0x00, 0x00, 0x23, 0x00, 0x00, 0x00, 0x12, 0x00, 0x00, 0x00,
  0x24, 0x00, 0x00, 0x00, 0x02, 0x00, 0x00, 0x00, 0x07, 0x00, 0x00, 0x00, 0x01, 0x03, 0x00, 0x00,
  0x00, 0x6c, 0x65, 0x6e, 0x01, 0x1b, 0x00, 0x00, 0x00, 0x72, 0x61, 0x6e, 0x64, 0x6f, 0x6d, 0x2e,
  0x73, 0x61, 0x6d, 0x70, 0x6c, 0x65, 0x28, 0x29, 0x20, 0x63, 0x61, 0x6e, 0x27, 0x74, 0x20, 0x70,
  0x69, 0x63, 0x6b, 0x20, 0x01, 0x03, 0x00, 0x00, 0x00, 0x73, 0x74, 0x72, 0x01, 0x0c, 0x00, 0x00,
  0x00, 0x20, 0x69, 0x74, 0x65, 0x6d, 0x73, 0x20, 0x66, 0x72, 0x6f, 0x6d, 0x20, 0x01, 0x07, 0x00,
  0x00, 0x00, 0x73, 0x68, 0x75, 0x66, 0x66, 0x6c, 0x65, 0x01, 0x04, 0x00, 0x00, 0x00, 0x63, 0x6f,
  0x70, 0x79, 0x00, 0x00, 0x00, 0x00, 0x00, 0x00, 0x00, 0x00, 0x00, 0xff, 0xff, 0xff, 0xff, 0x00,
  0x00, 0x00, 0x00, 0x01, 0x2c, 0x00, 0x00, 0x00, 0x25, 0x00, 0x01, 0x0a, 0x00, 0x00, 0x25, 0x00,
  0x03, 0x0a, 0x00, 0x02, 0x25, 0x00, 0x05, 0x0a, 0x00, 0x04, 0x25, 0x00, 0x07, 0x0a, 0x00, 0x06,
  0x25, 0x00, 0x09, 0x0a, 0x00, 0x08, 0x25, 0x00, 0x0b, 0x0a, 0x00, 0x0a, 0x25, 0x00, 0x0d, 0x0a,
  0x00, 0x0c, 0x01, 0x27, 0x07, 0x00, 0x00, 0x00, 0x0b, 0x00, 0x00, 0x00, 0x06, 0x00, 0x00, 0x00,
  0x0c, 0x00, 0x00, 0x00, 0x06, 0x00, 0x00, 0x00, 0x0d, 0x00, 0x00, 0x00, 0x06, 0x00, 0x00, 0x00,
  0x0e, 0x00, 0x00, 0x00, 0x06, 0x00, 0x00, 0x00, 0x13, 0x00, 0x00, 0x00, 0x06, 0x00, 0x00, 0x00,
  0x1f, 0x00, 0x00, 0x00, 0x06, 0x00, 0x00, 0x00, 0x24, 0x00, 0x00, 0x00, 0x08, 0x00, 0x00, 0x00,
  0x0e, 0x00, 0x00, 0x00, 0x01, 0x04, 0x00, 0x00, 0x00, 0x73, 0x65, 0x65, 0x64, 0x02, 0x00, 0x00,
  0x00, 0x00, 0x01, 0x03, 0x00, 0x00, 0x00, 0x69, 0x6e, 0x74, 0x02, 0x01, 0x00, 0x00, 0x00, 0x01,
  0x05, 0x00, 0x00, 0x00, 0x66, 0x6c, 0x6f, 0x61, 0x74, 0x02, 0x02, 0x00, 0x00, 0x00, 0x01, 0x06,
  0x00, 0x00, 0x00, 0x63, 0x68, 0x61, 0x6e, 0x63, 0x65, 0x02, 0x03, 0x00, 0x00, 0x00, 0x01, 0x06,
  0x00, 0x00, 0x00, 0x63, 0x68, 0x6f, 0x69, 0x63, 0x65, 0x02, 0x04, 0x00, 0x00, 0x00, 0x01, 0x07,
  0x00, 0x00, 0x00, 0x73, 0x68, 0x75, 0x66, 0x66, 0x6c, 0x65, 0x02, 0x05, 0x00, 0x00, 0x00, 0x01,
  0x06, 0x00, 0x00, 0x00, 0x73, 0x61, 0x6d, 0x70, 0x6c, 0x65, 0x02, 0x06, 0x00, 0x00, 0x00, 0xee,
  0x51, 0x04, 0x3c,
};

/* std/regex */
static const unsigned char embedded_12[] = {
  0x7f, 0x46, 0x58, 0x43, 0x01, 0x00, 0x01, 0x00, 0x00, 0x00, 0x00, 0x00, 0x05, 0x00, 0x00, 0x00,
  0x31, 0x2e, 0x30, 0x2e, 0x30, 0x08, 0x00, 0x00, 0x00, 0x72, 0x65, 0x67, 0x65, 0x78, 0x2e, 0x66,
  0x78, 0x28, 0x00, 0x00, 0x00, 0x05, 0x00, 0x00, 0x00, 0x5f, 0x66, 0x61, 0x69, 0x6c, 0x02, 0x02,
  0x00, 0x00, 0x00, 0x14, 0x00, 0x00, 0x00, 0x00, 0x00, 0x00, 0x07, 0x02, 0x16, 0x00, 0x00, 0x01,
  0x16, 0x07, 0x01, 0x16, 0x00, 0x00, 0x02, 0x16, 0x2d, 0x01, 0x27, 0x01, 0x00, 0x00, 0x00, 0x15,
  0x00, 0x00, 0x00, 0x14, 0x00, 0x00, 0x00, 0x03, 0x00, 0x00, 0x00, 0x01, 0x0d, 0x00, 0x00, 0x00,
  0x72, 0x65, 0x67, 0x65, 0x78, 0x20, 0x65, 0x72, 0x72, 0x6f, 0x72, 0x3a, 0x20, 0x01, 0x05, 0x00,
  0x00, 0x00, 0x20, 0x69, 0x6e, 0x20, 0x2f, 0x01, 0x01, 0x00, 0x00, 0x00, 0x2f, 0x04, 0x00, 0x00,
  0x00, 0x70, 0x65, 0x65, 0x6b, 0x00, 0x00, 0x03, 0x00, 0x00, 0x1f, 0x00, 0x00, 0x00, 0x0c, 0x00,
  0x0e, 0x00, 0x00, 0x0c, 0x01, 0x15, 0x21, 0x00, 0x09, 0x04, 0x0c, 0x02, 0x0c, 0x00, 0x0e, 0x00,
  0x00, 0x10, 0x21, 0x00, 0x03, 0x20, 0x00, 0x02, 0x04, 0x01, 0x27, 0x01, 0x27, 0x01, 0x00, 0x00,
  0x00, 0x1e, 0x00, 0x00, 0x00, 0x1f, 0x00, 0x00, 0x00, 0x01, 0x00, 0x00, 0x00, 0x01, 0x03, 0x00,
  0x00, 0x00, 0x70, 0x6f, 0x73, 0x03, 0x00, 0x00, 0x00, 0x65, 0x61, 0x74, 0x01, 0x01, 0x03, 0x00,
  0x00, 0x33, 0x00, 0x00, 0x00, 0x0c, 0x00, 0x0e, 0x00, 0x00, 0x0c, 0x01, 0x15, 0x21, 0x00, 0x0c,
  0x04, 0x0c, 0x02, 0x0c, 0x00, 0x0e, 0x00, 0x00, 0x10, 0x07, 0x01, 0x13, 0x21, 0x00, 0x14, 0x04,
  0x0c, 0x00, 0x05, 0x0e, 0x00, 0x00, 0x00, 0x00, 0x01, 0x16, 0x0f, 0x00, 0x00, 0x04, 0x02, 0x27,
  0x20, 0x00, 0x01, 0x04, 0x03, 0x27, 0x01, 0x27, 0x03, 0x00, 0x00, 0x00, 0x20, 0x00, 0x00, 0x00,
  0x2f, 0x00, 0x00, 0x00, 0x21, 0x00, 0x00, 0x00, 0x02, 0x00, 0x00, 0x00, 0x22, 0x00, 0x00, 0x00,
  0x02, 0x00, 0x00, 0x00, 0x02, 0x00, 0x00, 0x00, 0x01, 0x03, 0x00, 0x00, 0x00, 0x70, 0x6f, 0x73,
  0x00, 0x00, 0x00, 0x00, 0x00, 0x00, 0x00, 0xf0, 0x3f, 0x0c, 0x00, 0x00, 0x00, 0x63, 0x6c, 0x61,
  0x73, 0x73, 0x5f, 0x65, 0x73, 0x63, 0x61, 0x70, 0x65, 0x01, 0x01, 0x00, 0x00, 0x00, 0xd0, 0x00,
  0x00, 0x00, 0x07, 0x01, 0x00, 0x00, 0x00, 0x13, 0x21, 0x00, 0x18, 0x04, 0x00, 0x00, 0x01, 0x00,
  0x00, 0x02, 0x00, 0x00, 0x03, 0x03, 0x00, 0x00, 0x04, 0x09, 0x00, 0x05, 0x29, 0x00, 0x03, 0x27,
  0x20, 0x00, 0x01, 0x04, 0x07, 0x01, 0x00, 0x00, 0x06, 0x13, 0x21, 0x00, 0x18, 0x04, 0x00, 0x00,
  0x07, 0x00, 0x00, 0x08, 0x00, 0x00, 0x09, 0x02, 0x00, 0x00, 0x0a, 0x09, 0x00, 0x05, 0x29, 0x00,
  0x03, 0x27, 0x20, 0x00, 0x01, 0x04, 0x07, 0x01, 0x00, 0x00, 0x0b, 0x13, 0x21, 0x00, 0x18, 0x04,
  0x00, 0x00, 0x0c, 0x00, 0x00, 0x0d, 0x00, 0x00, 0x0e, 0x03, 0x00, 0x00, 0x0f, 0x09, 0x00, 0x10,
  0x29, 0x00, 0x03, 0x27, 0x20, 0x00, 0x01, 0x04, 0x07, 0x01, 0x00, 0x00, 0x11, 0x13, 0x21, 0x00,
  0x18, 0x04, 0x00, 0x00, 0x12, 0x00, 0x00, 0x13, 0x00, 0x00, 0x14, 0x02, 0x00, 0x00, 0x15, 0x09,
  0x00, 0x10, 0x29, 0x00, 0x03, 0x27, 0x20, 0x00, 0x01, 0x04, 0x07, 0x01, 0x00, 0x00, 0x16, 0x13,
  0x21, 0x00, 0x18, 0x04, 0x00, 0x00, 0x17, 0x00, 0x00, 0x18, 0x00, 0x00, 0x19, 0x03, 0x00, 0x00,
  0x1a, 0x09, 0x00, 0x1b, 0x29, 0x00, 0x03, 0x27, 0x20, 0x00, 0x01, 0x04, 0x07, 0x01, 0x00, 0x00,
  0x1c, 0x13, 0x21, 0x00, 0x18, 0x04, 0x00, 0x00, 0x1d, 0x00, 0x00, 0x1e, 0x00, 0x00, 0x1f, 0x02,
  0x00, 0x00, 0x20, 0x09, 0x00, 0x1b, 0x29, 0x00, 0x03, 0x27, 0x20, 0x00, 0x01, 0x04, 0x01, 0x27,
  0x01, 0x27, 0x08, 0x00, 0x00, 0x00, 0x25, 0x00, 0x00, 0x00, 0x22, 0x00, 0x00, 0x00, 0x26, 0x00,
  0x00, 0x00, 0x22, 0x00, 0x00, 0x00, 0x27, 0x00, 0x00, 0x00, 0x22, 0x00, 0x00, 0x00, 0x28, 0x00,
  0x00, 0x00, 0x22, 0x00, 0x00, 0x00, 0x29, 0x00, 0x00, 0x00, 0x22, 0x00, 0x00, 0x00, 0x2a, 0x00,
  0x00, 0x00, 0x22, 0x00, 0x00, 0x00, 0x2b, 0x00, 0x00, 0x00, 0x02, 0x00, 0x00, 0x00, 0x2c, 0x00,
  0x00, 0x00, 0x02, 0x00, 0x00, 0x00, 0x21, 0x00, 0x00, 0x00, 0x01, 0x01, 0x00, 0x00, 0x00, 0x64,
  0x01, 0x01, 0x00, 0x00, 0x00, 0x74, 0x01, 0x03, 0x00, 0x00, 0x00, 0x73, 0x65, 0x74, 0x01, 0x03,
  0x00, 0x00, 0x00, 0x6e, 0x65, 0x67, 0x01, 0x05, 0x00, 0x00, 0x00, 0x69, 0x74, 0x65, 0x6d, 0x73,
  0x01, 0x06, 0x00, 0x00, 0x00, 0x5f, 0x44, 0x49, 0x47, 0x49, 0x54, 0x01, 0x01, 0x00, 0x00, 0x00,
  0x44, 0x01, 0x01, 0x00, 0x00, 0x00, 0x74, 0x01, 0x03, 0x00, 0x00, 0x00, 0x73, 0x65, 0x74, 0x01,
  0x03, 0x00, 0x00, 0x00, 0x6e, 0x65, 0x67, 0x01, 0x05, 0x00, 0x00, 0x00, 0x69, 0x74, 0x65, 0x6d,
  0x73, 0x01, 0x01, 0x00, 0x00, 0x00, 0x77, 0x01, 0x01, 0x00, 0x00, 0x00, 0x74, 0x01, 0x03, 0x00,
  0x00, 0x00, 0x73, 0x65, 0x74, 0x01, 0x03, 0x00, 0x00, 0x00, 0x6e, 0x65, 0x67, 0x01, 0x05, 0x00,
  0x00, 0x00, 0x69, 0x74, 0x65, 0x6d, 0x73, 0x01, 0x05, 0x00, 0x00, 0x00, 0x5f, 0x57, 0x4f, 0x52,
  0x44, 0x01, 0x01, 0x00, 0x00, 0x00, 0x57, 0x01, 0x01, 0x00, 0x00, 0x00, 0x74, 0x01, 0x03, 0x00,
  0x00, 0x00, 0x73, 0x65, 0x74, 0x01, 0x03, 0x00, 0x00, 0x00, 0x6e, 0x65, 0x67, 0x01, 0x05, 0x00,
  0x00, 0x00, 0x69, 0x74, 0x65, 0x6d, 0x73, 0x01, 0x01, 0x00, 0x00, 0x00, 0x73, 0x01, 0x01, 0x00,
  0x00, 0x00, 0x74, 0x01, 0x03, 0x00, 0x00, 0x00, 0x73, 0x65, 0x74, 0x01, 0x03, 0x00, 0x00, 0x00,
  0x6e, 0x65, 0x67, 0x01, 0x05, 0x00, 0x00, 0x00, 0x69, 0x74, 0x65, 0x6d, 0x73, 0x01, 0x06, 0x00,
  0x00, 0x00, 0x5f, 0x53, 0x50, 0x41, 0x43, 0x45, 0x01, 0x01, 0x00, 0x00, 0x00, 0x53, 0x01, 0x01,
  0x00, 0x00, 0x00, 0x74, 0x01, 0x03, 0x00, 0x00, 0x00, 0x73, 0x65, 0x74, 0x01, 0x03, 0x00, 0x00,
  0x00, 0x6e, 0x65, 0x67, 0x01, 0x05, 0x00, 0x00, 0x00, 0x69, 0x74, 0x65, 0x6d, 0x73, 0x0e, 0x00,
  0x00, 0x00, 0x6c, 0x69, 0x74, 0x65, 0x72, 0x61, 0x6c, 0x5f, 0x65, 0x73, 0x63, 0x61, 0x70, 0x65,
  0x01, 0x01, 0x00, 0x00, 0x00, 0x3b, 0x00, 0x00, 0x00, 0x07, 0x01, 0x00, 0x00, 0x00, 0x13, 0x21,
  0x00, 0x08, 0x04, 0x00, 0x00, 0x01, 0x27, 0x20, 0x00, 0x01, 0x04, 0x07, 0x01, 0x00, 0x00, 0x02,
  0x13, 0x21, 0x00, 0x08, 0x04, 0x00, 0x00, 0x03, 0x27, 0x20, 0x00, 0x01, 0x04, 0x07, 0x01, 0x00,
  0x00, 0x04, 0x13, 0x21, 0x00, 0x08, 0x04, 0x00, 0x00, 0x05, 0x27, 0x20, 0x00, 0x01, 0x04, 0x07,
  0x01, 0x27, 0x01, 0x27, 0x05, 0x00, 0x00, 0x00, 0x2f, 0x00, 0x00, 0x00, 0x12, 0x00, 0x00, 0x00,
  0x30, 0x00, 0x00, 0x00, 0x12, 0x00, 0x00, 0x00, 0x31, 0x00, 0x00, 0x00, 0x12, 0x00, 0x00, 0x00,
  0x32, 0x00, 0x00, 0x00, 0x03, 0x00, 0x00, 0x00, 0x33, 0x00, 0x00, 0x00, 0x02, 0x00, 0x00, 0x00,
  0x06, 0x00, 0x00, 0x00, 0x01, 0x01, 0x00, 0x00, 0x00, 0x6e, 0x01, 0x01, 0x00, 0x00, 0x00, 0x0a,
  0x01, 0x01, 0x00, 0x00, 0x00, 0x74, 0x01, 0x01, 0x00, 0x00, 0x00, 0x09, 0x01, 0x01, 0x00, 0x00,
  0x00, 0x72, 0x01, 0x01, 0x00, 0x00, 0x00, 0x0d, 0x09, 0x00, 0x00, 0x00, 0x70, 0x61, 0x72, 0x73,
  0x65, 0x5f, 0x73, 0x65, 0x74, 0x00, 0x00, 0x08, 0x00, 0x00, 0xe3, 0x01, 0x00, 0x00, 0x0c, 0x00,
  0x00, 0x00, 0x00, 0x23, 0x01, 0x28, 0x00, 0x00, 0x02, 0x02, 0x21, 0x01, 0xbd, 0x04, 0x0c, 0x01,
  0x23, 0x00, 0x07, 0x04, 0x01, 0x13, 0x21, 0x00, 0x0f, 0x04, 0x09, 0x00, 0x01, 0x0c, 0x02, 0x00,
  0x00, 0x02, 0x23, 0x02, 0x04, 0x20, 0x00, 0x01, 0x04, 0x07, 0x04, 0x00, 0x00, 0x03, 0x13, 0x21,
  0x00, 0x04, 0x04, 0x07, 0x03, 0x1d, 0x21, 0x00, 0x16, 0x04, 0x0c, 0x03, 0x05, 0x0e, 0x00, 0x04,
  0x00, 0x00, 0x05, 0x16, 0x0f, 0x00, 0x04, 0x04, 0x04, 0x20, 0x01, 0x7f, 0x20, 0x00, 0x01, 0x04,
  0x03, 0x08, 0x03, 0x04, 0x0c, 0x03, 0x05, 0x0e, 0x00, 0x04, 0x00, 0x00, 0x06, 0x16, 0x0f, 0x00,
  0x04, 0x04, 0x07, 0x04, 0x00, 0x00, 0x07, 0x13, 0x21, 0x00, 0x8b, 0x04, 0x0c, 0x01, 0x23, 0x00,
  0x07, 0x05, 0x01, 0x13, 0x21, 0x00, 0x0f, 0x04, 0x09, 0x00, 0x01, 0x0c, 0x02, 0x00, 0x00, 0x08,
  0x23, 0x02, 0x04, 0x20, 0x00, 0x01, 0x04, 0x0c, 0x03, 0x05, 0x0e, 0x00, 0x04, 0x00, 0x00, 0x09,
  0x16, 0x0f, 0x00, 0x04, 0x04, 0x0c, 0x04, 0x07, 0x05, 0x23, 0x01, 0x07, 0x06, 0x01, 0x13, 0x1d,
  0x21, 0x00, 0x44, 0x04, 0x07, 0x06, 0x0e, 0x00, 0x0a, 0x21, 0x00, 0x16, 0x04, 0x09, 0x00, 0x01,
  0x0c, 0x02, 0x00, 0x00, 0x0b, 0x07, 0x05, 0x16, 0x00, 0x00, 0x0c, 0x16, 0x23, 0x02, 0x04, 0x20,
  0x00, 0x01, 0x04, 0x07, 0x06, 0x0e, 0x00, 0x0d, 0x00, 0x00, 0x0e, 0x2a, 0x07, 0x00, 0x0d, 0x07,
  0x02, 0x07, 0x09, 0x24, 0x00, 0x0f, 0x01, 0x04, 0x04, 0x22, 0x00, 0x11, 0x04, 0x04, 0x04, 0x04,
  0x04, 0x22, 0x00, 0xdb, 0x20, 0x00, 0x01, 0x04, 0x0c, 0x05, 0x07, 0x05, 0x23, 0x01, 0x08, 0x04,
  0x04, 0x04, 0x04, 0x20, 0x00, 0x01, 0x04, 0x0c, 0x01, 0x23, 0x00, 0x00, 0x00, 0x10, 0x13, 0x21,
  0x00, 0x0d, 0x04, 0x0c, 0x03, 0x0e, 0x00, 0x04, 0x00, 0x00, 0x11, 0x16, 0x0c, 0x06, 0x15, 0x21,
  0x00, 0x12, 0x04, 0x0c, 0x07, 0x0c, 0x03, 0x0e, 0x00, 0x04, 0x00, 0x00, 0x12, 0x16, 0x10, 0x00,
  0x00, 0x13, 0x13, 0x1d, 0x21, 0x00, 0x90, 0x04, 0x0c, 0x03, 0x05, 0x0e, 0x00, 0x04, 0x00, 0x00,
  0x14, 0x16, 0x0f, 0x00, 0x04, 0x04, 0x0c, 0x07, 0x0c, 0x03, 0x0e, 0x00, 0x04, 0x10, 0x0c, 0x03,
  0x05, 0x0e, 0x00, 0x04, 0x00, 0x00, 0x15, 0x16, 0x0f, 0x00, 0x04, 0x04, 0x07, 0x05, 0x00, 0x00,
  0x16, 0x13, 0x21, 0x00, 0x09, 0x04, 0x0c, 0x03, 0x0e, 0x00, 0x04, 0x0c, 0x06, 0x15, 0x21, 0x00,
  0x21, 0x04, 0x0c, 0x05, 0x0c, 0x07, 0x0c, 0x03, 0x0e, 0x00, 0x04, 0x10, 0x23, 0x01, 0x08, 0x05,
  0x04, 0x0c, 0x03, 0x05, 0x0e, 0x00, 0x04, 0x00, 0x00, 0x17, 0x16, 0x0f, 0x00, 0x04, 0x04, 0x20,
  0x00, 0x01, 0x04, 0x07, 0x05, 0x07, 0x04, 0x15, 0x21, 0x00, 0x19, 0x04, 0x09, 0x00, 0x01, 0x0c,
  0x02, 0x00, 0x00, 0x18, 0x07, 0x04, 0x16, 0x00, 0x00, 0x19, 0x16, 0x07, 0x05, 0x16, 0x23, 0x02,
  0x04, 0x20, 0x00, 0x01, 0x04, 0x07, 0x02, 0x07, 0x04, 0x07, 0x05, 0x28, 0x00, 0x02, 0x24, 0x00,
  0x0f, 0x01, 0x04, 0x04, 0x20, 0x00, 0x0f, 0x04, 0x07, 0x02, 0x07, 0x04, 0x07, 0x04, 0x28, 0x00,
  0x02, 0x24, 0x00, 0x0f, 0x01, 0x04, 0x04, 0x22, 0x01, 0xc1, 0x04, 0x00, 0x00, 0x1a, 0x00, 0x00,
  0x1b, 0x00, 0x00, 0x1c, 0x07, 0x01, 0x00, 0x00, 0x1d, 0x07, 0x02, 0x29, 0x00, 0x03, 0x27, 0x01,
  0x27, 0x21, 0x00, 0x00, 0x00, 0x36, 0x00, 0x00, 0x00, 0x07, 0x00, 0x00, 0x00, 0x37, 0x00, 0x00,
  0x00, 0x03, 0x00, 0x00, 0x00, 0x38, 0x00, 0x00, 0x00, 0x01, 0x00, 0x00, 0x00, 0x39, 0x00, 0x00,
  0x00, 0x05, 0x00, 0x00, 0x00, 0x3a, 0x00, 0x00, 0x00, 0x04, 0x00, 0x00, 0x00, 0x3b, 0x00, 0x00,
  0x00, 0x17, 0x00, 0x00, 0x00, 0x3c, 0x00, 0x00, 0x00, 0x27, 0x00, 0x00, 0x00, 0x3d, 0x00, 0x00,
  0x00, 0x04, 0x00, 0x00, 0x00, 0x3e, 0x00, 0x00, 0x00, 0x0e, 0x00, 0x00, 0x00, 0x3f, 0x00, 0x00,
  0x00, 0x0a, 0x00, 0x00, 0x00, 0x40, 0x00, 0x00, 0x00, 0x04, 0x00, 0x00, 0x00, 0x41, 0x00, 0x00,
  0x00, 0x17, 0x00, 0x00, 0x00, 0x42, 0x00, 0x00, 0x00, 0x0e, 0x00, 0x00, 0x00, 0x43, 0x00, 0x00,
  0x00, 0x06, 0x00, 0x00, 0x00, 0x44, 0x00, 0x00, 0x00, 0x09, 0x00, 0x00, 0x00, 0x45, 0x00, 0x00,
  0x00, 0x1f, 0x00, 0x00, 0x00, 0x46, 0x00, 0x00, 0x00, 0x1b, 0x00, 0x00, 0x00, 0x47, 0x00, 0x00,
  0x00, 0x06, 0x00, 0x00, 0x00, 0x48, 0x00, 0x00, 0x00, 0x04, 0x00, 0x00, 0x00, 0x49, 0x00, 0x00,
  0x00, 0x09, 0x00, 0x00, 0x00, 0x4a, 0x00, 0x00, 0x00, 0x06, 0x00, 0x00, 0x00, 0x4b, 0x00, 0x00,
  0x00, 0x31, 0x00, 0x00, 0x00, 0x4c, 0x00, 0x00, 0x00, 0x0e, 0x00, 0x00, 0x00, 0x4d, 0x00, 0x00,
  0x00, 0x08, 0x00, 0x00, 0x00, 0x4e, 0x00, 0x00, 0x00, 0x0e, 0x00, 0x00, 0x00, 0x4f, 0x00, 0x00,
  0x00, 0x37, 0x00, 0x00, 0x00, 0x50, 0x00, 0x00, 0x00, 0x22, 0x00, 0x00, 0x00, 0x51, 0x00, 0x00,
  0x00, 0x0e, 0x00, 0x00, 0x00, 0x52, 0x00, 0x00, 0x00, 0x05, 0x00, 0x00, 0x00, 0x53, 0x00, 0x00,
  0x00, 0x0e, 0x00, 0x00, 0x00, 0x55, 0x00, 0x00, 0x00, 0x05, 0x00, 0x00, 0x00, 0x56, 0x00, 0x00,
  0x00, 0x14, 0x00, 0x00, 0x00, 0x57, 0x00, 0x00, 0x00, 0x02, 0x00, 0x00, 0x00, 0x1e, 0x00, 0x00,
  0x00, 0x01, 0x01, 0x00, 0x00, 0x00, 0x5e, 0x01, 0x05, 0x00, 0x00, 0x00, 0x5f, 0x66, 0x61, 0x69,
  0x6c, 0x01, 0x0e, 0x00, 0x00, 0x00, 0x75, 0x6e, 0x74, 0x65, 0x72, 0x6d, 0x69, 0x6e, 0x61, 0x74,
  0x65, 0x64, 0x20, 0x5b, 0x01, 0x01, 0x00, 0x00, 0x00, 0x5d, 0x01, 0x03, 0x00, 0x00, 0x00, 0x70,
  0x6f, 0x73, 0x00, 0x00, 0x00, 0x00, 0x00, 0x00, 0x00, 0xf0, 0x3f, 0x00, 0x00, 0x00, 0x00, 0x00,
  0x00, 0x00, 0xf0, 0x3f, 0x01, 0x01, 0x00, 0x00, 0x00, 0x5c, 0x01, 0x12, 0x00, 0x00, 0x00, 0x74,
  0x72, 0x61, 0x69, 0x6c, 0x69, 0x6e, 0x67, 0x20, 0x62, 0x61, 0x63, 0x6b, 0x73, 0x6c, 0x61, 0x73,
  0x68, 0x00, 0x00, 0x00, 0x00, 0x00, 0x00, 0x00, 0xf0, 0x3f, 0x01, 0x03, 0x00, 0x00, 0x00, 0x6e,
  0x65, 0x67, 0x01, 0x01, 0x00, 0x00, 0x00, 0x5c, 0x01, 0x19, 0x00, 0x00, 0x00, 0x20, 0x63, 0x61,
  0x6e, 0x27, 0x74, 0x20, 0x62, 0x65, 0x20, 0x75, 0x73, 0x65, 0x64, 0x20, 0x69, 0x6e, 0x73, 0x69,
  0x64, 0x65, 0x20, 0x5b, 0x20, 0x5d, 0x01, 0x05, 0x00, 0x00, 0x00, 0x69, 0x74, 0x65, 0x6d, 0x73,
  0x00, 0x00, 0x00, 0x00, 0x00, 0x00, 0x00, 0x00, 0x00, 0x01, 0x04, 0x00, 0x00, 0x00, 0x70, 0x75,
  0x73, 0x68, 0x01, 0x01, 0x00, 0x00, 0x00, 0x2d, 0x00, 0x00, 0x00, 0x00, 0x00, 0x00, 0x00, 0xf0,
  0x3f, 0x00, 0x00, 0x00, 0x00, 0x00, 0x00, 0x00, 0xf0, 0x3f, 0x01, 0x01, 0x00, 0x00, 0x00, 0x5d,
  0x00, 0x00, 0x00, 0x00, 0x00, 0x00, 0x00, 0xf0, 0x3f, 0x00, 0x00, 0x00, 0x00, 0x00, 0x00, 0x00,
  0xf0, 0x3f, 0x01, 0x01, 0x00, 0x00, 0x00, 0x5c, 0x00, 0x00, 0x00, 0x00, 0x00, 0x00, 0x00, 0xf0,
  0x3f, 0x01, 0x0a, 0x00, 0x00, 0x00, 0x62, 0x61, 0x64, 0x20, 0x72, 0x61, 0x6e, 0x67, 0x65, 0x20,
  0x01, 0x01, 0x00, 0x00, 0x00, 0x2d, 0x01, 0x01, 0x00, 0x00, 0x00, 0x74, 0x01, 0x03, 0x00, 0x00,
  0x00, 0x73, 0x65, 0x74, 0x01, 0x03, 0x00, 0x00, 0x00, 0x6e, 0x65, 0x67, 0x01, 0x05, 0x00, 0x00,
  0x00, 0x69, 0x74, 0x65, 0x6d, 0x73, 0x0a, 0x00, 0x00, 0x00, 0x70, 0x61, 0x72, 0x73, 0x65, 0x5f,
  0x61, 0x74, 0x6f, 0x6d, 0x00, 0x00, 0x09, 0x00, 0x00, 0x24, 0x03, 0x00, 0x00, 0x0c, 0x00, 0x0c,
  0x01, 0x0e, 0x00, 0x00, 0x10, 0x0c, 0x01, 0x05, 0x0e, 0x00, 0x00, 0x00, 0x00, 0x01, 0x16, 0x0f,
  0x00, 0x00, 0x04, 0x07, 0x01, 0x00, 0x00, 0x02, 0x13, 0x21, 0x00, 0x0e, 0x04, 0x00, 0x00, 0x03,
  0x00, 0x00, 0x04, 0x29, 0x00, 0x01, 0x27, 0x20, 0x00, 0x01, 0x04, 0x07, 0x01, 0x00, 0x00, 0x05,
  0x13, 0x21, 0x00, 0x0e, 0x04, 0x00, 0x00, 0x06, 0x00, 0x00, 0x07, 0x29, 0x00, 0x01, 0x27, 0x20,
  0x00, 0x01, 0x04, 0x07, 0x01, 0x00, 0x00, 0x08, 0x13, 0x21, 0x00, 0x0e, 0x04, 0x00, 0x00, 0x09,
  0x00, 0x00, 0x0a, 0x29, 0x00, 0x01, 0x27, 0x20, 0x00, 0x01, 0x04, 0x07, 0x01, 0x00, 0x00, 0x0b,
  0x13, 0x21, 0x00, 0x09, 0x04, 0x0c, 0x02, 0x23, 0x00, 0x27, 0x20, 0x00, 0x01, 0x04, 0x07, 0x01,
  0x00, 0x00, 0x0c, 0x13, 0x21, 0x01, 0x81, 0x04, 0x01, 0x01, 0x01, 0x02, 0x0c, 0x03, 0x00, 0x00,
  0x0d, 0x23, 0x01, 0x21, 0x00, 0xd1, 0x04, 0x0c, 0x03, 0x00, 0x00, 0x0e, 0x23, 0x01, 0x21, 0x00,
  0x08, 0x04, 0x03, 0x08, 0x05, 0x04, 0x20, 0x00, 0xbb, 0x04, 0x0c, 0x03, 0x00, 0x00, 0x0f, 0x23,
  0x01, 0x21, 0x00, 0x0a, 0x04, 0x00, 0x00, 0x10, 0x08, 0x03, 0x04, 0x20, 0x00, 0xa6, 0x04, 0x0c,
  0x03, 0x00, 0x00, 0x11, 0x23, 0x01, 0x21, 0x00, 0x0a, 0x04, 0x00, 0x00, 0x12, 0x08, 0x03, 0x04,
  0x20, 0x00, 0x91, 0x04, 0x0c, 0x03, 0x00, 0x00, 0x13, 0x23, 0x01, 0x21, 0x00, 0x6a, 0x04, 0x00,
  0x00, 0x14, 0x08, 0x04, 0x04, 0x0c, 0x04, 0x23, 0x00, 0x01, 0x13, 0x1d, 0x21, 0x00, 0x0a, 0x04,
  0x0c, 0x04, 0x23, 0x00, 0x00, 0x00, 0x15, 0x13, 0x1d, 0x21, 0x00, 0x20, 0x04, 0x07, 0x04, 0x0c,
  0x00, 0x0c, 0x01, 0x0e, 0x00, 0x00, 0x10, 0x16, 0x08, 0x04, 0x04, 0x0c, 0x01, 0x05, 0x0e, 0x00,
  0x00, 0x00, 0x00, 0x16, 0x16, 0x0f, 0x00, 0x00, 0x04, 0x22, 0x00, 0x37, 0x04, 0x0c, 0x03, 0x00,
  0x00, 0x17, 0x23, 0x01, 0x1d, 0x21, 0x00, 0x03, 0x20, 0x00, 0x07, 0x04, 0x07, 0x04, 0x00, 0x00,
  0x18, 0x13, 0x21, 0x00, 0x0f, 0x04, 0x09, 0x00, 0x19, 0x0c, 0x05, 0x00, 0x00, 0x1a, 0x23, 0x02,
  0x04, 0x20, 0x00, 0x01, 0x04, 0x20, 0x00, 0x1c, 0x04, 0x09, 0x00, 0x19, 0x0c, 0x05, 0x00, 0x00,
  0x1b, 0x0c, 0x04, 0x23, 0x00, 0x38, 0x00, 0x04, 0x04, 0x00, 0x00, 0x1c, 0x16, 0x00, 0x00, 0x1d,
  0x16, 0x23, 0x02, 0x04, 0x20, 0x00, 0x01, 0x04, 0x07, 0x03, 0x01, 0x13, 0x21, 0x00, 0x03, 0x04,
  0x07, 0x05, 0x21, 0x00, 0x32, 0x04, 0x0c, 0x01, 0x05, 0x0e, 0x00, 0x1e, 0x00, 0x00, 0x1f, 0x16,
  0x0f, 0x00, 0x1e, 0x04, 0x0c, 0x01, 0x0e, 0x00, 0x1e, 0x08, 0x02, 0x04, 0x07, 0x04, 0x01, 0x13,
  0x1d, 0x21, 0x00, 0x0f, 0x04, 0x0c, 0x01, 0x0e, 0x00, 0x20, 0x07, 0x04, 0x07, 0x02, 0x11, 0x04,
  0x20, 0x00, 0x01, 0x04, 0x20, 0x00, 0x01, 0x04, 0x0c, 0x06, 0x23, 0x00, 0x0c, 0x03, 0x00, 0x00,
  0x21, 0x23, 0x01, 0x1d, 0x21, 0x00, 0x0f, 0x04, 0x09, 0x00, 0x19, 0x0c, 0x05, 0x00, 0x00, 0x22,
  0x23, 0x02, 0x04, 0x20, 0x00, 0x01, 0x04, 0x07, 0x03, 0x01, 0x13, 0x1d, 0x21, 0x00, 0x1c, 0x04,
  0x00, 0x00, 0x23, 0x00, 0x00, 0x24, 0x00, 0x00, 0x25, 0x07, 0x06, 0x00, 0x00, 0x26, 0x07, 0x03,
  0x00, 0x00, 0x27, 0x13, 0x29, 0x00, 0x03, 0x27, 0x20, 0x00, 0x01, 0x04, 0x00, 0x00, 0x28, 0x00,
  0x00, 0x29, 0x00, 0x00, 0x2a, 0x07, 0x06, 0x00, 0x00, 0x2b, 0x07, 0x02, 0x29, 0x00, 0x03, 0x27,
  0x04, 0x04, 0x04, 0x04, 0x04, 0x20, 0x00, 0x01, 0x04, 0x07, 0x01, 0x00, 0x00, 0x2c, 0x13, 0x21,
  0x00, 0xbe, 0x04, 0x0c, 0x04, 0x23, 0x00, 0x07, 0x02, 0x01, 0x13, 0x21, 0x00, 0x0f, 0x04, 0x09,
  0x00, 0x19, 0x0c, 0x05, 0x00, 0x00, 0x2d, 0x23, 0x02, 0x04, 0x20, 0x00, 0x01, 0x04, 0x0c, 0x01,
  0x05, 0x0e, 0x00, 0x00, 0x00, 0x00, 0x2e, 0x16, 0x0f, 0x00, 0x00, 0x04, 0x0c, 0x07, 0x07, 0x02,
  0x23, 0x01, 0x07, 0x03, 0x01, 0x13, 0x1d, 0x21, 0x00, 0x07, 0x04, 0x07, 0x03, 0x27, 0x20, 0x00,
  0x01, 0x04, 0x07, 0x02, 0x00, 0x00, 0x2f, 0x13, 0x21, 0x00, 0x12, 0x04, 0x00, 0x00, 0x30, 0x00,
  0x00, 0x31, 0x00, 0x00, 0x32, 0x03, 0x29, 0x00, 0x02, 0x27, 0x20, 0x00, 0x01, 0x04, 0x07, 0x02,
  0x00, 0x00, 0x33, 0x13, 0x21, 0x00, 0x12, 0x04, 0x00, 0x00, 0x34, 0x00, 0x00, 0x35, 0x00, 0x00,
  0x36, 0x02, 0x29, 0x00, 0x02, 0x27, 0x20, 0x00, 0x01, 0x04, 0x07, 0x02, 0x00, 0x00, 0x37, 0x15,
  0x1d, 0x21, 0x00, 0x08, 0x04, 0x07, 0x02, 0x00, 0x00, 0x38, 0x14, 0x1d, 0x21, 0x00, 0x18, 0x04,
  0x00, 0x00, 0x39, 0x00, 0x00, 0x3a, 0x00, 0x00, 0x3b, 0x09, 0x00, 0x3c, 0x07, 0x02, 0x23, 0x01,
  0x29, 0x00, 0x02, 0x27, 0x20, 0x00, 0x01, 0x04, 0x00, 0x00, 0x3d, 0x00, 0x00, 0x3e, 0x00, 0x00,
  0x3f, 0x0c, 0x08, 0x07, 0x02, 0x23, 0x01, 0x29, 0x00, 0x02, 0x27, 0x04, 0x04, 0x20, 0x00, 0x01,
  0x04, 0x07, 0x01, 0x00, 0x00, 0x40, 0x13, 0x21, 0x00, 0x03, 0x20, 0x00, 0x07, 0x04, 0x07, 0x01,
  0x00, 0x00, 0x41, 0x13, 0x21, 0x00, 0x03, 0x20, 0x00, 0x07, 0x04, 0x07, 0x01, 0x00, 0x00, 0x42,
  0x13, 0x21, 0x00, 0x12, 0x04, 0x09, 0x00, 0x19, 0x0c, 0x05, 0x00, 0x00, 0x43, 0x07, 0x01, 0x16,
  0x23, 0x02, 0x04, 0x20, 0x00, 0x01, 0x04, 0x07, 0x01, 0x00, 0x00, 0x44, 0x13, 0x21, 0x00, 0x0f,
  0x04, 0x09, 0x00, 0x19, 0x0c, 0x05, 0x00, 0x00, 0x45, 0x23, 0x02, 0x04, 0x20, 0x00, 0x01, 0x04,
  0x00, 0x00, 0x46, 0x00, 0x00, 0x47, 0x00, 0x00, 0x48, 0x07, 0x01, 0x29, 0x00, 0x02, 0x27, 0x01,
  0x27, 0x32, 0x00, 0x00, 0x00, 0x5c, 0x00, 0x00, 0x00, 0x08, 0x00, 0x00, 0x00, 0x5d, 0x00, 0x00,
  0x00, 0x0e, 0x00, 0x00, 0x00, 0x5e, 0x00, 0x00, 0x00, 0x18, 0x00, 0x00, 0x00, 0x5f, 0x00, 0x00,
  0x00, 0x18, 0x00, 0x00, 0x00, 0x60, 0x00, 0x00, 0x00, 0x18, 0x00, 0x00, 0x00, 0x61, 0x00, 0x00,
  0x00, 0x13, 0x00, 0x00, 0x00, 0x62, 0x00, 0x00, 0x00, 0x0a, 0x00, 0x00, 0x00, 0x63, 0x00, 0x00,
  0x00, 0x01, 0x00, 0x00, 0x00, 0x64, 0x00, 0x00, 0x00, 0x01, 0x00, 0x00, 0x00, 0x65, 0x00, 0x00,
  0x00, 0x01, 0x00, 0x00, 0x00, 0x66, 0x00, 0x00, 0x00, 0x01, 0x00, 0x00, 0x00, 0x67, 0x00, 0x00,
  0x00, 0x0b, 0x00, 0x00, 0x00, 0x68, 0x00, 0x00, 0x00, 0x0b, 0x00, 0x00, 0x00, 0x69, 0x00, 0x00,
  0x00, 0x04, 0x00, 0x00, 0x00, 0x6a, 0x00, 0x00, 0x00, 0x0f, 0x00, 0x00, 0x00, 0x6b, 0x00, 0x00,
  0x00, 0x06, 0x00, 0x00, 0x00, 0x6c, 0x00, 0x00, 0x00, 0x0f, 0x00, 0x00, 0x00, 0x6d, 0x00, 0x00,
  0x00, 0x06, 0x00, 0x00, 0x00, 0x6e, 0x00, 0x00, 0x00, 0x0f, 0x00, 0x00, 0x00, 0x6f, 0x00, 0x00,
  0x00, 0x06, 0x00, 0x00, 0x00, 0x70, 0x00, 0x00, 0x00, 0x38, 0x00, 0x00, 0x00, 0x71, 0x00, 0x00,
  0x00, 0x28, 0x00, 0x00, 0x00, 0x72, 0x00, 0x00, 0x00, 0x04, 0x00, 0x00, 0x00, 0x73, 0x00, 0x00,
  0x00, 0x1b, 0x00, 0x00, 0x00, 0x75, 0x00, 0x00, 0x00, 0x04, 0x00, 0x00, 0x00, 0x76, 0x00, 0x00,
  0x00, 0x0e, 0x00, 0x00, 0x00, 0x77, 0x00, 0x00, 0x00, 0x0e, 0x00, 0x00, 0x00, 0x78, 0x00, 0x00,
  0x00, 0x08, 0x00, 0x00, 0x00, 0x79, 0x00, 0x00, 0x00, 0x18, 0x00, 0x00, 0x00, 0x7a, 0x00, 0x00,
  0x00, 0x04, 0x00, 0x00, 0x00, 0x7b, 0x00, 0x00, 0x00, 0x04, 0x00, 0x00, 0x00, 0x7c, 0x00, 0x00,
  0x00, 0x1b, 0x00, 0x00, 0x00, 0x7d, 0x00, 0x00, 0x00, 0x25, 0x00, 0x00, 0x00, 0x7e, 0x00, 0x00,
  0x00, 0x14, 0x00, 0x00, 0x00, 0x7f, 0x00, 0x00, 0x00, 0x09, 0x00, 0x00, 0x00, 0x80, 0x00, 0x00,
  0x00, 0x0a, 0x00, 0x00, 0x00, 0x81, 0x00, 0x00, 0x00, 0x04, 0x00, 0x00, 0x00, 0x82, 0x00, 0x00,
  0x00, 0x17, 0x00, 0x00, 0x00, 0x83, 0x00, 0x00, 0x00, 0x0e, 0x00, 0x00, 0x00, 0x84, 0x00, 0x00,
  0x00, 0x06, 0x00, 0x00, 0x00, 0x85, 0x00, 0x00, 0x00, 0x10, 0x00, 0x00, 0x00, 0x86, 0x00, 0x00,
  0x00, 0x1c, 0x00, 0x00, 0x00, 0x87, 0x00, 0x00, 0x00, 0x1c, 0x00, 0x00, 0x00, 0x88, 0x00, 0x00,
  0x00, 0x2e, 0x00, 0x00, 0x00, 0x89, 0x00, 0x00, 0x00, 0x13, 0x00, 0x00, 0x00, 0x8a, 0x00, 0x00,
  0x00, 0x06, 0x00, 0x00, 0x00, 0x8b, 0x00, 0x00, 0x00, 0x36, 0x00, 0x00, 0x00, 0x8c, 0x00, 0x00,
  0x00, 0x19, 0x00, 0x00, 0x00, 0x8d, 0x00, 0x00, 0x00, 0x0f, 0x00, 0x00, 0x00, 0x8e, 0x00, 0x00,
  0x00, 0x02, 0x00, 0x00, 0x00, 0x49, 0x00, 0x00, 0x00, 0x01, 0x03, 0x00, 0x00, 0x00, 0x70, 0x6f,
  0x73, 0x00, 0x00, 0x00, 0x00, 0x00, 0x00, 0x00, 0xf0, 0x3f, 0x01, 0x01, 0x00, 0x00, 0x00, 0x2e,
  0x01, 0x01, 0x00, 0x00, 0x00, 0x74, 0x01, 0x03, 0x00, 0x00, 0x00, 0x61, 0x6e, 0x79, 0x01, 0x01,
  0x00, 0x00, 0x00, 0x5e, 0x01, 0x01, 0x00, 0x00, 0x00, 0x74, 0x01, 0x03, 0x00, 0x00, 0x00, 0x62,
  0x6f, 0x6c, 0x01, 0x01, 0x00, 0x00, 0x00, 0x24, 0x01, 0x01, 0x00, 0x00, 0x00, 0x74, 0x01, 0x03,
  0x00, 0x00, 0x00, 0x65, 0x6f, 0x6c, 0x01, 0x01, 0x00, 0x00, 0x00, 0x5b, 0x01, 0x01, 0x00, 0x00,
  0x00, 0x28, 0x01, 0x01, 0x00, 0x00, 0x00, 0x3f, 0x01, 0x01, 0x00, 0x00, 0x00, 0x3a, 0x01, 0x01,
  0x00, 0x00, 0x00, 0x3d, 0x01, 0x05, 0x00, 0x00, 0x00, 0x61, 0x68, 0x65, 0x61, 0x64, 0x01, 0x01,
  0x00, 0x00, 0x00, 0x21, 0x01, 0x03, 0x00, 0x00, 0x00, 0x6e, 0x6f, 0x74, 0x01, 0x01, 0x00, 0x00,
  0x00, 0x3c, 0x01, 0x00, 0x00, 0x00, 0x00, 0x01, 0x01, 0x00, 0x00, 0x00, 0x3e, 0x00, 0x00, 0x00,
  0x00, 0x00, 0x00, 0x00, 0xf0, 0x3f, 0x01, 0x01, 0x00, 0x00, 0x00, 0x3e, 0x01, 0x00, 0x00, 0x00,
  0x00, 0x01, 0x05, 0x00, 0x00, 0x00, 0x5f, 0x66, 0x61, 0x69, 0x6c, 0x01, 0x0e, 0x00, 0x00, 0x00,
  0x62, 0x61, 0x64, 0x20, 0x67, 0x72, 0x6f, 0x75, 0x70, 0x20, 0x6e, 0x61, 0x6d, 0x65, 0x01, 0x15,
  0x00, 0x00, 0x00, 0x75, 0x6e, 0x6b, 0x6e, 0x6f, 0x77, 0x6e, 0x20, 0x67, 0x72, 0x6f, 0x75, 0x70,
  0x20, 0x74, 0x79, 0x70, 0x65, 0x20, 0x28, 0x3f, 0x01, 0x00, 0x00, 0x00, 0x00, 0x01, 0x01, 0x00,
  0x00, 0x00, 0x29, 0x01, 0x06, 0x00, 0x00, 0x00, 0x67, 0x72, 0x6f, 0x75, 0x70, 0x73, 0x00, 0x00,
  0x00, 0x00, 0x00, 0x00, 0x00, 0xf0, 0x3f, 0x01, 0x05, 0x00, 0x00, 0x00, 0x6e, 0x61, 0x6d, 0x65,
  0x73, 0x01, 0x01, 0x00, 0x00, 0x00, 0x29, 0x01, 0x09, 0x00, 0x00, 0x00, 0x6d, 0x69, 0x73, 0x73,
  0x69, 0x6e, 0x67, 0x20, 0x29, 0x01, 0x01, 0x00, 0x00, 0x00, 0x74, 0x01, 0x04, 0x00, 0x00, 0x00,
  0x6c, 0x6f, 0x6f, 0x6b, 0x01, 0x04, 0x00, 0x00, 0x00, 0x6e, 0x6f, 0x64, 0x65, 0x01, 0x06, 0x00,
  0x00, 0x00, 0x6e, 0x65, 0x67, 0x61, 0x74, 0x65, 0x01, 0x03, 0x00, 0x00, 0x00, 0x6e, 0x6f, 0x74,
  0x01, 0x01, 0x00, 0x00, 0x00, 0x74, 0x01, 0x05, 0x00, 0x00, 0x00, 0x67, 0x72, 0x6f, 0x75, 0x70,
  0x01, 0x04, 0x00, 0x00, 0x00, 0x6e, 0x6f, 0x64, 0x65, 0x01, 0x03, 0x00, 0x00, 0x00, 0x69, 0x64,
  0x78, 0x01, 0x01, 0x00, 0x00, 0x00, 0x5c, 0x01, 0x12, 0x00, 0x00, 0x00, 0x74, 0x72, 0x61, 0x69,
  0x6c, 0x69, 0x6e, 0x67, 0x20, 0x62, 0x61, 0x63, 0x6b, 0x73, 0x6c, 0x61, 0x73, 0x68, 0x00, 0x00,
  0x00, 0x00, 0x00, 0x00, 0x00, 0xf0, 0x3f, 0x01, 0x01, 0x00, 0x00, 0x00, 0x62, 0x01, 0x01, 0x00,
  0x00, 0x00, 0x74, 0x01, 0x05, 0x00, 0x00, 0x00, 0x77, 0x6f, 0x72, 0x64, 0x62, 0x01, 0x06, 0x00,
  0x00, 0x00, 0x6e, 0x65, 0x67, 0x61, 0x74, 0x65, 0x01, 0x01, 0x00, 0x00, 0x00, 0x42, 0x01, 0x01,
  0x00, 0x00, 0x00, 0x74, 0x01, 0x05, 0x00, 0x00, 0x00, 0x77, 0x6f, 0x72, 0x64, 0x62, 0x01, 0x06,
  0x00, 0x00, 0x00, 0x6e, 0x65, 0x67, 0x61, 0x74, 0x65, 0x01, 0x01, 0x00, 0x00, 0x00, 0x31, 0x01,
  0x01, 0x00, 0x00, 0x00, 0x39, 0x01, 0x01, 0x00, 0x00, 0x00, 0x74, 0x01, 0x03, 0x00, 0x00, 0x00,
  0x72, 0x65, 0x66, 0x01, 0x01, 0x00, 0x00, 0x00, 0x6e, 0x01, 0x03, 0x00, 0x00, 0x00, 0x69, 0x6e,
  0x74, 0x01, 0x01, 0x00, 0x00, 0x00, 0x74, 0x01, 0x04, 0x00, 0x00, 0x00, 0x63, 0x68, 0x61, 0x72,
  0x01, 0x01, 0x00, 0x00, 0x00, 0x63, 0x01, 0x01, 0x00, 0x00, 0x00, 0x2a, 0x01, 0x01, 0x00, 0x00,
  0x00, 0x2b, 0x01, 0x01, 0x00, 0x00, 0x00, 0x3f, 0x01, 0x19, 0x00, 0x00, 0x00, 0x6e, 0x6f, 0x74,
  0x68, 0x69, 0x6e, 0x67, 0x20, 0x74, 0x6f, 0x20, 0x72, 0x65, 0x70, 0x65, 0x61, 0x74, 0x20, 0x62,
  0x65, 0x66, 0x6f, 0x72, 0x65, 0x20, 0x01, 0x01, 0x00, 0x00, 0x00, 0x29, 0x01, 0x0b, 0x00, 0x00,
  0x00, 0x75, 0x6e, 0x6d, 0x61, 0x74, 0x63, 0x68, 0x65, 0x64, 0x20, 0x29, 0x01, 0x01, 0x00, 0x00,
  0x00, 0x74, 0x01, 0x04, 0x00, 0x00, 0x00, 0x63, 0x68, 0x61, 0x72, 0x01, 0x01, 0x00, 0x00, 0x00,
  0x63, 0x0c, 0x00, 0x00, 0x00, 0x70, 0x61, 0x72, 0x73, 0x65, 0x5f, 0x6e, 0x75, 0x6d, 0x62, 0x65,
  0x72, 0x00, 0x00, 0x03, 0x00, 0x00, 0x62, 0x00, 0x00, 0x00, 0x00, 0x00, 0x00, 0x0c, 0x00, 0x23,
  0x00, 0x01, 0x13, 0x1d, 0x21, 0x00, 0x0a, 0x04, 0x0c, 0x00, 0x23, 0x00, 0x00, 0x00, 0x01, 0x15,
  0x1d, 0x21, 0x00, 0x0a, 0x04, 0x0c, 0x00, 0x23, 0x00, 0x00, 0x00, 0x02, 0x14, 0x1d, 0x21, 0x00,
  0x20, 0x04, 0x07, 0x01, 0x0c, 0x01, 0x0c, 0x02, 0x0e, 0x00, 0x03, 0x10, 0x16, 0x08, 0x01, 0x04,
  0x0c, 0x02, 0x05, 0x0e, 0x00, 0x03, 0x00, 0x00, 0x04, 0x16, 0x0f, 0x00, 0x03, 0x04, 0x22, 0x00,
  0x44, 0x04, 0x07, 0x01, 0x00, 0x00, 0x05, 0x13, 0x21, 0x00, 0x06, 0x04, 0x01, 0x27, 0x20, 0x00,
  0x01, 0x04, 0x09, 0x00, 0x06, 0x07, 0x01, 0x23, 0x01, 0x27, 0x01, 0x27, 0x05, 0x00, 0x00, 0x00,
  0x91, 0x00, 0x00, 0x00, 0x03, 0x00, 0x00, 0x00, 0x92, 0x00, 0x00, 0x00, 0x45, 0x00, 0x00, 0x00,
  0x93, 0x00, 0x00, 0x00, 0x10, 0x00, 0x00, 0x00, 0x94, 0x00, 0x00, 0x00, 0x08, 0x00, 0x00, 0x00,
  0x95, 0x00, 0x00, 0x00, 0x02, 0x00, 0x00, 0x00, 0x07, 0x00, 0x00, 0x00, 0x01, 0x00, 0x00, 0x00,
  0x00, 0x01, 0x01, 0x00, 0x00, 0x00, 0x30, 0x01, 0x01, 0x00, 0x00, 0x00, 0x39, 0x01, 0x03, 0x00,
  0x00, 0x00, 0x70, 0x6f, 0x73, 0x00, 0x00, 0x00, 0x00, 0x00, 0x00, 0x00, 0xf0, 0x3f, 0x01, 0x00,
  0x00, 0x00, 0x00, 0x01, 0x03, 0x00, 0x00, 0x00, 0x69, 0x6e, 0x74, 0x10, 0x00, 0x00, 0x00, 0x70,
  0x61, 0x72, 0x73, 0x65, 0x5f, 0x71, 0x75, 0x61, 0x6e, 0x74, 0x69, 0x66, 0x69, 0x65, 0x64, 0x00,
  0x00, 0x06, 0x00, 0x00, 0x7b, 0x01, 0x00, 0x00, 0x0c, 0x00, 0x23, 0x00, 0x02, 0x21, 0x01, 0x6d,
  0x04, 0x0c, 0x01, 0x23, 0x00, 0x01, 0x01, 0x07, 0x02, 0x00, 0x00, 0x00, 0x13, 0x21, 0x00, 0x1e,
  0x04, 0x00, 0x00, 0x01, 0x08, 0x03, 0x04, 0x09, 0x00, 0x02, 0x08, 0x04, 0x04, 0x0c, 0x02, 0x05,
  0x0e, 0x00, 0x03, 0x00, 0x00, 0x04, 0x16, 0x0f, 0x00, 0x03, 0x04, 0x20, 0x01, 0x11, 0x04, 0x07,
  0x02, 0x00, 0x00, 0x05, 0x13, 0x21, 0x00, 0x1e, 0x04, 0x00, 0x00, 0x06, 0x08, 0x03, 0x04, 0x09,
  0x00, 0x02, 0x08, 0x04, 0x04, 0x0c, 0x02, 0x05, 0x0e, 0x00, 0x03, 0x00, 0x00, 0x07, 0x16, 0x0f,
  0x00, 0x03, 0x04, 0x20, 0x00, 0xe9, 0x04, 0x07, 0x02, 0x00, 0x00, 0x08, 0x13, 0x21, 0x00, 0x1e,
  0x04, 0x00, 0x00, 0x09, 0x08, 0x03, 0x04, 0x00, 0x00, 0x0a, 0x08, 0x04, 0x04, 0x0c, 0x02, 0x05,
  0x0e, 0x00, 0x03, 0x00, 0x00, 0x0b, 0x16, 0x0f, 0x00, 0x03, 0x04, 0x20, 0x00, 0xc1, 0x04, 0x07,
  0x02, 0x00, 0x00, 0x0c, 0x13, 0x21, 0x00, 0xb0, 0x04, 0x0c, 0x02, 0x0e, 0x00, 0x03, 0x0c, 0x02,
  0x05, 0x0e, 0x00, 0x03, 0x00, 0x00, 0x0d, 0x16, 0x0f, 0x00, 0x03, 0x04, 0x0c, 0x03, 0x23, 0x00,
  0x07, 0x06, 0x01, 0x13, 0x1d, 0x21, 0x00, 0x2e, 0x04, 0x07, 0x06, 0x08, 0x03, 0x04, 0x07, 0x06,
  0x08, 0x04, 0x04, 0x0c, 0x04, 0x00, 0x00, 0x0e, 0x23, 0x01, 0x21, 0x00, 0x15, 0x04, 0x0c, 0x03,
  0x23, 0x00, 0x07, 0x07, 0x38, 0x00, 0x04, 0x04, 0x09, 0x00, 0x02, 0x08, 0x04, 0x04, 0x04, 0x20,
  0x00, 0x01, 0x04, 0x20, 0x00, 0x01, 0x04, 0x07, 0x06, 0x01, 0x13, 0x21, 0x00, 0x03, 0x20, 0x00,
  0x09, 0x04, 0x0c, 0x04, 0x00, 0x00, 0x0f, 0x23, 0x01, 0x1d, 0x21, 0x00, 0x10, 0x04, 0x0c, 0x02,
  0x07, 0x05, 0x0f, 0x00, 0x03, 0x04, 0x01, 0x08, 0x03, 0x04, 0x20, 0x00, 0x01, 0x04, 0x07, 0x03,
  0x01, 0x13, 0x1d, 0x21, 0x00, 0x06, 0x04, 0x07, 0x04, 0x07, 0x03, 0x15, 0x21, 0x00, 0x0f, 0x04,
  0x09, 0x00, 0x10, 0x0c, 0x05, 0x00, 0x00, 0x11, 0x23, 0x02, 0x04, 0x20, 0x00, 0x01, 0x04, 0x07,
  0x03, 0x01, 0x13, 0x21, 0x00, 0x0c, 0x04, 0x04, 0x04, 0x04, 0x04, 0x04, 0x20, 0x00, 0x3f, 0x20,
  0x00, 0x01, 0x04, 0x04, 0x04, 0x20, 0x00, 0x07, 0x04, 0x04, 0x04, 0x04, 0x20, 0x00, 0x2f, 0x0c,
  0x04, 0x00, 0x00, 0x12, 0x23, 0x01, 0x00, 0x00, 0x13, 0x00, 0x00, 0x14, 0x00, 0x00, 0x15, 0x07,
  0x01, 0x00, 0x00, 0x16, 0x07, 0x03, 0x00, 0x00, 0x17, 0x07, 0x04, 0x00, 0x00, 0x18, 0x07, 0x05,
  0x29, 0x00, 0x05, 0x08, 0x01, 0x04, 0x04, 0x04, 0x04, 0x04, 0x22, 0x01, 0x71, 0x04, 0x07, 0x01,
  0x27, 0x01, 0x27, 0x20, 0x00, 0x00, 0x00, 0x98, 0x00, 0x00, 0x00, 0x04, 0x00, 0x00, 0x00, 0x99,
  0x00, 0x00, 0x00, 0x05, 0x00, 0x00, 0x00, 0x9a, 0x00, 0x00, 0x00, 0x04, 0x00, 0x00, 0x00, 0x9b,
  0x00, 0x00, 0x00, 0x01, 0x00, 0x00, 0x00, 0x9c, 0x00, 0x00, 0x00, 0x01, 0x00, 0x00, 0x00, 0x9d,
  0x00, 0x00, 0x00, 0x28, 0x00, 0x00, 0x00, 0x9e, 0x00, 0x00, 0x00, 0x28, 0x00, 0x00, 0x00, 0x9f,
  0x00, 0x00, 0x00, 0x28, 0x00, 0x00, 0x00, 0xa0, 0x00, 0x00, 0x00, 0x0a, 0x00, 0x00, 0x00, 0xa1,
  0x00, 0x00, 0x00, 0x05, 0x00, 0x00, 0x00, 0xa2, 0x00, 0x00, 0x00, 0x0e, 0x00, 0x00, 0x00, 0xa3,
  0x00, 0x00, 0x00, 0x04, 0x00, 0x00, 0x00, 0xa4, 0x00, 0x00, 0x00, 0x09, 0x00, 0x00, 0x00, 0xa5,
  0x00, 0x00, 0x00, 0x05, 0x00, 0x00, 0x00, 0xa6, 0x00, 0x00, 0x00, 0x05, 0x00, 0x00, 0x00, 0xa7,
  0x00, 0x00, 0x00, 0x0b, 0x00, 0x00, 0x00, 0xa8, 0x00, 0x00, 0x00, 0x04, 0x00, 0x00, 0x00, 0xa9,
  0x00, 0x00, 0x00, 0x0c, 0x00, 0x00, 0x00, 0xaa, 0x00, 0x00, 0x00, 0x05, 0x00, 0x00, 0x00, 0xab,
  0x00, 0x00, 0x00, 0x04, 0x00, 0x00, 0x00, 0xac, 0x00, 0x00, 0x00, 0x17, 0x00, 0x00, 0x00, 0xad,
  0x00, 0x00, 0x00, 0x08, 0x00, 0x00, 0x00, 0xae, 0x00, 0x00, 0x00, 0x04, 0x00, 0x00, 0x00, 0xaf,
  0x00, 0x00, 0x00, 0x04, 0x00, 0x00, 0x00, 0xb0, 0x00, 0x00, 0x00, 0x21, 0x00, 0x00, 0x00, 0xb1,
  0x00, 0x00, 0x00, 0x14, 0x00, 0x00, 0x00, 0xb2, 0x00, 0x00, 0x00, 0x0c, 0x00, 0x00, 0x00, 0xb3,
  0x00, 0x00, 0x00, 0x07, 0x00, 0x00, 0x00, 0xb4, 0x00, 0x00, 0x00, 0x20, 0x00, 0x00, 0x00, 0xb5,
  0x00, 0x00, 0x00, 0x08, 0x00, 0x00, 0x00, 0xb6, 0x00, 0x00, 0x00, 0x03, 0x00, 0x00, 0x00, 0xb7,
  0x00, 0x00, 0x00, 0x02, 0x00, 0x00, 0x00, 0x19, 0x00, 0x00, 0x00, 0x01, 0x01, 0x00, 0x00, 0x00,
  0x2a, 0x00, 0x00, 0x00, 0x00, 0x00, 0x00, 0x00, 0x00, 0x00, 0x01, 0x04, 0x00, 0x00, 0x00, 0x5f,
  0x49, 0x4e, 0x46, 0x01, 0x03, 0x00, 0x00, 0x00, 0x70, 0x6f, 0x73, 0x00, 0x00, 0x00, 0x00, 0x00,
  0x00, 0x00, 0xf0, 0x3f, 0x01, 0x01, 0x00, 0x00, 0x00, 0x2b, 0x00, 0x00, 0x00, 0x00, 0x00, 0x00,
  0x00, 0xf0, 0x3f, 0x00, 0x00, 0x00, 0x00, 0x00, 0x00, 0x00, 0xf0, 0x3f, 0x01, 0x01, 0x00, 0x00,
  0x00, 0x3f, 0x00, 0x00, 0x00, 0x00, 0x00, 0x00, 0x00, 0x00, 0x00, 0x00, 0x00, 0x00, 0x00, 0x00,
  0x00, 0x00, 0xf0, 0x3f, 0x00, 0x00, 0x00, 0x00, 0x00, 0x00, 0x00, 0xf0, 0x3f, 0x01, 0x01, 0x00,
  0x00, 0x00, 0x7b, 0x00, 0x00, 0x00, 0x00, 0x00, 0x00, 0x00, 0xf0, 0x3f, 0x01, 0x01, 0x00, 0x00,
  0x00, 0x2c, 0x01, 0x01, 0x00, 0x00, 0x00, 0x7d, 0x01, 0x05, 0x00, 0x00, 0x00, 0x5f, 0x66, 0x61,
  0x69, 0x6c, 0x01, 0x10, 0x00, 0x00, 0x00, 0x62, 0x61, 0x64, 0x20, 0x72, 0x65, 0x70, 0x65, 0x61,
  0x74, 0x20, 0x63, 0x6f, 0x75, 0x6e, 0x74, 0x01, 0x01, 0x00, 0x00, 0x00, 0x3f, 0x01, 0x01, 0x00,
  0x00, 0x00, 0x74, 0x01, 0x03, 0x00, 0x00, 0x00, 0x72, 0x65, 0x70, 0x01, 0x04, 0x00, 0x00, 0x00,
  0x6e, 0x6f, 0x64, 0x65, 0x01, 0x03, 0x00, 0x00, 0x00, 0x6d, 0x69, 0x6e, 0x01, 0x03, 0x00, 0x00,
  0x00, 0x6d, 0x61, 0x78, 0x01, 0x04, 0x00, 0x00, 0x00, 0x6c, 0x61, 0x7a, 0x79, 0x09, 0x00, 0x00,
  0x00, 0x70, 0x61, 0x72, 0x73, 0x65, 0x5f, 0x73, 0x65, 0x71, 0x00, 0x00, 0x04, 0x00, 0x00, 0x49,
  0x00, 0x00, 0x00, 0x28, 0x00, 0x00, 0x0c, 0x00, 0x0e, 0x00, 0x00, 0x0c, 0x01, 0x15, 0x21, 0x00,
  0x0a, 0x04, 0x0c, 0x02, 0x23, 0x00, 0x00, 0x00, 0x01, 0x13, 0x1d, 0x21, 0x00, 0x0a, 0x04, 0x0c,
  0x02, 0x23, 0x00, 0x00, 0x00, 0x02, 0x13, 0x1d, 0x21, 0x00, 0x0f, 0x04, 0x07, 0x01, 0x0c, 0x03,
  0x23, 0x00, 0x24, 0x00, 0x03, 0x01, 0x04, 0x22, 0x00, 0x34, 0x04, 0x00, 0x00, 0x04, 0x00, 0x00,
  0x05, 0x00, 0x00, 0x06, 0x07, 0x01, 0x29, 0x00, 0x02, 0x27, 0x01, 0x27, 0x04, 0x00, 0x00, 0x00,
  0xba, 0x00, 0x00, 0x00, 0x03, 0x00, 0x00, 0x00, 0xbb, 0x00, 0x00, 0x00, 0x35, 0x00, 0x00, 0x00,
  0xbc, 0x00, 0x00, 0x00, 0x0f, 0x00, 0x00, 0x00, 0xbd, 0x00, 0x00, 0x00, 0x02, 0x00, 0x00, 0x00,
  0x07, 0x00, 0x00, 0x00, 0x01, 0x03, 0x00, 0x00, 0x00, 0x70, 0x6f, 0x73, 0x01, 0x01, 0x00, 0x00,
  0x00, 0x7c, 0x01, 0x01, 0x00, 0x00, 0x00, 0x29, 0x01, 0x04, 0x00, 0x00, 0x00, 0x70, 0x75, 0x73,
  0x68, 0x01, 0x01, 0x00, 0x00, 0x00, 0x74, 0x01, 0x03, 0x00, 0x00, 0x00, 0x73, 0x65, 0x71, 0x01,
  0x05, 0x00, 0x00, 0x00, 0x69, 0x74, 0x65, 0x6d, 0x73, 0xff, 0xff, 0xff, 0xff, 0x00, 0x00, 0x02,
  0x00, 0x00, 0x4d, 0x00, 0x00, 0x00, 0x0c, 0x00, 0x23, 0x00, 0x28, 0x00, 0x01, 0x0c, 0x01, 0x00,
  0x00, 0x00, 0x23, 0x01, 0x21, 0x00, 0x0f, 0x04, 0x07, 0x01, 0x0c, 0x00, 0x23, 0x00, 0x24, 0x00,
  0x01, 0x01, 0x04, 0x22, 0x00, 0x19, 0x04, 0x07, 0x01, 0x24, 0x00, 0x02, 0x00, 0x00, 0x00, 0x03,
  0x13, 0x21, 0x00, 0x07, 0x04, 0x07, 0x01, 0x00, 0x00, 0x04, 0x10, 0x21, 0x00, 0x03, 0x20, 0x00,
  0x0f, 0x04, 0x00, 0x00, 0x05, 0x00, 0x00, 0x06, 0x00, 0x00, 0x07, 0x07, 0x01, 0x29, 0x00, 0x02,
  0x27, 0x01, 0x27, 0x04, 0x00, 0x00, 0x00, 0xc0, 0x00, 0x00, 0x00, 0x07, 0x00, 0x00, 0x00, 0xc1,
  0x00, 0x00, 0x00, 0x1a, 0x00, 0x00, 0x00, 0xc2, 0x00, 0x00, 0x00, 0x2a, 0x00, 0x00, 0x00, 0xc3,
  0x00, 0x00, 0x00, 0x02, 0x00, 0x00, 0x00, 0x08, 0x00, 0x00, 0x00, 0x01, 0x01, 0x00, 0x00, 0x00,
  0x7c, 0x01, 0x04, 0x00, 0x00, 0x00, 0x70, 0x75, 0x73, 0x68, 0x01, 0x03, 0x00, 0x00, 0x00, 0x6c,
  0x65, 0x6e, 0x00, 0x00, 0x00, 0x00, 0x00, 0x00, 0x00, 0xf0, 0x3f, 0x00, 0x00, 0x00, 0x00, 0x00,
  0x00, 0x00, 0x00, 0x00, 0x01, 0x01, 0x00, 0x00, 0x00, 0x74, 0x01, 0x03, 0x00, 0x00, 0x00, 0x61,
  0x6c, 0x74, 0x01, 0x04, 0x00, 0x00, 0x00, 0x61, 0x6c, 0x74, 0x73, 0x06, 0x00, 0x00, 0x00, 0x5f,
  0x70, 0x61, 0x72, 0x73, 0x65, 0x01, 0x01, 0x00, 0x00, 0x00, 0xca, 0x00, 0x00, 0x00, 0x07, 0x01,
  0x24, 0x00, 0x00, 0x00, 0x09, 0x00, 0x01, 0x07, 0x02, 0x23, 0x01, 0x00, 0x00, 0x02, 0x00, 0x00,
  0x03, 0x00, 0x00, 0x04, 0x00, 0x00, 0x05, 0x00, 0x00, 0x06, 0x29, 0x00, 0x00, 0x29, 0x00, 0x03,
  0x25, 0x00, 0x07, 0x01, 0x04, 0x01, 0x03, 0x01, 0x02, 0x25, 0x00, 0x08, 0x01, 0x04, 0x01, 0x03,
  0x01, 0x02, 0x25, 0x00, 0x09, 0x25, 0x00, 0x0a, 0x25, 0x00, 0x0b, 0x01, 0x06, 0x01, 0x05, 0x01,
  0x01, 0x01, 0x04, 0x01, 0x07, 0x01, 0x08, 0x01, 0x03, 0x01, 0x02, 0x01, 0x25, 0x00, 0x0c, 0x01,
  0x02, 0x01, 0x04, 0x01, 0x09, 0x01, 0x06, 0x01, 0x05, 0x01, 0x01, 0x01, 0x0a, 0x01, 0x07, 0x01,
  0x08, 0x25, 0x00, 0x0d, 0x01, 0x05, 0x01, 0x02, 0x01, 0x04, 0x25, 0x00, 0x0e, 0x01, 0x0b, 0x01,
  0x05, 0x01, 0x04, 0x01, 0x0c, 0x01, 0x06, 0x01, 0x01, 0x25, 0x00, 0x0f, 0x01, 0x04, 0x01, 0x03,
  0x01, 0x05, 0x01, 0x0d, 0x25, 0x00, 0x10, 0x01, 0x0e, 0x01, 0x06, 0x08, 0x0a, 0x04, 0x07, 0x0a,
  0x23, 0x00, 0x07, 0x04, 0x0e, 0x00, 0x02, 0x07, 0x03, 0x15, 0x21, 0x00, 0x0f, 0x04, 0x09, 0x00,
  0x11, 0x07, 0x01, 0x00, 0x00, 0x12, 0x23, 0x02, 0x04, 0x20, 0x00, 0x01, 0x04, 0x00, 0x00, 0x13,
  0x07, 0x0f, 0x00, 0x00, 0x14, 0x07, 0x04, 0x0e, 0x00, 0x04, 0x00, 0x00, 0x15, 0x07, 0x04, 0x0e,
  0x00, 0x06, 0x29, 0x00, 0x03, 0x27, 0x01, 0x27, 0x12, 0x00, 0x00, 0x00, 0x1a, 0x00, 0x00, 0x00,
  0x06, 0x00, 0x00, 0x00, 0x1b, 0x00, 0x00, 0x00, 0x07, 0x00, 0x00, 0x00, 0x1c, 0x00, 0x00, 0x00,
  0x15, 0x00, 0x00, 0x00, 0x1e, 0x00, 0x00, 0x00, 0x09, 0x00, 0x00, 0x00, 0x22, 0x00, 0x00, 0x00,
  0x09, 0x00, 0x00, 0x00, 0x2c, 0x00, 0x00, 0x00, 0x03, 0x00, 0x00, 0x00, 0x33, 0x00, 0x00, 0x00,
  0x03, 0x00, 0x00, 0x00, 0x57, 0x00, 0x00, 0x00, 0x13, 0x00, 0x00, 0x00, 0x59, 0x00, 0x00, 0x00,
  0x01, 0x00, 0x00, 0x00, 0x8e, 0x00, 0x00, 0x00, 0x15, 0x00, 0x00, 0x00, 0x95, 0x00, 0x00, 0x00,
  0x09, 0x00, 0x00, 0x00, 0xb7, 0x00, 0x00, 0x00, 0x0f, 0x00, 0x00, 0x00, 0xbd, 0x00, 0x00, 0x00,
  0x0b, 0x00, 0x00, 0x00, 0xc3, 0x00, 0x00, 0x00, 0x0a, 0x00, 0x00, 0x00, 0xc5, 0x00, 0x00, 0x00,
  0x04, 0x00, 0x00, 0x00, 0xc6, 0x00, 0x00, 0x00, 0x1b, 0x00, 0x00, 0x00, 0xc7, 0x00, 0x00, 0x00,
  0x19, 0x00, 0x00, 0x00, 0xc8, 0x00, 0x00, 0x00, 0x02, 0x00, 0x00, 0x00, 0x16, 0x00, 0x00, 0x00,
  0x01, 0x05, 0x00, 0x00, 0x00, 0x63, 0x68, 0x61, 0x72, 0x73, 0x01, 0x03, 0x00, 0x00, 0x00, 0x6c,
  0x65, 0x6e, 0x01, 0x03, 0x00, 0x00, 0x00, 0x70, 0x6f, 0x73, 0x00, 0x00, 0x00, 0x00, 0x00, 0x00,
  0x00, 0x00, 0x00, 0x01, 0x06, 0x00, 0x00, 0x00, 0x67, 0x72, 0x6f, 0x75, 0x70, 0x73, 0x00, 0x00,
  0x00, 0x00, 0x00, 0x00, 0x00, 0x00, 0x00, 0x01, 0x05, 0x00, 0x00, 0x00, 0x6e, 0x61, 0x6d, 0x65,
  0x73, 0x02, 0x01, 0x00, 0x00, 0x00, 0x02, 0x02, 0x00, 0x00, 0x00, 0x02, 0x03, 0x00, 0x00, 0x00,
  0x02, 0x04, 0x00, 0x00, 0x00, 0x02, 0x05, 0x00, 0x00, 0x00, 0x02, 0x06, 0x00, 0x00, 0x00, 0x02,
  0x07, 0x00, 0x00, 0x00, 0x02, 0x08, 0x00, 0x00, 0x00, 0x02, 0x09, 0x00, 0x00, 0x00, 0x02, 0x0a,
  0x00, 0x00, 0x00, 0x01, 0x05, 0x00, 0x00, 0x00, 0x5f, 0x66, 0x61, 0x69, 0x6c, 0x01, 0x0b, 0x00,
  0x00, 0x00, 0x75, 0x6e, 0x6d, 0x61, 0x74, 0x63, 0x68, 0x65, 0x64, 0x20, 0x29, 0x01, 0x04, 0x00,
  0x00, 0x00, 0x74, 0x72, 0x65, 0x65, 0x01, 0x06, 0x00, 0x00, 0x00, 0x67, 0x72, 0x6f, 0x75, 0x70,
  0x73, 0x01, 0x05, 0x00, 0x00, 0x00, 0x6e, 0x61, 0x6d, 0x65, 0x73, 0x07, 0x00, 0x00, 0x00, 0x5f,
  0x69, 0x6e, 0x5f, 0x73, 0x65, 0x74, 0x02, 0x02, 0x00, 0x00, 0x00, 0x35, 0x00, 0x00, 0x00, 0x07,
  0x01, 0x00, 0x00, 0x00, 0x2a, 0x03, 0x00, 0x26, 0x07, 0x02, 0x07, 0x05, 0x00, 0x00, 0x01, 0x10,
  0x15, 0x1d, 0x21, 0x00, 0x0b, 0x04, 0x07, 0x02, 0x07, 0x05, 0x00, 0x00, 0x02, 0x10, 0x14, 0x1d,
  0x21, 0x00, 0x06, 0x04, 0x02, 0x27, 0x20, 0x00, 0x01, 0x04, 0x04, 0x22, 0x00, 0x2a, 0x04, 0x04,
  0x03, 0x27, 0x01, 0x27, 0x05, 0x00, 0x00, 0x00, 0xcd, 0x00, 0x00, 0x00, 0x09, 0x00, 0x00, 0x00,
  0xce, 0x00, 0x00, 0x00, 0x22, 0x00, 0x00, 0x00, 0xcf, 0x00, 0x00, 0x00, 0x06, 0x00, 0x00, 0x00,
  0xd0, 0x00, 0x00, 0x00, 0x02, 0x00, 0x00, 0x00, 0xd1, 0x00, 0x00, 0x00, 0x02, 0x00, 0x00, 0x00,
  0x03, 0x00, 0x00, 0x00, 0x00, 0x00, 0x00, 0x00, 0x00, 0x00, 0x00, 0x00, 0x00, 0x00, 0x00, 0x00,
  0x00, 0x00, 0x00, 0x00, 0x00, 0x00, 0x00, 0x00, 0x00, 0x00, 0x00, 0x00, 0x00, 0xf0, 0x3f, 0x08,
  0x00, 0x00, 0x00, 0x5f, 0x69, 0x73, 0x5f, 0x77, 0x6f, 0x72, 0x64, 0x01, 0x01, 0x00, 0x00, 0x00,
  0x0d, 0x00, 0x00, 0x00, 0x09, 0x00, 0x00, 0x09, 0x00, 0x01, 0x07, 0x01, 0x23, 0x02, 0x27, 0x01,
  0x27, 0x01, 0x00, 0x00, 0x00, 0xd3, 0x00, 0x00, 0x00, 0x0d, 0x00, 0x00, 0x00, 0x02, 0x00, 0x00,
  0x00, 0x01, 0x07, 0x00, 0x00, 0x00, 0x5f, 0x69, 0x6e, 0x5f, 0x73, 0x65, 0x74, 0x01, 0x05, 0x00,
  0x00, 0x00, 0x5f, 0x57, 0x4f, 0x52, 0x44, 0x04, 0x00, 0x00, 0x00, 0x73, 0x61, 0x6d, 0x65, 0x02,
  0x02, 0x01, 0x00, 0x00, 0x25, 0x00, 0x00, 0x00, 0x07, 0x01, 0x07, 0x02, 0x13, 0x21, 0x00, 0x06,
  0x04, 0x02, 0x27, 0x20, 0x00, 0x01, 0x04, 0x0c, 0x00, 0x21, 0x00, 0x0e, 0x04, 0x07, 0x01, 0x24,
  0x00, 0x00, 0x00, 0x07, 0x02, 0x24, 0x00, 0x00, 0x00, 0x13, 0x27, 0x01, 0x27, 0x03, 0x00, 0x00,
  0x00, 0xdc, 0x00, 0x00, 0x00, 0x0f, 0x00, 0x00, 0x00, 0xdd, 0x00, 0x00, 0x00, 0x14, 0x00, 0x00,
  0x00, 0xde, 0x00, 0x00, 0x00, 0x02, 0x00, 0x00, 0x00, 0x01, 0x00, 0x00, 0x00, 0x01, 0x05, 0x00,
  0x00, 0x00, 0x6c, 0x6f, 0x77, 0x65, 0x72, 0x06, 0x00, 0x00, 0x00, 0x69, 0x6e, 0x5f, 0x73, 0x65,
  0x74, 0x02, 0x02, 0x01, 0x00, 0x00, 0x53, 0x00, 0x00, 0x00, 0x09, 0x00, 0x00, 0x07, 0x01, 0x0e,
  0x00, 0x01, 0x07, 0x02, 0x23, 0x02, 0x07, 0x03, 0x1d, 0x21, 0x00, 0x03, 0x04, 0x0c, 0x00, 0x21,
  0x00, 0x2e, 0x04, 0x09, 0x00, 0x00, 0x07, 0x01, 0x0e, 0x00, 0x01, 0x07, 0x02, 0x24, 0x00, 0x02,
  0x00, 0x23, 0x02, 0x21, 0x00, 0x03, 0x20, 0x00, 0x11, 0x04, 0x09, 0x00, 0x00, 0x07, 0x01, 0x0e,
  0x00, 0x01, 0x07, 0x02, 0x24, 0x00, 0x03, 0x00, 0x23, 0x02, 0x08, 0x03, 0x04, 0x20, 0x00, 0x01,
  0x04, 0x07, 0x03, 0x07, 0x01, 0x0e, 0x00, 0x04, 0x13, 0x1d, 0x27, 0x01, 0x27, 0x04, 0x00, 0x00,
  0x00, 0xe1, 0x00, 0x00, 0x00, 0x0c, 0x00, 0x00, 0x00, 0xe2, 0x00, 0x00, 0x00, 0x3b, 0x00, 0x00,
  0x00, 0xe3, 0x00, 0x00, 0x00, 0x0a, 0x00, 0x00, 0x00, 0xe4, 0x00, 0x00, 0x00, 0x02, 0x00, 0x00,
  0x00, 0x05, 0x00, 0x00, 0x00, 0x01, 0x07, 0x00, 0x00, 0x00, 0x5f, 0x69, 0x6e, 0x5f, 0x73, 0x65,
  0x74, 0x01, 0x05, 0x00, 0x00, 0x00, 0x69, 0x74, 0x65, 0x6d, 0x73, 0x01, 0x05, 0x00, 0x00, 0x00,
  0x6c, 0x6f, 0x77, 0x65, 0x72, 0x01, 0x05, 0x00, 0x00, 0x00, 0x75, 0x70, 0x70, 0x65, 0x72, 0x01,
  0x03, 0x00, 0x00, 0x00, 0x6e, 0x65, 0x67, 0xff, 0xff, 0xff, 0xff, 0x01, 0x01, 0x04, 0x00, 0x00,
  0x4a, 0x00, 0x00, 0x00, 0x0c, 0x00, 0x0c, 0x01, 0x10, 0x0c, 0x00, 0x0c, 0x01, 0x00, 0x00, 0x00,
  0x16, 0x10, 0x0c, 0x00, 0x0c, 0x01, 0x0c, 0x02, 0x11, 0x04, 0x0c, 0x00, 0x0c, 0x01, 0x00, 0x00,
  0x01, 0x16, 0x07, 0x01, 0x11, 0x04, 0x0c, 0x03, 0x07, 0x01, 0x23, 0x01, 0x21, 0x00, 0x06, 0x04,
  0x02, 0x27, 0x20, 0x00, 0x01, 0x04, 0x0c, 0x00, 0x0c, 0x01, 0x07, 0x02, 0x11, 0x04, 0x0c, 0x00,
  0x0c, 0x01, 0x00, 0x00, 0x02, 0x16, 0x07, 0x03, 0x11, 0x04, 0x03, 0x27, 0x01, 0x27, 0x09, 0x00,
  0x00, 0x00, 0xfa, 0x00, 0x00, 0x00, 0x05, 0x00, 0x00, 0x00, 0xfb, 0x00, 0x00, 0x00, 0x09, 0x00,
  0x00, 0x00, 0xfc, 0x00, 0x00, 0x00, 0x08, 0x00, 0x00, 0x00, 0xfd, 0x00, 0x00, 0x00, 0x0c, 0x00,
  0x00, 0x00, 0xfe, 0x00, 0x00, 0x00, 0x10, 0x00, 0x00, 0x00, 0xff, 0x00, 0x00, 0x00, 0x08, 0x00,
  0x00, 0x00, 0x00, 0x01, 0x00, 0x00, 0x0c, 0x00, 0x00, 0x00, 0x01, 0x01, 0x00, 0x00, 0x02, 0x00,
  0x00, 0x00, 0x02, 0x01, 0x00, 0x00, 0x02, 0x00, 0x00, 0x00, 0x03, 0x00, 0x00, 0x00, 0x00, 0x00,
  0x00, 0x00, 0x00, 0x00, 0x00, 0xf0, 0x3f, 0x00, 0x00, 0x00, 0x00, 0x00, 0x00, 0x00, 0xf0, 0x3f,
  0x00, 0x00, 0x00, 0x00, 0x00, 0x00, 0x00, 0xf0, 0x3f, 0xff, 0xff, 0xff, 0xff, 0x01, 0x01, 0x00,
  0x00, 0x00, 0x04, 0x00, 0x00, 0x00, 0x02, 0x27, 0x01, 0x27, 0x01, 0x00, 0x00, 0x00, 0x0d, 0x01,
  0x00, 0x00, 0x04, 0x00, 0x00, 0x00, 0x00, 0x00, 0x00, 0x00, 0x01, 0x00, 0x00, 0x00, 0x6d, 0x03,
  0x03, 0x08, 0x00, 0x00, 0x04, 0x03, 0x00, 0x00, 0x07, 0x01, 0x0e, 0x00, 0x00, 0x07, 0x04, 0x00,
  0x00, 0x01, 0x13, 0x21, 0x00, 0x2a, 0x04, 0x07, 0x02, 0x0c, 0x00, 0x15, 0x21, 0x00, 0x0f, 0x04,
  0x0c, 0x01, 0x0c, 0x02, 0x07, 0x02, 0x10, 0x07, 0x01, 0x0e, 0x00, 0x02, 0x23, 0x02, 0x21, 0x00,
  0x0b, 0x04, 0x07, 0x03, 0x07, 0x02, 0x00, 0x00, 0x03, 0x16, 0x23, 0x01, 0x27, 0x20, 0x00, 0x01,
  0x04, 0x07, 0x04, 0x00, 0x00, 0x04, 0x13, 0x21, 0x00, 0x26, 0x04, 0x07, 0x02, 0x0c, 0x00, 0x15,
  0x21, 0x00, 0x0b, 0x04, 0x0c, 0x02, 0x07, 0x02, 0x10, 0x00, 0x00, 0x05, 0x13, 0x1d, 0x21, 0x00,
  0x0b, 0x04, 0x07, 0x03, 0x07, 0x02, 0x00, 0x00, 0x06, 0x16, 0x23, 0x01, 0x27, 0x20, 0x00, 0x01,
  0x04, 0x07, 0x04, 0x00, 0x00, 0x07, 0x13, 0x21, 0x00, 0x27, 0x04, 0x07, 0x02, 0x0c, 0x00, 0x15,
  0x21, 0x00, 0x0c, 0x04, 0x0c, 0x03, 0x07, 0x01, 0x0c, 0x02, 0x07, 0x02, 0x10, 0x23, 0x02, 0x21,
  0x00, 0x0b, 0x04, 0x07, 0x03, 0x07, 0x02, 0x00, 0x00, 0x08, 0x16, 0x23, 0x01, 0x27, 0x20, 0x00,
  0x01, 0x04, 0x07, 0x04, 0x00, 0x00, 0x09, 0x13, 0x21, 0x00, 0x15, 0x04, 0x0c, 0x04, 0x07, 0x01,
  0x0e, 0x00, 0x0a, 0x00, 0x00, 0x0b, 0x07, 0x02, 0x07, 0x03, 0x23, 0x04, 0x27, 0x20, 0x00, 0x01,
  0x04, 0x07, 0x04, 0x00, 0x00, 0x0c, 0x13, 0x21, 0x00, 0x2c, 0x04, 0x07, 0x01, 0x0e, 0x00, 0x0d,
  0x00, 0x00, 0x0e, 0x2a, 0x05, 0x00, 0x18, 0x0c, 0x05, 0x07, 0x07, 0x07, 0x02, 0x07, 0x03, 0x23,
  0x03, 0x21, 0x00, 0x06, 0x04, 0x02, 0x27, 0x20, 0x00, 0x01, 0x04, 0x04, 0x22, 0x00, 0x1c, 0x04,
  0x04, 0x03, 0x27, 0x20, 0x00, 0x01, 0x04, 0x07, 0x04, 0x00, 0x00, 0x0f, 0x13, 0x21, 0x00, 0x12,
  0x04, 0x0c, 0x06, 0x07, 0x01, 0x00, 0x00, 0x10, 0x07, 0x02, 0x07, 0x03, 0x23, 0x04, 0x27, 0x20,
  0x00, 0x01, 0x04, 0x07, 0x04, 0x00, 0x00, 0x11, 0x13, 0x21, 0x00, 0x42, 0x04, 0x07, 0x01, 0x0e,
  0x00, 0x12, 0x01, 0x13, 0x21, 0x00, 0x12, 0x04, 0x0c, 0x05, 0x07, 0x01, 0x0e, 0x00, 0x13, 0x07,
  0x02, 0x07, 0x03, 0x23, 0x03, 0x27, 0x20, 0x00, 0x01, 0x04, 0x07, 0x01, 0x0e, 0x00, 0x12, 0x00,
  0x00, 0x14, 0x18, 0x0c, 0x05, 0x07, 0x01, 0x0e, 0x00, 0x13, 0x07, 0x02, 0x25, 0x00, 0x15, 0x00,
  0x07, 0x01, 0x05, 0x01, 0x02, 0x01, 0x03, 0x23, 0x03, 0x27, 0x26, 0x20, 0x00, 0x01, 0x04, 0x07,
  0x04, 0x00, 0x00, 0x16, 0x13, 0x21, 0x00, 0x15, 0x04, 0x07, 0x02, 0x00, 0x00, 0x17, 0x13, 0x21,
  0x00, 0x07, 0x04, 0x07, 0x03, 0x07, 0x02, 0x23, 0x01, 0x27, 0x20, 0x00, 0x01, 0x04, 0x07, 0x04,
  0x00, 0x00, 0x18, 0x13, 0x21, 0x00, 0x14, 0x04, 0x07, 0x02, 0x0c, 0x00, 0x13, 0x21, 0x00, 0x07,
  0x04, 0x07, 0x03, 0x07, 0x02, 0x23, 0x01, 0x27, 0x20, 0x00, 0x01, 0x04, 0x07, 0x04, 0x00, 0x00,
  0x19, 0x13, 0x21, 0x00, 0x49, 0x04, 0x07, 0x02, 0x00, 0x00, 0x1a, 0x14, 0x21, 0x00, 0x0f, 0x04,
  0x09, 0x00, 0x1b, 0x0c, 0x02, 0x07, 0x02, 0x00, 0x00, 0x1c, 0x17, 0x10, 0x23, 0x01, 0x07, 0x02,
  0x0c, 0x00, 0x15, 0x21, 0x00, 0x0b, 0x04, 0x09, 0x00, 0x1b, 0x0c, 0x02, 0x07, 0x02, 0x10, 0x23,
  0x01, 0x07, 0x05, 0x07, 0x06, 0x13, 0x1d, 0x07, 0x01, 0x0e, 0x00, 0x1d, 0x13, 0x1d, 0x21, 0x00,
  0x07, 0x04, 0x07, 0x03, 0x07, 0x02, 0x23, 0x01, 0x27, 0x04, 0x04, 0x20, 0x00, 0x01, 0x04, 0x07,
  0x04, 0x00, 0x00, 0x1e, 0x13, 0x21, 0x00, 0x65, 0x04, 0x0c, 0x07, 0x24, 0x00, 0x1f, 0x00, 0x0c,
  0x05, 0x07, 0x01, 0x0e, 0x00, 0x13, 0x07, 0x02, 0x25, 0x00, 0x20, 0x23, 0x03, 0x07, 0x01, 0x0e,
  0x00, 0x1d, 0x21, 0x00, 0x35, 0x04, 0x00, 0x00, 0x21, 0x09, 0x00, 0x22, 0x0c, 0x07, 0x23, 0x01,
  0x1f, 0x00, 0x00, 0x23, 0x2a, 0x07, 0x00, 0x0f, 0x0c, 0x07, 0x07, 0x09, 0x07, 0x05, 0x07, 0x09,
  0x10, 0x11, 0x04, 0x04, 0x22, 0x00, 0x13, 0x04, 0x04, 0x07, 0x06, 0x1d, 0x21, 0x00, 0x07, 0x04,
  0x07, 0x03, 0x07, 0x02, 0x23, 0x01, 0x27, 0x20, 0x00, 0x01, 0x04, 0x07, 0x06, 0x21, 0x00, 0x07,
  0x04, 0x07, 0x03, 0x07, 0x02, 0x23, 0x01, 0x27, 0x04, 0x04, 0x20, 0x00, 0x01, 0x04, 0x07, 0x04,
  0x00, 0x00, 0x24, 0x13, 0x21, 0x00, 0x96, 0x04, 0x07, 0x01, 0x0e, 0x00, 0x25, 0x00, 0x00, 0x26,
  0x18, 0x07, 0x05, 0x00, 0x00, 0x27, 0x16, 0x09, 0x00, 0x22, 0x0c, 0x07, 0x23, 0x01, 0x15, 0x1d,
  0x21, 0x00, 0x03, 0x20, 0x00, 0x08, 0x04, 0x0c, 0x07, 0x07, 0x05, 0x10, 0x01, 0x13, 0x21, 0x00,
  0x06, 0x04, 0x03, 0x27, 0x20, 0x00, 0x01, 0x04, 0x0c, 0x07, 0x07, 0x05, 0x00, 0x00, 0x28, 0x16,
  0x10, 0x0c, 0x07, 0x07, 0x05, 0x10, 0x17, 0x07, 0x02, 0x07, 0x06, 0x16, 0x0c, 0x00, 0x14, 0x21,
  0x00, 0x06, 0x04, 0x03, 0x27, 0x20, 0x00, 0x01, 0x04, 0x00, 0x00, 0x29, 0x07, 0x06, 0x1f, 0x00,
  0x00, 0x2a, 0x2a, 0x07, 0x00, 0x26, 0x0c, 0x01, 0x0c, 0x02, 0x07, 0x02, 0x07, 0x09, 0x16, 0x10,
  0x0c, 0x02, 0x0c, 0x07, 0x07, 0x05, 0x10, 0x07, 0x09, 0x16, 0x10, 0x23, 0x02, 0x1d, 0x21, 0x00,
  0x06, 0x04, 0x03, 0x27, 0x20, 0x00, 0x01, 0x04, 0x04, 0x22, 0x00, 0x2a, 0x04, 0x04, 0x07, 0x03,
  0x07, 0x02, 0x07, 0x06, 0x16, 0x23, 0x01, 0x27, 0x04, 0x04, 0x20, 0x00, 0x01, 0x04, 0x00, 0x00,
  0x2b, 0x09, 0x00, 0x2c, 0x07, 0x04, 0x23, 0x01, 0x16, 0x2d, 0x01, 0x27, 0x2e, 0x00, 0x00, 0x00,
  0xea, 0x00, 0x00, 0x00, 0x05, 0x00, 0x00, 0x00, 0xeb, 0x00, 0x00, 0x00, 0x34, 0x00, 0x00, 0x00,
  0xec, 0x00, 0x00, 0x00, 0x30, 0x00, 0x00, 0x00, 0xed, 0x00, 0x00, 0x00, 0x31, 0x00, 0x00, 0x00,
  0xee, 0x00, 0x00, 0x00, 0x1f, 0x00, 0x00, 0x00, 0xef, 0x00, 0x00, 0x00, 0x0a, 0x00, 0x00, 0x00,
  0xf0, 0x00, 0x00, 0x00, 0x0c, 0x00, 0x00, 0x00, 0xf1, 0x00, 0x00, 0x00, 0x14, 0x00, 0x00, 0x00,
  0xf2, 0x00, 0x00, 0x00, 0x06, 0x00, 0x00, 0x00, 0xf3, 0x00, 0x00, 0x00, 0x02, 0x00, 0x00, 0x00,
  0xf4, 0x00, 0x00, 0x00, 0x04, 0x00, 0x00, 0x00, 0xf5, 0x00, 0x00, 0x00, 0x1c, 0x00, 0x00, 0x00,
  0xf6, 0x00, 0x00, 0x00, 0x0a, 0x00, 0x00, 0x00, 0xf7, 0x00, 0x00, 0x00, 0x1d, 0x00, 0x00, 0x00,
  0xf8, 0x00, 0x00, 0x00, 0x09, 0x00, 0x00, 0x00, 0xf9, 0x00, 0x00, 0x00, 0x09, 0x00, 0x00, 0x00,
  0x02, 0x01, 0x00, 0x00, 0x0e, 0x00, 0x00, 0x00, 0x03, 0x01, 0x00, 0x00, 0x05, 0x00, 0x00, 0x00,
  0x04, 0x01, 0x00, 0x00, 0x1f, 0x00, 0x00, 0x00, 0x05, 0x01, 0x00, 0x00, 0x1e, 0x00, 0x00, 0x00,
  0x06, 0x01, 0x00, 0x00, 0x0a, 0x00, 0x00, 0x00, 0x07, 0x01, 0x00, 0x00, 0x18, 0x00, 0x00, 0x00,
  0x08, 0x01, 0x00, 0x00, 0x13, 0x00, 0x00, 0x00, 0x09, 0x01, 0x00, 0x00, 0x18, 0x00, 0x00, 0x00,
  0x0a, 0x01, 0x00, 0x00, 0x06, 0x00, 0x00, 0x00, 0x0b, 0x01, 0x00, 0x00, 0x0a, 0x00, 0x00, 0x00,
  0x0c, 0x01, 0x00, 0x00, 0x06, 0x00, 0x00, 0x00, 0x0d, 0x01, 0x00, 0x00, 0x0e, 0x00, 0x00, 0x00,
  0x0e, 0x01, 0x00, 0x00, 0x09, 0x00, 0x00, 0x00, 0x0f, 0x01, 0x00, 0x00, 0x23, 0x00, 0x00, 0x00,
  0x10, 0x01, 0x00, 0x00, 0x0e, 0x00, 0x00, 0x00, 0x11, 0x01, 0x00, 0x00, 0x04, 0x00, 0x00, 0x00,
  0x12, 0x01, 0x00, 0x00, 0x0d, 0x00, 0x00, 0x00, 0x13, 0x01, 0x00, 0x00, 0x06, 0x00, 0x00, 0x00,
  0x14, 0x01, 0x00, 0x00, 0x0a, 0x00, 0x00, 0x00, 0x15, 0x01, 0x00, 0x00, 0x09, 0x00, 0x00, 0x00,
  0x16, 0x01, 0x00, 0x00, 0x27, 0x00, 0x00, 0x00, 0x17, 0x01, 0x00, 0x00, 0x0f, 0x00, 0x00, 0x00,
  0x18, 0x01, 0x00, 0x00, 0x12, 0x00, 0x00, 0x00, 0x19, 0x01, 0x00, 0x00, 0x0d, 0x00, 0x00, 0x00,
  0x1a, 0x01, 0x00, 0x00, 0x22, 0x00, 0x00, 0x00, 0x1b, 0x01, 0x00, 0x00, 0x06, 0x00, 0x00, 0x00,
  0x1c, 0x01, 0x00, 0x00, 0x0a, 0x00, 0x00, 0x00, 0x1d, 0x01, 0x00, 0x00, 0x06, 0x00, 0x00, 0x00,
  0x1e, 0x01, 0x00, 0x00, 0x0c, 0x00, 0x00, 0x00, 0x1f, 0x01, 0x00, 0x00, 0x02, 0x00, 0x00, 0x00,
  0x2d, 0x00, 0x00, 0x00, 0x01, 0x01, 0x00, 0x00, 0x00, 0x74, 0x01, 0x04, 0x00, 0x00, 0x00, 0x63,
  0x68, 0x61, 0x72, 0x01, 0x01, 0x00, 0x00, 0x00, 0x63, 0x00, 0x00, 0x00, 0x00, 0x00, 0x00, 0x00,
  0xf0, 0x3f, 0x01, 0x03, 0x00, 0x00, 0x00, 0x61, 0x6e, 0x79, 0x01, 0x01, 0x00, 0x00, 0x00, 0x0a,
  0x00, 0x00, 0x00, 0x00, 0x00, 0x00, 0x00, 0xf0, 0x3f, 0x01, 0x03, 0x00, 0x00, 0x00, 0x73, 0x65,
  0x74, 0x00, 0x00, 0x00, 0x00, 0x00, 0x00, 0x00, 0xf0, 0x3f, 0x01, 0x03, 0x00, 0x00, 0x00, 0x73,
  0x65, 0x71, 0x01, 0x05, 0x00, 0x00, 0x00, 0x69, 0x74, 0x65, 0x6d, 0x73, 0x00, 0x00, 0x00, 0x00,
  0x00, 0x00, 0x00, 0x00, 0x00, 0x01, 0x03, 0x00, 0x00, 0x00, 0x61, 0x6c, 0x74, 0x01, 0x04, 0x00,
  0x00, 0x00, 0x61, 0x6c, 0x74, 0x73, 0x00, 0x00, 0x00, 0x00, 0x00, 0x00, 0x00, 0x00, 0x00, 0x01,
  0x03, 0x00, 0x00, 0x00, 0x72, 0x65, 0x70, 0x00, 0x00, 0x00, 0x00, 0x00, 0x00, 0x00, 0x00, 0x00,
  0x01, 0x05, 0x00, 0x00, 0x00, 0x67, 0x72, 0x6f, 0x75, 0x70, 0x01, 0x03, 0x00, 0x00, 0x00, 0x69,
  0x64, 0x78, 0x01, 0x04, 0x00, 0x00, 0x00, 0x6e, 0x6f, 0x64, 0x65, 0x00, 0x00, 0x00, 0x00, 0x00,
  0x00, 0x00, 0x00, 0x40, 0x02, 0x10, 0x00, 0x00, 0x00, 0x01, 0x03, 0x00, 0x00, 0x00, 0x62, 0x6f,
  0x6c, 0x00, 0x00, 0x00, 0x00, 0x00, 0x00, 0x00, 0x00, 0x00, 0x01, 0x03, 0x00, 0x00, 0x00, 0x65,
  0x6f, 0x6c, 0x01, 0x05, 0x00, 0x00, 0x00, 0x77, 0x6f, 0x72, 0x64, 0x62, 0x00, 0x00, 0x00, 0x00,
  0x00, 0x00, 0x00, 0x00, 0x00, 0x01, 0x08, 0x00, 0x00, 0x00, 0x5f, 0x69, 0x73, 0x5f, 0x77, 0x6f,
  0x72, 0x64, 0x00, 0x00, 0x00, 0x00, 0x00, 0x00, 0x00, 0xf0, 0x3f, 0x01, 0x06, 0x00, 0x00, 0x00,
  0x6e, 0x65, 0x67, 0x61, 0x74, 0x65, 0x01, 0x04, 0x00, 0x00, 0x00, 0x6c, 0x6f, 0x6f, 0x6b, 0x01,
  0x04, 0x00, 0x00, 0x00, 0x63, 0x6f, 0x70, 0x79, 0x02, 0x11, 0x00, 0x00, 0x00, 0x00, 0x00, 0x00,
  0x00, 0x00, 0x00, 0x00, 0x00, 0x00, 0x01, 0x03, 0x00, 0x00, 0x00, 0x6c, 0x65, 0x6e, 0x00, 0x00,
  0x00, 0x00, 0x00, 0x00, 0x00, 0x00, 0x00, 0x01, 0x03, 0x00, 0x00, 0x00, 0x72, 0x65, 0x66, 0x01,
  0x01, 0x00, 0x00, 0x00, 0x6e, 0x00, 0x00, 0x00, 0x00, 0x00, 0x00, 0x00, 0x00, 0x40, 0x00, 0x00,
  0x00, 0x00, 0x00, 0x00, 0x00, 0xf0, 0x3f, 0x00, 0x00, 0x00, 0x00, 0x00, 0x00, 0x00, 0xf0, 0x3f,
  0x00, 0x00, 0x00, 0x00, 0x00, 0x00, 0x00, 0x00, 0x00, 0x00, 0x00, 0x00, 0x00, 0x00, 0x00, 0x00,
  0x00, 0x00, 0x01, 0x14, 0x00, 0x00, 0x00, 0x72, 0x65, 0x67, 0x65, 0x78, 0x3a, 0x20, 0x75, 0x6e,
  0x6b, 0x6e, 0x6f, 0x77, 0x6e, 0x20, 0x6e, 0x6f, 0x64, 0x65, 0x20, 0x01, 0x03, 0x00, 0x00, 0x00,
  0x73, 0x74, 0x72, 0xff, 0xff, 0xff, 0xff, 0x01, 0x01, 0x04, 0x00, 0x00, 0x13, 0x00, 0x00, 0x00,
  0x0c, 0x00, 0x0c, 0x01, 0x0c, 0x02, 0x00, 0x00, 0x00, 0x16, 0x07, 0x01, 0x0c, 0x03, 0x23, 0x04,
  0x27, 0x01, 0x27, 0x01, 0x00, 0x00, 0x00, 0x23, 0x01, 0x00, 0x00, 0x13, 0x00, 0x00, 0x00, 0x01,
  0x00, 0x00, 0x00, 0x00, 0x00, 0x00, 0x00, 0x00, 0x00, 0x00, 0xf0, 0x3f, 0xff, 0xff, 0xff, 0xff,
  0x04, 0x04, 0x02, 0x00, 0x00, 0x32, 0x00, 0x00, 0x00, 0x07, 0x02, 0x09, 0x00, 0x00, 0x07, 0x01,
  0x23, 0x01, 0x13, 0x21, 0x00, 0x0b, 0x04, 0x07, 0x04, 0x07, 0x03, 0x23, 0x01, 0x27, 0x20, 0x00,
  0x01, 0x04, 0x0c, 0x00, 0x07, 0x01, 0x07, 0x02, 0x10, 0x07, 0x03, 0x25, 0x00, 0x01, 0x00, 0x01,
  0x01, 0x01, 0x01, 0x02, 0x01, 0x04, 0x23, 0x03, 0x27, 0x01, 0x27, 0x03, 0x00, 0x00, 0x00, 0x22,
  0x01, 0x00, 0x00, 0x19, 0x00, 0x00, 0x00, 0x23, 0x01, 0x00, 0x00, 0x17, 0x00, 0x00, 0x00, 0x24,
  0x01, 0x00, 0x00, 0x02, 0x00, 0x00, 0x00, 0x02, 0x00, 0x00, 0x00, 0x01, 0x03, 0x00, 0x00, 0x00,
  0x6c, 0x65, 0x6e, 0x02, 0x13, 0x00, 0x00, 0x00, 0xff, 0xff, 0xff, 0xff, 0x01, 0x01, 0x05, 0x00,
  0x00, 0x2f, 0x00, 0x00, 0x00, 0x07, 0x01, 0x0c, 0x00, 0x13, 0x21, 0x00, 0x0a, 0x04, 0x0c, 0x01,
  0x0c, 0x02, 0x0e, 0x00, 0x00, 0x15, 0x1d, 0x21, 0x00, 0x06, 0x04, 0x03, 0x27, 0x20, 0x00, 0x01,
  0x04, 0x0c, 0x03, 0x0c, 0x02, 0x0c, 0x01, 0x00, 0x00, 0x01, 0x16, 0x07, 0x01, 0x0c, 0x04, 0x23,
  0x04, 0x27, 0x01, 0x27, 0x03, 0x00, 0x00, 0x00, 0x2a, 0x01, 0x00, 0x00, 0x1c, 0x00, 0x00, 0x00,
  0x2b, 0x01, 0x00, 0x00, 0x11, 0x00, 0x00, 0x00, 0x2c, 0x01, 0x00, 0x00, 0x02, 0x00, 0x00, 0x00,
  0x02, 0x00, 0x00, 0x00, 0x01, 0x03, 0x00, 0x00, 0x00, 0x6d, 0x69, 0x6e, 0x00, 0x00, 0x00, 0x00,
  0x00, 0x00, 0x00, 0xf0, 0x3f, 0xff, 0xff, 0xff, 0xff, 0x00, 0x00, 0x06, 0x00, 0x00, 0x2e, 0x00,
  0x00, 0x00, 0x0c, 0x00, 0x0c, 0x01, 0x0e, 0x00, 0x00, 0x15, 0x1d, 0x21, 0x00, 0x06, 0x04, 0x03,
  0x27, 0x20, 0x00, 0x01, 0x04, 0x0c, 0x02, 0x0c, 0x01, 0x0e, 0x00, 0x01, 0x0c, 0x03, 0x25, 0x00,
  0x02, 0x00, 0x03, 0x00, 0x00, 0x00, 0x01, 0x00, 0x04, 0x00, 0x05, 0x23, 0x03, 0x27, 0x01, 0x27,
  0x04, 0x00, 0x00, 0x00, 0x28, 0x01, 0x00, 0x00, 0x13, 0x00, 0x00, 0x00, 0x29, 0x01, 0x00, 0x00,
  0x09, 0x00, 0x00, 0x00, 0x2c, 0x01, 0x00, 0x00, 0x10, 0x00, 0x00, 0x00, 0x2d, 0x01, 0x00, 0x00,
  0x02, 0x00, 0x00, 0x00, 0x03, 0x00, 0x00, 0x00, 0x01, 0x03, 0x00, 0x00, 0x00, 0x6d, 0x61, 0x78,
  0x01, 0x04, 0x00, 0x00, 0x00, 0x6e, 0x6f, 0x64, 0x65, 0x02, 0x15, 0x00, 0x00, 0x00, 0xff, 0xff,
  0xff, 0xff, 0x04, 0x04, 0x02, 0x00, 0x00, 0x57, 0x00, 0x00, 0x00, 0x25, 0x00, 0x00, 0x01, 0x02,
  0x01, 0x01, 0x00, 0x00, 0x01, 0x03, 0x00, 0x01, 0x01, 0x04, 0x07, 0x02, 0x07, 0x01, 0x0e, 0x00,
  0x01, 0x15, 0x21, 0x00, 0x09, 0x04, 0x07, 0x05, 0x23, 0x00, 0x27, 0x20, 0x00, 0x01, 0x04, 0x07,
  0x01, 0x0e, 0x00, 0x02, 0x21, 0x00, 0x16, 0x04, 0x07, 0x04, 0x07, 0x03, 0x23, 0x01, 0x21, 0x00,
  0x03, 0x20, 0x00, 0x05, 0x04, 0x07, 0x05, 0x23, 0x00, 0x27, 0x20, 0x00, 0x01, 0x04, 0x07, 0x05,
  0x23, 0x00, 0x21, 0x00, 0x03, 0x20, 0x00, 0x07, 0x04, 0x07, 0x04, 0x07, 0x03, 0x23, 0x01, 0x27,
  0x01, 0x27, 0x05, 0x00, 0x00, 0x00, 0x2d, 0x01, 0x00, 0x00, 0x0f, 0x00, 0x00, 0x00, 0x2e, 0x01,
  0x00, 0x00, 0x15, 0x00, 0x00, 0x00, 0x2f, 0x01, 0x00, 0x00, 0x1f, 0x00, 0x00, 0x00, 0x30, 0x01,
  0x00, 0x00, 0x12, 0x00, 0x00, 0x00, 0x31, 0x01, 0x00, 0x00, 0x02, 0x00, 0x00, 0x00, 0x03, 0x00,
  0x00, 0x00, 0x02, 0x16, 0x00, 0x00, 0x00, 0x01, 0x03, 0x00, 0x00, 0x00, 0x6d, 0x69, 0x6e, 0x01,
  0x04, 0x00, 0x00, 0x00, 0x6c, 0x61, 0x7a, 0x79, 0xff, 0xff, 0xff, 0xff, 0x01, 0x01, 0x01, 0x00,
  0x00, 0x09, 0x00, 0x00, 0x00, 0x07, 0x01, 0x0d, 0x00, 0x04, 0x02, 0x27, 0x01, 0x27, 0x01, 0x00,
  0x00, 0x00, 0x34, 0x01, 0x00, 0x00, 0x09, 0x00, 0x00, 0x00, 0x00, 0x00, 0x00, 0x00, 0x09, 0x00,
  0x00, 0x00, 0x5f, 0x6d, 0x61, 0x74, 0x63, 0x68, 0x5f, 0x61, 0x74, 0x04, 0x04, 0x00, 0x00, 0x00,
  0x95, 0x00, 0x00, 0x00, 0x09, 0x00, 0x00, 0x07, 0x02, 0x23, 0x01, 0x28, 0x00, 0x00, 0x00, 0x00,
  0x01, 0x07, 0x01, 0x0e, 0x00, 0x02, 0x00, 0x00, 0x03, 0x16, 0x00, 0x00, 0x04, 0x18, 0x1f, 0x00,
  0x00, 0x05, 0x2a, 0x07, 0x00, 0x0c, 0x07, 0x06, 0x01, 0x24, 0x00, 0x06, 0x01, 0x04, 0x04, 0x22,
  0x00, 0x10, 0x04, 0x04, 0x25, 0x00, 0x07, 0x01, 0x04, 0x25, 0x00, 0x08, 0x01, 0x04, 0x01, 0x01,
  0x25, 0x00, 0x09, 0x01, 0x05, 0x01, 0x07, 0x01, 0x02, 0x01, 0x08, 0x01, 0x09, 0x01, 0x0b, 0x01,
  0x0a, 0x01, 0x06, 0x25, 0x00, 0x0a, 0x01, 0x0b, 0x01, 0x09, 0x08, 0x09, 0x04, 0x25, 0x00, 0x0b,
  0x01, 0x0b, 0x01, 0x0a, 0x08, 0x0a, 0x04, 0x01, 0x07, 0x0b, 0x07, 0x01, 0x0e, 0x00, 0x0c, 0x07,
  0x03, 0x25, 0x00, 0x0d, 0x01, 0x0c, 0x23, 0x03, 0x21, 0x00, 0x19, 0x04, 0x07, 0x06, 0x00, 0x00,
  0x0e, 0x07, 0x03, 0x11, 0x04, 0x07, 0x06, 0x00, 0x00, 0x0f, 0x07, 0x0c, 0x11, 0x04, 0x07, 0x06,
  0x27, 0x20, 0x00, 0x01, 0x04, 0x01, 0x27, 0x01, 0x27, 0x12, 0x00, 0x00, 0x00, 0xd7, 0x00, 0x00,
  0x00, 0x07, 0x00, 0x00, 0x00, 0xd8, 0x00, 0x00, 0x00, 0x03, 0x00, 0x00, 0x00, 0xd9, 0x00, 0x00,
  0x00, 0x26, 0x00, 0x00, 0x00, 0xde, 0x00, 0x00, 0x00, 0x05, 0x00, 0x00, 0x00, 0xe4, 0x00, 0x00,
  0x00, 0x05, 0x00, 0x00, 0x00, 0xe6, 0x00, 0x00, 0x00, 0x01, 0x00, 0x00, 0x00, 0xe7, 0x00, 0x00,
  0x00, 0x01, 0x00, 0x00, 0x00, 0x1f, 0x01, 0x00, 0x00, 0x13, 0x00, 0x00, 0x00, 0x24, 0x01, 0x00,
  0x00, 0x0a, 0x00, 0x00, 0x00, 0x31, 0x01, 0x00, 0x00, 0x0a, 0x00, 0x00, 0x00, 0x33, 0x01, 0x00,
  0x00, 0x01, 0x00, 0x00, 0x00, 0x34, 0x01, 0x00, 0x00, 0x14, 0x00, 0x00, 0x00, 0x35, 0x01, 0x00,
  0x00, 0x09, 0x00, 0x00, 0x00, 0x36, 0x01, 0x00, 0x00, 0x09, 0x00, 0x00, 0x00, 0x37, 0x01, 0x00,
  0x00, 0x03, 0x00, 0x00, 0x00, 0x38, 0x01, 0x00, 0x00, 0x04, 0x00, 0x00, 0x00, 0x39, 0x01, 0x00,
  0x00, 0x02, 0x00, 0x00, 0x00, 0x3a, 0x01, 0x00, 0x00, 0x02, 0x00, 0x00, 0x00, 0x10, 0x00, 0x00,
  0x00, 0x01, 0x03, 0x00, 0x00, 0x00, 0x6c, 0x65, 0x6e, 0x00, 0x00, 0x00, 0x00, 0x00, 0x00, 0x00,
  0x00, 0x00, 0x01, 0x06, 0x00, 0x00, 0x00, 0x67, 0x72, 0x6f, 0x75, 0x70, 0x73, 0x00, 0x00, 0x00,
  0x00, 0x00, 0x00, 0x00, 0xf0, 0x3f, 0x00, 0x00, 0x00, 0x00, 0x00, 0x00, 0x00, 0x00, 0x40, 0x00,
  0x00, 0x00, 0x00, 0x00, 0x00, 0x00, 0x00, 0x00, 0x01, 0x04, 0x00, 0x00, 0x00, 0x70, 0x75, 0x73,
  0x68, 0x02, 0x0e, 0x00, 0x00, 0x00, 0x02, 0x0f, 0x00, 0x00, 0x00, 0x02, 0x12, 0x00, 0x00, 0x00,
  0x02, 0x14, 0x00, 0x00, 0x00, 0x02, 0x17, 0x00, 0x00, 0x00, 0x01, 0x04, 0x00, 0x00, 0x00, 0x74,
  0x72, 0x65, 0x65, 0x02, 0x18, 0x00, 0x00, 0x00, 0x00, 0x00, 0x00, 0x00, 0x00, 0x00, 0x00, 0x00,
  0x00, 0x00, 0x00, 0x00, 0x00, 0x00, 0x00, 0x00, 0xf0, 0x3f, 0x07, 0x00, 0x00, 0x00, 0x63, 0x6f,
  0x6d, 0x70, 0x69, 0x6c, 0x65, 0x02, 0x01, 0x00, 0x00, 0x00, 0x58, 0x00, 0x00, 0x00, 0x07, 0x02,
  0x38, 0x00, 0x06, 0x04, 0x00, 0x00, 0x00, 0x08, 0x02, 0x04, 0x09, 0x00, 0x01, 0x07, 0x01, 0x23,
  0x01, 0x00, 0x00, 0x02, 0x13, 0x21, 0x00, 0x07, 0x04, 0x07, 0x01, 0x27, 0x20, 0x00, 0x01, 0x04,
  0x09, 0x00, 0x03, 0x07, 0x01, 0x23, 0x01, 0x00, 0x00, 0x04, 0x07, 0x01, 0x00, 0x00, 0x05, 0x07,
  0x03, 0x0e, 0x00, 0x05, 0x00, 0x00, 0x06, 0x07, 0x03, 0x0e, 0x00, 0x06, 0x00, 0x00, 0x07, 0x07,
  0x03, 0x0e, 0x00, 0x07, 0x00, 0x00, 0x08, 0x07, 0x02, 0x00, 0x00, 0x0a, 0x24, 0x00, 0x09, 0x01,
  0x29, 0x00, 0x05, 0x27, 0x01, 0x27, 0x05, 0x00, 0x00, 0x00, 0x3f, 0x01, 0x00, 0x00, 0x0c, 0x00,
  0x00, 0x00, 0x40, 0x01, 0x00, 0x00, 0x16, 0x00, 0x00, 0x00, 0x41, 0x01, 0x00, 0x00, 0x07, 0x00,
  0x00, 0x00, 0x42, 0x01, 0x00, 0x00, 0x2d, 0x00, 0x00, 0x00, 0x43, 0x01, 0x00, 0x00, 0x02, 0x00,
  0x00, 0x00, 0x0b, 0x00, 0x00, 0x00, 0x01, 0x00, 0x00, 0x00, 0x00, 0x01, 0x04, 0x00, 0x00, 0x00,
  0x74, 0x79, 0x70, 0x65, 0x01, 0x03, 0x00, 0x00, 0x00, 0x6d, 0x61, 0x70, 0x01, 0x06, 0x00, 0x00,
  0x00, 0x5f, 0x70, 0x61, 0x72, 0x73, 0x65, 0x01, 0x07, 0x00, 0x00, 0x00, 0x70, 0x61, 0x74, 0x74,
  0x65, 0x72, 0x6e, 0x01, 0x04, 0x00, 0x00, 0x00, 0x74, 0x72, 0x65, 0x65, 0x01, 0x06, 0x00, 0x00,
  0x00, 0x67, 0x72, 0x6f, 0x75, 0x70, 0x73, 0x01, 0x05, 0x00, 0x00, 0x00, 0x6e, 0x61, 0x6d, 0x65,
  0x73, 0x01, 0x05, 0x00, 0x00, 0x00, 0x69, 0x63, 0x61, 0x73, 0x65, 0x01, 0x08, 0x00, 0x00, 0x00,
  0x63, 0x6f, 0x6e, 0x74, 0x61, 0x69, 0x6e, 0x73, 0x01, 0x01, 0x00, 0x00, 0x00, 0x69, 0x06, 0x00,
  0x00, 0x00, 0x5f, 0x73, 0x6c, 0x69, 0x63, 0x65, 0x03, 0x03, 0x00, 0x00, 0x00, 0x25, 0x00, 0x00,
  0x00, 0x00, 0x00, 0x00, 0x07, 0x02, 0x07, 0x03, 0x1f, 0x00, 0x00, 0x01, 0x2a, 0x05, 0x00, 0x0f,
  0x07, 0x04, 0x07, 0x01, 0x07, 0x07, 0x10, 0x16, 0x08, 0x04, 0x04, 0x04, 0x22, 0x00, 0x13, 0x04,
  0x04, 0x07, 0x04, 0x27, 0x01, 0x27, 0x04, 0x00, 0x00, 0x00, 0x46, 0x01, 0x00, 0x00, 0x03, 0x00,
  0x00, 0x00, 0x47, 0x01, 0x00, 0x00, 0x1d, 0x00, 0x00, 0x00, 0x48, 0x01, 0x00, 0x00, 0x03, 0x00,
  0x00, 0x00, 0x49, 0x01, 0x00, 0x00, 0x02, 0x00, 0x00, 0x00, 0x02, 0x00, 0x00, 0x00, 0x01, 0x00,
  0x00, 0x00, 0x00, 0x00, 0x00, 0x00, 0x00, 0x00, 0x00, 0x00, 0x00, 0x00, 0x06, 0x00, 0x00, 0x00,
  0x5f, 0x62, 0x75, 0x69, 0x6c, 0x64, 0x03, 0x03, 0x00, 0x00, 0x00, 0xc2, 0x00, 0x00, 0x00, 0x28,
  0x00, 0x00, 0x00, 0x00, 0x00, 0x07, 0x01, 0x0e, 0x00, 0x01, 0x00, 0x00, 0x02, 0x16, 0x1f, 0x00,
  0x00, 0x03, 0x2a, 0x05, 0x00, 0x43, 0x07, 0x03, 0x07, 0x07, 0x00, 0x00, 0x04, 0x18, 0x10, 0x01,
  0x13, 0x21, 0x00, 0x0c, 0x04, 0x07, 0x04, 0x01, 0x24, 0x00, 0x05, 0x01, 0x04, 0x20, 0x00, 0x25,
  0x04, 0x07, 0x04, 0x09, 0x00, 0x06, 0x07, 0x02, 0x07, 0x03, 0x07, 0x07, 0x00, 0x00, 0x07, 0x18,
  0x10, 0x07, 0x03, 0x07, 0x07, 0x00, 0x00, 0x08, 0x18, 0x00, 0x00, 0x09, 0x16, 0x10, 0x23, 0x03,
  0x24, 0x00, 0x05, 0x01, 0x04, 0x04, 0x22, 0x00, 0x47, 0x04, 0x04, 0x29, 0x00, 0x00, 0x07, 0x01,
  0x0e, 0x00, 0x0a, 0x24, 0x00, 0x0b, 0x00, 0x00, 0x00, 0x0c, 0x2a, 0x06, 0x00, 0x19, 0x07, 0x05,
  0x07, 0x08, 0x07, 0x04, 0x07, 0x01, 0x0e, 0x00, 0x0a, 0x07, 0x08, 0x10, 0x00, 0x00, 0x0d, 0x17,
  0x10, 0x11, 0x04, 0x04, 0x22, 0x00, 0x1d, 0x04, 0x04, 0x00, 0x00, 0x0e, 0x09, 0x00, 0x06, 0x07,
  0x02, 0x07, 0x03, 0x00, 0x00, 0x0f, 0x10, 0x07, 0x03, 0x00, 0x00, 0x10, 0x10, 0x23, 0x03, 0x00,
  0x00, 0x11, 0x07, 0x03, 0x00, 0x00, 0x12, 0x10, 0x00, 0x00, 0x13, 0x07, 0x03, 0x00, 0x00, 0x14,
  0x10, 0x00, 0x00, 0x15, 0x07, 0x04, 0x00, 0x00, 0x16, 0x07, 0x05, 0x29, 0x00, 0x05, 0x27, 0x01,
  0x27, 0x08, 0x00, 0x00, 0x00, 0x4c, 0x01, 0x00, 0x00, 0x03, 0x00, 0x00, 0x00, 0x4d, 0x01, 0x00,
  0x00, 0x14, 0x00, 0x00, 0x00, 0x4e, 0x01, 0x00, 0x00, 0x3f, 0x00, 0x00, 0x00, 0x4f, 0x01, 0x00,
  0x00, 0x06, 0x00, 0x00, 0x00, 0x50, 0x01, 0x00, 0x00, 0x03, 0x00, 0x00, 0x00, 0x51, 0x01, 0x00,
  0x00, 0x2b, 0x00, 0x00, 0x00, 0x52, 0x01, 0x00, 0x00, 0x36, 0x00, 0x00, 0x00, 0x53, 0x01, 0x00,
  0x00, 0x02, 0x00, 0x00, 0x00, 0x17, 0x00, 0x00, 0x00, 0x00, 0x00, 0x00, 0x00, 0x00, 0x00, 0x00,
  0xf0, 0x3f, 0x01, 0x06, 0x00, 0x00, 0x00, 0x67, 0x72, 0x6f, 0x75, 0x70, 0x73, 0x00, 0x00, 0x00,
  0x00, 0x00, 0x00, 0x00, 0xf0, 0x3f, 0x00, 0x00, 0x00, 0x00, 0x00, 0x00, 0x00, 0x00, 0x00, 0x00,
  0x00, 0x00, 0x00, 0x00, 0x00, 0x00, 0x00, 0x40, 0x01, 0x04, 0x00, 0x00, 0x00, 0x70, 0x75, 0x73,
  0x68, 0x01, 0x06, 0x00, 0x00, 0x00, 0x5f, 0x73, 0x6c, 0x69, 0x63, 0x65, 0x00, 0x00, 0x00, 0x00,
  0x00, 0x00, 0x00, 0x00, 0x40, 0x00, 0x00, 0x00, 0x00, 0x00, 0x00, 0x00, 0x00, 0x40, 0x00, 0x00,
  0x00, 0x00, 0x00, 0x00, 0x00, 0xf0, 0x3f, 0x01, 0x05, 0x00, 0x00, 0x00, 0x6e, 0x61, 0x6d, 0x65,
  0x73, 0x01, 0x04, 0x00, 0x00, 0x00, 0x6b, 0x65, 0x79, 0x73, 0x00, 0x00, 0x00, 0x00, 0x00, 0x00,
  0x00, 0x00, 0x00, 0x00, 0x00, 0x00, 0x00, 0x00, 0x00, 0x00, 0xf0, 0x3f, 0x01, 0x04, 0x00, 0x00,
  0x00, 0x74, 0x65, 0x78, 0x74, 0x00, 0x00, 0x00, 0x00, 0x00, 0x00, 0x00, 0x00, 0x00, 0x00, 0x00,
  0x00, 0x00, 0x00, 0x00, 0x00, 0xf0, 0x3f, 0x01, 0x05, 0x00, 0x00, 0x00, 0x73, 0x74, 0x61, 0x72,
  0x74, 0x00, 0x00, 0x00, 0x00, 0x00, 0x00, 0x00, 0x00, 0x00, 0x01, 0x03, 0x00, 0x00, 0x00, 0x65,
  0x6e, 0x64, 0x00, 0x00, 0x00, 0x00, 0x00, 0x00, 0x00, 0xf0, 0x3f, 0x01, 0x06, 0x00, 0x00, 0x00,
  0x67, 0x72, 0x6f, 0x75, 0x70, 0x73, 0x01, 0x05, 0x00, 0x00, 0x00, 0x6e, 0x61, 0x6d, 0x65, 0x64,
  0x07, 0x00, 0x00, 0x00, 0x5f, 0x73, 0x65, 0x61, 0x72, 0x63, 0x68, 0x03, 0x03, 0x00, 0x00, 0x00,
  0x40, 0x00, 0x00, 0x00, 0x07, 0x03, 0x09, 0x00, 0x00, 0x07, 0x02, 0x23, 0x01, 0x00, 0x00, 0x01,
  0x16, 0x1f, 0x00, 0x00, 0x02, 0x2a, 0x04, 0x00, 0x25, 0x09, 0x00, 0x03, 0x07, 0x01, 0x07, 0x02,
  0x07, 0x06, 0x07, 0x01, 0x0e, 0x00, 0x04, 0x23, 0x04, 0x07, 0x07, 0x01, 0x13, 0x1d, 0x21, 0x00,
  0x07, 0x04, 0x07, 0x07, 0x27, 0x20, 0x00, 0x01, 0x04, 0x04, 0x04, 0x22, 0x00, 0x29, 0x04, 0x04,
  0x01, 0x27, 0x01, 0x27, 0x06, 0x00, 0x00, 0x00, 0x56, 0x01, 0x00, 0x00, 0x15, 0x00, 0x00, 0x00,
  0x57, 0x01, 0x00, 0x00, 0x10, 0x00, 0x00, 0x00, 0x58, 0x01, 0x00, 0x00, 0x10, 0x00, 0x00, 0x00,
  0x59, 0x01, 0x00, 0x00, 0x07, 0x00, 0x00, 0x00, 0x5a, 0x01, 0x00, 0x00, 0x02, 0x00, 0x00, 0x00,
  0x5b, 0x01, 0x00, 0x00, 0x02, 0x00, 0x00, 0x00, 0x05, 0x00, 0x00, 0x00, 0x01, 0x03, 0x00, 0x00,
  0x00, 0x6c, 0x65, 0x6e, 0x00, 0x00, 0x00, 0x00, 0x00, 0x00, 0x00, 0xf0, 0x3f, 0x00, 0x00, 0x00,
  0x00, 0x00, 0x00, 0x00, 0x00, 0x00, 0x01, 0x09, 0x00, 0x00, 0x00, 0x5f, 0x6d, 0x61, 0x74, 0x63,
  0x68, 0x5f, 0x61, 0x74, 0x01, 0x05, 0x00, 0x00, 0x00, 0x69, 0x63, 0x61, 0x73, 0x65, 0x04, 0x00,
  0x00, 0x00, 0x66, 0x69, 0x6e, 0x64, 0x03, 0x02, 0x00, 0x00, 0x00, 0x43, 0x00, 0x00, 0x00, 0x07,
  0x03, 0x38, 0x00, 0x06, 0x04, 0x00, 0x00, 0x00, 0x08, 0x03, 0x04, 0x09, 0x00, 0x01, 0x07, 0x01,
  0x07, 0x03, 0x23, 0x02, 0x07, 0x02, 0x24, 0x00, 0x02, 0x00, 0x09, 0x00, 0x03, 0x07, 0x04, 0x07,
  0x05, 0x00, 0x00, 0x04, 0x23, 0x03, 0x07, 0x06, 0x01, 0x13, 0x21, 0x00, 0x06, 0x04, 0x01, 0x27,
  0x20, 0x00, 0x01, 0x04, 0x09, 0x00, 0x05, 0x07, 0x04, 0x07, 0x05, 0x07, 0x06, 0x23, 0x03, 0x27,
  0x01, 0x27, 0x07, 0x00, 0x00, 0x00, 0x5e, 0x01, 0x00, 0x00, 0x0c, 0x00, 0x00, 0x00, 0x5f, 0x01,
  0x00, 0x00, 0x09, 0x00, 0x00, 0x00, 0x60, 0x01, 0x00, 0x00, 0x06, 0x00, 0x00, 0x00, 0x61, 0x01,
  0x00, 0x00, 0x0c, 0x00, 0x00, 0x00, 0x62, 0x01, 0x00, 0x00, 0x0e, 0x00, 0x00, 0x00, 0x63, 0x01,
  0x00, 0x00, 0x0c, 0x00, 0x00, 0x00, 0x64, 0x01, 0x00, 0x00, 0x02, 0x00, 0x00, 0x00, 0x06, 0x00,
  0x00, 0x00, 0x01, 0x00, 0x00, 0x00, 0x00, 0x01, 0x07, 0x00, 0x00, 0x00, 0x63, 0x6f, 0x6d, 0x70,
  0x69, 0x6c, 0x65, 0x01, 0x05, 0x00, 0x00, 0x00, 0x63, 0x68, 0x61, 0x72, 0x73, 0x01, 0x07, 0x00,
  0x00, 0x00, 0x5f, 0x73, 0x65, 0x61, 0x72, 0x63, 0x68, 0x00, 0x00, 0x00, 0x00, 0x00, 0x00, 0x00,
  0x00, 0x00, 0x01, 0x06, 0x00, 0x00, 0x00, 0x5f, 0x62, 0x75, 0x69, 0x6c, 0x64, 0x0a, 0x00, 0x00,
  0x00, 0x66, 0x75, 0x6c, 0x6c, 0x5f, 0x6d, 0x61, 0x74, 0x63, 0x68, 0x03, 0x02, 0x00, 0x00, 0x00,
  0x81, 0x00, 0x00, 0x00, 0x07, 0x03, 0x38, 0x00, 0x06, 0x04, 0x00, 0x00, 0x00, 0x08, 0x03, 0x04,
  0x09, 0x00, 0x01, 0x07, 0x01, 0x07, 0x03, 0x23, 0x02, 0x07, 0x02, 0x24, 0x00, 0x02, 0x00, 0x09,
  0x00, 0x03, 0x00, 0x00, 0x04, 0x00, 0x00, 0x05, 0x00, 0x00, 0x06, 0x00, 0x00, 0x07, 0x07, 0x04,
  0x0e, 0x00, 0x04, 0x00, 0x00, 0x08, 0x00, 0x00, 0x09, 0x29, 0x00, 0x01, 0x28, 0x00, 0x02, 0x29,
  0x00, 0x02, 0x00, 0x00, 0x0a, 0x07, 0x04, 0x0e, 0x00, 0x0a, 0x00, 0x00, 0x0b, 0x07, 0x04, 0x0e,
  0x00, 0x0b, 0x00, 0x00, 0x0c, 0x07, 0x04, 0x0e, 0x00, 0x0c, 0x29, 0x00, 0x04, 0x07, 0x05, 0x00,
  0x00, 0x0d, 0x07, 0x04, 0x0e, 0x00, 0x0c, 0x23, 0x04, 0x07, 0x06, 0x01, 0x13, 0x21, 0x00, 0x06,
  0x04, 0x01, 0x27, 0x20, 0x00, 0x01, 0x04, 0x09, 0x00, 0x0e, 0x07, 0x04, 0x07, 0x05, 0x07, 0x06,
  0x23, 0x03, 0x27, 0x01, 0x27, 0x07, 0x00, 0x00, 0x00, 0x67, 0x01, 0x00, 0x00, 0x0c, 0x00, 0x00,
  0x00, 0x68, 0x01, 0x00, 0x00, 0x09, 0x00, 0x00, 0x00, 0x69, 0x01, 0x00, 0x00, 0x06, 0x00, 0x00,
  0x00, 0x6a, 0x01, 0x00, 0x00, 0x4a, 0x00, 0x00, 0x00, 0x6b, 0x01, 0x00, 0x00, 0x0e, 0x00, 0x00,
  0x00, 0x6c, 0x01, 0x00, 0x00, 0x0c, 0x00, 0x00, 0x00, 0x6d, 0x01, 0x00, 0x00, 0x02, 0x00, 0x00,
  0x00, 0x0f, 0x00, 0x00, 0x00, 0x01, 0x00, 0x00, 0x00, 0x00, 0x01, 0x07, 0x00, 0x00, 0x00, 0x63,
  0x6f, 0x6d, 0x70, 0x69, 0x6c, 0x65, 0x01, 0x05, 0x00, 0x00, 0x00, 0x63, 0x68, 0x61, 0x72, 0x73,
  0x01, 0x09, 0x00, 0x00, 0x00, 0x5f, 0x6d, 0x61, 0x74, 0x63, 0x68, 0x5f, 0x61, 0x74, 0x01, 0x04,
  0x00, 0x00, 0x00, 0x74, 0x72, 0x65, 0x65, 0x01, 0x01, 0x00, 0x00, 0x00, 0x74, 0x01, 0x03, 0x00,
  0x00, 0x00, 0x73, 0x65, 0x71, 0x01, 0x05, 0x00, 0x00, 0x00, 0x69, 0x74, 0x65, 0x6d, 0x73, 0x01,
  0x01, 0x00, 0x00, 0x00, 0x74, 0x01, 0x03, 0x00, 0x00, 0x00, 0x65, 0x6f, 0x6c, 0x01, 0x06, 0x00,
  0x00, 0x00, 0x67, 0x72, 0x6f, 0x75, 0x70, 0x73, 0x01, 0x05, 0x00, 0x00, 0x00, 0x6e, 0x61, 0x6d,
  0x65, 0x73, 0x01, 0x05, 0x00, 0x00, 0x00, 0x69, 0x63, 0x61, 0x73, 0x65, 0x00, 0x00, 0x00, 0x00,
  0x00, 0x00, 0x00, 0x00, 0x00, 0x01, 0x06, 0x00, 0x00, 0x00, 0x5f, 0x62, 0x75, 0x69, 0x6c, 0x64,
  0x04, 0x00, 0x00, 0x00, 0x74, 0x65, 0x73, 0x74, 0x03, 0x02, 0x00, 0x00, 0x00, 0x1d, 0x00, 0x00,
  0x00, 0x07, 0x03, 0x38, 0x00, 0x06, 0x04, 0x00, 0x00, 0x00, 0x08, 0x03, 0x04, 0x09, 0x00, 0x01,
  0x07, 0x01, 0x07, 0x02, 0x07, 0x03, 0x23, 0x03, 0x01, 0x13, 0x1d, 0x27, 0x01, 0x27, 0x01, 0x00,
  0x00, 0x00, 0x6f, 0x01, 0x00, 0x00, 0x1d, 0x00, 0x00, 0x00, 0x02, 0x00, 0x00, 0x00, 0x01, 0x00,
  0x00, 0x00, 0x00, 0x01, 0x04, 0x00, 0x00, 0x00, 0x66, 0x69, 0x6e, 0x64, 0x08, 0x00, 0x00, 0x00,
  0x66, 0x69, 0x6e, 0x64, 0x5f, 0x61, 0x6c, 0x6c, 0x03, 0x02, 0x00, 0x00, 0x00, 0x92, 0x00, 0x00,
  0x00, 0x07, 0x03, 0x38, 0x00, 0x06, 0x04, 0x00, 0x00, 0x00, 0x08, 0x03, 0x04, 0x09, 0x00, 0x01,
  0x07, 0x01, 0x07, 0x03, 0x23, 0x02, 0x07, 0x02, 0x24, 0x00, 0x02, 0x00, 0x28, 0x00, 0x00, 0x00,
  0x00, 0x03, 0x07, 0x07, 0x09, 0x00, 0x04, 0x07, 0x05, 0x23, 0x01, 0x14, 0x1d, 0x21, 0x00, 0x5d,
  0x04, 0x09, 0x00, 0x05, 0x07, 0x04, 0x07, 0x05, 0x07, 0x07, 0x23, 0x03, 0x07, 0x08, 0x01, 0x13,
  0x21, 0x00, 0x08, 0x04, 0x04, 0x20, 0x00, 0x46, 0x20, 0x00, 0x01, 0x04, 0x07, 0x06, 0x09, 0x00,
  0x07, 0x07, 0x04, 0x07, 0x05, 0x07, 0x08, 0x23, 0x03, 0x24, 0x00, 0x06, 0x01, 0x04, 0x07, 0x08,
  0x00, 0x00, 0x08, 0x10, 0x07, 0x08, 0x00, 0x00, 0x09, 0x10, 0x14, 0x21, 0x00, 0x07, 0x04, 0x07,
  0x08, 0x00, 0x00, 0x0a, 0x10, 0x21, 0x00, 0x03, 0x20, 0x00, 0x0b, 0x04, 0x07, 0x08, 0x00, 0x00,
  0x0b, 0x10, 0x00, 0x00, 0x0c, 0x16, 0x08, 0x07, 0x04, 0x04, 0x22, 0x00, 0x6b, 0x04, 0x07, 0x06,
  0x27, 0x01, 0x27, 0x0d, 0x00, 0x00, 0x00, 0x71, 0x01, 0x00, 0x00, 0x0c, 0x00, 0x00, 0x00, 0x72,
  0x01, 0x00, 0x00, 0x09, 0x00, 0x00, 0x00, 0x73, 0x01, 0x00, 0x00, 0x06, 0x00, 0x00, 0x00, 0x74,
  0x01, 0x00, 0x00, 0x03, 0x00, 0x00, 0x00, 0x75, 0x01, 0x00, 0x00, 0x03, 0x00, 0x00, 0x00, 0x76,
  0x01, 0x00, 0x00, 0x0f, 0x00, 0x00, 0x00, 0x77, 0x01, 0x00, 0x00, 0x0b, 0x00, 0x00, 0x00, 0x78,
  0x01, 0x00, 0x00, 0x10, 0x00, 0x00, 0x00, 0x79, 0x01, 0x00, 0x00, 0x12, 0x00, 0x00, 0x00, 0x7a,
  0x01, 0x00, 0x00, 0x2b, 0x00, 0x00, 0x00, 0x7b, 0x01, 0x00, 0x00, 0x05, 0x00, 0x00, 0x00, 0x7c,
  0x01, 0x00, 0x00, 0x03, 0x00, 0x00, 0x00, 0x7d, 0x01, 0x00, 0x00, 0x02, 0x00, 0x00, 0x00, 0x0d,
  0x00, 0x00, 0x00, 0x01, 0x00, 0x00, 0x00, 0x00, 0x01, 0x07, 0x00, 0x00, 0x00, 0x63, 0x6f, 0x6d,
  0x70, 0x69, 0x6c, 0x65, 0x01, 0x05, 0x00, 0x00, 0x00, 0x63, 0x68, 0x61, 0x72, 0x73, 0x00, 0x00,
  0x00, 0x00, 0x00, 0x00, 0x00, 0x00, 0x00, 0x01, 0x03, 0x00, 0x00, 0x00, 0x6c, 0x65, 0x6e, 0x01,
  0x07, 0x00, 0x00, 0x00, 0x5f, 0x73, 0x65, 0x61, 0x72, 0x63, 0x68, 0x01, 0x04, 0x00, 0x00, 0x00,
  0x70, 0x75, 0x73, 0x68, 0x01, 0x06, 0x00, 0x00, 0x00, 0x5f, 0x62, 0x75, 0x69, 0x6c, 0x64, 0x00,
  0x00, 0x00, 0x00, 0x00, 0x00, 0x00, 0xf0, 0x3f, 0x00, 0x00, 0x00, 0x00, 0x00, 0x00, 0x00, 0x00,
  0x00, 0x00, 0x00, 0x00, 0x00, 0x00, 0x00, 0x00, 0xf0, 0x3f, 0x00, 0x00, 0x00, 0x00, 0x00, 0x00,
  0x00, 0xf0, 0x3f, 0x00, 0x00, 0x00, 0x00, 0x00, 0x00, 0x00, 0xf0, 0x3f, 0x07, 0x00, 0x00, 0x00,
  0x5f, 0x65, 0x78, 0x70, 0x61, 0x6e, 0x64, 0x02, 0x02, 0x00, 0x00, 0x00, 0x2a, 0x01, 0x00, 0x00,
  0x09, 0x00, 0x00, 0x07, 0x01, 0x23, 0x01, 0x00, 0x00, 0x01, 0x13, 0x21, 0x00, 0x10, 0x04, 0x09,
  0x00, 0x02, 0x07, 0x01, 0x07, 0x02, 0x23, 0x01, 0x23, 0x01, 0x27, 0x20, 0x00, 0x01, 0x04, 0x00,
  0x00, 0x03, 0x07, 0x01, 0x24, 0x00, 0x04, 0x00, 0x00, 0x00, 0x05, 0x07, 0x05, 0x09, 0x00, 0x06,
  0x07, 0x04, 0x23, 0x01, 0x15, 0x21, 0x00, 0xec, 0x04, 0x07, 0x04, 0x07, 0x05, 0x10, 0x07, 0x06,
  0x00, 0x00, 0x07, 0x13, 0x21, 0x00, 0x0f, 0x04, 0x07, 0x05, 0x00, 0x00, 0x08, 0x16, 0x09, 0x00,
  0x06, 0x07, 0x04, 0x23, 0x01, 0x15, 0x21, 0x00, 0x0f, 0x04, 0x07, 0x04, 0x07, 0x05, 0x00, 0x00,
  0x09, 0x16, 0x10, 0x00, 0x00, 0x0a, 0x15, 0x1d, 0x21, 0x00, 0x0f, 0x04, 0x07, 0x04, 0x07, 0x05,
  0x00, 0x00, 0x0b, 0x16, 0x10, 0x00, 0x00, 0x0c, 0x14, 0x1d, 0x21, 0x00, 0x4e, 0x04, 0x09, 0x00,
  0x0d, 0x07, 0x04, 0x07, 0x05, 0x00, 0x00, 0x0e, 0x16, 0x10, 0x23, 0x01, 0x07, 0x07, 0x00, 0x00,
  0x0f, 0x13, 0x21, 0x00, 0x06, 0x04, 0x07, 0x02, 0x0e, 0x00, 0x10, 0x21, 0x00, 0x03, 0x20, 0x00,
  0x0d, 0x04, 0x07, 0x02, 0x0e, 0x00, 0x11, 0x07, 0x07, 0x00, 0x00, 0x12, 0x17, 0x10, 0x07, 0x03,
  0x07, 0x08, 0x38, 0x00, 0x04, 0x04, 0x00, 0x00, 0x13, 0x16, 0x08, 0x03, 0x04, 0x07, 0x05, 0x00,
  0x00, 0x14, 0x16, 0x08, 0x05, 0x04, 0x04, 0x04, 0x20, 0x00, 0x55, 0x04, 0x07, 0x06, 0x00, 0x00,
  0x15, 0x13, 0x21, 0x00, 0x0f, 0x04, 0x07, 0x05, 0x00, 0x00, 0x16, 0x16, 0x09, 0x00, 0x06, 0x07,
  0x04, 0x23, 0x01, 0x15, 0x21, 0x00, 0x0e, 0x04, 0x07, 0x04, 0x07, 0x05, 0x00, 0x00, 0x17, 0x16,
  0x10, 0x00, 0x00, 0x18, 0x13, 0x21, 0x00, 0x16, 0x04, 0x07, 0x03, 0x00, 0x00, 0x19, 0x16, 0x08,
  0x03, 0x04, 0x07, 0x05, 0x00, 0x00, 0x1a, 0x16, 0x08, 0x05, 0x04, 0x20, 0x00, 0x12, 0x04, 0x07,
  0x03, 0x07, 0x06, 0x16, 0x08, 0x03, 0x04, 0x07, 0x05, 0x00, 0x00, 0x1b, 0x16, 0x08, 0x05, 0x04,
  0x04, 0x22, 0x00, 0xf9, 0x04, 0x07, 0x03, 0x27, 0x01, 0x27, 0x14, 0x00, 0x00, 0x00, 0x80, 0x01,
  0x00, 0x00, 0x1f, 0x00, 0x00, 0x00, 0x81, 0x01, 0x00, 0x00, 0x03, 0x00, 0x00, 0x00, 0x82, 0x01,
  0x00, 0x00, 0x06, 0x00, 0x00, 0x00, 0x83, 0x01, 0x00, 0x00, 0x03, 0x00, 0x00, 0x00, 0x84, 0x01,
  0x00, 0x00, 0x0e, 0x00, 0x00, 0x00, 0x85, 0x01, 0x00, 0x00, 0x05, 0x00, 0x00, 0x00, 0x86, 0x01,
  0x00, 0x00, 0x40, 0x00, 0x00, 0x00, 0x87, 0x01, 0x00, 0x00, 0x0e, 0x00, 0x00, 0x00, 0x88, 0x01,
  0x00, 0x00, 0x22, 0x00, 0x00, 0x00, 0x89, 0x01, 0x00, 0x00, 0x0f, 0x00, 0x00, 0x00, 0x8a, 0x01,
  0x00, 0x00, 0x09, 0x00, 0x00, 0x00, 0x8b, 0x01, 0x00, 0x00, 0x33, 0x00, 0x00, 0x00, 0x8c, 0x01,
  0x00, 0x00, 0x09, 0x00, 0x00, 0x00, 0x8d, 0x01, 0x00, 0x00, 0x09, 0x00, 0x00, 0x00, 0x8e, 0x01,
  0x00, 0x00, 0x04, 0x00, 0x00, 0x00, 0x8f, 0x01, 0x00, 0x00, 0x08, 0x00, 0x00, 0x00, 0x90, 0x01,
  0x00, 0x00, 0x09, 0x00, 0x00, 0x00, 0x92, 0x01, 0x00, 0x00, 0x05, 0x00, 0x00, 0x00, 0x93, 0x01,
  0x00, 0x00, 0x03, 0x00, 0x00, 0x00, 0x94, 0x01, 0x00, 0x00, 0x02, 0x00, 0x00, 0x00, 0x1c, 0x00,
  0x00, 0x00, 0x01, 0x04, 0x00, 0x00, 0x00, 0x74, 0x79, 0x70, 0x65, 0x01, 0x08, 0x00, 0x00, 0x00,
  0x66, 0x75, 0x6e, 0x63, 0x74, 0x69, 0x6f, 0x6e, 0x01, 0x03, 0x00, 0x00, 0x00, 0x73, 0x74, 0x72,
  0x01, 0x00, 0x00, 0x00, 0x00, 0x01, 0x05, 0x00, 0x00, 0x00, 0x63, 0x68, 0x61, 0x72, 0x73, 0x00,
  0x00, 0x00, 0x00, 0x00, 0x00, 0x00, 0x00, 0x00, 0x01, 0x03, 0x00, 0x00, 0x00, 0x6c, 0x65, 0x6e,
  0x01, 0x01, 0x00, 0x00, 0x00, 0x24, 0x00, 0x00, 0x00, 0x00, 0x00, 0x00, 0x00, 0xf0, 0x3f, 0x00,
  0x00, 0x00, 0x00, 0x00, 0x00, 0x00, 0xf0, 0x3f, 0x01, 0x01, 0x00, 0x00, 0x00, 0x30, 0x00, 0x00,
  0x00, 0x00, 0x00, 0x00, 0x00, 0xf0, 0x3f, 0x01, 0x01, 0x00, 0x00, 0x00, 0x39, 0x01, 0x03, 0x00,
  0x00, 0x00, 0x69, 0x6e, 0x74, 0x00, 0x00, 0x00, 0x00, 0x00, 0x00, 0x00, 0xf0, 0x3f, 0x00, 0x00,
  0x00, 0x00, 0x00, 0x00, 0x00, 0x00, 0x00, 0x01, 0x04, 0x00, 0x00, 0x00, 0x74, 0x65, 0x78, 0x74,
  0x01, 0x06, 0x00, 0x00, 0x00, 0x67, 0x72, 0x6f, 0x75, 0x70, 0x73, 0x00, 0x00, 0x00, 0x00, 0x00,
  0x00, 0x00, 0xf0, 0x3f, 0x01, 0x00, 0x00, 0x00, 0x00, 0x00, 0x00, 0x00, 0x00, 0x00, 0x00, 0x00,
  0x00, 0x40, 0x01, 0x01, 0x00, 0x00, 0x00, 0x24, 0x00, 0x00, 0x00, 0x00, 0x00, 0x00, 0x00, 0xf0,
  0x3f, 0x00, 0x00, 0x00, 0x00, 0x00, 0x00, 0x00, 0xf0, 0x3f, 0x01, 0x01, 0x00, 0x00, 0x00, 0x24,
  0x01, 0x01, 0x00, 0x00, 0x00, 0x24, 0x00, 0x00, 0x00, 0x00, 0x00, 0x00, 0x00, 0x00, 0x40, 0x00,
  0x00, 0x00, 0x00, 0x00, 0x00, 0x00, 0xf0, 0x3f, 0x07, 0x00, 0x00, 0x00, 0x72, 0x65, 0x70, 0x6c,
  0x61, 0x63, 0x65, 0x04, 0x03, 0x00, 0x00, 0x00, 0x08, 0x01, 0x00, 0x00, 0x07, 0x04, 0x38, 0x00,
  0x06, 0x04, 0x00, 0x00, 0x00, 0x08, 0x04, 0x04, 0x09, 0x00, 0x01, 0x07, 0x01, 0x07, 0x04, 0x23,
  0x02, 0x07, 0x02, 0x24, 0x00, 0x02, 0x00, 0x00, 0x00, 0x03, 0x00, 0x00, 0x04, 0x00, 0x00, 0x05,
  0x07, 0x08, 0x09, 0x00, 0x06, 0x07, 0x06, 0x23, 0x01, 0x14, 0x1d, 0x21, 0x00, 0xbf, 0x04, 0x09,
  0x00, 0x07, 0x07, 0x05, 0x07, 0x06, 0x07, 0x08, 0x23, 0x03, 0x07, 0x0a, 0x01, 0x13, 0x21, 0x00,
  0x08, 0x04, 0x04, 0x20, 0x00, 0xa8, 0x20, 0x00, 0x01, 0x04, 0x07, 0x07, 0x09, 0x00, 0x08, 0x07,
  0x06, 0x07, 0x09, 0x07, 0x0a, 0x00, 0x00, 0x09, 0x10, 0x23, 0x03, 0x09, 0x00, 0x0a, 0x07, 0x03,
  0x09, 0x00, 0x0b, 0x07, 0x05, 0x07, 0x06, 0x07, 0x0a, 0x23, 0x03, 0x23, 0x02, 0x16, 0x16, 0x08,
  0x07, 0x04, 0x07, 0x0a, 0x00, 0x00, 0x0c, 0x10, 0x08, 0x09, 0x04, 0x07, 0x0a, 0x00, 0x00, 0x0d,
  0x10, 0x07, 0x0a, 0x00, 0x00, 0x0e, 0x10, 0x14, 0x21, 0x00, 0x07, 0x04, 0x07, 0x0a, 0x00, 0x00,
  0x0f, 0x10, 0x21, 0x00, 0x03, 0x20, 0x00, 0x0b, 0x04, 0x07, 0x0a, 0x00, 0x00, 0x10, 0x10, 0x00,
  0x00, 0x11, 0x16, 0x08, 0x08, 0x04, 0x07, 0x0a, 0x00, 0x00, 0x12, 0x10, 0x07, 0x0a, 0x00, 0x00,
  0x13, 0x10, 0x13, 0x21, 0x00, 0x0f, 0x04, 0x07, 0x0a, 0x00, 0x00, 0x14, 0x10, 0x09, 0x00, 0x06,
  0x07, 0x06, 0x23, 0x01, 0x15, 0x21, 0x00, 0x20, 0x04, 0x07, 0x07, 0x07, 0x06, 0x07, 0x0a, 0x00,
  0x00, 0x15, 0x10, 0x10, 0x16, 0x08, 0x07, 0x04, 0x07, 0x0a, 0x00, 0x00, 0x16, 0x10, 0x00, 0x00,
  0x17, 0x16, 0x08, 0x09, 0x04, 0x20, 0x00, 0x01, 0x04, 0x04, 0x22, 0x00, 0xcd, 0x04, 0x07, 0x07,
  0x09, 0x00, 0x08, 0x07, 0x06, 0x07, 0x09, 0x09, 0x00, 0x06, 0x07, 0x06, 0x23, 0x01, 0x23, 0x03,
  0x16, 0x27, 0x01, 0x27, 0x13, 0x00, 0x00, 0x00, 0x97, 0x01, 0x00, 0x00, 0x0c, 0x00, 0x00, 0x00,
  0x98, 0x01, 0x00, 0x00, 0x09, 0x00, 0x00, 0x00, 0x99, 0x01, 0x00, 0x00, 0x06, 0x00, 0x00, 0x00,
  0x9a, 0x01, 0x00, 0x00, 0x03, 0x00, 0x00, 0x00, 0x9b, 0x01, 0x00, 0x00, 0x03, 0x00, 0x00, 0x00,
  0x9c, 0x01, 0x00, 0x00, 0x03, 0x00, 0x00, 0x00, 0x9d, 0x01, 0x00, 0x00, 0x0f, 0x00, 0x00, 0x00,
  0x9e, 0x01, 0x00, 0x00, 0x0b, 0x00, 0x00, 0x00, 0x9f, 0x01, 0x00, 0x00, 0x10, 0x00, 0x00, 0x00,
  0xa0, 0x01, 0x00, 0x00, 0x28, 0x00, 0x00, 0x00, 0xa1, 0x01, 0x00, 0x00, 0x09, 0x00, 0x00, 0x00,
  0xa2, 0x01, 0x00, 0x00, 0x2b, 0x00, 0x00, 0x00, 0xa3, 0x01, 0x00, 0x00, 0x23, 0x00, 0x00, 0x00,
  0xa4, 0x01, 0x00, 0x00, 0x0f, 0x00, 0x00, 0x00, 0xa5, 0x01, 0x00, 0x00, 0x0d, 0x00, 0x00, 0x00,
  0xa6, 0x01, 0x00, 0x00, 0x04, 0x00, 0x00, 0x00, 0xa7, 0x01, 0x00, 0x00, 0x05, 0x00, 0x00, 0x00,
  0xa8, 0x01, 0x00, 0x00, 0x14, 0x00, 0x00, 0x00, 0xa9, 0x01, 0x00, 0x00, 0x02, 0x00, 0x00, 0x00,
  0x18, 0x00, 0x00, 0x00, 0x01, 0x00, 0x00, 0x00, 0x00, 0x01, 0x07, 0x00, 0x00, 0x00, 0x63, 0x6f,
  0x6d, 0x70, 0x69, 0x6c, 0x65, 0x01, 0x05, 0x00, 0x00, 0x00, 0x63, 0x68, 0x61, 0x72, 0x73, 0x01,
  0x00, 0x00, 0x00, 0x00, 0x00, 0x00, 0x00, 0x00, 0x00, 0x00, 0x00, 0x00, 0x00, 0x00, 0x00, 0x00,
  0x00, 0x00, 0x00, 0x00, 0x00, 0x00, 0x01, 0x03, 0x00, 0x00, 0x00, 0x6c, 0x65, 0x6e, 0x01, 0x07,
  0x00, 0x00, 0x00, 0x5f, 0x73, 0x65, 0x61, 0x72, 0x63, 0x68, 0x01, 0x06, 0x00, 0x00, 0x00, 0x5f,
  0x73, 0x6c, 0x69, 0x63, 0x65, 0x00, 0x00, 0x00, 0x00, 0x00, 0x00, 0x00, 0x00, 0x00, 0x01, 0x07,
  0x00, 0x00, 0x00, 0x5f, 0x65, 0x78, 0x70, 0x61, 0x6e, 0x64, 0x01, 0x06, 0x00, 0x00, 0x00, 0x5f,
  0x62, 0x75, 0x69, 0x6c, 0x64, 0x00, 0x00, 0x00, 0x00, 0x00, 0x00, 0x00, 0xf0, 0x3f, 0x00, 0x00,
  0x00, 0x00, 0x00, 0x00, 0x00, 0xf0, 0x3f, 0x00, 0x00, 0x00, 0x00, 0x00, 0x00, 0x00, 0x00, 0x00,
  0x00, 0x00, 0x00, 0x00, 0x00, 0x00, 0x00, 0xf0, 0x3f, 0x00, 0x00, 0x00, 0x00, 0x00, 0x00, 0x00,
  0xf0, 0x3f, 0x00, 0x00, 0x00, 0x00, 0x00, 0x00, 0x00, 0xf0, 0x3f, 0x00, 0x00, 0x00, 0x00, 0x00,
  0x00, 0x00, 0xf0, 0x3f, 0x00, 0x00, 0x00, 0x00, 0x00, 0x00, 0x00, 0x00, 0x00, 0x00, 0x00, 0x00,
  0x00, 0x00, 0x00, 0x00, 0x00, 0x00, 0x00, 0x00, 0x00, 0x00, 0x00, 0x00, 0x00, 0x00, 0x00, 0x00,
  0x00, 0x00, 0x00, 0x00, 0x00, 0x00, 0x00, 0x00, 0x00, 0x00, 0x00, 0x00, 0x00, 0x00, 0x00, 0xf0,
  0x3f, 0x0d, 0x00, 0x00, 0x00, 0x72, 0x65, 0x70, 0x6c, 0x61, 0x63, 0x65, 0x5f, 0x66, 0x69, 0x72,
  0x73, 0x74, 0x04, 0x03, 0x00, 0x00, 0x00, 0x71, 0x00, 0x00, 0x00, 0x07, 0x04, 0x38, 0x00, 0x06,
  0x04, 0x00, 0x00, 0x00, 0x08, 0x04, 0x04, 0x09, 0x00, 0x01, 0x07, 0x01, 0x07, 0x04, 0x23, 0x02,
  0x07, 0x02, 0x24, 0x00, 0x02, 0x00, 0x09, 0x00, 0x03, 0x07, 0x05, 0x07, 0x06, 0x00, 0x00, 0x04,
  0x23, 0x03, 0x07, 0x07, 0x01, 0x13, 0x21, 0x00, 0x07, 0x04, 0x07, 0x02, 0x27, 0x20, 0x00, 0x01,
  0x04, 0x09, 0x00, 0x05, 0x07, 0x06, 0x00, 0x00, 0x06, 0x07, 0x07, 0x00, 0x00, 0x07, 0x10, 0x23,
  0x03, 0x09, 0x00, 0x08, 0x07, 0x03, 0x09, 0x00, 0x09, 0x07, 0x05, 0x07, 0x06, 0x07, 0x07, 0x23,
  0x03, 0x23, 0x02, 0x16, 0x09, 0x00, 0x05, 0x07, 0x06, 0x07, 0x07, 0x00, 0x00, 0x0a, 0x10, 0x09,
  0x00, 0x0b, 0x07, 0x06, 0x23, 0x01, 0x23, 0x03, 0x16, 0x27, 0x01, 0x27, 0x07, 0x00, 0x00, 0x00,
  0xab, 0x01, 0x00, 0x00, 0x0c, 0x00, 0x00, 0x00, 0xac, 0x01, 0x00, 0x00, 0x09, 0x00, 0x00, 0x00,
  0xad, 0x01, 0x00, 0x00, 0x06, 0x00, 0x00, 0x00, 0xae, 0x01, 0x00, 0x00, 0x0c, 0x00, 0x00, 0x00,
  0xaf, 0x01, 0x00, 0x00, 0x0f, 0x00, 0x00, 0x00, 0xb0, 0x01, 0x00, 0x00, 0x39, 0x00, 0x00, 0x00,
  0xb1, 0x01, 0x00, 0x00, 0x02, 0x00, 0x00, 0x00, 0x0c, 0x00, 0x00, 0x00, 0x01, 0x00, 0x00, 0x00,
  0x00, 0x01, 0x07, 0x00, 0x00, 0x00, 0x63, 0x6f, 0x6d, 0x70, 0x69, 0x6c, 0x65, 0x01, 0x05, 0x00,
  0x00, 0x00, 0x63, 0x68, 0x61, 0x72, 0x73, 0x01, 0x07, 0x00, 0x00, 0x00, 0x5f, 0x73, 0x65, 0x61,
  0x72, 0x63, 0x68, 0x00, 0x00, 0x00, 0x00, 0x00, 0x00, 0x00, 0x00, 0x00, 0x01, 0x06, 0x00, 0x00,
  0x00, 0x5f, 0x73, 0x6c, 0x69, 0x63, 0x65, 0x00, 0x00, 0x00, 0x00, 0x00, 0x00, 0x00, 0x00, 0x00,
  0x00, 0x00, 0x00, 0x00, 0x00, 0x00, 0x00, 0x00, 0x00, 0x01, 0x07, 0x00, 0x00, 0x00, 0x5f, 0x65,
  0x78, 0x70, 0x61, 0x6e, 0x64, 0x01, 0x06, 0x00, 0x00, 0x00, 0x5f, 0x62, 0x75, 0x69, 0x6c, 0x64,
  0x00, 0x00, 0x00, 0x00, 0x00, 0x00, 0x00, 0xf0, 0x3f, 0x01, 0x03, 0x00, 0x00, 0x00, 0x6c, 0x65,
  0x6e, 0x05, 0x00, 0x00, 0x00, 0x73, 0x70, 0x6c, 0x69, 0x74, 0x03, 0x02, 0x00, 0x00, 0x00, 0xe5,
  0x00, 0x00, 0x00, 0x07, 0x03, 0x38, 0x00, 0x06, 0x04, 0x00, 0x00, 0x00, 0x08, 0x03, 0x04, 0x09,
  0x00, 0x01, 0x07, 0x01, 0x07, 0x03, 0x23, 0x02, 0x07, 0x02, 0x24, 0x00, 0x02, 0x00, 0x28, 0x00,
  0x00, 0x00, 0x00, 0x03, 0x00, 0x00, 0x04, 0x07, 0x08, 0x09, 0x00, 0x05, 0x07, 0x05, 0x23, 0x01,
  0x14, 0x1d, 0x21, 0x00, 0x96, 0x04, 0x09, 0x00, 0x06, 0x07, 0x04, 0x07, 0x05, 0x07, 0x08, 0x23,
  0x03, 0x07, 0x09, 0x01, 0x13, 0x21, 0x00, 0x08, 0x04, 0x04, 0x20, 0x00, 0x7f, 0x20, 0x00, 0x01,
  0x04, 0x07, 0x09, 0x00, 0x00, 0x07, 0x10, 0x07, 0x09, 0x00, 0x00, 0x08, 0x10, 0x13, 0x21, 0x00,
  0x3d, 0x04, 0x07, 0x09, 0x00, 0x00, 0x09, 0x10, 0x00, 0x00, 0x0a, 0x16, 0x08, 0x08, 0x04, 0x07,
  0x09, 0x00, 0x00, 0x0b, 0x10, 0x00, 0x00, 0x0c, 0x13, 0x21, 0x00, 0x03, 0x20, 0x00, 0x10, 0x04,
  0x07, 0x09, 0x00, 0x00, 0x0d, 0x10, 0x09, 0x00, 0x05, 0x07, 0x05, 0x23, 0x01, 0x15, 0x1d, 0x21,
  0x00, 0x08, 0x04, 0x04, 0x22, 0x00, 0x70, 0x20, 0x00, 0x01, 0x04, 0x20, 0x00, 0x0a, 0x04, 0x07,
  0x09, 0x00, 0x00, 0x0e, 0x10, 0x08, 0x08, 0x04, 0x07, 0x06, 0x09, 0x00, 0x10, 0x07, 0x05, 0x07,
  0x07, 0x07, 0x09, 0x00, 0x00, 0x11, 0x10, 0x23, 0x03, 0x24, 0x00, 0x0f, 0x01, 0x04, 0x07, 0x09,
  0x00, 0x00, 0x12, 0x10, 0x08, 0x07, 0x04, 0x04, 0x22, 0x00, 0xa4, 0x04, 0x07, 0x06, 0x09, 0x00,
  0x10, 0x07, 0x05, 0x07, 0x07, 0x09, 0x00, 0x05, 0x07, 0x05, 0x23, 0x01, 0x23, 0x03, 0x24, 0x00,
  0x0f, 0x01, 0x04, 0x07, 0x06, 0x27, 0x01, 0x27, 0x14, 0x00, 0x00, 0x00, 0xb3, 0x01, 0x00, 0x00,
  0x0c, 0x00, 0x00, 0x00, 0xb4, 0x01, 0x00, 0x00, 0x09, 0x00, 0x00, 0x00, 0xb5, 0x01, 0x00, 0x00,
  0x06, 0x00, 0x00, 0x00, 0xb6, 0x01, 0x00, 0x00, 0x03, 0x00, 0x00, 0x00, 0xb7, 0x01, 0x00, 0x00,
  0x03, 0x00, 0x00, 0x00, 0xb8, 0x01, 0x00, 0x00, 0x03, 0x00, 0x00, 0x00, 0xb9, 0x01, 0x00, 0x00,
  0x0f, 0x00, 0x00, 0x00, 0xba, 0x01, 0x00, 0x00, 0x0b, 0x00, 0x00, 0x00, 0xbb, 0x01, 0x00, 0x00,
  0x10, 0x00, 0x00, 0x00, 0xbc, 0x01, 0x00, 0x00, 0x11, 0x00, 0x00, 0x00, 0xbd, 0x01, 0x00, 0x00,
  0x0d, 0x00, 0x00, 0x00, 0xbe, 0x01, 0x00, 0x00, 0x2c, 0x00, 0x00, 0x00, 0xbf, 0x01, 0x00, 0x00,
  0x04, 0x00, 0x00, 0x00, 0xc0, 0x01, 0x00, 0x00, 0x09, 0x00, 0x00, 0x00, 0xc2, 0x01, 0x00, 0x00,
  0x16, 0x00, 0x00, 0x00, 0xc3, 0x01, 0x00, 0x00, 0x09, 0x00, 0x00, 0x00, 0xc4, 0x01, 0x00, 0x00,
  0x05, 0x00, 0x00, 0x00, 0xc5, 0x01, 0x00, 0x00, 0x17, 0x00, 0x00, 0x00, 0xc6, 0x01, 0x00, 0x00,
  0x03, 0x00, 0x00, 0x00, 0xc7, 0x01, 0x00, 0x00, 0x02, 0x00, 0x00, 0x00, 0x13, 0x00, 0x00, 0x00,
  0x01, 0x00, 0x00, 0x00, 0x00, 0x01, 0x07, 0x00, 0x00, 0x00, 0x63, 0x6f, 0x6d, 0x70, 0x69, 0x6c,
  0x65, 0x01, 0x05, 0x00, 0x00, 0x00, 0x63, 0x68, 0x61, 0x72, 0x73, 0x00, 0x00, 0x00, 0x00, 0x00,
  0x00, 0x00, 0x00, 0x00, 0x00, 0x00, 0x00, 0x00, 0x00, 0x00, 0x00, 0x00, 0x00, 0x01, 0x03, 0x00,
  0x00, 0x00, 0x6c, 0x65, 0x6e, 0x01, 0x07, 0x00, 0x00, 0x00, 0x5f, 0x73, 0x65, 0x61, 0x72, 0x63,
  0x68, 0x00, 0x00, 0x00, 0x00, 0x00, 0x00, 0x00, 0xf0, 0x3f, 0x00, 0x00, 0x00, 0x00, 0x00, 0x00,
  0x00, 0x00, 0x00, 0x00, 0x00, 0x00, 0x00, 0x00, 0x00, 0x00, 0xf0, 0x3f, 0x00, 0x00, 0x00, 0x00,
  0x00, 0x00, 0x00, 0xf0, 0x3f, 0x00, 0x00, 0x00, 0x00, 0x00, 0x00, 0x00, 0x00, 0x00, 0x00, 0x00,
  0x00, 0x00, 0x00, 0x00, 0x00, 0x00, 0x00, 0x00, 0x00, 0x00, 0x00, 0x00, 0x00, 0x00, 0x00, 0x00,
  0x00, 0x00, 0x00, 0x00, 0x00, 0x00, 0x00, 0xf0, 0x3f, 0x01, 0x04, 0x00, 0x00, 0x00, 0x70, 0x75,
  0x73, 0x68, 0x01, 0x06, 0x00, 0x00, 0x00, 0x5f, 0x73, 0x6c, 0x69, 0x63, 0x65, 0x00, 0x00, 0x00,
  0x00, 0x00, 0x00, 0x00, 0x00, 0x00, 0x00, 0x00, 0x00, 0x00, 0x00, 0x00, 0x00, 0xf0, 0x3f, 0x06,
  0x00, 0x00, 0x00, 0x65, 0x73, 0x63, 0x61, 0x70, 0x65, 0x01, 0x01, 0x00, 0x00, 0x00, 0x3d, 0x00,
  0x00, 0x00, 0x00, 0x00, 0x00, 0x07, 0x01, 0x24, 0x00, 0x01, 0x00, 0x00, 0x00, 0x02, 0x2a, 0x03,
  0x00, 0x26, 0x00, 0x00, 0x03, 0x07, 0x05, 0x24, 0x00, 0x04, 0x01, 0x21, 0x00, 0x0d, 0x04, 0x07,
  0x02, 0x00, 0x00, 0x05, 0x16, 0x08, 0x02, 0x04, 0x20, 0x00, 0x01, 0x04, 0x07, 0x02, 0x07, 0x05,
  0x16, 0x08, 0x02, 0x04, 0x04, 0x22, 0x00, 0x2a, 0x04, 0x04, 0x07, 0x02, 0x27, 0x01, 0x27, 0x07,
  0x00, 0x00, 0x00, 0xcb, 0x01, 0x00, 0x00, 0x03, 0x00, 0x00, 0x00, 0xcc, 0x01, 0x00, 0x00, 0x0d,
  0x00, 0x00, 0x00, 0xcd, 0x01, 0x00, 0x00, 0x1a, 0x00, 0x00, 0x00, 0xce, 0x01, 0x00, 0x00, 0x08,
  0x00, 0x00, 0x00, 0xcf, 0x01, 0x00, 0x00, 0x06, 0x00, 0x00, 0x00, 0xd0, 0x01, 0x00, 0x00, 0x03,
  0x00, 0x00, 0x00, 0xd1, 0x01, 0x00, 0x00, 0x02, 0x00, 0x00, 0x00, 0x06, 0x00, 0x00, 0x00, 0x01,
  0x00, 0x00, 0x00, 0x00, 0x01, 0x05, 0x00, 0x00, 0x00, 0x63, 0x68, 0x61, 0x72, 0x73, 0x00, 0x00,
  0x00, 0x00, 0x00, 0x00, 0x00, 0x00, 0x00, 0x01, 0x0e, 0x00, 0x00, 0x00, 0x5c, 0x2e, 0x5e, 0x24,
  0x7c, 0x3f, 0x2a, 0x2b, 0x28, 0x29, 0x5b, 0x5d, 0x7b, 0x7d, 0x01, 0x08, 0x00, 0x00, 0x00, 0x63,
  0x6f, 0x6e, 0x74, 0x61, 0x69, 0x6e, 0x73, 0x01, 0x01, 0x00, 0x00, 0x00, 0x5c, 0xff, 0xff, 0xff,
  0xff, 0x00, 0x00, 0x00, 0x00, 0x01, 0xd7, 0x00, 0x00, 0x00, 0x00, 0x00, 0x01, 0x00, 0x00, 0x02,
  0x28, 0x00, 0x02, 0x28, 0x00, 0x01, 0x0a, 0x00, 0x00, 0x00, 0x00, 0x04, 0x00, 0x00, 0x05, 0x28,
  0x00, 0x02, 0x00, 0x00, 0x06, 0x00, 0x00, 0x07, 0x28, 0x00, 0x02, 0x00, 0x00, 0x08, 0x00, 0x00,
  0x09, 0x28, 0x00, 0x02, 0x00, 0x00, 0x0a, 0x00, 0x00, 0x0b, 0x28, 0x00, 0x02, 0x28, 0x00, 0x04,
  0x0a, 0x00, 0x03, 0x00, 0x00, 0x0d, 0x00, 0x00, 0x0e, 0x28, 0x00, 0x02, 0x00, 0x00, 0x0f, 0x00,
  0x00, 0x10, 0x28, 0x00, 0x02, 0x00, 0x00, 0x11, 0x00, 0x00, 0x12, 0x28, 0x00, 0x02, 0x00, 0x00,
  0x13, 0x00, 0x00, 0x14, 0x28, 0x00, 0x02, 0x28, 0x00, 0x04, 0x0a, 0x00, 0x0c, 0x00, 0x00, 0x16,
  0x0a, 0x00, 0x15, 0x25, 0x00, 0x18, 0x0a, 0x00, 0x17, 0x25, 0x00, 0x1a, 0x0a, 0x00, 0x19, 0x25,
  0x00, 0x1c, 0x0a, 0x00, 0x1b, 0x25, 0x00, 0x1e, 0x0a, 0x00, 0x1d, 0x25, 0x00, 0x20, 0x0a, 0x00,
  0x1f, 0x25, 0x00, 0x22, 0x0a, 0x00, 0x21, 0x25, 0x00, 0x24, 0x0a, 0x00, 0x23, 0x25, 0x00, 0x26,
  0x0a, 0x00, 0x25, 0x25, 0x00, 0x28, 0x0a, 0x00, 0x27, 0x25, 0x00, 0x2a, 0x0a, 0x00, 0x29, 0x25,
  0x00, 0x2c, 0x0a, 0x00, 0x2b, 0x25, 0x00, 0x2e, 0x0a, 0x00, 0x2d, 0x25, 0x00, 0x30, 0x0a, 0x00,
  0x2f, 0x25, 0x00, 0x32, 0x0a, 0x00, 0x31, 0x25, 0x00, 0x34, 0x0a, 0x00, 0x33, 0x25, 0x00, 0x36,
  0x0a, 0x00, 0x35, 0x25, 0x00, 0x38, 0x0a, 0x00, 0x37, 0x25, 0x00, 0x3a, 0x0a, 0x00, 0x39, 0x01,
  0x27, 0x16, 0x00, 0x00, 0x00, 0x10, 0x00, 0x00, 0x00, 0x0f, 0x00, 0x00, 0x00, 0x11, 0x00, 0x00,
  0x00, 0x2a, 0x00, 0x00, 0x00, 0x12, 0x00, 0x00, 0x00, 0x2a, 0x00, 0x00, 0x00, 0x13, 0x00, 0x00,
  0x00, 0x06, 0x00, 0x00, 0x00, 0x15, 0x00, 0x00, 0x00, 0x06, 0x00, 0x00, 0x00, 0xc8, 0x00, 0x00,
  0x00, 0x06, 0x00, 0x00, 0x00, 0xd1, 0x00, 0x00, 0x00, 0x06, 0x00, 0x00, 0x00, 0xd3, 0x00, 0x00,
  0x00, 0x06, 0x00, 0x00, 0x00, 0x3a, 0x01, 0x00, 0x00, 0x06, 0x00, 0x00, 0x00, 0x43, 0x01, 0x00,
  0x00, 0x06, 0x00, 0x00, 0x00, 0x49, 0x01, 0x00, 0x00, 0x06, 0x00, 0x00, 0x00, 0x53, 0x01, 0x00,
  0x00, 0x06, 0x00, 0x00, 0x00, 0x5b, 0x01, 0x00, 0x00, 0x06, 0x00, 0x00, 0x00, 0x64, 0x01, 0x00,
  0x00, 0x06, 0x00, 0x00, 0x00, 0x6d, 0x01, 0x00, 0x00, 0x06, 0x00, 0x00, 0x00, 0x6f, 0x01, 0x00,
  0x00, 0x06, 0x00, 0x00, 0x00, 0x7d, 0x01, 0x00, 0x00, 0x06, 0x00, 0x00, 0x00, 0x94, 0x01, 0x00,
  0x00, 0x06, 0x00, 0x00, 0x00, 0xa9, 0x01, 0x00, 0x00, 0x06, 0x00, 0x00, 0x00, 0xb1, 0x01, 0x00,
  0x00, 0x06, 0x00, 0x00, 0x00, 0xc7, 0x01, 0x00, 0x00, 0x06, 0x00, 0x00, 0x00, 0xd1, 0x01, 0x00,
  0x00, 0x08, 0x00, 0x00, 0x00, 0x3b, 0x00, 0x00, 0x00, 0x01, 0x06, 0x00, 0x00, 0x00, 0x5f, 0x44,
  0x49, 0x47, 0x49, 0x54, 0x01, 0x01, 0x00, 0x00, 0x00, 0x30, 0x01, 0x01, 0x00, 0x00, 0x00, 0x39,
  0x01, 0x05, 0x00, 0x00, 0x00, 0x5f, 0x57, 0x4f, 0x52, 0x44, 0x01, 0x01, 0x00, 0x00, 0x00, 0x61,
  0x01, 0x01, 0x00, 0x00, 0x00, 0x7a, 0x01, 0x01, 0x00, 0x00, 0x00, 0x41, 0x01, 0x01, 0x00, 0x00,
  0x00, 0x5a, 0x01, 0x01, 0x00, 0x00, 0x00, 0x30, 0x01, 0x01, 0x00, 0x00, 0x00, 0x39, 0x01, 0x01,
  0x00, 0x00, 0x00, 0x5f, 0x01, 0x01, 0x00, 0x00, 0x00, 0x5f, 0x01, 0x06, 0x00, 0x00, 0x00, 0x5f,
  0x53, 0x50, 0x41, 0x43, 0x45, 0x01, 0x01, 0x00, 0x00, 0x00, 0x20, 0x01, 0x01, 0x00, 0x00, 0x00,
  0x20, 0x01, 0x01, 0x00, 0x00, 0x00, 0x09, 0x01, 0x01, 0x00, 0x00, 0x00, 0x09, 0x01, 0x01, 0x00,
  0x00, 0x00, 0x0a, 0x01, 0x01, 0x00, 0x00, 0x00, 0x0a, 0x01, 0x01, 0x00, 0x00, 0x00, 0x0d, 0x01,
  0x01, 0x00, 0x00, 0x00, 0x0d, 0x01, 0x04, 0x00, 0x00, 0x00, 0x5f, 0x49, 0x4e, 0x46, 0x00, 0x00,
  0x00, 0x00, 0x00, 0x65, 0xcd, 0xcd, 0x41, 0x01, 0x05, 0x00, 0x00, 0x00, 0x5f, 0x66, 0x61, 0x69,
  0x6c, 0x02, 0x00, 0x00, 0x00, 0x00, 0x01, 0x06, 0x00, 0x00, 0x00, 0x5f, 0x70, 0x61, 0x72, 0x73,
  0x65, 0x02, 0x0b, 0x00, 0x00, 0x00, 0x01, 0x07, 0x00, 0x00, 0x00, 0x5f, 0x69, 0x6e, 0x5f, 0x73,
  0x65, 0x74, 0x02, 0x0c, 0x00, 0x00, 0x00, 0x01, 0x08, 0x00, 0x00, 0x00, 0x5f, 0x69, 0x73, 0x5f,
  0x77, 0x6f, 0x72, 0x64, 0x02, 0x0d, 0x00, 0x00, 0x00, 0x01, 0x09, 0x00, 0x00, 0x00, 0x5f, 0x6d,
  0x61, 0x74, 0x63, 0x68, 0x5f, 0x61, 0x74, 0x02, 0x19, 0x00, 0x00, 0x00, 0x01, 0x07, 0x00, 0x00,
  0x00, 0x63, 0x6f, 0x6d, 0x70, 0x69, 0x6c, 0x65, 0x02, 0x1a, 0x00, 0x00, 0x00, 0x01, 0x06, 0x00,
  0x00, 0x00, 0x5f, 0x73, 0x6c, 0x69, 0x63, 0x65, 0x02, 0x1b, 0x00, 0x00, 0x00, 0x01, 0x06, 0x00,
  0x00, 0x00, 0x5f, 0x62, 0x75, 0x69, 0x6c, 0x64, 0x02, 0x1c, 0x00, 0x00, 0x00, 0x01, 0x07, 0x00,
  0x00, 0x00, 0x5f, 0x73, 0x65, 0x61, 0x72, 0x63, 0x68, 0x02, 0x1d, 0x00, 0x00, 0x00, 0x01, 0x04,
  0x00, 0x00, 0x00, 0x66, 0x69, 0x6e, 0x64, 0x02, 0x1e, 0x00, 0x00, 0x00, 0x01, 0x0a, 0x00, 0x00,
  0x00, 0x66, 0x75, 0x6c, 0x6c, 0x5f, 0x6d, 0x61, 0x74, 0x63, 0x68, 0x02, 0x1f, 0x00, 0x00, 0x00,
  0x01, 0x04, 0x00, 0x00, 0x00, 0x74, 0x65, 0x73, 0x74, 0x02, 0x20, 0x00, 0x00, 0x00, 0x01, 0x08,
  0x00, 0x00, 0x00, 0x66, 0x69, 0x6e, 0x64, 0x5f, 0x61, 0x6c, 0x6c, 0x02, 0x21, 0x00, 0x00, 0x00,
  0x01, 0x07, 0x00, 0x00, 0x00, 0x5f, 0x65, 0x78, 0x70, 0x61, 0x6e, 0x64, 0x02, 0x22, 0x00, 0x00,
  0x00, 0x01, 0x07, 0x00, 0x00, 0x00, 0x72, 0x65, 0x70, 0x6c, 0x61, 0x63, 0x65, 0x02, 0x23, 0x00,
  0x00, 0x00, 0x01, 0x0d, 0x00, 0x00, 0x00, 0x72, 0x65, 0x70, 0x6c, 0x61, 0x63, 0x65, 0x5f, 0x66,
  0x69, 0x72, 0x73, 0x74, 0x02, 0x24, 0x00, 0x00, 0x00, 0x01, 0x05, 0x00, 0x00, 0x00, 0x73, 0x70,
  0x6c, 0x69, 0x74, 0x02, 0x25, 0x00, 0x00, 0x00, 0x01, 0x06, 0x00, 0x00, 0x00, 0x65, 0x73, 0x63,
  0x61, 0x70, 0x65, 0x02, 0x26, 0x00, 0x00, 0x00, 0xad, 0x7b, 0x21, 0xd5,
};

/* std/tasks */
static const unsigned char embedded_13[] = {
  0x7f, 0x46, 0x58, 0x43, 0x01, 0x00, 0x01, 0x00, 0x00, 0x00, 0x00, 0x00, 0x05, 0x00, 0x00, 0x00,
  0x31, 0x2e, 0x30, 0x2e, 0x30, 0x08, 0x00, 0x00, 0x00, 0x74, 0x61, 0x73, 0x6b, 0x73, 0x2e, 0x66,
  0x78, 0x28, 0x00, 0x00, 0x00, 0x04, 0x00, 0x00, 0x00, 0x69, 0x6e, 0x69, 0x74, 0x01, 0x01, 0x00,
  0x00, 0x00, 0x37, 0x00, 0x00, 0x00, 0x07, 0x00, 0x07, 0x01, 0x0f, 0x00, 0x00, 0x04, 0x07, 0x00,
  0x03, 0x0f, 0x00, 0x01, 0x04, 0x07, 0x00, 0x03, 0x0f, 0x00, 0x02, 0x04, 0x07, 0x00, 0x01, 0x0f,
  0x00, 0x03, 0x04, 0x07, 0x00, 0x01, 0x0f, 0x00, 0x04, 0x04, 0x07, 0x00, 0x28, 0x00, 0x00, 0x0f,
  0x00, 0x05, 0x04, 0x07, 0x00, 0x03, 0x0f, 0x00, 0x06, 0x04, 0x07, 0x00, 0x27, 0x08, 0x00, 0x00,
  0x00, 0x1a, 0x00, 0x00, 0x00, 0x08, 0x00, 0x00, 0x00, 0x1b, 0x00, 0x00, 0x00, 0x07, 0x00, 0x00,
  0x00, 0x1c, 0x00, 0x00, 0x00, 0x07, 0x00, 0x00, 0x00, 0x1d, 0x00, 0x00, 0x00, 0x07, 0x00, 0x00,
  0x00, 0x1e, 0x00, 0x00, 0x00, 0x07, 0x00, 0x00, 0x00, 0x1f, 0x00, 0x00, 0x00, 0x09, 0x00, 0x00,
  0x00, 0x20, 0x00, 0x00, 0x00, 0x07, 0x00, 0x00, 0x00, 0x21, 0x00, 0x00, 0x00, 0x03, 0x00, 0x00,
  0x00, 0x07, 0x00, 0x00, 0x00, 0x01, 0x02, 0x00, 0x00, 0x00, 0x63, 0x6f, 0x01, 0x04, 0x00, 0x00,
  0x00, 0x64, 0x6f, 0x6e, 0x65, 0x01, 0x06, 0x00, 0x00, 0x00, 0x66, 0x61, 0x69, 0x6c, 0x65, 0x64,
  0x01, 0x06, 0x00, 0x00, 0x00, 0x72, 0x65, 0x73, 0x75, 0x6c, 0x74, 0x01, 0x05, 0x00, 0x00, 0x00,
  0x65, 0x72, 0x72, 0x6f, 0x72, 0x01, 0x07, 0x00, 0x00, 0x00, 0x77, 0x61, 0x69, 0x74, 0x65, 0x72,
  0x73, 0x01, 0x08, 0x00, 0x00, 0x00, 0x6f, 0x62, 0x73, 0x65, 0x72, 0x76, 0x65, 0x64, 0x07, 0x00,
  0x00, 0x00, 0x69, 0x73, 0x5f, 0x64, 0x6f, 0x6e, 0x65, 0x00, 0x00, 0x00, 0x00, 0x00, 0x08, 0x00,
  0x00, 0x00, 0x07, 0x00, 0x0e, 0x00, 0x00, 0x27, 0x01, 0x27, 0x01, 0x00, 0x00, 0x00, 0x22, 0x00,
  0x00, 0x00, 0x08, 0x00, 0x00, 0x00, 0x01, 0x00, 0x00, 0x00, 0x01, 0x04, 0x00, 0x00, 0x00, 0x64,
  0x6f, 0x6e, 0x65, 0x05, 0x00, 0x00, 0x00, 0x76, 0x61, 0x6c, 0x75, 0x65, 0x00, 0x00, 0x00, 0x00,
  0x00, 0x34, 0x00, 0x00, 0x00, 0x07, 0x00, 0x0e, 0x00, 0x00, 0x1d, 0x21, 0x00, 0x08, 0x04, 0x00,
  0x00, 0x01, 0x2d, 0x20, 0x00, 0x01, 0x04, 0x07, 0x00, 0x02, 0x0f, 0x00, 0x02, 0x04, 0x07, 0x00,
  0x0e, 0x00, 0x03, 0x21, 0x00, 0x0a, 0x04, 0x07, 0x00, 0x0e, 0x00, 0x04, 0x2d, 0x20, 0x00, 0x01,
  0x04, 0x07, 0x00, 0x0e, 0x00, 0x05, 0x27, 0x01, 0x27, 0x05, 0x00, 0x00, 0x00, 0x25, 0x00, 0x00,
  0x00, 0x12, 0x00, 0x00, 0x00, 0x26, 0x00, 0x00, 0x00, 0x07, 0x00, 0x00, 0x00, 0x27, 0x00, 0x00,
  0x00, 0x13, 0x00, 0x00, 0x00, 0x28, 0x00, 0x00, 0x00, 0x06, 0x00, 0x00, 0x00, 0x29, 0x00, 0x00,
  0x00, 0x02, 0x00, 0x00, 0x00, 0x06, 0x00, 0x00, 0x00, 0x01, 0x04, 0x00, 0x00, 0x00, 0x64, 0x6f,
  0x6e, 0x65, 0x01, 0x1c, 0x00, 0x00, 0x00, 0x74, 0x68, 0x65, 0x20, 0x74, 0x61, 0x73, 0x6b, 0x20,
  0x69, 0x73, 0x20, 0x6e, 0x6f, 0x74, 0x20, 0x66, 0x69, 0x6e, 0x69, 0x73, 0x68, 0x65, 0x64, 0x20,
  0x79, 0x65, 0x74, 0x01, 0x08, 0x00, 0x00, 0x00, 0x6f, 0x62, 0x73, 0x65, 0x72, 0x76, 0x65, 0x64,
  0x01, 0x06, 0x00, 0x00, 0x00, 0x66, 0x61, 0x69, 0x6c, 0x65, 0x64, 0x01, 0x05, 0x00, 0x00, 0x00,
  0x65, 0x72, 0x72, 0x6f, 0x72, 0x01, 0x06, 0x00, 0x00, 0x00, 0x72, 0x65, 0x73, 0x75, 0x6c, 0x74,
  0x06, 0x00, 0x00, 0x00, 0x74, 0x6f, 0x5f, 0x73, 0x74, 0x72, 0x00, 0x00, 0x00, 0x00, 0x00, 0x34,
  0x00, 0x00, 0x00, 0x00, 0x00, 0x00, 0x07, 0x00, 0x0e, 0x00, 0x01, 0x21, 0x00, 0x17, 0x04, 0x07,
  0x00, 0x0e, 0x00, 0x02, 0x21, 0x00, 0x04, 0x04, 0x00, 0x00, 0x03, 0x21, 0x00, 0x03, 0x20, 0x00,
  0x04, 0x04, 0x00, 0x00, 0x04, 0x21, 0x00, 0x03, 0x20, 0x00, 0x04, 0x04, 0x00, 0x00, 0x05, 0x16,
  0x00, 0x00, 0x06, 0x16, 0x27, 0x01, 0x27, 0x01, 0x00, 0x00, 0x00, 0x2a, 0x00, 0x00, 0x00, 0x34,
  0x00, 0x00, 0x00, 0x07, 0x00, 0x00, 0x00, 0x01, 0x06, 0x00, 0x00, 0x00, 0x3c, 0x74, 0x61, 0x73,
  0x6b, 0x20, 0x01, 0x04, 0x00, 0x00, 0x00, 0x64, 0x6f, 0x6e, 0x65, 0x01, 0x06, 0x00, 0x00, 0x00,
  0x66, 0x61, 0x69, 0x6c, 0x65, 0x64, 0x01, 0x06, 0x00, 0x00, 0x00, 0x66, 0x61, 0x69, 0x6c, 0x65,
  0x64, 0x01, 0x04, 0x00, 0x00, 0x00, 0x64, 0x6f, 0x6e, 0x65, 0x01, 0x07, 0x00, 0x00, 0x00, 0x72,
  0x75, 0x6e, 0x6e, 0x69, 0x6e, 0x67, 0x01, 0x01, 0x00, 0x00, 0x00, 0x3e, 0x04, 0x00, 0x00, 0x00,
  0x69, 0x6e, 0x69, 0x74, 0x01, 0x01, 0x00, 0x00, 0x00, 0x0b, 0x00, 0x00, 0x00, 0x07, 0x00, 0x07,
  0x01, 0x0f, 0x00, 0x00, 0x04, 0x07, 0x00, 0x27, 0x01, 0x00, 0x00, 0x00, 0x2d, 0x00, 0x00, 0x00,
  0x0b, 0x00, 0x00, 0x00, 0x01, 0x00, 0x00, 0x00, 0x01, 0x05, 0x00, 0x00, 0x00, 0x75, 0x6e, 0x74,
  0x69, 0x6c, 0x04, 0x00, 0x00, 0x00, 0x69, 0x6e, 0x69, 0x74, 0x01, 0x01, 0x00, 0x00, 0x00, 0x0b,
  0x00, 0x00, 0x00, 0x07, 0x00, 0x07, 0x01, 0x0f, 0x00, 0x00, 0x04, 0x07, 0x00, 0x27, 0x01, 0x00,
  0x00, 0x00, 0x2e, 0x00, 0x00, 0x00, 0x0b, 0x00, 0x00, 0x00, 0x01, 0x00, 0x00, 0x00, 0x01, 0x05,
  0x00, 0x00, 0x00, 0x69, 0x74, 0x65, 0x6d, 0x73, 0x04, 0x00, 0x00, 0x00, 0x69, 0x6e, 0x69, 0x74,
  0x02, 0x02, 0x00, 0x00, 0x00, 0x13, 0x00, 0x00, 0x00, 0x07, 0x00, 0x07, 0x01, 0x0f, 0x00, 0x00,
  0x04, 0x07, 0x00, 0x07, 0x02, 0x0f, 0x00, 0x01, 0x04, 0x07, 0x00, 0x27, 0x01, 0x00, 0x00, 0x00,
  0x2f, 0x00, 0x00, 0x00, 0x13, 0x00, 0x00, 0x00, 0x02, 0x00, 0x00, 0x00, 0x01, 0x04, 0x00, 0x00,
  0x00, 0x77, 0x68, 0x61, 0x74, 0x01, 0x07, 0x00, 0x00, 0x00, 0x73, 0x65, 0x63, 0x6f, 0x6e, 0x64,
  0x73, 0x04, 0x00, 0x00, 0x00, 0x69, 0x6e, 0x69, 0x74, 0x01, 0x01, 0x00, 0x00, 0x00, 0x0b, 0x00,
  0x00, 0x00, 0x07, 0x00, 0x07, 0x01, 0x0f, 0x00, 0x00, 0x04, 0x07, 0x00, 0x27, 0x01, 0x00, 0x00,
  0x00, 0x34, 0x00, 0x00, 0x00, 0x0b, 0x00, 0x00, 0x00, 0x01, 0x00, 0x00, 0x00, 0x01, 0x07, 0x00,
  0x00, 0x00, 0x63, 0x68, 0x61, 0x6e, 0x6e, 0x65, 0x6c, 0x04, 0x00, 0x00, 0x00, 0x70, 0x6f, 0x6c,
  0x6c, 0x00, 0x00, 0x00, 0x00, 0x00, 0x41, 0x00, 0x00, 0x00, 0x07, 0x00, 0x0e, 0x00, 0x00, 0x09,
  0x00, 0x01, 0x07, 0x01, 0x0e, 0x00, 0x02, 0x23, 0x01, 0x00, 0x00, 0x03, 0x14, 0x21, 0x00, 0x14,
  0x04, 0x07, 0x01, 0x0e, 0x00, 0x02, 0x00, 0x00, 0x05, 0x24, 0x00, 0x04, 0x01, 0x28, 0x00, 0x01,
  0x27, 0x20, 0x00, 0x01, 0x04, 0x07, 0x01, 0x0e, 0x00, 0x06, 0x21, 0x00, 0x09, 0x04, 0x01, 0x28,
  0x00, 0x01, 0x27, 0x20, 0x00, 0x01, 0x04, 0x01, 0x27, 0x01, 0x27, 0x05, 0x00, 0x00, 0x00, 0x36,
  0x00, 0x00, 0x00, 0x05, 0x00, 0x00, 0x00, 0x37, 0x00, 0x00, 0x00, 0x26, 0x00, 0x00, 0x00, 0x38,
  0x00, 0x00, 0x00, 0x12, 0x00, 0x00, 0x00, 0x39, 0x00, 0x00, 0x00, 0x02, 0x00, 0x00, 0x00, 0x3a,
  0x00, 0x00, 0x00, 0x02, 0x00, 0x00, 0x00, 0x07, 0x00, 0x00, 0x00, 0x01, 0x07, 0x00, 0x00, 0x00,
  0x63, 0x68, 0x61, 0x6e, 0x6e, 0x65, 0x6c, 0x01, 0x03, 0x00, 0x00, 0x00, 0x6c, 0x65, 0x6e, 0x01,
  0x05, 0x00, 0x00, 0x00, 0x69, 0x74, 0x65, 0x6d, 0x73, 0x00, 0x00, 0x00, 0x00, 0x00, 0x00, 0x00,
  0x00, 0x00, 0x01, 0x06, 0x00, 0x00, 0x00, 0x72, 0x65, 0x6d, 0x6f, 0x76, 0x65, 0x00, 0x00, 0x00,
  0x00, 0x00, 0x00, 0x00, 0x00, 0x00, 0x01, 0x06, 0x00, 0x00, 0x00, 0x63, 0x6c, 0x6f, 0x73, 0x65,
  0x64, 0x04, 0x00, 0x00, 0x00, 0x69, 0x6e, 0x69, 0x74, 0x02, 0x02, 0x00, 0x00, 0x00, 0x13, 0x00,
  0x00, 0x00, 0x07, 0x00, 0x07, 0x01, 0x0f, 0x00, 0x00, 0x04, 0x07, 0x00, 0x07, 0x02, 0x0f, 0x00,
  0x01, 0x04, 0x07, 0x00, 0x27, 0x01, 0x00, 0x00, 0x00, 0x3e, 0x00, 0x00, 0x00, 0x13, 0x00, 0x00,
  0x00, 0x02, 0x00, 0x00, 0x00, 0x01, 0x07, 0x00, 0x00, 0x00, 0x63, 0x68, 0x61, 0x6e, 0x6e, 0x65,
  0x6c, 0x01, 0x05, 0x00, 0x00, 0x00, 0x76, 0x61, 0x6c, 0x75, 0x65, 0x04, 0x00, 0x00, 0x00, 0x70,
  0x6f, 0x6c, 0x6c, 0x00, 0x00, 0x00, 0x00, 0x00, 0x56, 0x00, 0x00, 0x00, 0x07, 0x00, 0x0e, 0x00,
  0x00, 0x07, 0x01, 0x0e, 0x00, 0x01, 0x21, 0x00, 0x08, 0x04, 0x00, 0x00, 0x02, 0x2d, 0x20, 0x00,
  0x01, 0x04, 0x07, 0x01, 0x0e, 0x00, 0x03, 0x00, 0x00, 0x04, 0x13, 0x21, 0x00, 0x03, 0x20, 0x00,
  0x11, 0x04, 0x09, 0x00, 0x05, 0x07, 0x01, 0x0e, 0x00, 0x06, 0x23, 0x01, 0x07, 0x01, 0x0e, 0x00,
  0x03, 0x15, 0x21, 0x00, 0x18, 0x04, 0x07, 0x01, 0x0e, 0x00, 0x06, 0x07, 0x00, 0x0e, 0x00, 0x08,
  0x24, 0x00, 0x07, 0x01, 0x04, 0x01, 0x28, 0x00, 0x01, 0x27, 0x20, 0x00, 0x01, 0x04, 0x01, 0x27,
  0x01, 0x27, 0x08, 0x00, 0x00, 0x00, 0x40, 0x00, 0x00, 0x00, 0x05, 0x00, 0x00, 0x00, 0x41, 0x00,
  0x00, 0x00, 0x11, 0x00, 0x00, 0x00, 0x42, 0x00, 0x00, 0x00, 0x24, 0x00, 0x00, 0x00, 0x43, 0x00,
  0x00, 0x00, 0x0f, 0x00, 0x00, 0x00, 0x44, 0x00, 0x00, 0x00, 0x05, 0x00, 0x00, 0x00, 0x45, 0x00,
  0x00, 0x00, 0x04, 0x00, 0x00, 0x00, 0x46, 0x00, 0x00, 0x00, 0x02, 0x00, 0x00, 0x00, 0x47, 0x00,
  0x00, 0x00, 0x02, 0x00, 0x00, 0x00, 0x09, 0x00, 0x00, 0x00, 0x01, 0x07, 0x00, 0x00, 0x00, 0x63,
  0x68, 0x61, 0x6e, 0x6e, 0x65, 0x6c, 0x01, 0x06, 0x00, 0x00, 0x00, 0x63, 0x6c, 0x6f, 0x73, 0x65,
  0x64, 0x01, 0x1e, 0x00, 0x00, 0x00, 0x63, 0x61, 0x6e, 0x27, 0x74, 0x20, 0x73, 0x65, 0x6e, 0x64,
  0x20, 0x6f, 0x6e, 0x20, 0x61, 0x20, 0x63, 0x6c, 0x6f, 0x73, 0x65, 0x64, 0x20, 0x63, 0x68, 0x61,
  0x6e, 0x6e, 0x65, 0x6c, 0x01, 0x08, 0x00, 0x00, 0x00, 0x63, 0x61, 0x70, 0x61, 0x63, 0x69, 0x74,
  0x79, 0x00, 0x00, 0x00, 0x00, 0x00, 0x00, 0x00, 0x00, 0x00, 0x01, 0x03, 0x00, 0x00, 0x00, 0x6c,
  0x65, 0x6e, 0x01, 0x05, 0x00, 0x00, 0x00, 0x69, 0x74, 0x65, 0x6d, 0x73, 0x01, 0x04, 0x00, 0x00,
  0x00, 0x70, 0x75, 0x73, 0x68, 0x01, 0x05, 0x00, 0x00, 0x00, 0x76, 0x61, 0x6c, 0x75, 0x65, 0x04,
  0x00, 0x00, 0x00, 0x69, 0x6e, 0x69, 0x74, 0x01, 0x00, 0x00, 0x00, 0x00, 0x27, 0x00, 0x00, 0x00,
  0x07, 0x01, 0x38, 0x00, 0x06, 0x04, 0x00, 0x00, 0x00, 0x08, 0x01, 0x04, 0x07, 0x00, 0x07, 0x01,
  0x0f, 0x00, 0x01, 0x04, 0x07, 0x00, 0x28, 0x00, 0x00, 0x0f, 0x00, 0x02, 0x04, 0x07, 0x00, 0x03,
  0x0f, 0x00, 0x03, 0x04, 0x07, 0x00, 0x27, 0x05, 0x00, 0x00, 0x00, 0x4e, 0x00, 0x00, 0x00, 0x0c,
  0x00, 0x00, 0x00, 0x4f, 0x00, 0x00, 0x00, 0x08, 0x00, 0x00, 0x00, 0x50, 0x00, 0x00, 0x00, 0x09,
  0x00, 0x00, 0x00, 0x51, 0x00, 0x00, 0x00, 0x07, 0x00, 0x00, 0x00, 0x52, 0x00, 0x00, 0x00, 0x03,
  0x00, 0x00, 0x00, 0x04, 0x00, 0x00, 0x00, 0x00, 0x00, 0x00, 0x00, 0x00, 0x00, 0x00, 0x00, 0x00,
  0x01, 0x08, 0x00, 0x00, 0x00, 0x63, 0x61, 0x70, 0x61, 0x63, 0x69, 0x74, 0x79, 0x01, 0x05, 0x00,
  0x00, 0x00, 0x69, 0x74, 0x65, 0x6d, 0x73, 0x01, 0x06, 0x00, 0x00, 0x00, 0x63, 0x6c, 0x6f, 0x73,
  0x65, 0x64, 0x04, 0x00, 0x00, 0x00, 0x73, 0x65, 0x6e, 0x64, 0x01, 0x01, 0x00, 0x00, 0x00, 0x0c,
  0x00, 0x00, 0x00, 0x09, 0x00, 0x00, 0x07, 0x00, 0x07, 0x01, 0x23, 0x02, 0x27, 0x01, 0x27, 0x01,
  0x00, 0x00, 0x00, 0x53, 0x00, 0x00, 0x00, 0x0c, 0x00, 0x00, 0x00, 0x01, 0x00, 0x00, 0x00, 0x01,
  0x04, 0x00, 0x00, 0x00, 0x53, 0x65, 0x6e, 0x64, 0x04, 0x00, 0x00, 0x00, 0x72, 0x65, 0x63, 0x76,
  0x00, 0x00, 0x00, 0x00, 0x00, 0x0a, 0x00, 0x00, 0x00, 0x09, 0x00, 0x00, 0x07, 0x00, 0x23, 0x01,
  0x27, 0x01, 0x27, 0x01, 0x00, 0x00, 0x00, 0x54, 0x00, 0x00, 0x00, 0x0a, 0x00, 0x00, 0x00, 0x01,
  0x00, 0x00, 0x00, 0x01, 0x04, 0x00, 0x00, 0x00, 0x52, 0x65, 0x63, 0x76, 0x05, 0x00, 0x00, 0x00,
  0x63, 0x6c, 0x6f, 0x73, 0x65, 0x00, 0x00, 0x00, 0x00, 0x00, 0x09, 0x00, 0x00, 0x00, 0x07, 0x00,
  0x02, 0x0f, 0x00, 0x00, 0x04, 0x01, 0x27, 0x01, 0x00, 0x00, 0x00, 0x55, 0x00, 0x00, 0x00, 0x09,
  0x00, 0x00, 0x00, 0x01, 0x00, 0x00, 0x00, 0x01, 0x06, 0x00, 0x00, 0x00, 0x63, 0x6c, 0x6f, 0x73,
  0x65, 0x64, 0x03, 0x00, 0x00, 0x00, 0x6c, 0x65, 0x6e, 0x00, 0x00, 0x00, 0x00, 0x00, 0x0d, 0x00,
  0x00, 0x00, 0x09, 0x00, 0x00, 0x07, 0x00, 0x0e, 0x00, 0x01, 0x23, 0x01, 0x27, 0x01, 0x27, 0x01,
  0x00, 0x00, 0x00, 0x56, 0x00, 0x00, 0x00, 0x0d, 0x00, 0x00, 0x00, 0x02, 0x00, 0x00, 0x00, 0x01,
  0x03, 0x00, 0x00, 0x00, 0x6c, 0x65, 0x6e, 0x01, 0x05, 0x00, 0x00, 0x00, 0x69, 0x74, 0x65, 0x6d,
  0x73, 0x04, 0x00, 0x00, 0x00, 0x69, 0x6e, 0x69, 0x74, 0x01, 0x00, 0x00, 0x00, 0x00, 0x42, 0x00,
  0x00, 0x00, 0x07, 0x01, 0x38, 0x00, 0x04, 0x04, 0x03, 0x08, 0x01, 0x04, 0x07, 0x00, 0x28, 0x00,
  0x00, 0x0f, 0x00, 0x00, 0x04, 0x07, 0x00, 0x28, 0x00, 0x00, 0x0f, 0x00, 0x01, 0x04, 0x07, 0x00,
  0x28, 0x00, 0x00, 0x0f, 0x00, 0x02, 0x04, 0x07, 0x00, 0x28, 0x00, 0x00, 0x0f, 0x00, 0x03, 0x04,
  0x07, 0x00, 0x00, 0x00, 0x05, 0x0f, 0x00, 0x04, 0x04, 0x07, 0x00, 0x07, 0x01, 0x0f, 0x00, 0x06,
  0x04, 0x07, 0x00, 0x27, 0x08, 0x00, 0x00, 0x00, 0x5c, 0x00, 0x00, 0x00, 0x0a, 0x00, 0x00, 0x00,
  0x5d, 0x00, 0x00, 0x00, 0x09, 0x00, 0x00, 0x00, 0x5e, 0x00, 0x00, 0x00, 0x09, 0x00, 0x00, 0x00,
  0x5f, 0x00, 0x00, 0x00, 0x09, 0x00, 0x00, 0x00, 0x60, 0x00, 0x00, 0x00, 0x09, 0x00, 0x00, 0x00,
  0x61, 0x00, 0x00, 0x00, 0x09, 0x00, 0x00, 0x00, 0x62, 0x00, 0x00, 0x00, 0x08, 0x00, 0x00, 0x00,
  0x63, 0x00, 0x00, 0x00, 0x03, 0x00, 0x00, 0x00, 0x07, 0x00, 0x00, 0x00, 0x01, 0x05, 0x00, 0x00,
  0x00, 0x72, 0x65, 0x61, 0x64, 0x79, 0x01, 0x06, 0x00, 0x00, 0x00, 0x74, 0x69, 0x6d, 0x65, 0x72,
  0x73, 0x01, 0x07, 0x00, 0x00, 0x00, 0x70, 0x6f, 0x6c, 0x6c, 0x65, 0x72, 0x73, 0x01, 0x05, 0x00,
  0x00, 0x00, 0x74, 0x61, 0x73, 0x6b, 0x73, 0x01, 0x04, 0x00, 0x00, 0x00, 0x73, 0x6b, 0x65, 0x77,
  0x00, 0x00, 0x00, 0x00, 0x00, 0x00, 0x00, 0x00, 0x00, 0x01, 0x07, 0x00, 0x00, 0x00, 0x76, 0x69,
  0x72, 0x74, 0x75, 0x61, 0x6c, 0x03, 0x00, 0x00, 0x00, 0x6e, 0x6f, 0x77, 0x00, 0x00, 0x00, 0x00,
  0x00, 0x25, 0x00, 0x00, 0x00, 0x07, 0x00, 0x0e, 0x00, 0x00, 0x21, 0x00, 0x06, 0x04, 0x07, 0x00,
  0x0e, 0x00, 0x01, 0x21, 0x00, 0x03, 0x20, 0x00, 0x0e, 0x04, 0x09, 0x00, 0x02, 0x24, 0x00, 0x03,
  0x00, 0x07, 0x00, 0x0e, 0x00, 0x01, 0x16, 0x27, 0x01, 0x27, 0x01, 0x00, 0x00, 0x00, 0x64, 0x00,
  0x00, 0x00, 0x25, 0x00, 0x00, 0x00, 0x04, 0x00, 0x00, 0x00, 0x01, 0x07, 0x00, 0x00, 0x00, 0x76,
  0x69, 0x72, 0x74, 0x75, 0x61, 0x6c, 0x01, 0x04, 0x00, 0x00, 0x00, 0x73, 0x6b, 0x65, 0x77, 0x01,
  0x04, 0x00, 0x00, 0x00, 0x74, 0x69, 0x6d, 0x65, 0x01, 0x03, 0x00, 0x00, 0x00, 0x6e, 0x6f, 0x77,
  0x09, 0x00, 0x00, 0x00, 0x5f, 0x73, 0x63, 0x68, 0x65, 0x64, 0x75, 0x6c, 0x65, 0x03, 0x02, 0x00,
  0x00, 0x00, 0x20, 0x00, 0x00, 0x00, 0x07, 0x03, 0x38, 0x00, 0x04, 0x04, 0x03, 0x08, 0x03, 0x04,
  0x09, 0x00, 0x00, 0x0e, 0x00, 0x01, 0x07, 0x01, 0x07, 0x02, 0x07, 0x03, 0x28, 0x00, 0x03, 0x24,
  0x00, 0x02, 0x01, 0x04, 0x01, 0x27, 0x01, 0x00, 0x00, 0x00, 0x67, 0x00, 0x00, 0x00, 0x20, 0x00,
  0x00, 0x00, 0x03, 0x00, 0x00, 0x00, 0x01, 0x05, 0x00, 0x00, 0x00, 0x5f, 0x6c, 0x6f, 0x6f, 0x70,
  0x01, 0x05, 0x00, 0x00, 0x00, 0x72, 0x65, 0x61, 0x64, 0x79, 0x01, 0x04, 0x00, 0x00, 0x00, 0x70,
  0x75, 0x73, 0x68, 0x07, 0x00, 0x00, 0x00, 0x5f, 0x66, 0x69, 0x6e, 0x69, 0x73, 0x68, 0x02, 0x02,
  0x00, 0x00, 0x00, 0x35, 0x00, 0x00, 0x00, 0x07, 0x01, 0x02, 0x0f, 0x00, 0x00, 0x04, 0x07, 0x01,
  0x07, 0x02, 0x0f, 0x00, 0x01, 0x04, 0x07, 0x01, 0x0e, 0x00, 0x02, 0x07, 0x01, 0x28, 0x00, 0x00,
  0x0f, 0x00, 0x02, 0x04, 0x07, 0x03, 0x00, 0x00, 0x03, 0x2a, 0x04, 0x00, 0x0b, 0x07, 0x06, 0x07,
  0x01, 0x23, 0x01, 0x04, 0x04, 0x22, 0x00, 0x0f, 0x04, 0x04, 0x01, 0x27, 0x06, 0x00, 0x00, 0x00,
  0x6a, 0x00, 0x00, 0x00, 0x07, 0x00, 0x00, 0x00, 0x6b, 0x00, 0x00, 0x00, 0x08, 0x00, 0x00, 0x00,
  0x6c, 0x00, 0x00, 0x00, 0x05, 0x00, 0x00, 0x00, 0x6d, 0x00, 0x00, 0x00, 0x09, 0x00, 0x00, 0x00,
  0x6e, 0x00, 0x00, 0x00, 0x16, 0x00, 0x00, 0x00, 0x6f, 0x00, 0x00, 0x00, 0x02, 0x00, 0x00, 0x00,
  0x04, 0x00, 0x00, 0x00, 0x01, 0x04, 0x00, 0x00, 0x00, 0x64, 0x6f, 0x6e, 0x65, 0x01, 0x06, 0x00,
  0x00, 0x00, 0x72, 0x65, 0x73, 0x75, 0x6c, 0x74, 0x01, 0x07, 0x00, 0x00, 0x00, 0x77, 0x61, 0x69,
  0x74, 0x65, 0x72, 0x73, 0x00, 0x00, 0x00, 0x00, 0x00, 0x00, 0x00, 0x00, 0x00, 0x05, 0x00, 0x00,
  0x00, 0x5f, 0x66, 0x61, 0x69, 0x6c, 0x02, 0x02, 0x00, 0x00, 0x00, 0x3c, 0x00, 0x00, 0x00, 0x07,
  0x01, 0x02, 0x0f, 0x00, 0x00, 0x04, 0x07, 0x01, 0x02, 0x0f, 0x00, 0x01, 0x04, 0x07, 0x01, 0x07,
  0x02, 0x0f, 0x00, 0x02, 0x04, 0x07, 0x01, 0x0e, 0x00, 0x03, 0x07, 0x01, 0x28, 0x00, 0x00, 0x0f,
  0x00, 0x03, 0x04, 0x07, 0x03, 0x00, 0x00, 0x04, 0x2a, 0x04, 0x00, 0x0b, 0x07, 0x06, 0x07, 0x01,
  0x23, 0x01, 0x04, 0x04, 0x22, 0x00, 0x0f, 0x04, 0x04, 0x01, 0x27, 0x07, 0x00, 0x00, 0x00, 0x72,
  0x00, 0x00, 0x00, 0x07, 0x00, 0x00, 0x00, 0x73, 0x00, 0x00, 0x00, 0x07, 0x00, 0x00, 0x00, 0x74,
  0x00, 0x00, 0x00, 0x08, 0x00, 0x00, 0x00, 0x75, 0x00, 0x00, 0x00, 0x05, 0x00, 0x00, 0x00, 0x76,
  0x00, 0x00, 0x00, 0x09, 0x00, 0x00, 0x00, 0x77, 0x00, 0x00, 0x00, 0x16, 0x00, 0x00, 0x00, 0x78,
  0x00, 0x00, 0x00, 0x02, 0x00, 0x00, 0x00, 0x05, 0x00, 0x00, 0x00, 0x01, 0x04, 0x00, 0x00, 0x00,
  0x64, 0x6f, 0x6e, 0x65, 0x01, 0x06, 0x00, 0x00, 0x00, 0x66, 0x61, 0x69, 0x6c, 0x65, 0x64, 0x01,
  0x05, 0x00, 0x00, 0x00, 0x65, 0x72, 0x72, 0x6f, 0x72, 0x01, 0x07, 0x00, 0x00, 0x00, 0x77, 0x61,
  0x69, 0x74, 0x65, 0x72, 0x73, 0x00, 0x00, 0x00, 0x00, 0x00, 0x00, 0x00, 0x00, 0x00, 0x0a, 0x00,
  0x00, 0x00, 0x5f, 0x77, 0x68, 0x65, 0x6e, 0x5f, 0x64, 0x6f, 0x6e, 0x65, 0x02, 0x02, 0x00, 0x00,
  0x00, 0x29, 0x00, 0x00, 0x00, 0x07, 0x01, 0x02, 0x0f, 0x00, 0x00, 0x04, 0x07, 0x01, 0x0e, 0x00,
  0x01, 0x21, 0x00, 0x0b, 0x04, 0x07, 0x02, 0x07, 0x01, 0x23, 0x01, 0x04, 0x20, 0x00, 0x0d, 0x04,
  0x07, 0x01, 0x0e, 0x00, 0x02, 0x07, 0x02, 0x24, 0x00, 0x03, 0x01, 0x04, 0x01, 0x27, 0x03, 0x00,
  0x00, 0x00, 0x7c, 0x00, 0x00, 0x00, 0x07, 0x00, 0x00, 0x00, 0x7d, 0x00, 0x00, 0x00, 0x20, 0x00,
  0x00, 0x00, 0x7e, 0x00, 0x00, 0x00, 0x02, 0x00, 0x00, 0x00, 0x04, 0x00, 0x00, 0x00, 0x01, 0x08,
  0x00, 0x00, 0x00, 0x6f, 0x62, 0x73, 0x65, 0x72, 0x76, 0x65, 0x64, 0x01, 0x04, 0x00, 0x00, 0x00,
  0x64, 0x6f, 0x6e, 0x65, 0x01, 0x07, 0x00, 0x00, 0x00, 0x77, 0x61, 0x69, 0x74, 0x65, 0x72, 0x73,
  0x01, 0x04, 0x00, 0x00, 0x00, 0x70, 0x75, 0x73, 0x68, 0x05, 0x00, 0x00, 0x00, 0x73, 0x70, 0x61,
  0x77, 0x6e, 0x01, 0x01, 0x00, 0x00, 0x00, 0x85, 0x00, 0x00, 0x00, 0x09, 0x00, 0x00, 0x01, 0x13,
  0x21, 0x00, 0x08, 0x04, 0x00, 0x00, 0x01, 0x2d, 0x20, 0x00, 0x01, 0x04, 0x09, 0x00, 0x02, 0x07,
  0x01, 0x09, 0x00, 0x03, 0x23, 0x02, 0x21, 0x00, 0x07, 0x04, 0x07, 0x01, 0x27, 0x20, 0x00, 0x01,
  0x04, 0x09, 0x00, 0x04, 0x07, 0x01, 0x23, 0x01, 0x00, 0x00, 0x05, 0x13, 0x21, 0x00, 0x0e, 0x04,
  0x09, 0x00, 0x06, 0x07, 0x01, 0x23, 0x01, 0x08, 0x01, 0x04, 0x20, 0x00, 0x01, 0x04, 0x09, 0x00,
  0x04, 0x07, 0x01, 0x23, 0x01, 0x00, 0x00, 0x07, 0x13, 0x1d, 0x21, 0x00, 0x10, 0x04, 0x00, 0x00,
  0x08, 0x09, 0x00, 0x04, 0x07, 0x01, 0x23, 0x01, 0x16, 0x2d, 0x20, 0x00, 0x01, 0x04, 0x09, 0x00,
  0x03, 0x07, 0x01, 0x23, 0x01, 0x09, 0x00, 0x00, 0x0e, 0x00, 0x09, 0x07, 0x02, 0x24, 0x00, 0x0a,
  0x01, 0x04, 0x09, 0x00, 0x0b, 0x07, 0x02, 0x01, 0x23, 0x02, 0x04, 0x07, 0x02, 0x27, 0x01, 0x27,
  0x09, 0x00, 0x00, 0x00, 0x81, 0x00, 0x00, 0x00, 0x11, 0x00, 0x00, 0x00, 0x82, 0x00, 0x00, 0x00,
  0x15, 0x00, 0x00, 0x00, 0x83, 0x00, 0x00, 0x00, 0x1d, 0x00, 0x00, 0x00, 0x84, 0x00, 0x00, 0x00,
  0x20, 0x00, 0x00, 0x00, 0x85, 0x00, 0x00, 0x00, 0x07, 0x00, 0x00, 0x00, 0x86, 0x00, 0x00, 0x00,
  0x0d, 0x00, 0x00, 0x00, 0x87, 0x00, 0x00, 0x00, 0x09, 0x00, 0x00, 0x00, 0x88, 0x00, 0x00, 0x00,
  0x03, 0x00, 0x00, 0x00, 0x89, 0x00, 0x00, 0x00, 0x02, 0x00, 0x00, 0x00, 0x0c, 0x00, 0x00, 0x00,
  0x01, 0x05, 0x00, 0x00, 0x00, 0x5f, 0x6c, 0x6f, 0x6f, 0x70, 0x01, 0x44, 0x00, 0x00, 0x00, 0x74,
  0x61, 0x73, 0x6b, 0x73, 0x2e, 0x73, 0x70, 0x61, 0x77, 0x6e, 0x20, 0x6e, 0x65, 0x65, 0x64, 0x73,
  0x20, 0x61, 0x20, 0x72, 0x75, 0x6e, 0x6e, 0x69, 0x6e, 0x67, 0x20, 0x73, 0x63, 0x68, 0x65, 0x64,
  0x75, 0x6c, 0x65, 0x72, 0x3a, 0x20, 0x63, 0x61, 0x6c, 0x6c, 0x20, 0x69, 0x74, 0x20, 0x69, 0x6e,
  0x73, 0x69, 0x64, 0x65, 0x20, 0x74, 0x61, 0x73, 0x6b, 0x73, 0x2e, 0x72, 0x75, 0x6e, 0x28, 0x2e,
  0x2e, 0x2e, 0x29, 0x01, 0x0a, 0x00, 0x00, 0x00, 0x69, 0x73, 0x69, 0x6e, 0x73, 0x74, 0x61, 0x6e,
  0x63, 0x65, 0x01, 0x04, 0x00, 0x00, 0x00, 0x54, 0x61, 0x73, 0x6b, 0x01, 0x04, 0x00, 0x00, 0x00,
  0x74, 0x79, 0x70, 0x65, 0x01, 0x08, 0x00, 0x00, 0x00, 0x66, 0x75, 0x6e, 0x63, 0x74, 0x69, 0x6f,
  0x6e, 0x01, 0x09, 0x00, 0x00, 0x00, 0x63, 0x6f, 0x72, 0x6f, 0x75, 0x74, 0x69, 0x6e, 0x65, 0x01,
  0x09, 0x00, 0x00, 0x00, 0x63, 0x6f, 0x72, 0x6f, 0x75, 0x74, 0x69, 0x6e, 0x65, 0x01, 0x49, 0x00,
  0x00, 0x00, 0x74, 0x61, 0x73, 0x6b, 0x73, 0x2e, 0x73, 0x70, 0x61, 0x77, 0x6e, 0x20, 0x65, 0x78,
  0x70, 0x65, 0x63, 0x74, 0x73, 0x20, 0x61, 0x20, 0x63, 0x6f, 0x72, 0x6f, 0x75, 0x74, 0x69, 0x6e,
  0x65, 0x20, 0x28, 0x74, 0x68, 0x65, 0x20, 0x72, 0x65, 0x73, 0x75, 0x6c, 0x74, 0x20, 0x6f, 0x66,
  0x20, 0x63, 0x61, 0x6c, 0x6c, 0x69, 0x6e, 0x67, 0x20, 0x61, 0x6e, 0x20, 0x61, 0x73, 0x79, 0x6e,
  0x63, 0x20, 0x66, 0x6e, 0x29, 0x2c, 0x20, 0x67, 0x6f, 0x74, 0x20, 0x01, 0x05, 0x00, 0x00, 0x00,
  0x74, 0x61, 0x73, 0x6b, 0x73, 0x01, 0x04, 0x00, 0x00, 0x00, 0x70, 0x75, 0x73, 0x68, 0x01, 0x09,
  0x00, 0x00, 0x00, 0x5f, 0x73, 0x63, 0x68, 0x65, 0x64, 0x75, 0x6c, 0x65, 0x05, 0x00, 0x00, 0x00,
  0x73, 0x6c, 0x65, 0x65, 0x70, 0x01, 0x01, 0x00, 0x00, 0x00, 0x2a, 0x00, 0x00, 0x00, 0x09, 0x00,
  0x00, 0x09, 0x00, 0x01, 0x01, 0x13, 0x1d, 0x21, 0x00, 0x08, 0x04, 0x09, 0x00, 0x01, 0x24, 0x00,
  0x02, 0x00, 0x21, 0x00, 0x03, 0x20, 0x00, 0x08, 0x04, 0x09, 0x00, 0x03, 0x24, 0x00, 0x02, 0x00,
  0x07, 0x01, 0x16, 0x23, 0x01, 0x27, 0x01, 0x27, 0x01, 0x00, 0x00, 0x00, 0x8b, 0x00, 0x00, 0x00,
  0x2a, 0x00, 0x00, 0x00, 0x04, 0x00, 0x00, 0x00, 0x01, 0x05, 0x00, 0x00, 0x00, 0x54, 0x69, 0x6d,
  0x65, 0x72, 0x01, 0x05, 0x00, 0x00, 0x00, 0x5f, 0x6c, 0x6f, 0x6f, 0x70, 0x01, 0x03, 0x00, 0x00,
  0x00, 0x6e, 0x6f, 0x77, 0x01, 0x04, 0x00, 0x00, 0x00, 0x74, 0x69, 0x6d, 0x65, 0x06, 0x00, 0x00,
  0x00, 0x67, 0x61, 0x74, 0x68, 0x65, 0x72, 0x01, 0x01, 0x00, 0x00, 0x00, 0x0a, 0x00, 0x00, 0x00,
  0x09, 0x00, 0x00, 0x07, 0x01, 0x23, 0x01, 0x27, 0x01, 0x27, 0x01, 0x00, 0x00, 0x00, 0x8c, 0x00,
  0x00, 0x00, 0x0a, 0x00, 0x00, 0x00, 0x01, 0x00, 0x00, 0x00, 0x01, 0x06, 0x00, 0x00, 0x00, 0x47,
  0x61, 0x74, 0x68, 0x65, 0x72, 0x07, 0x00, 0x00, 0x00, 0x74, 0x69, 0x6d, 0x65, 0x6f, 0x75, 0x74,
  0x02, 0x02, 0x00, 0x00, 0x00, 0x0c, 0x00, 0x00, 0x00, 0x09, 0x00, 0x00, 0x07, 0x01, 0x07, 0x02,
  0x23, 0x02, 0x27, 0x01, 0x27, 0x01, 0x00, 0x00, 0x00, 0x8d, 0x00, 0x00, 0x00, 0x0c, 0x00, 0x00,
  0x00, 0x01, 0x00, 0x00, 0x00, 0x01, 0x07, 0x00, 0x00, 0x00, 0x54, 0x69, 0x6d, 0x65, 0x6f, 0x75,
  0x74, 0x08, 0x00, 0x00, 0x00, 0x5f, 0x61, 0x73, 0x5f, 0x74, 0x61, 0x73, 0x6b, 0x01, 0x01, 0x00,
  0x00, 0x00, 0x34, 0x00, 0x00, 0x00, 0x09, 0x00, 0x00, 0x07, 0x01, 0x09, 0x00, 0x01, 0x23, 0x02,
  0x21, 0x00, 0x07, 0x04, 0x07, 0x01, 0x27, 0x20, 0x00, 0x01, 0x04, 0x09, 0x00, 0x02, 0x07, 0x01,
  0x23, 0x01, 0x00, 0x00, 0x03, 0x13, 0x21, 0x00, 0x0c, 0x04, 0x09, 0x00, 0x04, 0x07, 0x01, 0x23,
  0x01, 0x27, 0x20, 0x00, 0x01, 0x04, 0x01, 0x27, 0x01, 0x27, 0x04, 0x00, 0x00, 0x00, 0x90, 0x00,
  0x00, 0x00, 0x15, 0x00, 0x00, 0x00, 0x91, 0x00, 0x00, 0x00, 0x1b, 0x00, 0x00, 0x00, 0x92, 0x00,
  0x00, 0x00, 0x02, 0x00, 0x00, 0x00, 0x93, 0x00, 0x00, 0x00, 0x02, 0x00, 0x00, 0x00, 0x05, 0x00,
  0x00, 0x00, 0x01, 0x0a, 0x00, 0x00, 0x00, 0x69, 0x73, 0x69, 0x6e, 0x73, 0x74, 0x61, 0x6e, 0x63,
  0x65, 0x01, 0x04, 0x00, 0x00, 0x00, 0x54, 0x61, 0x73, 0x6b, 0x01, 0x04, 0x00, 0x00, 0x00, 0x74,
  0x79, 0x70, 0x65, 0x01, 0x09, 0x00, 0x00, 0x00, 0x63, 0x6f, 0x72, 0x6f, 0x75, 0x74, 0x69, 0x6e,
  0x65, 0x01, 0x05, 0x00, 0x00, 0x00, 0x73, 0x70, 0x61, 0x77, 0x6e, 0x0a, 0x00, 0x00, 0x00, 0x5f,
  0x77, 0x61, 0x69, 0x74, 0x5f, 0x70, 0x6f, 0x6c, 0x6c, 0x02, 0x02, 0x00, 0x00, 0x00, 0x3b, 0x00,
  0x00, 0x00, 0x07, 0x02, 0x24, 0x00, 0x00, 0x00, 0x07, 0x03, 0x01, 0x13, 0x1d, 0x21, 0x00, 0x12,
  0x04, 0x09, 0x00, 0x01, 0x07, 0x01, 0x07, 0x03, 0x00, 0x00, 0x02, 0x10, 0x23, 0x02, 0x04, 0x20,
  0x00, 0x19, 0x04, 0x09, 0x00, 0x03, 0x0e, 0x00, 0x04, 0x00, 0x00, 0x06, 0x07, 0x01, 0x00, 0x00,
  0x07, 0x07, 0x02, 0x29, 0x00, 0x02, 0x24, 0x00, 0x05, 0x01, 0x04, 0x01, 0x27, 0x03, 0x00, 0x00,
  0x00, 0x96, 0x00, 0x00, 0x00, 0x06, 0x00, 0x00, 0x00, 0x97, 0x00, 0x00, 0x00, 0x33, 0x00, 0x00,
  0x00, 0x98, 0x00, 0x00, 0x00, 0x02, 0x00, 0x00, 0x00, 0x08, 0x00, 0x00, 0x00, 0x01, 0x04, 0x00,
  0x00, 0x00, 0x70, 0x6f, 0x6c, 0x6c, 0x01, 0x09, 0x00, 0x00, 0x00, 0x5f, 0x73, 0x63, 0x68, 0x65,
  0x64, 0x75, 0x6c, 0x65, 0x00, 0x00, 0x00, 0x00, 0x00, 0x00, 0x00, 0x00, 0x00, 0x01, 0x05, 0x00,
  0x00, 0x00, 0x5f, 0x6c, 0x6f, 0x6f, 0x70, 0x01, 0x07, 0x00, 0x00, 0x00, 0x70, 0x6f, 0x6c, 0x6c,
  0x65, 0x72, 0x73, 0x01, 0x04, 0x00, 0x00, 0x00, 0x70, 0x75, 0x73, 0x68, 0x01, 0x04, 0x00, 0x00,
  0x00, 0x74, 0x61, 0x73, 0x6b, 0x01, 0x04, 0x00, 0x00, 0x00, 0x77, 0x61, 0x69, 0x74, 0xff, 0xff,
  0xff, 0xff, 0x01, 0x01, 0x01, 0x00, 0x00, 0x2a, 0x00, 0x00, 0x00, 0x07, 0x01, 0x0e, 0x00, 0x00,
  0x21, 0x00, 0x12, 0x04, 0x09, 0x00, 0x01, 0x0c, 0x00, 0x07, 0x01, 0x0e, 0x00, 0x02, 0x02, 0x23,
  0x03, 0x04, 0x20, 0x00, 0x0e, 0x04, 0x09, 0x00, 0x01, 0x0c, 0x00, 0x07, 0x01, 0x0e, 0x00, 0x03,
  0x23, 0x02, 0x04, 0x01, 0x27, 0x02, 0x00, 0x00, 0x00, 0xa1, 0x00, 0x00, 0x00, 0x28, 0x00, 0x00,
  0x00, 0xa2, 0x00, 0x00, 0x00, 0x02, 0x00, 0x00, 0x00, 0x04, 0x00, 0x00, 0x00, 0x01, 0x06, 0x00,
  0x00, 0x00, 0x66, 0x61, 0x69, 0x6c, 0x65, 0x64, 0x01, 0x09, 0x00, 0x00, 0x00, 0x5f, 0x73, 0x63,
  0x68, 0x65, 0x64, 0x75, 0x6c, 0x65, 0x01, 0x05, 0x00, 0x00, 0x00, 0x65, 0x72, 0x72, 0x6f, 0x72,
  0x01, 0x06, 0x00, 0x00, 0x00, 0x72, 0x65, 0x73, 0x75, 0x6c, 0x74, 0xff, 0xff, 0xff, 0xff, 0x00,
  0x00, 0x01, 0x00, 0x00, 0x0b, 0x00, 0x00, 0x00, 0x09, 0x00, 0x00, 0x0c, 0x00, 0x01, 0x23, 0x02,
  0x04, 0x01, 0x27, 0x01, 0x00, 0x00, 0x00, 0xa4, 0x00, 0x00, 0x00, 0x0b, 0x00, 0x00, 0x00, 0x01,
  0x00, 0x00, 0x00, 0x01, 0x09, 0x00, 0x00, 0x00, 0x5f, 0x73, 0x63, 0x68, 0x65, 0x64, 0x75, 0x6c,
  0x65, 0xff, 0xff, 0xff, 0xff, 0x01, 0x01, 0x04, 0x00, 0x00, 0x69, 0x00, 0x00, 0x00, 0x0c, 0x00,
  0x0e, 0x00, 0x00, 0x21, 0x00, 0x06, 0x04, 0x01, 0x27, 0x20, 0x00, 0x01, 0x04, 0x07, 0x01, 0x0e,
  0x00, 0x00, 0x21, 0x00, 0x1b, 0x04, 0x0c, 0x00, 0x02, 0x0f, 0x00, 0x00, 0x04, 0x09, 0x00, 0x01,
  0x0c, 0x01, 0x07, 0x01, 0x0e, 0x00, 0x02, 0x02, 0x23, 0x03, 0x04, 0x01, 0x27, 0x20, 0x00, 0x01,
  0x04, 0x0c, 0x02, 0x0c, 0x03, 0x07, 0x01, 0x0e, 0x00, 0x03, 0x11, 0x04, 0x0c, 0x00, 0x05, 0x0e,
  0x00, 0x04, 0x00, 0x00, 0x05, 0x17, 0x0f, 0x00, 0x04, 0x04, 0x0c, 0x00, 0x0e, 0x00, 0x04, 0x00,
  0x00, 0x06, 0x13, 0x21, 0x00, 0x0e, 0x04, 0x09, 0x00, 0x01, 0x0c, 0x01, 0x0c, 0x02, 0x23, 0x02,
  0x04, 0x20, 0x00, 0x01, 0x04, 0x01, 0x27, 0x0a, 0x00, 0x00, 0x00, 0xb3, 0x00, 0x00, 0x00, 0x0f,
  0x00, 0x00, 0x00, 0xb4, 0x00, 0x00, 0x00, 0x09, 0x00, 0x00, 0x00, 0xb5, 0x00, 0x00, 0x00, 0x07,
  0x00, 0x00, 0x00, 0xb6, 0x00, 0x00, 0x00, 0x0e, 0x00, 0x00, 0x00, 0xb7, 0x00, 0x00, 0x00, 0x02,
  0x00, 0x00, 0x00, 0xb8, 0x00, 0x00, 0x00, 0x04, 0x00, 0x00, 0x00, 0xb9, 0x00, 0x00, 0x00, 0x0b,
  0x00, 0x00, 0x00, 0xba, 0x00, 0x00, 0x00, 0x0e, 0x00, 0x00, 0x00, 0xbb, 0x00, 0x00, 0x00, 0x1b,
  0x00, 0x00, 0x00, 0xbc, 0x00, 0x00, 0x00, 0x02, 0x00, 0x00, 0x00, 0x07, 0x00, 0x00, 0x00, 0x01,
  0x06, 0x00, 0x00, 0x00, 0x66, 0x61, 0x69, 0x6c, 0x65, 0x64, 0x01, 0x09, 0x00, 0x00, 0x00, 0x5f,
  0x73, 0x63, 0x68, 0x65, 0x64, 0x75, 0x6c, 0x65, 0x01, 0x05, 0x00, 0x00, 0x00, 0x65, 0x72, 0x72,
  0x6f, 0x72, 0x01, 0x06, 0x00, 0x00, 0x00, 0x72, 0x65, 0x73, 0x75, 0x6c, 0x74, 0x01, 0x04, 0x00,
  0x00, 0x00, 0x6c, 0x65, 0x66, 0x74, 0x00, 0x00, 0x00, 0x00, 0x00, 0x00, 0x00, 0xf0, 0x3f, 0x00,
  0x00, 0x00, 0x00, 0x00, 0x00, 0x00, 0x00, 0x00, 0xff, 0xff, 0xff, 0xff, 0x00, 0x00, 0x03, 0x00,
  0x00, 0x33, 0x00, 0x00, 0x00, 0x0c, 0x00, 0x0e, 0x00, 0x00, 0x21, 0x00, 0x06, 0x04, 0x01, 0x27,
  0x20, 0x00, 0x01, 0x04, 0x0c, 0x00, 0x02, 0x0f, 0x00, 0x00, 0x04, 0x09, 0x00, 0x01, 0x0c, 0x01,
  0x00, 0x00, 0x02, 0x09, 0x00, 0x03, 0x0c, 0x02, 0x0e, 0x00, 0x04, 0x23, 0x01, 0x16, 0x00, 0x00,
  0x05, 0x16, 0x02, 0x23, 0x03, 0x04, 0x01, 0x27, 0x04, 0x00, 0x00, 0x00, 0xc4, 0x00, 0x00, 0x00,
  0x0f, 0x00, 0x00, 0x00, 0xc5, 0x00, 0x00, 0x00, 0x07, 0x00, 0x00, 0x00, 0xc6, 0x00, 0x00, 0x00,
  0x1b, 0x00, 0x00, 0x00, 0xc7, 0x00, 0x00, 0x00, 0x02, 0x00, 0x00, 0x00, 0x06, 0x00, 0x00, 0x00,
  0x01, 0x04, 0x00, 0x00, 0x00, 0x6f, 0x76, 0x65, 0x72, 0x01, 0x09, 0x00, 0x00, 0x00, 0x5f, 0x73,
  0x63, 0x68, 0x65, 0x64, 0x75, 0x6c, 0x65, 0x01, 0x10, 0x00, 0x00, 0x00, 0x74, 0x69, 0x6d, 0x65,
  0x64, 0x20, 0x6f, 0x75, 0x74, 0x20, 0x61, 0x66, 0x74, 0x65, 0x72, 0x20, 0x01, 0x03, 0x00, 0x00,
  0x00, 0x73, 0x74, 0x72, 0x01, 0x07, 0x00, 0x00, 0x00, 0x73, 0x65, 0x63, 0x6f, 0x6e, 0x64, 0x73,
  0x01, 0x08, 0x00, 0x00, 0x00, 0x20, 0x73, 0x65, 0x63, 0x6f, 0x6e, 0x64, 0x73, 0xff, 0xff, 0xff,
  0xff, 0x01, 0x01, 0x02, 0x00, 0x00, 0x40, 0x00, 0x00, 0x00, 0x0c, 0x00, 0x0e, 0x00, 0x00, 0x21,
  0x00, 0x06, 0x04, 0x01, 0x27, 0x20, 0x00, 0x01, 0x04, 0x0c, 0x00, 0x02, 0x0f, 0x00, 0x00, 0x04,
  0x07, 0x01, 0x0e, 0x00, 0x01, 0x21, 0x00, 0x12, 0x04, 0x09, 0x00, 0x02, 0x0c, 0x01, 0x07, 0x01,
  0x0e, 0x00, 0x03, 0x02, 0x23, 0x03, 0x04, 0x20, 0x00, 0x0e, 0x04, 0x09, 0x00, 0x02, 0x0c, 0x01,
  0x07, 0x01, 0x0e, 0x00, 0x04, 0x23, 0x02, 0x04, 0x01, 0x27, 0x04, 0x00, 0x00, 0x00, 0xc9, 0x00,
  0x00, 0x00, 0x0f, 0x00, 0x00, 0x00, 0xca, 0x00, 0x00, 0x00, 0x07, 0x00, 0x00, 0x00, 0xcb, 0x00,
  0x00, 0x00, 0x28, 0x00, 0x00, 0x00, 0xcc, 0x00, 0x00, 0x00, 0x02, 0x00, 0x00, 0x00, 0x05, 0x00,
  0x00, 0x00, 0x01, 0x04, 0x00, 0x00, 0x00, 0x6f, 0x76, 0x65, 0x72, 0x01, 0x06, 0x00, 0x00, 0x00,
  0x66, 0x61, 0x69, 0x6c, 0x65, 0x64, 0x01, 0x09, 0x00, 0x00, 0x00, 0x5f, 0x73, 0x63, 0x68, 0x65,
  0x64, 0x75, 0x6c, 0x65, 0x01, 0x05, 0x00, 0x00, 0x00, 0x65, 0x72, 0x72, 0x6f, 0x72, 0x01, 0x06,
  0x00, 0x00, 0x00, 0x72, 0x65, 0x73, 0x75, 0x6c, 0x74, 0x09, 0x00, 0x00, 0x00, 0x5f, 0x64, 0x69,
  0x73, 0x70, 0x61, 0x74, 0x63, 0x68, 0x02, 0x02, 0x00, 0x00, 0x00, 0xf1, 0x01, 0x00, 0x00, 0x07,
  0x02, 0x01, 0x13, 0x21, 0x00, 0x0d, 0x04, 0x09, 0x00, 0x00, 0x07, 0x01, 0x01, 0x23, 0x02, 0x04,
  0x20, 0x01, 0xdb, 0x04, 0x09, 0x00, 0x01, 0x07, 0x02, 0x09, 0x00, 0x02, 0x23, 0x02, 0x21, 0x00,
  0x03, 0x20, 0x00, 0x0c, 0x04, 0x09, 0x00, 0x03, 0x07, 0x02, 0x23, 0x01, 0x00, 0x00, 0x04, 0x13,
  0x21, 0x00, 0x19, 0x04, 0x09, 0x00, 0x05, 0x07, 0x02, 0x23, 0x01, 0x09, 0x00, 0x06, 0x07, 0x03,
  0x25, 0x00, 0x07, 0x01, 0x01, 0x23, 0x02, 0x04, 0x04, 0x20, 0x01, 0xa2, 0x04, 0x09, 0x00, 0x01,
  0x07, 0x02, 0x09, 0x00, 0x08, 0x23, 0x02, 0x21, 0x00, 0x22, 0x04, 0x09, 0x00, 0x09, 0x0e, 0x00,
  0x0a, 0x00, 0x00, 0x0c, 0x07, 0x02, 0x0e, 0x00, 0x0d, 0x00, 0x00, 0x0e, 0x25, 0x00, 0x0f, 0x01,
  0x01, 0x29, 0x00, 0x02, 0x24, 0x00, 0x0b, 0x01, 0x04, 0x20, 0x01, 0x72, 0x04, 0x09, 0x00, 0x01,
  0x07, 0x02, 0x09, 0x00, 0x10, 0x23, 0x02, 0x21, 0x00, 0xaa, 0x04, 0x09, 0x00, 0x11, 0x07, 0x02,
  0x0e, 0x00, 0x12, 0x23, 0x01, 0x28, 0x00, 0x00, 0x00, 0x00, 0x13, 0x07, 0x03, 0x00, 0x00, 0x14,
  0x03, 0x29, 0x00, 0x02, 0x07, 0x03, 0x00, 0x00, 0x15, 0x13, 0x21, 0x00, 0x0e, 0x04, 0x09, 0x00,
  0x00, 0x07, 0x01, 0x07, 0x04, 0x23, 0x02, 0x04, 0x20, 0x00, 0x01, 0x04, 0x00, 0x00, 0x16, 0x07,
  0x03, 0x1f, 0x00, 0x00, 0x17, 0x2a, 0x06, 0x00, 0x63, 0x07, 0x04, 0x01, 0x24, 0x00, 0x0b, 0x01,
  0x04, 0x09, 0x00, 0x05, 0x07, 0x02, 0x0e, 0x00, 0x12, 0x07, 0x08, 0x10, 0x23, 0x01, 0x07, 0x09,
  0x01, 0x13, 0x21, 0x00, 0x2e, 0x04, 0x09, 0x00, 0x00, 0x07, 0x01, 0x00, 0x00, 0x18, 0x09, 0x00,
  0x03, 0x07, 0x02, 0x0e, 0x00, 0x12, 0x07, 0x08, 0x10, 0x23, 0x01, 0x16, 0x00, 0x00, 0x19, 0x16,
  0x02, 0x23, 0x03, 0x04, 0x07, 0x05, 0x02, 0x0f, 0x00, 0x14, 0x04, 0x04, 0x04, 0x20, 0x00, 0x1c,
  0x20, 0x00, 0x01, 0x04, 0x09, 0x00, 0x06, 0x07, 0x09, 0x25, 0x00, 0x1a, 0x01, 0x05, 0x01, 0x01,
  0x01, 0x04, 0x01, 0x08, 0x23, 0x02, 0x04, 0x04, 0x26, 0x22, 0x00, 0x67, 0x04, 0x04, 0x26, 0x26,
  0x04, 0x20, 0x00, 0xba, 0x04, 0x09, 0x00, 0x01, 0x07, 0x02, 0x09, 0x00, 0x1b, 0x23, 0x02, 0x21,
  0x00, 0x77, 0x04, 0x00, 0x00, 0x1c, 0x03, 0x29, 0x00, 0x01, 0x09, 0x00, 0x05, 0x07, 0x02, 0x0e,
  0x00, 0x1d, 0x23, 0x01, 0x07, 0x04, 0x01, 0x13, 0x21, 0x00, 0x1f, 0x04, 0x09, 0x00, 0x00, 0x07,
  0x01, 0x00, 0x00, 0x1e, 0x09, 0x00, 0x03, 0x07, 0x02, 0x0e, 0x00, 0x1d, 0x23, 0x01, 0x16, 0x00,
  0x00, 0x1f, 0x16, 0x02, 0x23, 0x03, 0x04, 0x20, 0x00, 0x3a, 0x04, 0x09, 0x00, 0x09, 0x0e, 0x00,
  0x0a, 0x00, 0x00, 0x20, 0x09, 0x00, 0x09, 0x24, 0x00, 0x21, 0x00, 0x07, 0x02, 0x0e, 0x00, 0x22,
  0x16, 0x00, 0x00, 0x23, 0x25, 0x00, 0x24, 0x01, 0x03, 0x01, 0x01, 0x01, 0x02, 0x29, 0x00, 0x02,
  0x24, 0x00, 0x0b, 0x01, 0x04, 0x09, 0x00, 0x06, 0x07, 0x04, 0x25, 0x00, 0x25, 0x01, 0x03, 0x01,
  0x01, 0x23, 0x02, 0x04, 0x04, 0x26, 0x20, 0x00, 0x35, 0x04, 0x09, 0x00, 0x01, 0x07, 0x02, 0x09,
  0x00, 0x26, 0x23, 0x02, 0x21, 0x00, 0x0e, 0x04, 0x09, 0x00, 0x27, 0x07, 0x01, 0x07, 0x02, 0x23,
  0x02, 0x04, 0x20, 0x00, 0x19, 0x04, 0x09, 0x00, 0x00, 0x07, 0x01, 0x00, 0x00, 0x28, 0x09, 0x00,
  0x03, 0x07, 0x02, 0x23, 0x01, 0x16, 0x00, 0x00, 0x29, 0x16, 0x02, 0x23, 0x03, 0x04, 0x01, 0x27,
  0x25, 0x00, 0x00, 0x00, 0x9c, 0x00, 0x00, 0x00, 0x08, 0x00, 0x00, 0x00, 0x9d, 0x00, 0x00, 0x00,
  0x09, 0x00, 0x00, 0x00, 0x9e, 0x00, 0x00, 0x00, 0x24, 0x00, 0x00, 0x00, 0x9f, 0x00, 0x00, 0x00,
  0x07, 0x00, 0x00, 0x00, 0xa0, 0x00, 0x00, 0x00, 0x05, 0x00, 0x00, 0x00, 0xa2, 0x00, 0x00, 0x00,
  0x08, 0x00, 0x00, 0x00, 0xa3, 0x00, 0x00, 0x00, 0x13, 0x00, 0x00, 0x00, 0xa4, 0x00, 0x00, 0x00,
  0x1e, 0x00, 0x00, 0x00, 0xa5, 0x00, 0x00, 0x00, 0x12, 0x00, 0x00, 0x00, 0xa6, 0x00, 0x00, 0x00,
  0x0a, 0x00, 0x00, 0x00, 0xa7, 0x00, 0x00, 0x00, 0x03, 0x00, 0x00, 0x00, 0xa8, 0x00, 0x00, 0x00,
  0x0c, 0x00, 0x00, 0x00, 0xa9, 0x00, 0x00, 0x00, 0x18, 0x00, 0x00, 0x00, 0xaa, 0x00, 0x00, 0x00,
  0x0d, 0x00, 0x00, 0x00, 0xab, 0x00, 0x00, 0x00, 0x08, 0x00, 0x00, 0x00, 0xac, 0x00, 0x00, 0x00,
  0x0d, 0x00, 0x00, 0x00, 0xad, 0x00, 0x00, 0x00, 0x08, 0x00, 0x00, 0x00, 0xae, 0x00, 0x00, 0x00,
  0x1e, 0x00, 0x00, 0x00, 0xaf, 0x00, 0x00, 0x00, 0x07, 0x00, 0x00, 0x00, 0xb0, 0x00, 0x00, 0x00,
  0x05, 0x00, 0x00, 0x00, 0xb1, 0x00, 0x00, 0x00, 0x04, 0x00, 0x00, 0x00, 0xb2, 0x00, 0x00, 0x00,
  0x05, 0x00, 0x00, 0x00, 0xbc, 0x00, 0x00, 0x00, 0x0e, 0x00, 0x00, 0x00, 0xbd, 0x00, 0x00, 0x00,
  0x07, 0x00, 0x00, 0x00, 0xbe, 0x00, 0x00, 0x00, 0x15, 0x00, 0x00, 0x00, 0xbf, 0x00, 0x00, 0x00,
  0x07, 0x00, 0x00, 0x00, 0xc0, 0x00, 0x00, 0x00, 0x0a, 0x00, 0x00, 0x00, 0xc1, 0x00, 0x00, 0x00,
  0x27, 0x00, 0x00, 0x00, 0xc3, 0x00, 0x00, 0x00, 0x19, 0x00, 0x00, 0x00, 0xc7, 0x00, 0x00, 0x00,
  0x11, 0x00, 0x00, 0x00, 0xc8, 0x00, 0x00, 0x00, 0x05, 0x00, 0x00, 0x00, 0xcc, 0x00, 0x00, 0x00,
  0x0a, 0x00, 0x00, 0x00, 0xce, 0x00, 0x00, 0x00, 0x14, 0x00, 0x00, 0x00, 0xcf, 0x00, 0x00, 0x00,
  0x0a, 0x00, 0x00, 0x00, 0xd0, 0x00, 0x00, 0x00, 0x04, 0x00, 0x00, 0x00, 0xd1, 0x00, 0x00, 0x00,
  0x18, 0x00, 0x00, 0x00, 0xd3, 0x00, 0x00, 0x00, 0x02, 0x00, 0x00, 0x00, 0x2a, 0x00, 0x00, 0x00,
  0x01, 0x09, 0x00, 0x00, 0x00, 0x5f, 0x73, 0x63, 0x68, 0x65, 0x64, 0x75, 0x6c, 0x65, 0x01, 0x0a,
  0x00, 0x00, 0x00, 0x69, 0x73, 0x69, 0x6e, 0x73, 0x74, 0x61, 0x6e, 0x63, 0x65, 0x01, 0x04, 0x00,
  0x00, 0x00, 0x54, 0x61, 0x73, 0x6b, 0x01, 0x04, 0x00, 0x00, 0x00, 0x74, 0x79, 0x70, 0x65, 0x01,
  0x09, 0x00, 0x00, 0x00, 0x63, 0x6f, 0x72, 0x6f, 0x75, 0x74, 0x69, 0x6e, 0x65, 0x01, 0x08, 0x00,
  0x00, 0x00, 0x5f, 0x61, 0x73, 0x5f, 0x74, 0x61, 0x73, 0x6b, 0x01, 0x0a, 0x00, 0x00, 0x00, 0x5f,
  0x77, 0x68, 0x65, 0x6e, 0x5f, 0x64, 0x6f, 0x6e, 0x65, 0x02, 0x1c, 0x00, 0x00, 0x00, 0x01, 0x05,
  0x00, 0x00, 0x00, 0x54, 0x69, 0x6d, 0x65, 0x72, 0x01, 0x05, 0x00, 0x00, 0x00, 0x5f, 0x6c, 0x6f,
  0x6f, 0x70, 0x01, 0x06, 0x00, 0x00, 0x00, 0x74, 0x69, 0x6d, 0x65, 0x72, 0x73, 0x01, 0x04, 0x00,
  0x00, 0x00, 0x70, 0x75, 0x73, 0x68, 0x01, 0x02, 0x00, 0x00, 0x00, 0x61, 0x74, 0x01, 0x05, 0x00,
  0x00, 0x00, 0x75, 0x6e, 0x74, 0x69, 0x6c, 0x01, 0x04, 0x00, 0x00, 0x00, 0x66, 0x69, 0x72, 0x65,
  0x02, 0x1d, 0x00, 0x00, 0x00, 0x01, 0x06, 0x00, 0x00, 0x00, 0x47, 0x61, 0x74, 0x68, 0x65, 0x72,
  0x01, 0x03, 0x00, 0x00, 0x00, 0x6c, 0x65, 0x6e, 0x01, 0x05, 0x00, 0x00, 0x00, 0x69, 0x74, 0x65,
  0x6d, 0x73, 0x01, 0x04, 0x00, 0x00, 0x00, 0x6c, 0x65, 0x66, 0x74, 0x01, 0x06, 0x00, 0x00, 0x00,
  0x66, 0x61, 0x69, 0x6c, 0x65, 0x64, 0x00, 0x00, 0x00, 0x00, 0x00, 0x00, 0x00, 0x00, 0x00, 0x00,
  0x00, 0x00, 0x00, 0x00, 0x00, 0x00, 0x00, 0x00, 0x00, 0x00, 0x00, 0x00, 0x00, 0x00, 0x00, 0x00,
  0x00, 0x01, 0x0d, 0x00, 0x00, 0x00, 0x63, 0x61, 0x6e, 0x27, 0x74, 0x20, 0x67, 0x61, 0x74, 0x68,
  0x65, 0x72, 0x20, 0x01, 0x1e, 0x00, 0x00, 0x00, 0x20, 0x28, 0x75, 0x73, 0x65, 0x20, 0x61, 0x73,
  0x79, 0x6e, 0x63, 0x20, 0x66, 0x6e, 0x20, 0x63, 0x61, 0x6c, 0x6c, 0x73, 0x20, 0x6f, 0x72, 0x20,
  0x74, 0x61, 0x73, 0x6b, 0x73, 0x29, 0x02, 0x1e, 0x00, 0x00, 0x00, 0x01, 0x07, 0x00, 0x00, 0x00,
  0x54, 0x69, 0x6d, 0x65, 0x6f, 0x75, 0x74, 0x01, 0x04, 0x00, 0x00, 0x00, 0x6f, 0x76, 0x65, 0x72,
  0x01, 0x04, 0x00, 0x00, 0x00, 0x77, 0x68, 0x61, 0x74, 0x01, 0x0c, 0x00, 0x00, 0x00, 0x63, 0x61,
  0x6e, 0x27, 0x74, 0x20, 0x61, 0x77, 0x61, 0x69, 0x74, 0x20, 0x01, 0x0f, 0x00, 0x00, 0x00, 0x20,
  0x77, 0x69, 0x74, 0x68, 0x20, 0x61, 0x20, 0x74, 0x69, 0x6d, 0x65, 0x6f, 0x75, 0x74, 0x01, 0x02,
  0x00, 0x00, 0x00, 0x61, 0x74, 0x01, 0x03, 0x00, 0x00, 0x00, 0x6e, 0x6f, 0x77, 0x01, 0x07, 0x00,
  0x00, 0x00, 0x73, 0x65, 0x63, 0x6f, 0x6e, 0x64, 0x73, 0x01, 0x04, 0x00, 0x00, 0x00, 0x66, 0x69,
  0x72, 0x65, 0x02, 0x1f, 0x00, 0x00, 0x00, 0x02, 0x20, 0x00, 0x00, 0x00, 0x01, 0x08, 0x00, 0x00,
  0x00, 0x50, 0x6f, 0x6c, 0x6c, 0x61, 0x62, 0x6c, 0x65, 0x01, 0x0a, 0x00, 0x00, 0x00, 0x5f, 0x77,
  0x61, 0x69, 0x74, 0x5f, 0x70, 0x6f, 0x6c, 0x6c, 0x01, 0x0c, 0x00, 0x00, 0x00, 0x63, 0x61, 0x6e,
  0x27, 0x74, 0x20, 0x61, 0x77, 0x61, 0x69, 0x74, 0x20, 0x01, 0x5c, 0x00, 0x00, 0x00, 0x3a, 0x20,
  0x61, 0x77, 0x61, 0x69, 0x74, 0x20, 0x61, 0x6e, 0x20, 0x61, 0x73, 0x79, 0x6e, 0x63, 0x20, 0x66,
  0x6e, 0x20, 0x63, 0x61, 0x6c, 0x6c, 0x2c, 0x20, 0x61, 0x20, 0x74, 0x61, 0x73, 0x6b, 0x2c, 0x20,
  0x74, 0x61, 0x73, 0x6b, 0x73, 0x2e, 0x73, 0x6c, 0x65, 0x65, 0x70, 0x28, 0x2e, 0x2e, 0x2e, 0x29,
  0x2c, 0x20, 0x74, 0x61, 0x73, 0x6b, 0x73, 0x2e, 0x67, 0x61, 0x74, 0x68, 0x65, 0x72, 0x28, 0x2e,
  0x2e, 0x2e, 0x29, 0x20, 0x6f, 0x72, 0x20, 0x61, 0x20, 0x63, 0x68, 0x61, 0x6e, 0x6e, 0x65, 0x6c,
  0x20, 0x6f, 0x70, 0x65, 0x72, 0x61, 0x74, 0x69, 0x6f, 0x6e, 0x05, 0x00, 0x00, 0x00, 0x5f, 0x73,
  0x74, 0x65, 0x70, 0x03, 0x03, 0x00, 0x00, 0x00, 0x69, 0x00, 0x00, 0x00, 0x01, 0x2b, 0x00, 0x2c,
  0x07, 0x03, 0x21, 0x00, 0x13, 0x04, 0x09, 0x00, 0x00, 0x07, 0x01, 0x0e, 0x00, 0x01, 0x07, 0x02,
  0x23, 0x02, 0x08, 0x04, 0x04, 0x20, 0x00, 0x10, 0x04, 0x09, 0x00, 0x02, 0x07, 0x01, 0x0e, 0x00,
  0x01, 0x07, 0x02, 0x23, 0x02, 0x08, 0x04, 0x04, 0x2c, 0x20, 0x00, 0x0d, 0x09, 0x00, 0x03, 0x07,
  0x01, 0x07, 0x05, 0x23, 0x02, 0x04, 0x01, 0x27, 0x04, 0x09, 0x00, 0x04, 0x07, 0x01, 0x0e, 0x00,
  0x01, 0x23, 0x01, 0x00, 0x00, 0x05, 0x13, 0x21, 0x00, 0x0e, 0x04, 0x09, 0x00, 0x06, 0x07, 0x01,
  0x07, 0x04, 0x23, 0x02, 0x04, 0x20, 0x00, 0x0b, 0x04, 0x09, 0x00, 0x07, 0x07, 0x01, 0x07, 0x04,
  0x23, 0x02, 0x04, 0x01, 0x27, 0x09, 0x00, 0x00, 0x00, 0xd6, 0x00, 0x00, 0x00, 0x01, 0x00, 0x00,
  0x00, 0xd7, 0x00, 0x00, 0x00, 0x03, 0x00, 0x00, 0x00, 0xd8, 0x00, 0x00, 0x00, 0x28, 0x00, 0x00,
  0x00, 0xd9, 0x00, 0x00, 0x00, 0x04, 0x00, 0x00, 0x00, 0xda, 0x00, 0x00, 0x00, 0x0a, 0x00, 0x00,
  0x00, 0xdb, 0x00, 0x00, 0x00, 0x02, 0x00, 0x00, 0x00, 0xdc, 0x00, 0x00, 0x00, 0x01, 0x00, 0x00,
  0x00, 0xdd, 0x00, 0x00, 0x00, 0x2a, 0x00, 0x00, 0x00, 0xde, 0x00, 0x00, 0x00, 0x02, 0x00, 0x00,
  0x00, 0x08, 0x00, 0x00, 0x00, 0x01, 0x0c, 0x00, 0x00, 0x00, 0x72, 0x65, 0x73, 0x75, 0x6d, 0x65,
  0x5f, 0x65, 0x72, 0x72, 0x6f, 0x72, 0x01, 0x02, 0x00, 0x00, 0x00, 0x63, 0x6f, 0x01, 0x06, 0x00,
  0x00, 0x00, 0x72, 0x65, 0x73, 0x75, 0x6d, 0x65, 0x01, 0x05, 0x00, 0x00, 0x00, 0x5f, 0x66, 0x61,
  0x69, 0x6c, 0x01, 0x06, 0x00, 0x00, 0x00, 0x73, 0x74, 0x61, 0x74, 0x75, 0x73, 0x01, 0x04, 0x00,
  0x00, 0x00, 0x64, 0x6f, 0x6e, 0x65, 0x01, 0x07, 0x00, 0x00, 0x00, 0x5f, 0x66, 0x69, 0x6e, 0x69,
  0x73, 0x68, 0x01, 0x09, 0x00, 0x00, 0x00, 0x5f, 0x64, 0x69, 0x73, 0x70, 0x61, 0x74, 0x63, 0x68,
  0xff, 0xff, 0xff, 0xff, 0x02, 0x02, 0x00, 0x00, 0x00, 0x0e, 0x00, 0x00, 0x00, 0x07, 0x01, 0x0e,
  0x00, 0x00, 0x07, 0x02, 0x0e, 0x00, 0x00, 0x17, 0x27, 0x01, 0x27, 0x01, 0x00, 0x00, 0x00, 0xef,
  0x00, 0x00, 0x00, 0x0e, 0x00, 0x00, 0x00, 0x01, 0x00, 0x00, 0x00, 0x01, 0x02, 0x00, 0x00, 0x00,
  0x61, 0x74, 0x0c, 0x00, 0x00, 0x00, 0x5f, 0x77, 0x61, 0x6b, 0x65, 0x5f, 0x74, 0x69, 0x6d, 0x65,
  0x72, 0x73, 0x00, 0x00, 0x00, 0x00, 0x00, 0x1c, 0x01, 0x00, 0x00, 0x09, 0x00, 0x00, 0x09, 0x00,
  0x01, 0x07, 0x01, 0x0e, 0x00, 0x02, 0x23, 0x01, 0x00, 0x00, 0x03, 0x13, 0x21, 0x00, 0x06, 0x04,
  0x03, 0x27, 0x20, 0x00, 0x01, 0x04, 0x00, 0x00, 0x04, 0x00, 0x00, 0x05, 0x09, 0x00, 0x01, 0x07,
  0x01, 0x0e, 0x00, 0x02, 0x23, 0x01, 0x1f, 0x00, 0x00, 0x06, 0x2a, 0x03, 0x00, 0x28, 0x07, 0x01,
  0x0e, 0x00, 0x02, 0x07, 0x05, 0x10, 0x0e, 0x00, 0x07, 0x07, 0x01, 0x0e, 0x00, 0x02, 0x07, 0x02,
  0x10, 0x0e, 0x00, 0x07, 0x15, 0x21, 0x00, 0x09, 0x04, 0x07, 0x05, 0x08, 0x02, 0x04, 0x20, 0x00,
  0x01, 0x04, 0x04, 0x22, 0x00, 0x2c, 0x04, 0x04, 0x07, 0x01, 0x0e, 0x00, 0x02, 0x07, 0x02, 0x10,
  0x0e, 0x00, 0x07, 0x07, 0x01, 0x24, 0x00, 0x08, 0x00, 0x17, 0x07, 0x03, 0x00, 0x00, 0x09, 0x14,
  0x21, 0x00, 0x36, 0x04, 0x09, 0x00, 0x0a, 0x0e, 0x00, 0x0b, 0x01, 0x13, 0x1d, 0x21, 0x00, 0x07,
  0x04, 0x07, 0x01, 0x0e, 0x00, 0x0c, 0x1d, 0x21, 0x00, 0x0e, 0x04, 0x09, 0x00, 0x0a, 0x07, 0x03,
  0x24, 0x00, 0x0b, 0x01, 0x04, 0x20, 0x00, 0x0e, 0x04, 0x07, 0x01, 0x05, 0x0e, 0x00, 0x0d, 0x07,
  0x03, 0x16, 0x0f, 0x00, 0x0d, 0x04, 0x20, 0x00, 0x01, 0x04, 0x07, 0x01, 0x24, 0x00, 0x08, 0x00,
  0x28, 0x00, 0x00, 0x28, 0x00, 0x00, 0x07, 0x01, 0x0e, 0x00, 0x02, 0x00, 0x00, 0x0e, 0x2a, 0x07,
  0x00, 0x27, 0x07, 0x09, 0x0e, 0x00, 0x07, 0x07, 0x04, 0x14, 0x1d, 0x21, 0x00, 0x0d, 0x04, 0x07,
  0x05, 0x07, 0x09, 0x24, 0x00, 0x0f, 0x01, 0x04, 0x20, 0x00, 0x0a, 0x04, 0x07, 0x06, 0x07, 0x09,
  0x24, 0x00, 0x0f, 0x01, 0x04, 0x04, 0x22, 0x00, 0x2b, 0x04, 0x04, 0x07, 0x05, 0x25, 0x00, 0x11,
  0x24, 0x00, 0x10, 0x01, 0x04, 0x07, 0x01, 0x07, 0x06, 0x0f, 0x00, 0x02, 0x04, 0x07, 0x05, 0x00,
  0x00, 0x12, 0x2a, 0x07, 0x00, 0x0b, 0x07, 0x09, 0x24, 0x00, 0x13, 0x00, 0x04, 0x04, 0x22, 0x00,
  0x0f, 0x04, 0x04, 0x02, 0x27, 0x01, 0x27, 0x13, 0x00, 0x00, 0x00, 0xe1, 0x00, 0x00, 0x00, 0x03,
  0x00, 0x00, 0x00, 0xe2, 0x00, 0x00, 0x00, 0x18, 0x00, 0x00, 0x00, 0xe3, 0x00, 0x00, 0x00, 0x03,
  0x00, 0x00, 0x00, 0xe4, 0x00, 0x00, 0x00, 0x15, 0x00, 0x00, 0x00, 0xe5, 0x00, 0x00, 0x00, 0x24,
  0x00, 0x00, 0x00, 0xe6, 0x00, 0x00, 0x00, 0x06, 0x00, 0x00, 0x00, 0xe7, 0x00, 0x00, 0x00, 0x12,
  0x00, 0x00, 0x00, 0xe8, 0x00, 0x00, 0x00, 0x0a, 0x00, 0x00, 0x00, 0xe9, 0x00, 0x00, 0x00, 0x32,
  0x00, 0x00, 0x00, 0xea, 0x00, 0x00, 0x00, 0x04, 0x00, 0x00, 0x00, 0xeb, 0x00, 0x00, 0x00, 0x06,
  0x00, 0x00, 0x00, 0xec, 0x00, 0x00, 0x00, 0x03, 0x00, 0x00, 0x00, 0xed, 0x00, 0x00, 0x00, 0x03,
  0x00, 0x00, 0x00, 0xee, 0x00, 0x00, 0x00, 0x35, 0x00, 0x00, 0x00, 0xef, 0x00, 0x00, 0x00, 0x0a,
  0x00, 0x00, 0x00, 0xf0, 0x00, 0x00, 0x00, 0x08, 0x00, 0x00, 0x00, 0xf1, 0x00, 0x00, 0x00, 0x16,
  0x00, 0x00, 0x00, 0xf2, 0x00, 0x00, 0x00, 0x02, 0x00, 0x00, 0x00, 0xf3, 0x00, 0x00, 0x00, 0x02,
  0x00, 0x00, 0x00, 0x14, 0x00, 0x00, 0x00, 0x01, 0x05, 0x00, 0x00, 0x00, 0x5f, 0x6c, 0x6f, 0x6f,
  0x70, 0x01, 0x03, 0x00, 0x00, 0x00, 0x6c, 0x65, 0x6e, 0x01, 0x06, 0x00, 0x00, 0x00, 0x74, 0x69,
  0x6d, 0x65, 0x72, 0x73, 0x00, 0x00, 0x00, 0x00, 0x00, 0x00, 0x00, 0x00, 0x00, 0x00, 0x00, 0x00,
  0x00, 0x00, 0x00, 0x00, 0x00, 0x00, 0x00, 0x00, 0x00, 0x00, 0x00, 0x00, 0x00, 0xf0, 0x3f, 0x00,
  0x00, 0x00, 0x00, 0x00, 0x00, 0x00, 0x00, 0x00, 0x01, 0x02, 0x00, 0x00, 0x00, 0x61, 0x74, 0x01,
  0x03, 0x00, 0x00, 0x00, 0x6e, 0x6f, 0x77, 0x00, 0x00, 0x00, 0x00, 0x00, 0x00, 0x00, 0x00, 0x00,
  0x01, 0x04, 0x00, 0x00, 0x00, 0x74, 0x69, 0x6d, 0x65, 0x01, 0x05, 0x00, 0x00, 0x00, 0x73, 0x6c,
  0x65, 0x65, 0x70, 0x01, 0x07, 0x00, 0x00, 0x00, 0x76, 0x69, 0x72, 0x74, 0x75, 0x61, 0x6c, 0x01,
  0x04, 0x00, 0x00, 0x00, 0x73, 0x6b, 0x65, 0x77, 0x00, 0x00, 0x00, 0x00, 0x00, 0x00, 0x00, 0x00,
  0x00, 0x01, 0x04, 0x00, 0x00, 0x00, 0x70, 0x75, 0x73, 0x68, 0x01, 0x04, 0x00, 0x00, 0x00, 0x73,
  0x6f, 0x72, 0x74, 0x02, 0x23, 0x00, 0x00, 0x00, 0x00, 0x00, 0x00, 0x00, 0x00, 0x00, 0x00, 0x00,
  0x00, 0x01, 0x04, 0x00, 0x00, 0x00, 0x66, 0x69, 0x72, 0x65, 0x09, 0x00, 0x00, 0x00, 0x5f, 0x70,
  0x6f, 0x6c, 0x6c, 0x5f, 0x61, 0x6c, 0x6c, 0x00, 0x00, 0x00, 0x00, 0x00, 0x5e, 0x00, 0x00, 0x00,
  0x09, 0x00, 0x00, 0x07, 0x01, 0x0e, 0x00, 0x01, 0x07, 0x01, 0x28, 0x00, 0x00, 0x0f, 0x00, 0x01,
  0x04, 0x03, 0x07, 0x02, 0x00, 0x00, 0x02, 0x2a, 0x04, 0x00, 0x3c, 0x07, 0x06, 0x0e, 0x00, 0x03,
  0x24, 0x00, 0x04, 0x00, 0x07, 0x07, 0x01, 0x13, 0x1d, 0x21, 0x00, 0x19, 0x04, 0x09, 0x00, 0x05,
  0x07, 0x06, 0x0e, 0x00, 0x06, 0x07, 0x07, 0x00, 0x00, 0x07, 0x10, 0x23, 0x02, 0x04, 0x02, 0x08,
  0x03, 0x04, 0x20, 0x00, 0x0d, 0x04, 0x07, 0x01, 0x0e, 0x00, 0x01, 0x07, 0x06, 0x24, 0x00, 0x08,
  0x01, 0x04, 0x04, 0x04, 0x22, 0x00, 0x40, 0x04, 0x04, 0x07, 0x03, 0x27, 0x01, 0x27, 0x0a, 0x00,
  0x00, 0x00, 0xf6, 0x00, 0x00, 0x00, 0x03, 0x00, 0x00, 0x00, 0xf7, 0x00, 0x00, 0x00, 0x05, 0x00,
  0x00, 0x00, 0xf8, 0x00, 0x00, 0x00, 0x09, 0x00, 0x00, 0x00, 0xf9, 0x00, 0x00, 0x00, 0x01, 0x00,
  0x00, 0x00, 0xfa, 0x00, 0x00, 0x00, 0x09, 0x00, 0x00, 0x00, 0xfb, 0x00, 0x00, 0x00, 0x09, 0x00,
  0x00, 0x00, 0xfc, 0x00, 0x00, 0x00, 0x2e, 0x00, 0x00, 0x00, 0xfd, 0x00, 0x00, 0x00, 0x07, 0x00,
  0x00, 0x00, 0xfe, 0x00, 0x00, 0x00, 0x03, 0x00, 0x00, 0x00, 0xff, 0x00, 0x00, 0x00, 0x02, 0x00,
  0x00, 0x00, 0x09, 0x00, 0x00, 0x00, 0x01, 0x05, 0x00, 0x00, 0x00, 0x5f, 0x6c, 0x6f, 0x6f, 0x70,
  0x01, 0x07, 0x00, 0x00, 0x00, 0x70, 0x6f, 0x6c, 0x6c, 0x65, 0x72, 0x73, 0x00, 0x00, 0x00, 0x00,
  0x00, 0x00, 0x00, 0x00, 0x00, 0x01, 0x04, 0x00, 0x00, 0x00, 0x77, 0x61, 0x69, 0x74, 0x01, 0x04,
  0x00, 0x00, 0x00, 0x70, 0x6f, 0x6c, 0x6c, 0x01, 0x09, 0x00, 0x00, 0x00, 0x5f, 0x73, 0x63, 0x68,
  0x65, 0x64, 0x75, 0x6c, 0x65, 0x01, 0x04, 0x00, 0x00, 0x00, 0x74, 0x61, 0x73, 0x6b, 0x00, 0x00,
  0x00, 0x00, 0x00, 0x00, 0x00, 0x00, 0x00, 0x01, 0x04, 0x00, 0x00, 0x00, 0x70, 0x75, 0x73, 0x68,
  0x03, 0x00, 0x00, 0x00, 0x72, 0x75, 0x6e, 0x02, 0x01, 0x00, 0x00, 0x00, 0x14, 0x01, 0x00, 0x00,
  0x07, 0x02, 0x38, 0x00, 0x04, 0x04, 0x03, 0x08, 0x02, 0x04, 0x09, 0x00, 0x00, 0x09, 0x00, 0x01,
  0x07, 0x02, 0x23, 0x01, 0x07, 0x04, 0x0b, 0x00, 0x00, 0x04, 0x01, 0x01, 0x2b, 0x00, 0x86, 0x09,
  0x00, 0x02, 0x07, 0x01, 0x23, 0x01, 0x08, 0x05, 0x04, 0x07, 0x05, 0x0e, 0x00, 0x03, 0x1d, 0x21,
  0x00, 0x6e, 0x04, 0x09, 0x00, 0x04, 0x07, 0x04, 0x0e, 0x00, 0x05, 0x23, 0x01, 0x00, 0x00, 0x06,
  0x14, 0x21, 0x00, 0x3a, 0x04, 0x07, 0x04, 0x0e, 0x00, 0x05, 0x07, 0x04, 0x28, 0x00, 0x00, 0x0f,
  0x00, 0x05, 0x04, 0x07, 0x07, 0x00, 0x00, 0x07, 0x2a, 0x08, 0x00, 0x1c, 0x09, 0x00, 0x08, 0x07,
  0x0a, 0x00, 0x00, 0x09, 0x10, 0x07, 0x0a, 0x00, 0x00, 0x0a, 0x10, 0x07, 0x0a, 0x00, 0x00, 0x0b,
  0x10, 0x23, 0x03, 0x04, 0x04, 0x22, 0x00, 0x20, 0x04, 0x04, 0x04, 0x20, 0x00, 0x1f, 0x04, 0x09,
  0x00, 0x0c, 0x23, 0x00, 0x21, 0x00, 0x04, 0x04, 0x20, 0x00, 0x12, 0x04, 0x09, 0x00, 0x0d, 0x23,
  0x00, 0x21, 0x00, 0x04, 0x04, 0x20, 0x00, 0x05, 0x04, 0x00, 0x00, 0x0e, 0x2d, 0x22, 0x00, 0x77,
  0x04, 0x2c, 0x20, 0x00, 0x0c, 0x00, 0x00, 0x0f, 0x07, 0x07, 0x29, 0x00, 0x01, 0x08, 0x06, 0x04,
  0x04, 0x07, 0x03, 0x0b, 0x00, 0x00, 0x04, 0x07, 0x06, 0x01, 0x13, 0x1d, 0x21, 0x00, 0x0a, 0x04,
  0x07, 0x06, 0x0e, 0x00, 0x0f, 0x2d, 0x20, 0x00, 0x01, 0x04, 0x07, 0x05, 0x0e, 0x00, 0x10, 0x21,
  0x00, 0x0a, 0x04, 0x07, 0x05, 0x0e, 0x00, 0x0f, 0x2d, 0x20, 0x00, 0x01, 0x04, 0x07, 0x04, 0x0e,
  0x00, 0x11, 0x00, 0x00, 0x12, 0x2a, 0x07, 0x00, 0x21, 0x07, 0x09, 0x0e, 0x00, 0x10, 0x21, 0x00,
  0x07, 0x04, 0x07, 0x09, 0x0e, 0x00, 0x13, 0x1d, 0x21, 0x00, 0x0a, 0x04, 0x07, 0x09, 0x0e, 0x00,
  0x0f, 0x2d, 0x20, 0x00, 0x01, 0x04, 0x04, 0x22, 0x00, 0x25, 0x04, 0x04, 0x07, 0x05, 0x0e, 0x00,
  0x14, 0x27, 0x01, 0x27, 0x1d, 0x00, 0x00, 0x00, 0x04, 0x01, 0x00, 0x00, 0x0a, 0x00, 0x00, 0x00,
  0x05, 0x01, 0x00, 0x00, 0x03, 0x00, 0x00, 0x00, 0x06, 0x01, 0x00, 0x00, 0x07, 0x00, 0x00, 0x00,
  0x07, 0x01, 0x00, 0x00, 0x06, 0x00, 0x00, 0x00, 0x08, 0x01, 0x00, 0x00, 0x01, 0x00, 0x00, 0x00,
  0x09, 0x01, 0x00, 0x00, 0x01, 0x00, 0x00, 0x00, 0x0a, 0x01, 0x00, 0x00, 0x03, 0x00, 0x00, 0x00,
  0x0b, 0x01, 0x00, 0x00, 0x0a, 0x00, 0x00, 0x00, 0x0c, 0x01, 0x00, 0x00, 0x0a, 0x00, 0x00, 0x00,
  0x0d, 0x01, 0x00, 0x00, 0x12, 0x00, 0x00, 0x00, 0x0e, 0x01, 0x00, 0x00, 0x05, 0x00, 0x00, 0x00,
  0x0f, 0x01, 0x00, 0x00, 0x09, 0x00, 0x00, 0x00, 0x10, 0x01, 0x00, 0x00, 0x27, 0x00, 0x00, 0x00,
  0x11, 0x01, 0x00, 0x00, 0x0e, 0x00, 0x00, 0x00, 0x13, 0x01, 0x00, 0x00, 0x0d, 0x00, 0x00, 0x00,
  0x15, 0x01, 0x00, 0x00, 0x04, 0x00, 0x00, 0x00, 0x16, 0x01, 0x00, 0x00, 0x04, 0x00, 0x00, 0x00,
  0x18, 0x01, 0x00, 0x00, 0x04, 0x00, 0x00, 0x00, 0x19, 0x01, 0x00, 0x00, 0x04, 0x00, 0x00, 0x00,
  0x1a, 0x01, 0x00, 0x00, 0x0b, 0x00, 0x00, 0x00, 0x1b, 0x01, 0x00, 0x00, 0x01, 0x00, 0x00, 0x00,
  0x1c, 0x01, 0x00, 0x00, 0x06, 0x00, 0x00, 0x00, 0x1d, 0x01, 0x00, 0x00, 0x13, 0x00, 0x00, 0x00,
  0x1e, 0x01, 0x00, 0x00, 0x13, 0x00, 0x00, 0x00, 0x1f, 0x01, 0x00, 0x00, 0x0c, 0x00, 0x00, 0x00,
  0x20, 0x01, 0x00, 0x00, 0x1d, 0x00, 0x00, 0x00, 0x21, 0x01, 0x00, 0x00, 0x06, 0x00, 0x00, 0x00,
  0x22, 0x01, 0x00, 0x00, 0x06, 0x00, 0x00, 0x00, 0x23, 0x01, 0x00, 0x00, 0x02, 0x00, 0x00, 0x00,
  0x15, 0x00, 0x00, 0x00, 0x01, 0x05, 0x00, 0x00, 0x00, 0x5f, 0x6c, 0x6f, 0x6f, 0x70, 0x01, 0x04,
  0x00, 0x00, 0x00, 0x4c, 0x6f, 0x6f, 0x70, 0x01, 0x05, 0x00, 0x00, 0x00, 0x73, 0x70, 0x61, 0x77,
  0x6e, 0x01, 0x04, 0x00, 0x00, 0x00, 0x64, 0x6f, 0x6e, 0x65, 0x01, 0x03, 0x00, 0x00, 0x00, 0x6c,
  0x65, 0x6e, 0x01, 0x05, 0x00, 0x00, 0x00, 0x72, 0x65, 0x61, 0x64, 0x79, 0x00, 0x00, 0x00, 0x00,
  0x00, 0x00, 0x00, 0x00, 0x00, 0x00, 0x00, 0x00, 0x00, 0x00, 0x00, 0x00, 0x00, 0x00, 0x01, 0x05,
  0x00, 0x00, 0x00, 0x5f, 0x73, 0x74, 0x65, 0x70, 0x00, 0x00, 0x00, 0x00, 0x00, 0x00, 0x00, 0x00,
  0x00, 0x00, 0x00, 0x00, 0x00, 0x00, 0x00, 0x00, 0xf0, 0x3f, 0x00, 0x00, 0x00, 0x00, 0x00, 0x00,
  0x00, 0x00, 0x40, 0x01, 0x09, 0x00, 0x00, 0x00, 0x5f, 0x70, 0x6f, 0x6c, 0x6c, 0x5f, 0x61, 0x6c,
  0x6c, 0x01, 0x0c, 0x00, 0x00, 0x00, 0x5f, 0x77, 0x61, 0x6b, 0x65, 0x5f, 0x74, 0x69, 0x6d, 0x65,
  0x72, 0x73, 0x01, 0x43, 0x00, 0x00, 0x00, 0x64, 0x65, 0x61, 0x64, 0x6c, 0x6f, 0x63, 0x6b, 0x3a,
  0x20, 0x65, 0x76, 0x65, 0x72, 0x79, 0x20, 0x74, 0x61, 0x73, 0x6b, 0x20, 0x69, 0x73, 0x20, 0x77,
  0x61, 0x69, 0x74, 0x69, 0x6e, 0x67, 0x20, 0x66, 0x6f, 0x72, 0x20, 0x73, 0x6f, 0x6d, 0x65, 0x74,
  0x68, 0x69, 0x6e, 0x67, 0x20, 0x74, 0x68, 0x61, 0x74, 0x20, 0x63, 0x61, 0x6e, 0x20, 0x6e, 0x65,
  0x76, 0x65, 0x72, 0x20, 0x68, 0x61, 0x70, 0x70, 0x65, 0x6e, 0x01, 0x05, 0x00, 0x00, 0x00, 0x65,
  0x72, 0x72, 0x6f, 0x72, 0x01, 0x06, 0x00, 0x00, 0x00, 0x66, 0x61, 0x69, 0x6c, 0x65, 0x64, 0x01,
  0x05, 0x00, 0x00, 0x00, 0x74, 0x61, 0x73, 0x6b, 0x73, 0x00, 0x00, 0x00, 0x00, 0x00, 0x00, 0x00,
  0x00, 0x00, 0x01, 0x08, 0x00, 0x00, 0x00, 0x6f, 0x62, 0x73, 0x65, 0x72, 0x76, 0x65, 0x64, 0x01,
  0x06, 0x00, 0x00, 0x00, 0x72, 0x65, 0x73, 0x75, 0x6c, 0x74, 0xff, 0xff, 0xff, 0xff, 0x00, 0x00,
  0x00, 0x00, 0x01, 0x36, 0x01, 0x00, 0x00, 0x30, 0x00, 0x00, 0x0a, 0x00, 0x00, 0x09, 0x00, 0x00,
  0x25, 0x00, 0x02, 0x32, 0x00, 0x01, 0x25, 0x00, 0x04, 0x32, 0x00, 0x03, 0x25, 0x00, 0x06, 0x32,
  0x00, 0x05, 0x25, 0x00, 0x08, 0x32, 0x00, 0x07, 0x04, 0x30, 0x00, 0x09, 0x0a, 0x00, 0x09, 0x09,
  0x00, 0x09, 0x25, 0x00, 0x0a, 0x32, 0x00, 0x01, 0x04, 0x30, 0x00, 0x0b, 0x0a, 0x00, 0x0b, 0x09,
  0x00, 0x0b, 0x25, 0x00, 0x0c, 0x32, 0x00, 0x01, 0x04, 0x30, 0x00, 0x0d, 0x0a, 0x00, 0x0d, 0x09,
  0x00, 0x0d, 0x25, 0x00, 0x0e, 0x32, 0x00, 0x01, 0x04, 0x30, 0x00, 0x0f, 0x0a, 0x00, 0x0f, 0x09,
  0x00, 0x0f, 0x04, 0x30, 0x00, 0x10, 0x0a, 0x00, 0x10, 0x09, 0x00, 0x0f, 0x09, 0x00, 0x10, 0x31,
  0x09, 0x00, 0x10, 0x25, 0x00, 0x11, 0x32, 0x00, 0x01, 0x25, 0x00, 0x13, 0x32, 0x00, 0x12, 0x04,
  0x04, 0x30, 0x00, 0x14, 0x0a, 0x00, 0x14, 0x09, 0x00, 0x0f, 0x09, 0x00, 0x14, 0x31, 0x09, 0x00,
  0x14, 0x25, 0x00, 0x15, 0x32, 0x00, 0x01, 0x25, 0x00, 0x16, 0x32, 0x00, 0x12, 0x04, 0x04, 0x30,
  0x00, 0x17, 0x0a, 0x00, 0x17, 0x09, 0x00, 0x17, 0x25, 0x00, 0x18, 0x32, 0x00, 0x01, 0x25, 0x00,
  0x1a, 0x32, 0x00, 0x19, 0x25, 0x00, 0x1c, 0x32, 0x00, 0x1b, 0x25, 0x00, 0x1e, 0x32, 0x00, 0x1d,
  0x25, 0x00, 0x20, 0x32, 0x00, 0x1f, 0x04, 0x01, 0x0a, 0x00, 0x21, 0x30, 0x00, 0x22, 0x0a, 0x00,
  0x22, 0x09, 0x00, 0x22, 0x25, 0x00, 0x23, 0x32, 0x00, 0x01, 0x25, 0x00, 0x25, 0x32, 0x00, 0x24,
  0x04, 0x25, 0x00, 0x27, 0x0a, 0x00, 0x26, 0x25, 0x00, 0x29, 0x0a, 0x00, 0x28, 0x25, 0x00, 0x2b,
  0x0a, 0x00, 0x2a, 0x25, 0x00, 0x2d, 0x0a, 0x00, 0x2c, 0x25, 0x00, 0x2f, 0x0a, 0x00, 0x2e, 0x25,
  0x00, 0x31, 0x0a, 0x00, 0x30, 0x25, 0x00, 0x33, 0x0a, 0x00, 0x32, 0x25, 0x00, 0x35, 0x0a, 0x00,
  0x34, 0x25, 0x00, 0x37, 0x0a, 0x00, 0x36, 0x25, 0x00, 0x39, 0x0a, 0x00, 0x38, 0x25, 0x00, 0x3b,
  0x0a, 0x00, 0x3a, 0x25, 0x00, 0x3d, 0x0a, 0x00, 0x3c, 0x25, 0x00, 0x3f, 0x0a, 0x00, 0x3e, 0x25,
  0x00, 0x41, 0x0a, 0x00, 0x40, 0x25, 0x00, 0x43, 0x0a, 0x00, 0x42, 0x01, 0x27, 0x2d, 0x00, 0x00,
  0x00, 0x18, 0x00, 0x00, 0x00, 0x09, 0x00, 0x00, 0x00, 0x21, 0x00, 0x00, 0x00, 0x06, 0x00, 0x00,
  0x00, 0x22, 0x00, 0x00, 0x00, 0x06, 0x00, 0x00, 0x00, 0x29, 0x00, 0x00, 0x00, 0x06, 0x00, 0x00,
  0x00, 0x2a, 0x00, 0x00, 0x00, 0x06, 0x00, 0x00, 0x00, 0x2b, 0x00, 0x00, 0x00, 0x01, 0x00, 0x00,
  0x00, 0x2d, 0x00, 0x00, 0x00, 0x10, 0x00, 0x00, 0x00, 0x2e, 0x00, 0x00, 0x00, 0x10, 0x00, 0x00,
  0x00, 0x2f, 0x00, 0x00, 0x00, 0x10, 0x00, 0x00, 0x00, 0x31, 0x00, 0x00, 0x00, 0x0a, 0x00, 0x00,
  0x00, 0x33, 0x00, 0x00, 0x00, 0x10, 0x00, 0x00, 0x00, 0x34, 0x00, 0x00, 0x00, 0x06, 0x00, 0x00,
  0x00, 0x3a, 0x00, 0x00, 0x00, 0x06, 0x00, 0x00, 0x00, 0x3b, 0x00, 0x00, 0x00, 0x02, 0x00, 0x00,
  0x00, 0x3d, 0x00, 0x00, 0x00, 0x10, 0x00, 0x00, 0x00, 0x3e, 0x00, 0x00, 0x00, 0x06, 0x00, 0x00,
  0x00, 0x47, 0x00, 0x00, 0x00, 0x06, 0x00, 0x00, 0x00, 0x48, 0x00, 0x00, 0x00, 0x02, 0x00, 0x00,
  0x00, 0x4d, 0x00, 0x00, 0x00, 0x09, 0x00, 0x00, 0x00, 0x52, 0x00, 0x00, 0x00, 0x06, 0x00, 0x00,
  0x00, 0x53, 0x00, 0x00, 0x00, 0x06, 0x00, 0x00, 0x00, 0x54, 0x00, 0x00, 0x00, 0x06, 0x00, 0x00,
  0x00, 0x55, 0x00, 0x00, 0x00, 0x06, 0x00, 0x00, 0x00, 0x56, 0x00, 0x00, 0x00, 0x06, 0x00, 0x00,
  0x00, 0x57, 0x00, 0x00, 0x00, 0x01, 0x00, 0x00, 0x00, 0x59, 0x00, 0x00, 0x00, 0x04, 0x00, 0x00,
  0x00, 0x5b, 0x00, 0x00, 0x00, 0x09, 0x00, 0x00, 0x00, 0x63, 0x00, 0x00, 0x00, 0x06, 0x00, 0x00,
  0x00, 0x64, 0x00, 0x00, 0x00, 0x06, 0x00, 0x00, 0x00, 0x65, 0x00, 0x00, 0x00, 0x01, 0x00, 0x00,
  0x00, 0x67, 0x00, 0x00, 0x00, 0x06, 0x00, 0x00, 0x00, 0x6f, 0x00, 0x00, 0x00, 0x06, 0x00, 0x00,
  0x00, 0x78, 0x00, 0x00, 0x00, 0x06, 0x00, 0x00, 0x00, 0x7e, 0x00, 0x00, 0x00, 0x06, 0x00, 0x00,
  0x00, 0x89, 0x00, 0x00, 0x00, 0x06, 0x00, 0x00, 0x00, 0x8b, 0x00, 0x00, 0x00, 0x06, 0x00, 0x00,
  0x00, 0x8c, 0x00, 0x00, 0x00, 0x06, 0x00, 0x00, 0x00, 0x8d, 0x00, 0x00, 0x00, 0x06, 0x00, 0x00,
  0x00, 0x93, 0x00, 0x00, 0x00, 0x06, 0x00, 0x00, 0x00, 0x98, 0x00, 0x00, 0x00, 0x06, 0x00, 0x00,
  0x00, 0xd3, 0x00, 0x00, 0x00, 0x06, 0x00, 0x00, 0x00, 0xde, 0x00, 0x00, 0x00, 0x06, 0x00, 0x00,
  0x00, 0xf3, 0x00, 0x00, 0x00, 0x06, 0x00, 0x00, 0x00, 0xff, 0x00, 0x00, 0x00, 0x06, 0x00, 0x00,
  0x00, 0x23, 0x01, 0x00, 0x00, 0x08, 0x00, 0x00, 0x00, 0x44, 0x00, 0x00, 0x00, 0x01, 0x04, 0x00,
  0x00, 0x00, 0x54, 0x61, 0x73, 0x6b, 0x01, 0x04, 0x00, 0x00, 0x00, 0x69, 0x6e, 0x69, 0x74, 0x02,
  0x00, 0x00, 0x00, 0x00, 0x01, 0x07, 0x00, 0x00, 0x00, 0x69, 0x73, 0x5f, 0x64, 0x6f, 0x6e, 0x65,
  0x02, 0x01, 0x00, 0x00, 0x00, 0x01, 0x05, 0x00, 0x00, 0x00, 0x76, 0x61, 0x6c, 0x75, 0x65, 0x02,
  0x02, 0x00, 0x00, 0x00, 0x01, 0x06, 0x00, 0x00, 0x00, 0x74, 0x6f, 0x5f, 0x73, 0x74, 0x72, 0x02,
  0x03, 0x00, 0x00, 0x00, 0x01, 0x05, 0x00, 0x00, 0x00, 0x54, 0x69, 0x6d, 0x65, 0x72, 0x02, 0x04,
  0x00, 0x00, 0x00, 0x01, 0x06, 0x00, 0x00, 0x00, 0x47, 0x61, 0x74, 0x68, 0x65, 0x72, 0x02, 0x05,
  0x00, 0x00, 0x00, 0x01, 0x07, 0x00, 0x00, 0x00, 0x54, 0x69, 0x6d, 0x65, 0x6f, 0x75, 0x74, 0x02,
  0x06, 0x00, 0x00, 0x00, 0x01, 0x08, 0x00, 0x00, 0x00, 0x50, 0x6f, 0x6c, 0x6c, 0x61, 0x62, 0x6c,
  0x65, 0x01, 0x04, 0x00, 0x00, 0x00, 0x52, 0x65, 0x63, 0x76, 0x02, 0x07, 0x00, 0x00, 0x00, 0x01,
  0x04, 0x00, 0x00, 0x00, 0x70, 0x6f, 0x6c, 0x6c, 0x02, 0x08, 0x00, 0x00, 0x00, 0x01, 0x04, 0x00,
  0x00, 0x00, 0x53, 0x65, 0x6e, 0x64, 0x02, 0x09, 0x00, 0x00, 0x00, 0x02, 0x0a, 0x00, 0x00, 0x00,
  0x01, 0x07, 0x00, 0x00, 0x00, 0x43, 0x68, 0x61, 0x6e, 0x6e, 0x65, 0x6c, 0x02, 0x0b, 0x00, 0x00,
  0x00, 0x01, 0x04, 0x00, 0x00, 0x00, 0x73, 0x65, 0x6e, 0x64, 0x02, 0x0c, 0x00, 0x00, 0x00, 0x01,
  0x04, 0x00, 0x00, 0x00, 0x72, 0x65, 0x63, 0x76, 0x02, 0x0d, 0x00, 0x00, 0x00, 0x01, 0x05, 0x00,
  0x00, 0x00, 0x63, 0x6c, 0x6f, 0x73, 0x65, 0x02, 0x0e, 0x00, 0x00, 0x00, 0x01, 0x03, 0x00, 0x00,
  0x00, 0x6c, 0x65, 0x6e, 0x02, 0x0f, 0x00, 0x00, 0x00, 0x01, 0x05, 0x00, 0x00, 0x00, 0x5f, 0x6c,
  0x6f, 0x6f, 0x70, 0x01, 0x04, 0x00, 0x00, 0x00, 0x4c, 0x6f, 0x6f, 0x70, 0x02, 0x10, 0x00, 0x00,
  0x00, 0x01, 0x03, 0x00, 0x00, 0x00, 0x6e, 0x6f, 0x77, 0x02, 0x11, 0x00, 0x00, 0x00, 0x01, 0x09,
  0x00, 0x00, 0x00, 0x5f, 0x73, 0x63, 0x68, 0x65, 0x64, 0x75, 0x6c, 0x65, 0x02, 0x12, 0x00, 0x00,
  0x00, 0x01, 0x07, 0x00, 0x00, 0x00, 0x5f, 0x66, 0x69, 0x6e, 0x69, 0x73, 0x68, 0x02, 0x13, 0x00,
  0x00, 0x00, 0x01, 0x05, 0x00, 0x00, 0x00, 0x5f, 0x66, 0x61, 0x69, 0x6c, 0x02, 0x14, 0x00, 0x00,
  0x00, 0x01, 0x0a, 0x00, 0x00, 0x00, 0x5f, 0x77, 0x68, 0x65, 0x6e, 0x5f, 0x64, 0x6f, 0x6e, 0x65,
  0x02, 0x15, 0x00, 0x00, 0x00, 0x01, 0x05, 0x00, 0x00, 0x00, 0x73, 0x70, 0x61, 0x77, 0x6e, 0x02,
  0x16, 0x00, 0x00, 0x00, 0x01, 0x05, 0x00, 0x00, 0x00, 0x73, 0x6c, 0x65, 0x65, 0x70, 0x02, 0x17,
  0x00, 0x00, 0x00, 0x01, 0x06, 0x00, 0x00, 0x00, 0x67, 0x61, 0x74, 0x68, 0x65, 0x72, 0x02, 0x18,
  0x00, 0x00, 0x00, 0x01, 0x07, 0x00, 0x00, 0x00, 0x74, 0x69, 0x6d, 0x65, 0x6f, 0x75, 0x74, 0x02,
  0x19, 0x00, 0x00, 0x00, 0x01, 0x08, 0x00, 0x00, 0x00, 0x5f, 0x61, 0x73, 0x5f, 0x74, 0x61, 0x73,
  0x6b, 0x02, 0x1a, 0x00, 0x00, 0x00, 0x01, 0x0a, 0x00, 0x00, 0x00, 0x5f, 0x77, 0x61, 0x69, 0x74,
  0x5f, 0x70, 0x6f, 0x6c, 0x6c, 0x02, 0x1b, 0x00, 0x00, 0x00, 0x01, 0x09, 0x00, 0x00, 0x00, 0x5f,
  0x64, 0x69, 0x73, 0x70, 0x61, 0x74, 0x63, 0x68, 0x02, 0x21, 0x00, 0x00, 0x00, 0x01, 0x05, 0x00,
  0x00, 0x00, 0x5f, 0x73, 0x74, 0x65, 0x70, 0x02, 0x22, 0x00, 0x00, 0x00, 0x01, 0x0c, 0x00, 0x00,
  0x00, 0x5f, 0x77, 0x61, 0x6b, 0x65, 0x5f, 0x74, 0x69, 0x6d, 0x65, 0x72, 0x73, 0x02, 0x24, 0x00,
  0x00, 0x00, 0x01, 0x09, 0x00, 0x00, 0x00, 0x5f, 0x70, 0x6f, 0x6c, 0x6c, 0x5f, 0x61, 0x6c, 0x6c,
  0x02, 0x25, 0x00, 0x00, 0x00, 0x01, 0x03, 0x00, 0x00, 0x00, 0x72, 0x75, 0x6e, 0x02, 0x26, 0x00,
  0x00, 0x00, 0x75, 0x87, 0xed, 0x73,
};

/* std/test */
static const unsigned char embedded_14[] = {
  0x7f, 0x46, 0x58, 0x43, 0x01, 0x00, 0x01, 0x00, 0x00, 0x00, 0x00, 0x00, 0x05, 0x00, 0x00, 0x00,
  0x31, 0x2e, 0x30, 0x2e, 0x30, 0x07, 0x00, 0x00, 0x00, 0x74, 0x65, 0x73, 0x74, 0x2e, 0x66, 0x78,
  0x09, 0x00, 0x00, 0x00, 0x04, 0x00, 0x00, 0x00, 0x74, 0x65, 0x73, 0x74, 0x02, 0x02, 0x00, 0x00,
  0x00, 0x23, 0x00, 0x00, 0x00, 0x09, 0x00, 0x00, 0x0e, 0x00, 0x01, 0x00, 0x00, 0x03, 0x07, 0x01,
  0x00, 0x00, 0x04, 0x07, 0x02, 0x00, 0x00, 0x05, 0x09, 0x00, 0x00, 0x0e, 0x00, 0x05, 0x29, 0x00,
  0x03, 0x24, 0x00, 0x02, 0x01, 0x04, 0x01, 0x27, 0x02, 0x00, 0x00, 0x00, 0x0f, 0x00, 0x00, 0x00,
  0x21, 0x00, 0x00, 0x00, 0x10, 0x00, 0x00, 0x00, 0x02, 0x00, 0x00, 0x00, 0x06, 0x00, 0x00, 0x00,
  0x01, 0x05, 0x00, 0x00, 0x00, 0x73, 0x74, 0x61, 0x74, 0x65, 0x01, 0x05, 0x00, 0x00, 0x00, 0x74,
  0x65, 0x73, 0x74, 0x73, 0x01, 0x04, 0x00, 0x00, 0x00, 0x70, 0x75, 0x73, 0x68, 0x01, 0x04, 0x00,
  0x00, 0x00, 0x6e, 0x61, 0x6d, 0x65, 0x01, 0x04, 0x00, 0x00, 0x00, 0x62, 0x6f, 0x64, 0x79, 0x01,
  0x04, 0x00, 0x00, 0x00, 0x66, 0x69, 0x6c, 0x65, 0x04, 0x00, 0x00, 0x00, 0x66, 0x61, 0x69, 0x6c,
  0x01, 0x00, 0x00, 0x00, 0x00, 0x11, 0x00, 0x00, 0x00, 0x07, 0x01, 0x38, 0x00, 0x06, 0x04, 0x00,
  0x00, 0x00, 0x08, 0x01, 0x04, 0x07, 0x01, 0x2d, 0x01, 0x27, 0x03, 0x00, 0x00, 0x00, 0x12, 0x00,
  0x00, 0x00, 0x0c, 0x00, 0x00, 0x00, 0x13, 0x00, 0x00, 0x00, 0x03, 0x00, 0x00, 0x00, 0x14, 0x00,
  0x00, 0x00, 0x02, 0x00, 0x00, 0x00, 0x01, 0x00, 0x00, 0x00, 0x01, 0x0b, 0x00, 0x00, 0x00, 0x74,
  0x65, 0x73, 0x74, 0x20, 0x66, 0x61, 0x69, 0x6c, 0x65, 0x64, 0x02, 0x00, 0x00, 0x00, 0x6f, 0x6b,
  0x02, 0x01, 0x00, 0x00, 0x00, 0x21, 0x00, 0x00, 0x00, 0x07, 0x02, 0x38, 0x00, 0x04, 0x04, 0x01,
  0x08, 0x02, 0x04, 0x07, 0x01, 0x1d, 0x21, 0x00, 0x0e, 0x04, 0x07, 0x02, 0x38, 0x00, 0x04, 0x04,
  0x00, 0x00, 0x00, 0x2d, 0x20, 0x00, 0x01, 0x04, 0x01, 0x27, 0x03, 0x00, 0x00, 0x00, 0x16, 0x00,
  0x00, 0x00, 0x0a, 0x00, 0x00, 0x00, 0x17, 0x00, 0x00, 0x00, 0x15, 0x00, 0x00, 0x00, 0x18, 0x00,
  0x00, 0x00, 0x02, 0x00, 0x00, 0x00, 0x01, 0x00, 0x00, 0x00, 0x01, 0x15, 0x00, 0x00, 0x00, 0x65,
  0x78, 0x70, 0x65, 0x63, 0x74, 0x65, 0x64, 0x20, 0x61, 0x20, 0x74, 0x72, 0x75, 0x65, 0x20, 0x76,
  0x61, 0x6c, 0x75, 0x65, 0x02, 0x00, 0x00, 0x00, 0x65, 0x71, 0x03, 0x02, 0x00, 0x00, 0x00, 0x55,
  0x00, 0x00, 0x00, 0x07, 0x03, 0x38, 0x00, 0x04, 0x04, 0x01, 0x08, 0x03, 0x04, 0x07, 0x01, 0x07,
  0x02, 0x13, 0x1d, 0x21, 0x00, 0x3f, 0x04, 0x00, 0x00, 0x00, 0x09, 0x00, 0x01, 0x07, 0x02, 0x23,
  0x01, 0x16, 0x00, 0x00, 0x02, 0x16, 0x09, 0x00, 0x01, 0x07, 0x01, 0x23, 0x01, 0x16, 0x07, 0x03,
  0x01, 0x13, 0x21, 0x00, 0x03, 0x04, 0x07, 0x04, 0x21, 0x00, 0x03, 0x20, 0x00, 0x12, 0x04, 0x00,
  0x00, 0x03, 0x07, 0x03, 0x16, 0x00, 0x00, 0x04, 0x16, 0x07, 0x04, 0x16, 0x00, 0x00, 0x05, 0x16,
  0x2d, 0x04, 0x20, 0x00, 0x01, 0x04, 0x01, 0x27, 0x06, 0x00, 0x00, 0x00, 0x1a, 0x00, 0x00, 0x00,
  0x0a, 0x00, 0x00, 0x00, 0x1b, 0x00, 0x00, 0x00, 0x0a, 0x00, 0x00, 0x00, 0x1c, 0x00, 0x00, 0x00,
  0x17, 0x00, 0x00, 0x00, 0x1d, 0x00, 0x00, 0x00, 0x23, 0x00, 0x00, 0x00, 0x1e, 0x00, 0x00, 0x00,
  0x05, 0x00, 0x00, 0x00, 0x1f, 0x00, 0x00, 0x00, 0x02, 0x00, 0x00, 0x00, 0x06, 0x00, 0x00, 0x00,
  0x01, 0x09, 0x00, 0x00, 0x00, 0x65, 0x78, 0x70, 0x65, 0x63, 0x74, 0x65, 0x64, 0x20, 0x01, 0x04,
  0x00, 0x00, 0x00, 0x72, 0x65, 0x70, 0x72, 0x01, 0x09, 0x00, 0x00, 0x00, 0x20, 0x62, 0x75, 0x74,
  0x20, 0x67, 0x6f, 0x74, 0x20, 0x01, 0x00, 0x00, 0x00, 0x00, 0x01, 0x02, 0x00, 0x00, 0x00, 0x20,
  0x28, 0x01, 0x01, 0x00, 0x00, 0x00, 0x29, 0x02, 0x00, 0x00, 0x00, 0x6e, 0x65, 0x03, 0x02, 0x00,
  0x00, 0x00, 0x48, 0x00, 0x00, 0x00, 0x07, 0x03, 0x38, 0x00, 0x04, 0x04, 0x01, 0x08, 0x03, 0x04,
  0x07, 0x01, 0x07, 0x02, 0x13, 0x21, 0x00, 0x33, 0x04, 0x00, 0x00, 0x00, 0x09, 0x00, 0x01, 0x07,
  0x01, 0x23, 0x01, 0x16, 0x07, 0x03, 0x01, 0x13, 0x21, 0x00, 0x03, 0x04, 0x07, 0x04, 0x21, 0x00,
  0x03, 0x20, 0x00, 0x12, 0x04, 0x00, 0x00, 0x02, 0x07, 0x03, 0x16, 0x00, 0x00, 0x03, 0x16, 0x07,
  0x04, 0x16, 0x00, 0x00, 0x04, 0x16, 0x2d, 0x04, 0x20, 0x00, 0x01, 0x04, 0x01, 0x27, 0x06, 0x00,
  0x00, 0x00, 0x21, 0x00, 0x00, 0x00, 0x0a, 0x00, 0x00, 0x00, 0x22, 0x00, 0x00, 0x00, 0x09, 0x00,
  0x00, 0x00, 0x23, 0x00, 0x00, 0x00, 0x0b, 0x00, 0x00, 0x00, 0x24, 0x00, 0x00, 0x00, 0x23, 0x00,
  0x00, 0x00, 0x25, 0x00, 0x00, 0x00, 0x05, 0x00, 0x00, 0x00, 0x26, 0x00, 0x00, 0x00, 0x02, 0x00,
  0x00, 0x00, 0x05, 0x00, 0x00, 0x00, 0x01, 0x0f, 0x00, 0x00, 0x00, 0x64, 0x69, 0x64, 0x20, 0x6e,
  0x6f, 0x74, 0x20, 0x65, 0x78, 0x70, 0x65, 0x63, 0x74, 0x20, 0x01, 0x04, 0x00, 0x00, 0x00, 0x72,
  0x65, 0x70, 0x72, 0x01, 0x00, 0x00, 0x00, 0x00, 0x01, 0x02, 0x00, 0x00, 0x00, 0x20, 0x28, 0x01,
  0x01, 0x00, 0x00, 0x00, 0x29, 0x05, 0x00, 0x00, 0x00, 0x63, 0x6c, 0x6f, 0x73, 0x65, 0x03, 0x02,
  0x00, 0x00, 0x00, 0x38, 0x00, 0x00, 0x00, 0x07, 0x03, 0x38, 0x00, 0x06, 0x04, 0x00, 0x00, 0x00,
  0x08, 0x03, 0x04, 0x09, 0x00, 0x01, 0x07, 0x01, 0x07, 0x02, 0x17, 0x23, 0x01, 0x07, 0x03, 0x14,
  0x21, 0x00, 0x19, 0x04, 0x00, 0x00, 0x02, 0x07, 0x02, 0x16, 0x00, 0x00, 0x03, 0x16, 0x07, 0x03,
  0x16, 0x00, 0x00, 0x04, 0x16, 0x07, 0x01, 0x16, 0x2d, 0x20, 0x00, 0x01, 0x04, 0x01, 0x27, 0x05,
  0x00, 0x00, 0x00, 0x29, 0x00, 0x00, 0x00, 0x0c, 0x00, 0x00, 0x00, 0x2a, 0x00, 0x00, 0x00, 0x11,
  0x00, 0x00, 0x00, 0x2b, 0x00, 0x00, 0x00, 0x15, 0x00, 0x00, 0x00, 0x2c, 0x00, 0x00, 0x00, 0x04,
  0x00, 0x00, 0x00, 0x2d, 0x00, 0x00, 0x00, 0x02, 0x00, 0x00, 0x00, 0x05, 0x00, 0x00, 0x00, 0x00,
  0x8d, 0xed, 0xb5, 0xa0, 0xf7, 0xc6, 0xb0, 0x3e, 0x01, 0x03, 0x00, 0x00, 0x00, 0x61, 0x62, 0x73,
  0x01, 0x09, 0x00, 0x00, 0x00, 0x65, 0x78, 0x70, 0x65, 0x63, 0x74, 0x65, 0x64, 0x20, 0x01, 0x09,
  0x00, 0x00, 0x00, 0x20, 0x28, 0x77, 0x69, 0x74, 0x68, 0x69, 0x6e, 0x20, 0x01, 0x0a, 0x00, 0x00,
  0x00, 0x29, 0x20, 0x62, 0x75, 0x74, 0x20, 0x67, 0x6f, 0x74, 0x20, 0x06, 0x00, 0x00, 0x00, 0x74,
  0x68, 0x72, 0x6f, 0x77, 0x73, 0x02, 0x01, 0x00, 0x00, 0x00, 0x74, 0x00, 0x00, 0x00, 0x07, 0x02,
  0x38, 0x00, 0x04, 0x04, 0x01, 0x08, 0x02, 0x04, 0x03, 0x01, 0x2b, 0x00, 0x09, 0x07, 0x01, 0x23,
  0x00, 0x04, 0x2c, 0x20, 0x00, 0x0f, 0x02, 0x08, 0x03, 0x04, 0x09, 0x00, 0x00, 0x07, 0x05, 0x23,
  0x01, 0x08, 0x04, 0x04, 0x04, 0x07, 0x03, 0x1d, 0x21, 0x00, 0x08, 0x04, 0x00, 0x00, 0x01, 0x2d,
  0x20, 0x00, 0x01, 0x04, 0x07, 0x02, 0x01, 0x13, 0x1d, 0x21, 0x00, 0x0f, 0x04, 0x07, 0x04, 0x09,
  0x00, 0x00, 0x07, 0x02, 0x23, 0x01, 0x24, 0x00, 0x02, 0x01, 0x1d, 0x21, 0x00, 0x21, 0x04, 0x00,
  0x00, 0x03, 0x09, 0x00, 0x04, 0x09, 0x00, 0x00, 0x07, 0x02, 0x23, 0x01, 0x23, 0x01, 0x16, 0x00,
  0x00, 0x05, 0x16, 0x09, 0x00, 0x04, 0x07, 0x04, 0x23, 0x01, 0x16, 0x2d, 0x20, 0x00, 0x01, 0x04,
  0x01, 0x27, 0x0e, 0x00, 0x00, 0x00, 0x30, 0x00, 0x00, 0x00, 0x0a, 0x00, 0x00, 0x00, 0x31, 0x00,
  0x00, 0x00, 0x01, 0x00, 0x00, 0x00, 0x32, 0x00, 0x00, 0x00, 0x01, 0x00, 0x00, 0x00, 0x33, 0x00,
  0x00, 0x00, 0x03, 0x00, 0x00, 0x00, 0x34, 0x00, 0x00, 0x00, 0x05, 0x00, 0x00, 0x00, 0x35, 0x00,
  0x00, 0x00, 0x04, 0x00, 0x00, 0x00, 0x36, 0x00, 0x00, 0x00, 0x04, 0x00, 0x00, 0x00, 0x37, 0x00,
  0x00, 0x00, 0x0a, 0x00, 0x00, 0x00, 0x38, 0x00, 0x00, 0x00, 0x01, 0x00, 0x00, 0x00, 0x39, 0x00,
  0x00, 0x00, 0x0f, 0x00, 0x00, 0x00, 0x3a, 0x00, 0x00, 0x00, 0x1b, 0x00, 0x00, 0x00, 0x3b, 0x00,
  0x00, 0x00, 0x1d, 0x00, 0x00, 0x00, 0x3c, 0x00, 0x00, 0x00, 0x04, 0x00, 0x00, 0x00, 0x3d, 0x00,
  0x00, 0x00, 0x02, 0x00, 0x00, 0x00, 0x06, 0x00, 0x00, 0x00, 0x01, 0x03, 0x00, 0x00, 0x00, 0x73,
  0x74, 0x72, 0x01, 0x1e, 0x00, 0x00, 0x00, 0x65, 0x78, 0x70, 0x65, 0x63, 0x74, 0x65, 0x64, 0x20,
  0x61, 0x6e, 0x20, 0x65, 0x72, 0x72, 0x6f, 0x72, 0x20, 0x74, 0x6f, 0x20, 0x62, 0x65, 0x20, 0x74,
  0x68, 0x72, 0x6f, 0x77, 0x6e, 0x01, 0x08, 0x00, 0x00, 0x00, 0x63, 0x6f, 0x6e, 0x74, 0x61, 0x69,
  0x6e, 0x73, 0x01, 0x1d, 0x00, 0x00, 0x00, 0x65, 0x78, 0x70, 0x65, 0x63, 0x74, 0x65, 0x64, 0x20,
  0x61, 0x6e, 0x20, 0x65, 0x72, 0x72, 0x6f, 0x72, 0x20, 0x63, 0x6f, 0x6e, 0x74, 0x61, 0x69, 0x6e,
  0x69, 0x6e, 0x67, 0x20, 0x01, 0x04, 0x00, 0x00, 0x00, 0x72, 0x65, 0x70, 0x72, 0x01, 0x09, 0x00,
  0x00, 0x00, 0x20, 0x62, 0x75, 0x74, 0x20, 0x67, 0x6f, 0x74, 0x20, 0x03, 0x00, 0x00, 0x00, 0x72,
  0x75, 0x6e, 0x01, 0x00, 0x00, 0x00, 0x00, 0x0a, 0x01, 0x00, 0x00, 0x07, 0x01, 0x38, 0x00, 0x04,
  0x04, 0x01, 0x08, 0x01, 0x04, 0x00, 0x00, 0x00, 0x28, 0x00, 0x00, 0x01, 0x09, 0x00, 0x01, 0x0e,
  0x00, 0x02, 0x00, 0x00, 0x03, 0x2a, 0x05, 0x00, 0xbb, 0x07, 0x01, 0x01, 0x13, 0x1d, 0x21, 0x00,
  0x0d, 0x04, 0x07, 0x07, 0x0e, 0x00, 0x04, 0x07, 0x01, 0x24, 0x00, 0x05, 0x01, 0x1d, 0x21, 0x00,
  0x08, 0x04, 0x04, 0x22, 0x00, 0x21, 0x20, 0x00, 0x01, 0x04, 0x07, 0x07, 0x0e, 0x00, 0x06, 0x07,
  0x04, 0x13, 0x1d, 0x21, 0x00, 0x23, 0x04, 0x07, 0x07, 0x0e, 0x00, 0x06, 0x08, 0x04, 0x04, 0x07,
  0x04, 0x00, 0x00, 0x07, 0x13, 0x1d, 0x21, 0x00, 0x0c, 0x04, 0x09, 0x00, 0x08, 0x07, 0x04, 0x23,
  0x01, 0x04, 0x20, 0x00, 0x01, 0x04, 0x20, 0x00, 0x01, 0x04, 0x2b, 0x00, 0x23, 0x07, 0x07, 0x24,
  0x00, 0x09, 0x00, 0x04, 0x07, 0x02, 0x00, 0x00, 0x0a, 0x16, 0x08, 0x02, 0x04, 0x09, 0x00, 0x08,
  0x00, 0x00, 0x0b, 0x07, 0x07, 0x0e, 0x00, 0x04, 0x16, 0x23, 0x01, 0x04, 0x2c, 0x20, 0x00, 0x40,
  0x07, 0x03, 0x00, 0x00, 0x0d, 0x07, 0x07, 0x0e, 0x00, 0x04, 0x00, 0x00, 0x0e, 0x07, 0x07, 0x0e,
  0x00, 0x06, 0x00, 0x00, 0x0f, 0x09, 0x00, 0x10, 0x07, 0x08, 0x23, 0x01, 0x29, 0x00, 0x03, 0x24,
  0x00, 0x0c, 0x01, 0x04, 0x09, 0x00, 0x08, 0x00, 0x00, 0x11, 0x07, 0x07, 0x0e, 0x00, 0x04, 0x16,
  0x23, 0x01, 0x04, 0x09, 0x00, 0x08, 0x00, 0x00, 0x12, 0x07, 0x08, 0x16, 0x23, 0x01, 0x04, 0x04,
  0x04, 0x22, 0x00, 0xbf, 0x04, 0x04, 0x09, 0x00, 0x08, 0x00, 0x00, 0x13, 0x07, 0x02, 0x16, 0x00,
  0x00, 0x14, 0x16, 0x07, 0x03, 0x24, 0x00, 0x15, 0x00, 0x16, 0x00, 0x00, 0x16, 0x16, 0x23, 0x01,
  0x04, 0x00, 0x00, 0x17, 0x07, 0x02, 0x00, 0x00, 0x18, 0x07, 0x03, 0x24, 0x00, 0x15, 0x00, 0x29,
  0x00, 0x02, 0x27, 0x01, 0x27, 0x17, 0x00, 0x00, 0x00, 0x41, 0x00, 0x00, 0x00, 0x0a, 0x00, 0x00,
  0x00, 0x42, 0x00, 0x00, 0x00, 0x03, 0x00, 0x00, 0x00, 0x43, 0x00, 0x00, 0x00, 0x03, 0x00, 0x00,
  0x00, 0x44, 0x00, 0x00, 0x00, 0x01, 0x00, 0x00, 0x00, 0x45, 0x00, 0x00, 0x00, 0x0d, 0x00, 0x00,
  0x00, 0x46, 0x00, 0x00, 0x00, 0x21, 0x00, 0x00, 0x00, 0x47, 0x00, 0x00, 0x00, 0x0d, 0x00, 0x00,
  0x00, 0x48, 0x00, 0x00, 0x00, 0x08, 0x00, 0x00, 0x00, 0x49, 0x00, 0x00, 0x00, 0x17, 0x00, 0x00,
  0x00, 0x4a, 0x00, 0x00, 0x00, 0x04, 0x00, 0x00, 0x00, 0x4b, 0x00, 0x00, 0x00, 0x03, 0x00, 0x00,
  0x00, 0x4c, 0x00, 0x00, 0x00, 0x07, 0x00, 0x00, 0x00, 0x4d, 0x00, 0x00, 0x00, 0x09, 0x00, 0x00,
  0x00, 0x4e, 0x00, 0x00, 0x00, 0x0f, 0x00, 0x00, 0x00, 0x4f, 0x00, 0x00, 0x00, 0x04, 0x00, 0x00,
  0x00, 0x50, 0x00, 0x00, 0x00, 0x24, 0x00, 0x00, 0x00, 0x51, 0x00, 0x00, 0x00, 0x0f, 0x00, 0x00,
  0x00, 0x52, 0x00, 0x00, 0x00, 0x0c, 0x00, 0x00, 0x00, 0x53, 0x00, 0x00, 0x00, 0x01, 0x00, 0x00,
  0x00, 0x54, 0x00, 0x00, 0x00, 0x06, 0x00, 0x00, 0x00, 0x55, 0x00, 0x00, 0x00, 0x1b, 0x00, 0x00,
  0x00, 0x56, 0x00, 0x00, 0x00, 0x12, 0x00, 0x00, 0x00, 0x57, 0x00, 0x00, 0x00, 0x02, 0x00, 0x00,
  0x00, 0x19, 0x00, 0x00, 0x00, 0x00, 0x00, 0x00, 0x00, 0x00, 0x00, 0x00, 0x00, 0x00, 0x01, 0x05,
  0x00, 0x00, 0x00, 0x73, 0x74, 0x61, 0x74, 0x65, 0x01, 0x05, 0x00, 0x00, 0x00, 0x74, 0x65, 0x73,
  0x74, 0x73, 0x00, 0x00, 0x00, 0x00, 0x00, 0x00, 0x00, 0x00, 0x00, 0x01, 0x04, 0x00, 0x00, 0x00,
  0x6e, 0x61, 0x6d, 0x65, 0x01, 0x08, 0x00, 0x00, 0x00, 0x63, 0x6f, 0x6e, 0x74, 0x61, 0x69, 0x6e,
  0x73, 0x01, 0x04, 0x00, 0x00, 0x00, 0x66, 0x69, 0x6c, 0x65, 0x01, 0x00, 0x00, 0x00, 0x00, 0x01,
  0x05, 0x00, 0x00, 0x00, 0x70, 0x72, 0x69, 0x6e, 0x74, 0x01, 0x04, 0x00, 0x00, 0x00, 0x62, 0x6f,
  0x64, 0x79, 0x00, 0x00, 0x00, 0x00, 0x00, 0x00, 0x00, 0xf0, 0x3f, 0x01, 0x08, 0x00, 0x00, 0x00,
  0x20, 0x20, 0x6f, 0x6b, 0x20, 0x20, 0x20, 0x20, 0x01, 0x04, 0x00, 0x00, 0x00, 0x70, 0x75, 0x73,
  0x68, 0x01, 0x04, 0x00, 0x00, 0x00, 0x6e, 0x61, 0x6d, 0x65, 0x01, 0x04, 0x00, 0x00, 0x00, 0x66,
  0x69, 0x6c, 0x65, 0x01, 0x05, 0x00, 0x00, 0x00, 0x65, 0x72, 0x72, 0x6f, 0x72, 0x01, 0x03, 0x00,
  0x00, 0x00, 0x73, 0x74, 0x72, 0x01, 0x08, 0x00, 0x00, 0x00, 0x20, 0x20, 0x46, 0x41, 0x49, 0x4c,
  0x20, 0x20, 0x01, 0x08, 0x00, 0x00, 0x00, 0x20, 0x20, 0x20, 0x20, 0x20, 0x20, 0x20, 0x20, 0x01,
  0x01, 0x00, 0x00, 0x00, 0x0a, 0x01, 0x09, 0x00, 0x00, 0x00, 0x20, 0x70, 0x61, 0x73, 0x73, 0x65,
  0x64, 0x2c, 0x20, 0x01, 0x03, 0x00, 0x00, 0x00, 0x6c, 0x65, 0x6e, 0x01, 0x07, 0x00, 0x00, 0x00,
  0x20, 0x66, 0x61, 0x69, 0x6c, 0x65, 0x64, 0x01, 0x06, 0x00, 0x00, 0x00, 0x70, 0x61, 0x73, 0x73,
  0x65, 0x64, 0x01, 0x06, 0x00, 0x00, 0x00, 0x66, 0x61, 0x69, 0x6c, 0x65, 0x64, 0xff, 0xff, 0xff,
  0xff, 0x00, 0x00, 0x00, 0x00, 0x01, 0x44, 0x00, 0x00, 0x00, 0x00, 0x00, 0x01, 0x28, 0x00, 0x00,
  0x00, 0x00, 0x02, 0x00, 0x00, 0x03, 0x29, 0x00, 0x02, 0x0a, 0x00, 0x00, 0x25, 0x00, 0x05, 0x0a,
  0x00, 0x04, 0x25, 0x00, 0x07, 0x0a, 0x00, 0x06, 0x25, 0x00, 0x09, 0x0a, 0x00, 0x08, 0x25, 0x00,
  0x0b, 0x0a, 0x00, 0x0a, 0x25, 0x00, 0x0d, 0x0a, 0x00, 0x0c, 0x25, 0x00, 0x0f, 0x0a, 0x00, 0x0e,
  0x25, 0x00, 0x11, 0x0a, 0x00, 0x10, 0x25, 0x00, 0x13, 0x0a, 0x00, 0x12, 0x01, 0x27, 0x09, 0x00,
  0x00, 0x00, 0x0b, 0x00, 0x00, 0x00, 0x12, 0x00, 0x00, 0x00, 0x10, 0x00, 0x00, 0x00, 0x06, 0x00,
  0x00, 0x00, 0x14, 0x00, 0x00, 0x00, 0x06, 0x00, 0x00, 0x00, 0x18, 0x00, 0x00, 0x00, 0x06, 0x00,
  0x00, 0x00, 0x1f, 0x00, 0x00, 0x00, 0x06, 0x00, 0x00, 0x00, 0x26, 0x00, 0x00, 0x00, 0x06, 0x00,
  0x00, 0x00, 0x2d, 0x00, 0x00, 0x00, 0x06, 0x00, 0x00, 0x00, 0x3d, 0x00, 0x00, 0x00, 0x06, 0x00,
  0x00, 0x00, 0x57, 0x00, 0x00, 0x00, 0x08, 0x00, 0x00, 0x00, 0x14, 0x00, 0x00, 0x00, 0x01, 0x05,
  0x00, 0x00, 0x00, 0x73, 0x74, 0x61, 0x74, 0x65, 0x01, 0x05, 0x00, 0x00, 0x00, 0x74, 0x65, 0x73,
  0x74, 0x73, 0x01, 0x04, 0x00, 0x00, 0x00, 0x66, 0x69, 0x6c, 0x65, 0x01, 0x00, 0x00, 0x00, 0x00,
  0x01, 0x04, 0x00, 0x00, 0x00, 0x74, 0x65, 0x73, 0x74, 0x02, 0x00, 0x00, 0x00, 0x00, 0x01, 0x04,
  0x00, 0x00, 0x00, 0x66, 0x61, 0x69, 0x6c, 0x02, 0x01, 0x00, 0x00, 0x00, 0x01, 0x02, 0x00, 0x00,
  0x00, 0x6f, 0x6b, 0x02, 0x02, 0x00, 0x00, 0x00, 0x01, 0x02, 0x00, 0x00, 0x00, 0x65, 0x71, 0x02,
  0x03, 0x00, 0x00, 0x00, 0x01, 0x02, 0x00, 0x00, 0x00, 0x6e, 0x65, 0x02, 0x04, 0x00, 0x00, 0x00,
  0x01, 0x05, 0x00, 0x00, 0x00, 0x63, 0x6c, 0x6f, 0x73, 0x65, 0x02, 0x05, 0x00, 0x00, 0x00, 0x01,
  0x06, 0x00, 0x00, 0x00, 0x74, 0x68, 0x72, 0x6f, 0x77, 0x73, 0x02, 0x06, 0x00, 0x00, 0x00, 0x01,
  0x03, 0x00, 0x00, 0x00, 0x72, 0x75, 0x6e, 0x02, 0x07, 0x00, 0x00, 0x00, 0xd6, 0x9a, 0x6a, 0x17,
};

/* std/text */
static const unsigned char embedded_15[] = {
  0x7f, 0x46, 0x58, 0x43, 0x01, 0x00, 0x01, 0x00, 0x00, 0x00, 0x00, 0x00, 0x05, 0x00, 0x00, 0x00,
  0x31, 0x2e, 0x30, 0x2e, 0x30, 0x07, 0x00, 0x00, 0x00, 0x74, 0x65, 0x78, 0x74, 0x2e, 0x66, 0x78,
  0x11, 0x00, 0x00, 0x00, 0x08, 0x00, 0x00, 0x00, 0x70, 0x61, 0x64, 0x5f, 0x6c, 0x65, 0x66, 0x74,
  0x03, 0x02, 0x00, 0x00, 0x00, 0x3f, 0x00, 0x00, 0x00, 0x07, 0x03, 0x38, 0x00, 0x06, 0x04, 0x00,
  0x00, 0x00, 0x08, 0x03, 0x04, 0x09, 0x00, 0x01, 0x07, 0x01, 0x23, 0x01, 0x08, 0x01, 0x04, 0x09,
  0x00, 0x02, 0x07, 0x01, 0x23, 0x01, 0x07, 0x02, 0x15, 0x1d, 0x21, 0x00, 0x07, 0x04, 0x07, 0x01,
  0x27, 0x20, 0x00, 0x01, 0x04, 0x07, 0x03, 0x07, 0x02, 0x09, 0x00, 0x02, 0x07, 0x01, 0x23, 0x01,
  0x17, 0x18, 0x07, 0x01, 0x16, 0x27, 0x01, 0x27, 0x05, 0x00, 0x00, 0x00, 0x03, 0x00, 0x00, 0x00,
  0x0c, 0x00, 0x00, 0x00, 0x04, 0x00, 0x00, 0x00, 0x0a, 0x00, 0x00, 0x00, 0x05, 0x00, 0x00, 0x00,
  0x16, 0x00, 0x00, 0x00, 0x06, 0x00, 0x00, 0x00, 0x11, 0x00, 0x00, 0x00, 0x07, 0x00, 0x00, 0x00,
  0x02, 0x00, 0x00, 0x00, 0x03, 0x00, 0x00, 0x00, 0x01, 0x01, 0x00, 0x00, 0x00, 0x20, 0x01, 0x03,
  0x00, 0x00, 0x00, 0x73, 0x74, 0x72, 0x01, 0x03, 0x00, 0x00, 0x00, 0x6c, 0x65, 0x6e, 0x09, 0x00,
  0x00, 0x00, 0x70, 0x61, 0x64, 0x5f, 0x72, 0x69, 0x67, 0x68, 0x74, 0x03, 0x02, 0x00, 0x00, 0x00,
  0x3f, 0x00, 0x00, 0x00, 0x07, 0x03, 0x38, 0x00, 0x06, 0x04, 0x00, 0x00, 0x00, 0x08, 0x03, 0x04,
  0x09, 0x00, 0x01, 0x07, 0x01, 0x23, 0x01, 0x08, 0x01, 0x04, 0x09, 0x00, 0x02, 0x07, 0x01, 0x23,
  0x01, 0x07, 0x02, 0x15, 0x1d, 0x21, 0x00, 0x07, 0x04, 0x07, 0x01, 0x27, 0x20, 0x00, 0x01, 0x04,
  0x07, 0x01, 0x07, 0x03, 0x07, 0x02, 0x09, 0x00, 0x02, 0x07, 0x01, 0x23, 0x01, 0x17, 0x18, 0x16,
  0x27, 0x01, 0x27, 0x05, 0x00, 0x00, 0x00, 0x09, 0x00, 0x00, 0x00, 0x0c, 0x00, 0x00, 0x00, 0x0a,
  0x00, 0x00, 0x00, 0x0a, 0x00, 0x00, 0x00, 0x0b, 0x00, 0x00, 0x00, 0x16, 0x00, 0x00, 0x00, 0x0c,
  0x00, 0x00, 0x00, 0x11, 0x00, 0x00, 0x00, 0x0d, 0x00, 0x00, 0x00, 0x02, 0x00, 0x00, 0x00, 0x03,
  0x00, 0x00, 0x00, 0x01, 0x01, 0x00, 0x00, 0x00, 0x20, 0x01, 0x03, 0x00, 0x00, 0x00, 0x73, 0x74,
  0x72, 0x01, 0x03, 0x00, 0x00, 0x00, 0x6c, 0x65, 0x6e, 0x06, 0x00, 0x00, 0x00, 0x63, 0x65, 0x6e,
  0x74, 0x65, 0x72, 0x03, 0x02, 0x00, 0x00, 0x00, 0x55, 0x00, 0x00, 0x00, 0x07, 0x03, 0x38, 0x00,
  0x06, 0x04, 0x00, 0x00, 0x00, 0x08, 0x03, 0x04, 0x09, 0x00, 0x01, 0x07, 0x01, 0x23, 0x01, 0x08,
  0x01, 0x04, 0x09, 0x00, 0x02, 0x07, 0x01, 0x23, 0x01, 0x07, 0x02, 0x15, 0x1d, 0x21, 0x00, 0x07,
  0x04, 0x07, 0x01, 0x27, 0x20, 0x00, 0x01, 0x04, 0x07, 0x02, 0x09, 0x00, 0x02, 0x07, 0x01, 0x23,
  0x01, 0x17, 0x09, 0x00, 0x03, 0x07, 0x04, 0x00, 0x00, 0x04, 0x19, 0x23, 0x01, 0x07, 0x03, 0x07,
  0x05, 0x18, 0x07, 0x01, 0x16, 0x07, 0x03, 0x07, 0x04, 0x07, 0x05, 0x17, 0x18, 0x16, 0x27, 0x01,
  0x27, 0x07, 0x00, 0x00, 0x00, 0x0f, 0x00, 0x00, 0x00, 0x0c, 0x00, 0x00, 0x00, 0x10, 0x00, 0x00,
  0x00, 0x0a, 0x00, 0x00, 0x00, 0x11, 0x00, 0x00, 0x00, 0x16, 0x00, 0x00, 0x00, 0x12, 0x00, 0x00,
  0x00, 0x0a, 0x00, 0x00, 0x00, 0x13, 0x00, 0x00, 0x00, 0x0b, 0x00, 0x00, 0x00, 0x14, 0x00, 0x00,
  0x00, 0x12, 0x00, 0x00, 0x00, 0x15, 0x00, 0x00, 0x00, 0x02, 0x00, 0x00, 0x00, 0x05, 0x00, 0x00,
  0x00, 0x01, 0x01, 0x00, 0x00, 0x00, 0x20, 0x01, 0x03, 0x00, 0x00, 0x00, 0x73, 0x74, 0x72, 0x01,
  0x03, 0x00, 0x00, 0x00, 0x6c, 0x65, 0x6e, 0x01, 0x05, 0x00, 0x00, 0x00, 0x66, 0x6c, 0x6f, 0x6f,
  0x72, 0x00, 0x00, 0x00, 0x00, 0x00, 0x00, 0x00, 0x00, 0x40, 0x0a, 0x00, 0x00, 0x00, 0x63, 0x61,
  0x70, 0x69, 0x74, 0x61, 0x6c, 0x69, 0x7a, 0x65, 0x01, 0x01, 0x00, 0x00, 0x00, 0x2f, 0x00, 0x00,
  0x00, 0x09, 0x00, 0x00, 0x07, 0x01, 0x23, 0x01, 0x00, 0x00, 0x01, 0x13, 0x21, 0x00, 0x07, 0x04,
  0x07, 0x01, 0x27, 0x20, 0x00, 0x01, 0x04, 0x07, 0x01, 0x00, 0x00, 0x02, 0x10, 0x24, 0x00, 0x03,
  0x00, 0x07, 0x01, 0x00, 0x00, 0x04, 0x01, 0x12, 0x24, 0x00, 0x05, 0x00, 0x16, 0x27, 0x01, 0x27,
  0x03, 0x00, 0x00, 0x00, 0x18, 0x00, 0x00, 0x00, 0x16, 0x00, 0x00, 0x00, 0x19, 0x00, 0x00, 0x00,
  0x17, 0x00, 0x00, 0x00, 0x1a, 0x00, 0x00, 0x00, 0x02, 0x00, 0x00, 0x00, 0x06, 0x00, 0x00, 0x00,
  0x01, 0x03, 0x00, 0x00, 0x00, 0x6c, 0x65, 0x6e, 0x00, 0x00, 0x00, 0x00, 0x00, 0x00, 0x00, 0x00,
  0x00, 0x00, 0x00, 0x00, 0x00, 0x00, 0x00, 0x00, 0x00, 0x00, 0x01, 0x05, 0x00, 0x00, 0x00, 0x75,
  0x70, 0x70, 0x65, 0x72, 0x00, 0x00, 0x00, 0x00, 0x00, 0x00, 0x00, 0xf0, 0x3f, 0x01, 0x05, 0x00,
  0x00, 0x00, 0x6c, 0x6f, 0x77, 0x65, 0x72, 0xff, 0xff, 0xff, 0xff, 0x01, 0x01, 0x00, 0x00, 0x00,
  0x0a, 0x00, 0x00, 0x00, 0x09, 0x00, 0x00, 0x07, 0x01, 0x23, 0x01, 0x27, 0x01, 0x27, 0x01, 0x00,
  0x00, 0x00, 0x1e, 0x00, 0x00, 0x00, 0x0a, 0x00, 0x00, 0x00, 0x01, 0x00, 0x00, 0x00, 0x01, 0x0a,
  0x00, 0x00, 0x00, 0x63, 0x61, 0x70, 0x69, 0x74, 0x61, 0x6c, 0x69, 0x7a, 0x65, 0x05, 0x00, 0x00,
  0x00, 0x74, 0x69, 0x74, 0x6c, 0x65, 0x01, 0x01, 0x00, 0x00, 0x00, 0x1a, 0x00, 0x00, 0x00, 0x07,
  0x01, 0x00, 0x00, 0x01, 0x24, 0x00, 0x00, 0x01, 0x25, 0x00, 0x03, 0x24, 0x00, 0x02, 0x01, 0x00,
  0x00, 0x05, 0x24, 0x00, 0x04, 0x01, 0x27, 0x01, 0x27, 0x02, 0x00, 0x00, 0x00, 0x1e, 0x00, 0x00,
  0x00, 0x18, 0x00, 0x00, 0x00, 0x1f, 0x00, 0x00, 0x00, 0x02, 0x00, 0x00, 0x00, 0x06, 0x00, 0x00,
  0x00, 0x01, 0x05, 0x00, 0x00, 0x00, 0x73, 0x70, 0x6c, 0x69, 0x74, 0x01, 0x01, 0x00, 0x00, 0x00,
  0x20, 0x01, 0x03, 0x00, 0x00, 0x00, 0x6d, 0x61, 0x70, 0x02, 0x04, 0x00, 0x00, 0x00, 0x01, 0x04,
  0x00, 0x00, 0x00, 0x6a, 0x6f, 0x69, 0x6e, 0x01, 0x01, 0x00, 0x00, 0x00, 0x20, 0x07, 0x00, 0x00,
  0x00, 0x72, 0x65, 0x76, 0x65, 0x72, 0x73, 0x65, 0x01, 0x01, 0x00, 0x00, 0x00, 0x14, 0x00, 0x00,
  0x00, 0x07, 0x01, 0x24, 0x00, 0x00, 0x00, 0x24, 0x00, 0x01, 0x00, 0x00, 0x00, 0x03, 0x24, 0x00,
  0x02, 0x01, 0x27, 0x01, 0x27, 0x02, 0x00, 0x00, 0x00, 0x22, 0x00, 0x00, 0x00, 0x12, 0x00, 0x00,
  0x00, 0x23, 0x00, 0x00, 0x00, 0x02, 0x00, 0x00, 0x00, 0x04, 0x00, 0x00, 0x00, 0x01, 0x05, 0x00,
  0x00, 0x00, 0x63, 0x68, 0x61, 0x72, 0x73, 0x01, 0x07, 0x00, 0x00, 0x00, 0x72, 0x65, 0x76, 0x65,
  0x72, 0x73, 0x65, 0x01, 0x04, 0x00, 0x00, 0x00, 0x6a, 0x6f, 0x69, 0x6e, 0x01, 0x00, 0x00, 0x00,
  0x00, 0x08, 0x00, 0x00, 0x00, 0x69, 0x73, 0x5f, 0x64, 0x69, 0x67, 0x69, 0x74, 0x01, 0x01, 0x00,
  0x00, 0x00, 0x45, 0x00, 0x00, 0x00, 0x09, 0x00, 0x00, 0x07, 0x01, 0x23, 0x01, 0x00, 0x00, 0x01,
  0x13, 0x21, 0x00, 0x06, 0x04, 0x03, 0x27, 0x20, 0x00, 0x01, 0x04, 0x07, 0x01, 0x00, 0x00, 0x02,
  0x2a, 0x02, 0x00, 0x21, 0x07, 0x04, 0x00, 0x00, 0x03, 0x15, 0x21, 0x00, 0x03, 0x20, 0x00, 0x07,
  0x04, 0x07, 0x04, 0x00, 0x00, 0x04, 0x14, 0x21, 0x00, 0x06, 0x04, 0x03, 0x27, 0x20, 0x00, 0x01,
  0x04, 0x04, 0x22, 0x00, 0x25, 0x04, 0x04, 0x02, 0x27, 0x01, 0x27, 0x04, 0x00, 0x00, 0x00, 0x26,
  0x00, 0x00, 0x00, 0x15, 0x00, 0x00, 0x00, 0x27, 0x00, 0x00, 0x00, 0x2c, 0x00, 0x00, 0x00, 0x28,
  0x00, 0x00, 0x00, 0x02, 0x00, 0x00, 0x00, 0x29, 0x00, 0x00, 0x00, 0x02, 0x00, 0x00, 0x00, 0x05,
  0x00, 0x00, 0x00, 0x01, 0x03, 0x00, 0x00, 0x00, 0x6c, 0x65, 0x6e, 0x00, 0x00, 0x00, 0x00, 0x00,
  0x00, 0x00, 0x00, 0x00, 0x00, 0x00, 0x00, 0x00, 0x00, 0x00, 0x00, 0x00, 0x00, 0x01, 0x01, 0x00,
  0x00, 0x00, 0x30, 0x01, 0x01, 0x00, 0x00, 0x00, 0x39, 0x08, 0x00, 0x00, 0x00, 0x69, 0x73, 0x5f,
  0x61, 0x6c, 0x70, 0x68, 0x61, 0x01, 0x01, 0x00, 0x00, 0x00, 0x5e, 0x00, 0x00, 0x00, 0x09, 0x00,
  0x00, 0x07, 0x01, 0x23, 0x01, 0x00, 0x00, 0x01, 0x13, 0x21, 0x00, 0x06, 0x04, 0x03, 0x27, 0x20,
  0x00, 0x01, 0x04, 0x07, 0x01, 0x00, 0x00, 0x02, 0x2a, 0x02, 0x00, 0x3a, 0x07, 0x04, 0x00, 0x00,
  0x03, 0x15, 0x1d, 0x21, 0x00, 0x08, 0x04, 0x07, 0x04, 0x00, 0x00, 0x04, 0x14, 0x1d, 0x21, 0x00,
  0x03, 0x20, 0x00, 0x13, 0x04, 0x07, 0x04, 0x00, 0x00, 0x05, 0x15, 0x1d, 0x21, 0x00, 0x08, 0x04,
  0x07, 0x04, 0x00, 0x00, 0x06, 0x14, 0x1d, 0x1d, 0x21, 0x00, 0x06, 0x04, 0x03, 0x27, 0x20, 0x00,
  0x01, 0x04, 0x04, 0x22, 0x00, 0x3e, 0x04, 0x04, 0x02, 0x27, 0x01, 0x27, 0x06, 0x00, 0x00, 0x00,
  0x2c, 0x00, 0x00, 0x00, 0x15, 0x00, 0x00, 0x00, 0x2d, 0x00, 0x00, 0x00, 0x09, 0x00, 0x00, 0x00,
  0x2e, 0x00, 0x00, 0x00, 0x36, 0x00, 0x00, 0x00, 0x2f, 0x00, 0x00, 0x00, 0x06, 0x00, 0x00, 0x00,
  0x30, 0x00, 0x00, 0x00, 0x02, 0x00, 0x00, 0x00, 0x31, 0x00, 0x00, 0x00, 0x02, 0x00, 0x00, 0x00,
  0x07, 0x00, 0x00, 0x00, 0x01, 0x03, 0x00, 0x00, 0x00, 0x6c, 0x65, 0x6e, 0x00, 0x00, 0x00, 0x00,
  0x00, 0x00, 0x00, 0x00, 0x00, 0x00, 0x00, 0x00, 0x00, 0x00, 0x00, 0x00, 0x00, 0x00, 0x01, 0x01,
  0x00, 0x00, 0x00, 0x61, 0x01, 0x01, 0x00, 0x00, 0x00, 0x7a, 0x01, 0x01, 0x00, 0x00, 0x00, 0x41,
  0x01, 0x01, 0x00, 0x00, 0x00, 0x5a, 0xff, 0xff, 0xff, 0xff, 0x01, 0x01, 0x00, 0x00, 0x00, 0x0e,
  0x00, 0x00, 0x00, 0x09, 0x00, 0x00, 0x07, 0x01, 0x23, 0x01, 0x00, 0x00, 0x01, 0x14, 0x27, 0x01,
  0x27, 0x01, 0x00, 0x00, 0x00, 0x36, 0x00, 0x00, 0x00, 0x0e, 0x00, 0x00, 0x00, 0x02, 0x00, 0x00,
  0x00, 0x01, 0x03, 0x00, 0x00, 0x00, 0x6c, 0x65, 0x6e, 0x00, 0x00, 0x00, 0x00, 0x00, 0x00, 0x00,
  0x00, 0x00, 0x05, 0x00, 0x00, 0x00, 0x77, 0x6f, 0x72, 0x64, 0x73, 0x01, 0x01, 0x00, 0x00, 0x00,
  0x33, 0x00, 0x00, 0x00, 0x07, 0x01, 0x00, 0x00, 0x01, 0x00, 0x00, 0x02, 0x24, 0x00, 0x00, 0x02,
  0x00, 0x00, 0x03, 0x00, 0x00, 0x04, 0x24, 0x00, 0x00, 0x02, 0x00, 0x00, 0x05, 0x00, 0x00, 0x06,
  0x24, 0x00, 0x00, 0x02, 0x07, 0x02, 0x00, 0x00, 0x08, 0x24, 0x00, 0x07, 0x01, 0x25, 0x00, 0x0a,
  0x24, 0x00, 0x09, 0x01, 0x27, 0x01, 0x27, 0x03, 0x00, 0x00, 0x00, 0x35, 0x00, 0x00, 0x00, 0x20,
  0x00, 0x00, 0x00, 0x36, 0x00, 0x00, 0x00, 0x11, 0x00, 0x00, 0x00, 0x37, 0x00, 0x00, 0x00, 0x02,
  0x00, 0x00, 0x00, 0x0b, 0x00, 0x00, 0x00, 0x01, 0x07, 0x00, 0x00, 0x00, 0x72, 0x65, 0x70, 0x6c,
  0x61, 0x63, 0x65, 0x01, 0x01, 0x00, 0x00, 0x00, 0x0a, 0x01, 0x01, 0x00, 0x00, 0x00, 0x20, 0x01,
  0x01, 0x00, 0x00, 0x00, 0x09, 0x01, 0x01, 0x00, 0x00, 0x00, 0x20, 0x01, 0x01, 0x00, 0x00, 0x00,
  0x0d, 0x01, 0x01, 0x00, 0x00, 0x00, 0x20, 0x01, 0x05, 0x00, 0x00, 0x00, 0x73, 0x70, 0x6c, 0x69,
  0x74, 0x01, 0x01, 0x00, 0x00, 0x00, 0x20, 0x01, 0x06, 0x00, 0x00, 0x00, 0x66, 0x69, 0x6c, 0x74,
  0x65, 0x72, 0x02, 0x09, 0x00, 0x00, 0x00, 0x08, 0x00, 0x00, 0x00, 0x74, 0x72, 0x75, 0x6e, 0x63,
  0x61, 0x74, 0x65, 0x03, 0x02, 0x00, 0x00, 0x00, 0x3e, 0x00, 0x00, 0x00, 0x07, 0x03, 0x38, 0x00,
  0x06, 0x04, 0x00, 0x00, 0x00, 0x08, 0x03, 0x04, 0x09, 0x00, 0x01, 0x07, 0x01, 0x23, 0x01, 0x07,
  0x02, 0x14, 0x1d, 0x21, 0x00, 0x07, 0x04, 0x07, 0x01, 0x27, 0x20, 0x00, 0x01, 0x04, 0x07, 0x01,
  0x01, 0x09, 0x00, 0x02, 0x00, 0x00, 0x03, 0x07, 0x02, 0x09, 0x00, 0x01, 0x07, 0x03, 0x23, 0x01,
  0x17, 0x23, 0x02, 0x12, 0x07, 0x03, 0x16, 0x27, 0x01, 0x27, 0x04, 0x00, 0x00, 0x00, 0x3a, 0x00,
  0x00, 0x00, 0x0c, 0x00, 0x00, 0x00, 0x3b, 0x00, 0x00, 0x00, 0x16, 0x00, 0x00, 0x00, 0x3c, 0x00,
  0x00, 0x00, 0x1a, 0x00, 0x00, 0x00, 0x3d, 0x00, 0x00, 0x00, 0x02, 0x00, 0x00, 0x00, 0x04, 0x00,
  0x00, 0x00, 0x01, 0x03, 0x00, 0x00, 0x00, 0x2e, 0x2e, 0x2e, 0x01, 0x03, 0x00, 0x00, 0x00, 0x6c,
  0x65, 0x6e, 0x01, 0x03, 0x00, 0x00, 0x00, 0x6d, 0x61, 0x78, 0x00, 0x00, 0x00, 0x00, 0x00, 0x00,
  0x00, 0x00, 0x00, 0x0f, 0x00, 0x00, 0x00, 0x73, 0x74, 0x61, 0x72, 0x74, 0x73, 0x5f, 0x77, 0x69,
  0x74, 0x68, 0x5f, 0x61, 0x6e, 0x79, 0x02, 0x02, 0x00, 0x00, 0x00, 0x25, 0x00, 0x00, 0x00, 0x07,
  0x02, 0x00, 0x00, 0x00, 0x2a, 0x03, 0x00, 0x16, 0x07, 0x01, 0x07, 0x05, 0x24, 0x00, 0x01, 0x01,
  0x21, 0x00, 0x06, 0x04, 0x02, 0x27, 0x20, 0x00, 0x01, 0x04, 0x04, 0x22, 0x00, 0x1a, 0x04, 0x04,
  0x03, 0x27, 0x01, 0x27, 0x03, 0x00, 0x00, 0x00, 0x40, 0x00, 0x00, 0x00, 0x21, 0x00, 0x00, 0x00,
  0x41, 0x00, 0x00, 0x00, 0x02, 0x00, 0x00, 0x00, 0x42, 0x00, 0x00, 0x00, 0x02, 0x00, 0x00, 0x00,
  0x02, 0x00, 0x00, 0x00, 0x00, 0x00, 0x00, 0x00, 0x00, 0x00, 0x00, 0x00, 0x00, 0x01, 0x0b, 0x00,
  0x00, 0x00, 0x73, 0x74, 0x61, 0x72, 0x74, 0x73, 0x5f, 0x77, 0x69, 0x74, 0x68, 0x04, 0x00, 0x00,
  0x00, 0x77, 0x72, 0x61, 0x70, 0x02, 0x02, 0x00, 0x00, 0x00, 0x83, 0x00, 0x00, 0x00, 0x28, 0x00,
  0x00, 0x00, 0x00, 0x00, 0x09, 0x00, 0x01, 0x07, 0x01, 0x23, 0x01, 0x00, 0x00, 0x02, 0x2a, 0x05,
  0x00, 0x50, 0x07, 0x04, 0x00, 0x00, 0x03, 0x13, 0x21, 0x00, 0x09, 0x04, 0x07, 0x07, 0x08, 0x04,
  0x04, 0x20, 0x00, 0x3a, 0x04, 0x09, 0x00, 0x04, 0x07, 0x04, 0x23, 0x01, 0x00, 0x00, 0x05, 0x16,
  0x09, 0x00, 0x04, 0x07, 0x07, 0x23, 0x01, 0x16, 0x07, 0x02, 0x14, 0x1d, 0x21, 0x00, 0x10, 0x04,
  0x07, 0x04, 0x00, 0x00, 0x06, 0x16, 0x07, 0x07, 0x16, 0x08, 0x04, 0x04, 0x20, 0x00, 0x0f, 0x04,
  0x07, 0x03, 0x07, 0x04, 0x24, 0x00, 0x07, 0x01, 0x04, 0x07, 0x07, 0x08, 0x04, 0x04, 0x04, 0x22,
  0x00, 0x54, 0x04, 0x04, 0x07, 0x04, 0x00, 0x00, 0x08, 0x13, 0x1d, 0x21, 0x00, 0x0d, 0x04, 0x07,
  0x03, 0x07, 0x04, 0x24, 0x00, 0x07, 0x01, 0x04, 0x20, 0x00, 0x01, 0x04, 0x07, 0x03, 0x27, 0x01,
  0x27, 0x0b, 0x00, 0x00, 0x00, 0x46, 0x00, 0x00, 0x00, 0x03, 0x00, 0x00, 0x00, 0x47, 0x00, 0x00,
  0x00, 0x03, 0x00, 0x00, 0x00, 0x48, 0x00, 0x00, 0x00, 0x0e, 0x00, 0x00, 0x00, 0x49, 0x00, 0x00,
  0x00, 0x13, 0x00, 0x00, 0x00, 0x4a, 0x00, 0x00, 0x00, 0x2b, 0x00, 0x00, 0x00, 0x4c, 0x00, 0x00,
  0x00, 0x09, 0x00, 0x00, 0x00, 0x4d, 0x00, 0x00, 0x00, 0x05, 0x00, 0x00, 0x00, 0x4f, 0x00, 0x00,
  0x00, 0x06, 0x00, 0x00, 0x00, 0x50, 0x00, 0x00, 0x00, 0x18, 0x00, 0x00, 0x00, 0x51, 0x00, 0x00,
  0x00, 0x03, 0x00, 0x00, 0x00, 0x52, 0x00, 0x00, 0x00, 0x02, 0x00, 0x00, 0x00, 0x09, 0x00, 0x00,
  0x00, 0x01, 0x00, 0x00, 0x00, 0x00, 0x01, 0x05, 0x00, 0x00, 0x00, 0x77, 0x6f, 0x72, 0x64, 0x73,
  0x00, 0x00, 0x00, 0x00, 0x00, 0x00, 0x00, 0x00, 0x00, 0x01, 0x00, 0x00, 0x00, 0x00, 0x01, 0x03,
  0x00, 0x00, 0x00, 0x6c, 0x65, 0x6e, 0x00, 0x00, 0x00, 0x00, 0x00, 0x00, 0x00, 0xf0, 0x3f, 0x01,
  0x01, 0x00, 0x00, 0x00, 0x20, 0x01, 0x04, 0x00, 0x00, 0x00, 0x70, 0x75, 0x73, 0x68, 0x01, 0x00,
  0x00, 0x00, 0x00, 0x05, 0x00, 0x00, 0x00, 0x66, 0x69, 0x78, 0x65, 0x64, 0x02, 0x01, 0x00, 0x00,
  0x00, 0x86, 0x00, 0x00, 0x00, 0x07, 0x02, 0x38, 0x00, 0x06, 0x04, 0x00, 0x00, 0x00, 0x08, 0x02,
  0x04, 0x00, 0x00, 0x01, 0x07, 0x02, 0x1b, 0x09, 0x00, 0x02, 0x09, 0x00, 0x03, 0x07, 0x01, 0x23,
  0x01, 0x07, 0x03, 0x18, 0x23, 0x01, 0x09, 0x00, 0x04, 0x07, 0x04, 0x07, 0x03, 0x19, 0x23, 0x01,
  0x09, 0x00, 0x05, 0x07, 0x05, 0x23, 0x01, 0x07, 0x02, 0x00, 0x00, 0x06, 0x14, 0x21, 0x00, 0x25,
  0x04, 0x07, 0x06, 0x00, 0x00, 0x07, 0x16, 0x09, 0x00, 0x08, 0x09, 0x00, 0x05, 0x07, 0x04, 0x07,
  0x05, 0x07, 0x03, 0x18, 0x17, 0x23, 0x01, 0x07, 0x02, 0x00, 0x00, 0x09, 0x23, 0x03, 0x16, 0x08,
  0x06, 0x04, 0x20, 0x00, 0x01, 0x04, 0x07, 0x01, 0x00, 0x00, 0x0a, 0x15, 0x21, 0x00, 0x08, 0x04,
  0x07, 0x04, 0x00, 0x00, 0x0b, 0x13, 0x1d, 0x21, 0x00, 0x0b, 0x04, 0x00, 0x00, 0x0c, 0x07, 0x06,
  0x16, 0x27, 0x20, 0x00, 0x01, 0x04, 0x07, 0x06, 0x27, 0x01, 0x27, 0x0b, 0x00, 0x00, 0x00, 0x55,
  0x00, 0x00, 0x00, 0x0c, 0x00, 0x00, 0x00, 0x56, 0x00, 0x00, 0x00, 0x06, 0x00, 0x00, 0x00, 0x57,
  0x00, 0x00, 0x00, 0x0f, 0x00, 0x00, 0x00, 0x58, 0x00, 0x00, 0x00, 0x0a, 0x00, 0x00, 0x00, 0x59,
  0x00, 0x00, 0x00, 0x07, 0x00, 0x00, 0x00, 0x5a, 0x00, 0x00, 0x00, 0x0a, 0x00, 0x00, 0x00, 0x5b,
  0x00, 0x00, 0x00, 0x21, 0x00, 0x00, 0x00, 0x5c, 0x00, 0x00, 0x00, 0x04, 0x00, 0x00, 0x00, 0x5d,
  0x00, 0x00, 0x00, 0x20, 0x00, 0x00, 0x00, 0x5e, 0x00, 0x00, 0x00, 0x03, 0x00, 0x00, 0x00, 0x5f,
  0x00, 0x00, 0x00, 0x02, 0x00, 0x00, 0x00, 0x0d, 0x00, 0x00, 0x00, 0x00, 0x00, 0x00, 0x00, 0x00,
  0x00, 0x00, 0x00, 0x40, 0x00, 0x00, 0x00, 0x00, 0x00, 0x00, 0x00, 0x24, 0x40, 0x01, 0x05, 0x00,
  0x00, 0x00, 0x72, 0x6f, 0x75, 0x6e, 0x64, 0x01, 0x03, 0x00, 0x00, 0x00, 0x61, 0x62, 0x73, 0x01,
  0x05, 0x00, 0x00, 0x00, 0x66, 0x6c, 0x6f, 0x6f, 0x72, 0x01, 0x03, 0x00, 0x00, 0x00, 0x73, 0x74,
  0x72, 0x00, 0x00, 0x00, 0x00, 0x00, 0x00, 0x00, 0x00, 0x00, 0x01, 0x01, 0x00, 0x00, 0x00, 0x2e,
  0x01, 0x08, 0x00, 0x00, 0x00, 0x70, 0x61, 0x64, 0x5f, 0x6c, 0x65, 0x66, 0x74, 0x01, 0x01, 0x00,
  0x00, 0x00, 0x30, 0x00, 0x00, 0x00, 0x00, 0x00, 0x00, 0x00, 0x00, 0x00, 0x00, 0x00, 0x00, 0x00,
  0x00, 0x00, 0x00, 0x00, 0x00, 0x01, 0x01, 0x00, 0x00, 0x00, 0x2d, 0x06, 0x00, 0x00, 0x00, 0x63,
  0x6f, 0x6d, 0x6d, 0x61, 0x73, 0x01, 0x01, 0x00, 0x00, 0x00, 0x96, 0x00, 0x00, 0x00, 0x07, 0x01,
  0x00, 0x00, 0x00, 0x15, 0x21, 0x00, 0x04, 0x04, 0x00, 0x00, 0x01, 0x21, 0x00, 0x03, 0x20, 0x00,
  0x04, 0x04, 0x00, 0x00, 0x02, 0x09, 0x00, 0x03, 0x09, 0x00, 0x04, 0x09, 0x00, 0x05, 0x07, 0x01,
  0x23, 0x01, 0x23, 0x01, 0x23, 0x01, 0x00, 0x00, 0x06, 0x00, 0x00, 0x07, 0x00, 0x00, 0x08, 0x09,
  0x00, 0x09, 0x07, 0x03, 0x23, 0x01, 0x1f, 0x00, 0x00, 0x0a, 0x2a, 0x06, 0x00, 0x4c, 0x07, 0x03,
  0x09, 0x00, 0x09, 0x07, 0x03, 0x23, 0x01, 0x00, 0x00, 0x0b, 0x17, 0x07, 0x08, 0x17, 0x10, 0x07,
  0x05, 0x00, 0x00, 0x0c, 0x14, 0x21, 0x00, 0x0b, 0x04, 0x07, 0x05, 0x00, 0x00, 0x0d, 0x1a, 0x00,
  0x00, 0x0e, 0x13, 0x21, 0x00, 0x0d, 0x04, 0x00, 0x00, 0x0f, 0x07, 0x04, 0x16, 0x08, 0x04, 0x04,
  0x20, 0x00, 0x01, 0x04, 0x07, 0x09, 0x07, 0x04, 0x16, 0x08, 0x04, 0x04, 0x07, 0x05, 0x00, 0x00,
  0x10, 0x16, 0x08, 0x05, 0x04, 0x04, 0x04, 0x22, 0x00, 0x50, 0x04, 0x04, 0x07, 0x02, 0x07, 0x04,
  0x16, 0x27, 0x01, 0x27, 0x0c, 0x00, 0x00, 0x00, 0x63, 0x00, 0x00, 0x00, 0x17, 0x00, 0x00, 0x00,
  0x64, 0x00, 0x00, 0x00, 0x11, 0x00, 0x00, 0x00, 0x65, 0x00, 0x00, 0x00, 0x03, 0x00, 0x00, 0x00,
  0x66, 0x00, 0x00, 0x00, 0x03, 0x00, 0x00, 0x00, 0x67, 0x00, 0x00, 0x00, 0x12, 0x00, 0x00, 0x00,
  0x68, 0x00, 0x00, 0x00, 0x11, 0x00, 0x00, 0x00, 0x69, 0x00, 0x00, 0x00, 0x25, 0x00, 0x00, 0x00,
  0x6a, 0x00, 0x00, 0x00, 0x08, 0x00, 0x00, 0x00, 0x6b, 0x00, 0x00, 0x00, 0x09, 0x00, 0x00, 0x00,
  0x6c, 0x00, 0x00, 0x00, 0x07, 0x00, 0x00, 0x00, 0x6d, 0x00, 0x00, 0x00, 0x06, 0x00, 0x00, 0x00,
  0x6e, 0x00, 0x00, 0x00, 0x02, 0x00, 0x00, 0x00, 0x11, 0x00, 0x00, 0x00, 0x00, 0x00, 0x00, 0x00,
  0x00, 0x00, 0x00, 0x00, 0x00, 0x01, 0x01, 0x00, 0x00, 0x00, 0x2d, 0x01, 0x00, 0x00, 0x00, 0x00,
  0x01, 0x03, 0x00, 0x00, 0x00, 0x73, 0x74, 0x72, 0x01, 0x05, 0x00, 0x00, 0x00, 0x66, 0x6c, 0x6f,
  0x6f, 0x72, 0x01, 0x03, 0x00, 0x00, 0x00, 0x61, 0x62, 0x73, 0x01, 0x00, 0x00, 0x00, 0x00, 0x00,
  0x00, 0x00, 0x00, 0x00, 0x00, 0x00, 0x00, 0x00, 0x00, 0x00, 0x00, 0x00, 0x00, 0x00, 0x00, 0x00,
  0x00, 0x01, 0x03, 0x00, 0x00, 0x00, 0x6c, 0x65, 0x6e, 0x00, 0x00, 0x00, 0x00, 0x00, 0x00, 0x00,
  0x00, 0x00, 0x00, 0x00, 0x00, 0x00, 0x00, 0x00, 0x00, 0xf0, 0x3f, 0x00, 0x00, 0x00, 0x00, 0x00,
  0x00, 0x00, 0x00, 0x00, 0x00, 0x00, 0x00, 0x00, 0x00, 0x00, 0x00, 0x08, 0x40, 0x00, 0x00, 0x00,
  0x00, 0x00, 0x00, 0x00, 0x00, 0x00, 0x01, 0x01, 0x00, 0x00, 0x00, 0x2c, 0x00, 0x00, 0x00, 0x00,
  0x00, 0x00, 0x00, 0xf0, 0x3f, 0xff, 0xff, 0xff, 0xff, 0x00, 0x00, 0x00, 0x00, 0x01, 0x56, 0x00,
  0x00, 0x00, 0x25, 0x00, 0x01, 0x0a, 0x00, 0x00, 0x25, 0x00, 0x03, 0x0a, 0x00, 0x02, 0x25, 0x00,
  0x05, 0x0a, 0x00, 0x04, 0x25, 0x00, 0x07, 0x0a, 0x00, 0x06, 0x25, 0x00, 0x09, 0x0a, 0x00, 0x08,
  0x25, 0x00, 0x0b, 0x0a, 0x00, 0x0a, 0x25, 0x00, 0x0d, 0x0a, 0x00, 0x0c, 0x25, 0x00, 0x0f, 0x0a,
  0x00, 0x0e, 0x25, 0x00, 0x11, 0x0a, 0x00, 0x10, 0x25, 0x00, 0x13, 0x0a, 0x00, 0x12, 0x25, 0x00,
  0x15, 0x0a, 0x00, 0x14, 0x25, 0x00, 0x17, 0x0a, 0x00, 0x16, 0x25, 0x00, 0x19, 0x0a, 0x00, 0x18,
  0x25, 0x00, 0x1b, 0x0a, 0x00, 0x1a, 0x01, 0x27, 0x0e, 0x00, 0x00, 0x00, 0x07, 0x00, 0x00, 0x00,
  0x06, 0x00, 0x00, 0x00, 0x0d, 0x00, 0x00, 0x00, 0x06, 0x00, 0x00, 0x00, 0x15, 0x00, 0x00, 0x00,
  0x06, 0x00, 0x00, 0x00, 0x1a, 0x00, 0x00, 0x00, 0x06, 0x00, 0x00, 0x00, 0x1f, 0x00, 0x00, 0x00,
  0x06, 0x00, 0x00, 0x00, 0x23, 0x00, 0x00, 0x00, 0x06, 0x00, 0x00, 0x00, 0x29, 0x00, 0x00, 0x00,
  0x06, 0x00, 0x00, 0x00, 0x31, 0x00, 0x00, 0x00, 0x06, 0x00, 0x00, 0x00, 0x37, 0x00, 0x00, 0x00,
  0x06, 0x00, 0x00, 0x00, 0x3d, 0x00, 0x00, 0x00, 0x06, 0x00, 0x00, 0x00, 0x42, 0x00, 0x00, 0x00,
  0x06, 0x00, 0x00, 0x00, 0x52, 0x00, 0x00, 0x00, 0x06, 0x00, 0x00, 0x00, 0x5f, 0x00, 0x00, 0x00,
  0x06, 0x00, 0x00, 0x00, 0x6e, 0x00, 0x00, 0x00, 0x08, 0x00, 0x00, 0x00, 0x1c, 0x00, 0x00, 0x00,
  0x01, 0x08, 0x00, 0x00, 0x00, 0x70, 0x61, 0x64, 0x5f, 0x6c, 0x65, 0x66, 0x74, 0x02, 0x00, 0x00,
  0x00, 0x00, 0x01, 0x09, 0x00, 0x00, 0x00, 0x70, 0x61, 0x64, 0x5f, 0x72, 0x69, 0x67, 0x68, 0x74,
  0x02, 0x01, 0x00, 0x00, 0x00, 0x01, 0x06, 0x00, 0x00, 0x00, 0x63, 0x65, 0x6e, 0x74, 0x65, 0x72,
  0x02, 0x02, 0x00, 0x00, 0x00, 0x01, 0x0a, 0x00, 0x00, 0x00, 0x63, 0x61, 0x70, 0x69, 0x74, 0x61,
  0x6c, 0x69, 0x7a, 0x65, 0x02, 0x03, 0x00, 0x00, 0x00, 0x01, 0x05, 0x00, 0x00, 0x00, 0x74, 0x69,
  0x74, 0x6c, 0x65, 0x02, 0x05, 0x00, 0x00, 0x00, 0x01, 0x07, 0x00, 0x00, 0x00, 0x72, 0x65, 0x76,
  0x65, 0x72, 0x73, 0x65, 0x02, 0x06, 0x00, 0x00, 0x00, 0x01, 0x08, 0x00, 0x00, 0x00, 0x69, 0x73,
  0x5f, 0x64, 0x69, 0x67, 0x69, 0x74, 0x02, 0x07, 0x00, 0x00, 0x00, 0x01, 0x08, 0x00, 0x00, 0x00,
  0x69, 0x73, 0x5f, 0x61, 0x6c, 0x70, 0x68, 0x61, 0x02, 0x08, 0x00, 0x00, 0x00, 0x01, 0x05, 0x00,
  0x00, 0x00, 0x77, 0x6f, 0x72, 0x64, 0x73, 0x02, 0x0a, 0x00, 0x00, 0x00, 0x01, 0x08, 0x00, 0x00,
  0x00, 0x74, 0x72, 0x75, 0x6e, 0x63, 0x61, 0x74, 0x65, 0x02, 0x0b, 0x00, 0x00, 0x00, 0x01, 0x0f,
  0x00, 0x00, 0x00, 0x73, 0x74, 0x61, 0x72, 0x74, 0x73, 0x5f, 0x77, 0x69, 0x74, 0x68, 0x5f, 0x61,
  0x6e, 0x79, 0x02, 0x0c, 0x00, 0x00, 0x00, 0x01, 0x04, 0x00, 0x00, 0x00, 0x77, 0x72, 0x61, 0x70,
  0x02, 0x0d, 0x00, 0x00, 0x00, 0x01, 0x05, 0x00, 0x00, 0x00, 0x66, 0x69, 0x78, 0x65, 0x64, 0x02,
  0x0e, 0x00, 0x00, 0x00, 0x01, 0x06, 0x00, 0x00, 0x00, 0x63, 0x6f, 0x6d, 0x6d, 0x61, 0x73, 0x02,
  0x0f, 0x00, 0x00, 0x00, 0xf4, 0x7a, 0x5a, 0xbd,
};

/* tools/fmt */
static const unsigned char embedded_16[] = {
  0x7f, 0x46, 0x58, 0x43, 0x01, 0x00, 0x01, 0x00, 0x00, 0x00, 0x00, 0x00, 0x05, 0x00, 0x00, 0x00,
  0x31, 0x2e, 0x30, 0x2e, 0x30, 0x06, 0x00, 0x00, 0x00, 0x66, 0x6d, 0x74, 0x2e, 0x66, 0x78, 0x03,
  0x00, 0x00, 0x00, 0x05, 0x00, 0x00, 0x00, 0x75, 0x73, 0x61, 0x67, 0x65, 0x00, 0x00, 0x00, 0x00,
  0x00, 0x0b, 0x00, 0x00, 0x00, 0x09, 0x00, 0x00, 0x00, 0x00, 0x01, 0x23, 0x01, 0x04, 0x01, 0x27,
  0x02, 0x00, 0x00, 0x00, 0x0b, 0x00, 0x00, 0x00, 0x09, 0x00, 0x00, 0x00, 0x0c, 0x00, 0x00, 0x00,
  0x02, 0x00, 0x00, 0x00, 0x02, 0x00, 0x00, 0x00, 0x01, 0x05, 0x00, 0x00, 0x00, 0x70, 0x72, 0x69,
  0x6e, 0x74, 0x01, 0x3b, 0x00, 0x00, 0x00, 0x75, 0x73, 0x61, 0x67, 0x65, 0x3a, 0x20, 0x66, 0x61,
  0x78, 0x61, 0x6c, 0x20, 0x66, 0x6d, 0x74, 0x20, 0x5b, 0x2d, 0x2d, 0x63, 0x68, 0x65, 0x63, 0x6b,
  0x5d, 0x20, 0x5b, 0x2d, 0x2d, 0x73, 0x74, 0x64, 0x6f, 0x75, 0x74, 0x5d, 0x20, 0x5b, 0x66, 0x69,
  0x6c, 0x65, 0x73, 0x20, 0x6f, 0x72, 0x20, 0x66, 0x6f, 0x6c, 0x64, 0x65, 0x72, 0x73, 0x2e, 0x2e,
  0x2e, 0x5d, 0x07, 0x00, 0x00, 0x00, 0x63, 0x6f, 0x6c, 0x6c, 0x65, 0x63, 0x74, 0x03, 0x03, 0x00,
  0x00, 0x00, 0x8d, 0x00, 0x00, 0x00, 0x09, 0x00, 0x00, 0x07, 0x01, 0x24, 0x00, 0x01, 0x01, 0x21,
  0x00, 0x5b, 0x04, 0x09, 0x00, 0x00, 0x07, 0x01, 0x24, 0x00, 0x02, 0x01, 0x00, 0x00, 0x03, 0x2a,
  0x04, 0x00, 0x45, 0x07, 0x06, 0x00, 0x00, 0x05, 0x24, 0x00, 0x04, 0x01, 0x21, 0x00, 0x03, 0x20,
  0x00, 0x07, 0x04, 0x07, 0x06, 0x00, 0x00, 0x06, 0x13, 0x21, 0x00, 0x03, 0x20, 0x00, 0x07, 0x04,
  0x07, 0x06, 0x00, 0x00, 0x07, 0x13, 0x21, 0x00, 0x08, 0x04, 0x04, 0x22, 0x00, 0x2f, 0x20, 0x00,
  0x01, 0x04, 0x09, 0x00, 0x08, 0x07, 0x01, 0x00, 0x00, 0x09, 0x16, 0x07, 0x06, 0x16, 0x07, 0x02,
  0x03, 0x23, 0x03, 0x04, 0x04, 0x22, 0x00, 0x49, 0x04, 0x04, 0x20, 0x00, 0x24, 0x04, 0x07, 0x03,
  0x21, 0x00, 0x03, 0x20, 0x00, 0x0a, 0x04, 0x07, 0x01, 0x00, 0x00, 0x0b, 0x24, 0x00, 0x0a, 0x01,
  0x21, 0x00, 0x0d, 0x04, 0x07, 0x02, 0x07, 0x01, 0x24, 0x00, 0x0c, 0x01, 0x04, 0x20, 0x00, 0x01,
  0x04, 0x01, 0x27, 0x09, 0x00, 0x00, 0x00, 0x0f, 0x00, 0x00, 0x00, 0x0d, 0x00, 0x00, 0x00, 0x10,
  0x00, 0x00, 0x00, 0x10, 0x00, 0x00, 0x00, 0x11, 0x00, 0x00, 0x00, 0x2f, 0x00, 0x00, 0x00, 0x12,
  0x00, 0x00, 0x00, 0x12, 0x00, 0x00, 0x00, 0x13, 0x00, 0x00, 0x00, 0x06, 0x00, 0x00, 0x00, 0x14,
  0x00, 0x00, 0x00, 0x1a, 0x00, 0x00, 0x00, 0x15, 0x00, 0x00, 0x00, 0x09, 0x00, 0x00, 0x00, 0x16,
  0x00, 0x00, 0x00, 0x04, 0x00, 0x00, 0x00, 0x17, 0x00, 0x00, 0x00, 0x02, 0x00, 0x00, 0x00, 0x0d,
  0x00, 0x00, 0x00, 0x01, 0x02, 0x00, 0x00, 0x00, 0x66, 0x73, 0x01, 0x06, 0x00, 0x00, 0x00, 0x69,
  0x73, 0x5f, 0x64, 0x69, 0x72, 0x01, 0x04, 0x00, 0x00, 0x00, 0x6c, 0x69, 0x73, 0x74, 0x00, 0x00,
  0x00, 0x00, 0x00, 0x00, 0x00, 0x00, 0x00, 0x01, 0x0b, 0x00, 0x00, 0x00, 0x73, 0x74, 0x61, 0x72,
  0x74, 0x73, 0x5f, 0x77, 0x69, 0x74, 0x68, 0x01, 0x01, 0x00, 0x00, 0x00, 0x2e, 0x01, 0x0a, 0x00,
  0x00, 0x00, 0x66, 0x78, 0x5f, 0x6d, 0x6f, 0x64, 0x75, 0x6c, 0x65, 0x73, 0x01, 0x0c, 0x00, 0x00,
  0x00, 0x6e, 0x6f, 0x64, 0x65, 0x5f, 0x6d, 0x6f, 0x64, 0x75, 0x6c, 0x65, 0x73, 0x01, 0x07, 0x00,
  0x00, 0x00, 0x63, 0x6f, 0x6c, 0x6c, 0x65, 0x63, 0x74, 0x01, 0x01, 0x00, 0x00, 0x00, 0x2f, 0x01,
  0x09, 0x00, 0x00, 0x00, 0x65, 0x6e, 0x64, 0x73, 0x5f, 0x77, 0x69, 0x74, 0x68, 0x01, 0x03, 0x00,
  0x00, 0x00, 0x2e, 0x66, 0x78, 0x01, 0x04, 0x00, 0x00, 0x00, 0x70, 0x75, 0x73, 0x68, 0xff, 0xff,
  0xff, 0xff, 0x00, 0x00, 0x00, 0x00, 0x01, 0x68, 0x02, 0x00, 0x00, 0x00, 0x00, 0x00, 0x2e, 0x0a,
  0x00, 0x01, 0x25, 0x00, 0x03, 0x0a, 0x00, 0x02, 0x25, 0x00, 0x05, 0x0a, 0x00, 0x04, 0x03, 0x0a,
  0x00, 0x06, 0x03, 0x0a, 0x00, 0x07, 0x28, 0x00, 0x00, 0x0a, 0x00, 0x08, 0x09, 0x00, 0x09, 0x0e,
  0x00, 0x0a, 0x00, 0x00, 0x0c, 0x24, 0x00, 0x0b, 0x01, 0x00, 0x00, 0x0d, 0x2a, 0x01, 0x00, 0x8e,
  0x07, 0x03, 0x00, 0x00, 0x0e, 0x13, 0x21, 0x00, 0x09, 0x04, 0x02, 0x0b, 0x00, 0x06, 0x04, 0x20,
  0x00, 0x78, 0x04, 0x07, 0x03, 0x00, 0x00, 0x0f, 0x13, 0x21, 0x00, 0x09, 0x04, 0x02, 0x0b, 0x00,
  0x07, 0x04, 0x20, 0x00, 0x65, 0x04, 0x07, 0x03, 0x00, 0x00, 0x10, 0x13, 0x21, 0x00, 0x03, 0x20,
  0x00, 0x07, 0x04, 0x07, 0x03, 0x00, 0x00, 0x11, 0x13, 0x21, 0x00, 0x15, 0x04, 0x09, 0x00, 0x02,
  0x23, 0x00, 0x04, 0x09, 0x00, 0x09, 0x00, 0x00, 0x13, 0x24, 0x00, 0x12, 0x01, 0x04, 0x20, 0x00,
  0x39, 0x04, 0x07, 0x03, 0x00, 0x00, 0x15, 0x24, 0x00, 0x14, 0x01, 0x21, 0x00, 0x21, 0x04, 0x09,
  0x00, 0x16, 0x00, 0x00, 0x17, 0x07, 0x03, 0x16, 0x23, 0x01, 0x04, 0x09, 0x00, 0x02, 0x23, 0x00,
  0x04, 0x09, 0x00, 0x09, 0x00, 0x00, 0x18, 0x24, 0x00, 0x12, 0x01, 0x04, 0x20, 0x00, 0x0b, 0x04,
  0x09, 0x00, 0x08, 0x07, 0x03, 0x24, 0x00, 0x19, 0x01, 0x04, 0x04, 0x22, 0x00, 0x92, 0x04, 0x04,
  0x09, 0x00, 0x08, 0x24, 0x00, 0x1a, 0x00, 0x00, 0x00, 0x1b, 0x13, 0x21, 0x00, 0x0f, 0x04, 0x09,
  0x00, 0x08, 0x00, 0x00, 0x1c, 0x24, 0x00, 0x19, 0x01, 0x04, 0x20, 0x00, 0x01, 0x04, 0x28, 0x00,
  0x00, 0x0a, 0x00, 0x1d, 0x09, 0x00, 0x08, 0x00, 0x00, 0x1e, 0x2a, 0x01, 0x00, 0x39, 0x09, 0x00,
  0x1f, 0x07, 0x03, 0x24, 0x00, 0x20, 0x01, 0x1d, 0x21, 0x00, 0x1b, 0x04, 0x09, 0x00, 0x16, 0x00,
  0x00, 0x21, 0x07, 0x03, 0x16, 0x23, 0x01, 0x04, 0x09, 0x00, 0x09, 0x00, 0x00, 0x22, 0x24, 0x00,
  0x12, 0x01, 0x04, 0x20, 0x00, 0x01, 0x04, 0x09, 0x00, 0x04, 0x07, 0x03, 0x09, 0x00, 0x1d, 0x02,
  0x23, 0x03, 0x04, 0x04, 0x22, 0x00, 0x3d, 0x04, 0x04, 0x00, 0x00, 0x24, 0x0a, 0x00, 0x23, 0x00,
  0x00, 0x26, 0x0a, 0x00, 0x25, 0x09, 0x00, 0x1d, 0x00, 0x00, 0x27, 0x2a, 0x01, 0x00, 0xa4, 0x09,
  0x00, 0x1f, 0x07, 0x03, 0x24, 0x00, 0x28, 0x01, 0x01, 0x2b, 0x00, 0x10, 0x09, 0x00, 0x01, 0x07,
  0x04, 0x24, 0x00, 0x29, 0x01, 0x08, 0x05, 0x04, 0x2c, 0x20, 0x00, 0x26, 0x09, 0x00, 0x16, 0x00,
  0x00, 0x2a, 0x07, 0x03, 0x16, 0x00, 0x00, 0x2b, 0x16, 0x07, 0x06, 0x16, 0x23, 0x01, 0x04, 0x09,
  0x00, 0x25, 0x00, 0x00, 0x2c, 0x16, 0x0b, 0x00, 0x25, 0x04, 0x04, 0x04, 0x04, 0x04, 0x22, 0x00,
  0x46, 0x04, 0x09, 0x00, 0x07, 0x21, 0x00, 0x0c, 0x04, 0x09, 0x00, 0x2d, 0x07, 0x05, 0x23, 0x01,
  0x04, 0x20, 0x00, 0x49, 0x04, 0x07, 0x05, 0x07, 0x04, 0x13, 0x1d, 0x21, 0x00, 0x3e, 0x04, 0x09,
  0x00, 0x23, 0x00, 0x00, 0x2e, 0x16, 0x0b, 0x00, 0x23, 0x04, 0x09, 0x00, 0x06, 0x21, 0x00, 0x10,
  0x04, 0x09, 0x00, 0x16, 0x00, 0x00, 0x2f, 0x07, 0x03, 0x16, 0x23, 0x01, 0x04, 0x20, 0x00, 0x19,
  0x04, 0x09, 0x00, 0x1f, 0x07, 0x03, 0x07, 0x05, 0x24, 0x00, 0x2d, 0x02, 0x04, 0x09, 0x00, 0x16,
  0x00, 0x00, 0x30, 0x07, 0x03, 0x16, 0x23, 0x01, 0x04, 0x20, 0x00, 0x01, 0x04, 0x04, 0x04, 0x04,
  0x22, 0x00, 0xa8, 0x04, 0x04, 0x09, 0x00, 0x07, 0x1d, 0x21, 0x00, 0x45, 0x04, 0x09, 0x00, 0x06,
  0x21, 0x00, 0x04, 0x04, 0x00, 0x00, 0x31, 0x21, 0x00, 0x03, 0x20, 0x00, 0x04, 0x04, 0x00, 0x00,
  0x32, 0x09, 0x00, 0x16, 0x00, 0x00, 0x33, 0x09, 0x00, 0x23, 0x16, 0x00, 0x00, 0x34, 0x16, 0x07,
  0x01, 0x16, 0x00, 0x00, 0x35, 0x16, 0x09, 0x00, 0x1d, 0x24, 0x00, 0x1a, 0x00, 0x09, 0x00, 0x23,
  0x17, 0x09, 0x00, 0x25, 0x17, 0x16, 0x00, 0x00, 0x36, 0x16, 0x23, 0x01, 0x04, 0x04, 0x20, 0x00,
  0x01, 0x04, 0x09, 0x00, 0x25, 0x00, 0x00, 0x37, 0x14, 0x21, 0x00, 0x03, 0x20, 0x00, 0x0f, 0x04,
  0x09, 0x00, 0x06, 0x21, 0x00, 0x08, 0x04, 0x09, 0x00, 0x23, 0x00, 0x00, 0x38, 0x14, 0x21, 0x00,
  0x0f, 0x04, 0x09, 0x00, 0x09, 0x00, 0x00, 0x39, 0x24, 0x00, 0x12, 0x01, 0x04, 0x20, 0x00, 0x01,
  0x04, 0x01, 0x27, 0x32, 0x00, 0x00, 0x00, 0x08, 0x00, 0x00, 0x00, 0x07, 0x00, 0x00, 0x00, 0x0c,
  0x00, 0x00, 0x00, 0x06, 0x00, 0x00, 0x00, 0x17, 0x00, 0x00, 0x00, 0x06, 0x00, 0x00, 0x00, 0x19,
  0x00, 0x00, 0x00, 0x04, 0x00, 0x00, 0x00, 0x1a, 0x00, 0x00, 0x00, 0x04, 0x00, 0x00, 0x00, 0x1b,
  0x00, 0x00, 0x00, 0x06, 0x00, 0x00, 0x00, 0x1c, 0x00, 0x00, 0x00, 0x14, 0x00, 0x00, 0x00, 0x1d,
  0x00, 0x00, 0x00, 0x13, 0x00, 0x00, 0x00, 0x1e, 0x00, 0x00, 0x00, 0x13, 0x00, 0x00, 0x00, 0x1f,
  0x00, 0x00, 0x00, 0x2c, 0x00, 0x00, 0x00, 0x20, 0x00, 0x00, 0x00, 0x2e, 0x00, 0x00, 0x00, 0x21,
  0x00, 0x00, 0x00, 0x0a, 0x00, 0x00, 0x00, 0x22, 0x00, 0x00, 0x00, 0x06, 0x00, 0x00, 0x00, 0x23,
  0x00, 0x00, 0x00, 0x1e, 0x00, 0x00, 0x00, 0x25, 0x00, 0x00, 0x00, 0x06, 0x00, 0x00, 0x00, 0x26,
  0x00, 0x00, 0x00, 0x0a, 0x00, 0x00, 0x00, 0x27, 0x00, 0x00, 0x00, 0x0e, 0x00, 0x00, 0x00, 0x28,
  0x00, 0x00, 0x00, 0x0c, 0x00, 0x00, 0x00, 0x29, 0x00, 0x00, 0x00, 0x0b, 0x00, 0x00, 0x00, 0x2a,
  0x00, 0x00, 0x00, 0x04, 0x00, 0x00, 0x00, 0x2b, 0x00, 0x00, 0x00, 0x0c, 0x00, 0x00, 0x00, 0x2c,
  0x00, 0x00, 0x00, 0x06, 0x00, 0x00, 0x00, 0x2e, 0x00, 0x00, 0x00, 0x06, 0x00, 0x00, 0x00, 0x2f,
  0x00, 0x00, 0x00, 0x06, 0x00, 0x00, 0x00, 0x30, 0x00, 0x00, 0x00, 0x0a, 0x00, 0x00, 0x00, 0x31,
  0x00, 0x00, 0x00, 0x09, 0x00, 0x00, 0x00, 0x32, 0x00, 0x00, 0x00, 0x01, 0x00, 0x00, 0x00, 0x33,
  0x00, 0x00, 0x00, 0x03, 0x00, 0x00, 0x00, 0x34, 0x00, 0x00, 0x00, 0x0c, 0x00, 0x00, 0x00, 0x35,
  0x00, 0x00, 0x00, 0x04, 0x00, 0x00, 0x00, 0x36, 0x00, 0x00, 0x00, 0x13, 0x00, 0x00, 0x00, 0x37,
  0x00, 0x00, 0x00, 0x0b, 0x00, 0x00, 0x00, 0x38, 0x00, 0x00, 0x00, 0x07, 0x00, 0x00, 0x00, 0x39,
  0x00, 0x00, 0x00, 0x01, 0x00, 0x00, 0x00, 0x3a, 0x00, 0x00, 0x00, 0x07, 0x00, 0x00, 0x00, 0x3b,
  0x00, 0x00, 0x00, 0x08, 0x00, 0x00, 0x00, 0x3c, 0x00, 0x00, 0x00, 0x0e, 0x00, 0x00, 0x00, 0x3d,
  0x00, 0x00, 0x00, 0x0b, 0x00, 0x00, 0x00, 0x3e, 0x00, 0x00, 0x00, 0x07, 0x00, 0x00, 0x00, 0x3f,
  0x00, 0x00, 0x00, 0x0c, 0x00, 0x00, 0x00, 0x40, 0x00, 0x00, 0x00, 0x04, 0x00, 0x00, 0x00, 0x41,
  0x00, 0x00, 0x00, 0x0c, 0x00, 0x00, 0x00, 0x42, 0x00, 0x00, 0x00, 0x0c, 0x00, 0x00, 0x00, 0x44,
  0x00, 0x00, 0x00, 0x04, 0x00, 0x00, 0x00, 0x45, 0x00, 0x00, 0x00, 0x08, 0x00, 0x00, 0x00, 0x47,
  0x00, 0x00, 0x00, 0x08, 0x00, 0x00, 0x00, 0x48, 0x00, 0x00, 0x00, 0x14, 0x00, 0x00, 0x00, 0x49,
  0x00, 0x00, 0x00, 0x2c, 0x00, 0x00, 0x00, 0x4a, 0x00, 0x00, 0x00, 0x05, 0x00, 0x00, 0x00, 0x4b,
  0x00, 0x00, 0x00, 0x31, 0x00, 0x00, 0x00, 0x3a, 0x00, 0x00, 0x00, 0x01, 0x07, 0x00, 0x00, 0x00,
  0x73, 0x74, 0x64, 0x2f, 0x66, 0x6d, 0x74, 0x01, 0x03, 0x00, 0x00, 0x00, 0x66, 0x6d, 0x74, 0x01,
  0x05, 0x00, 0x00, 0x00, 0x75, 0x73, 0x61, 0x67, 0x65, 0x02, 0x00, 0x00, 0x00, 0x00, 0x01, 0x07,
  0x00, 0x00, 0x00, 0x63, 0x6f, 0x6c, 0x6c, 0x65, 0x63, 0x74, 0x02, 0x01, 0x00, 0x00, 0x00, 0x01,
  0x05, 0x00, 0x00, 0x00, 0x63, 0x68, 0x65, 0x63, 0x6b, 0x01, 0x09, 0x00, 0x00, 0x00, 0x74, 0x6f,
  0x5f, 0x73, 0x74, 0x64, 0x6f, 0x75, 0x74, 0x01, 0x05, 0x00, 0x00, 0x00, 0x70, 0x61, 0x74, 0x68,
  0x73, 0x01, 0x02, 0x00, 0x00, 0x00, 0x6f, 0x73, 0x01, 0x04, 0x00, 0x00, 0x00, 0x61, 0x72, 0x67,
  0x73, 0x01, 0x05, 0x00, 0x00, 0x00, 0x73, 0x6c, 0x69, 0x63, 0x65, 0x00, 0x00, 0x00, 0x00, 0x00,
  0x00, 0x00, 0xf0, 0x3f, 0x00, 0x00, 0x00, 0x00, 0x00, 0x00, 0x00, 0x00, 0x00, 0x01, 0x07, 0x00,
  0x00, 0x00, 0x2d, 0x2d, 0x63, 0x68, 0x65, 0x63, 0x6b, 0x01, 0x08, 0x00, 0x00, 0x00, 0x2d, 0x2d,
  0x73, 0x74, 0x64, 0x6f, 0x75, 0x74, 0x01, 0x06, 0x00, 0x00, 0x00, 0x2d, 0x2d, 0x68, 0x65, 0x6c,
  0x70, 0x01, 0x02, 0x00, 0x00, 0x00, 0x2d, 0x68, 0x01, 0x04, 0x00, 0x00, 0x00, 0x65, 0x78, 0x69,
  0x74, 0x00, 0x00, 0x00, 0x00, 0x00, 0x00, 0x00, 0x00, 0x00, 0x01, 0x0b, 0x00, 0x00, 0x00, 0x73,
  0x74, 0x61, 0x72, 0x74, 0x73, 0x5f, 0x77, 0x69, 0x74, 0x68, 0x01, 0x02, 0x00, 0x00, 0x00, 0x2d,
  0x2d, 0x01, 0x05, 0x00, 0x00, 0x00, 0x70, 0x72, 0x69, 0x6e, 0x74, 0x01, 0x1a, 0x00, 0x00, 0x00,
  0x66, 0x61, 0x78, 0x61, 0x6c, 0x20, 0x66, 0x6d, 0x74, 0x3a, 0x20, 0x75, 0x6e, 0x6b, 0x6e, 0x6f,
  0x77, 0x6e, 0x20, 0x6f, 0x70, 0x74, 0x69, 0x6f, 0x6e, 0x20, 0x00, 0x00, 0x00, 0x00, 0x00, 0x00,
  0x00, 0x50, 0x40, 0x01, 0x04, 0x00, 0x00, 0x00, 0x70, 0x75, 0x73, 0x68, 0x01, 0x03, 0x00, 0x00,
  0x00, 0x6c, 0x65, 0x6e, 0x00, 0x00, 0x00, 0x00, 0x00, 0x00, 0x00, 0x00, 0x00, 0x01, 0x01, 0x00,
  0x00, 0x00, 0x2e, 0x01, 0x05, 0x00, 0x00, 0x00, 0x66, 0x69, 0x6c, 0x65, 0x73, 0x00, 0x00, 0x00,
  0x00, 0x00, 0x00, 0x00, 0x00, 0x00, 0x01, 0x02, 0x00, 0x00, 0x00, 0x66, 0x73, 0x01, 0x06, 0x00,
  0x00, 0x00, 0x65, 0x78, 0x69, 0x73, 0x74, 0x73, 0x01, 0x17, 0x00, 0x00, 0x00, 0x66, 0x61, 0x78,
  0x61, 0x6c, 0x20, 0x66, 0x6d, 0x74, 0x3a, 0x20, 0x63, 0x61, 0x6e, 0x6e, 0x6f, 0x74, 0x20, 0x66,
  0x69, 0x6e, 0x64, 0x20, 0x00, 0x00, 0x00, 0x00, 0x00, 0x00, 0x80, 0x52, 0x40, 0x01, 0x07, 0x00,
  0x00, 0x00, 0x63, 0x68, 0x61, 0x6e, 0x67, 0x65, 0x64, 0x00, 0x00, 0x00, 0x00, 0x00, 0x00, 0x00,
  0x00, 0x00, 0x01, 0x06, 0x00, 0x00, 0x00, 0x66, 0x61, 0x69, 0x6c, 0x65, 0x64, 0x00, 0x00, 0x00,
  0x00, 0x00, 0x00, 0x00, 0x00, 0x00, 0x00, 0x00, 0x00, 0x00, 0x00, 0x00, 0x00, 0x00, 0x00, 0x01,
  0x04, 0x00, 0x00, 0x00, 0x72, 0x65, 0x61, 0x64, 0x01, 0x0e, 0x00, 0x00, 0x00, 0x66, 0x6f, 0x72,
  0x6d, 0x61, 0x74, 0x5f, 0x63, 0x68, 0x65, 0x63, 0x6b, 0x65, 0x64, 0x01, 0x00, 0x00, 0x00, 0x00,
  0x01, 0x02, 0x00, 0x00, 0x00, 0x3a, 0x20, 0x00, 0x00, 0x00, 0x00, 0x00, 0x00, 0x00, 0xf0, 0x3f,
  0x01, 0x05, 0x00, 0x00, 0x00, 0x77, 0x72, 0x69, 0x74, 0x65, 0x00, 0x00, 0x00, 0x00, 0x00, 0x00,
  0x00, 0xf0, 0x3f, 0x01, 0x0f, 0x00, 0x00, 0x00, 0x77, 0x6f, 0x75, 0x6c, 0x64, 0x20, 0x72, 0x65,
  0x66, 0x6f, 0x72, 0x6d, 0x61, 0x74, 0x20, 0x01, 0x0a, 0x00, 0x00, 0x00, 0x66, 0x6f, 0x72, 0x6d,
  0x61, 0x74, 0x74, 0x65, 0x64, 0x20, 0x01, 0x14, 0x00, 0x00, 0x00, 0x77, 0x6f, 0x75, 0x6c, 0x64,
  0x20, 0x62, 0x65, 0x20, 0x72, 0x65, 0x66, 0x6f, 0x72, 0x6d, 0x61, 0x74, 0x74, 0x65, 0x64, 0x01,
  0x0b, 0x00, 0x00, 0x00, 0x72, 0x65, 0x66, 0x6f, 0x72, 0x6d, 0x61, 0x74, 0x74, 0x65, 0x64, 0x01,
  0x00, 0x00, 0x00, 0x00, 0x01, 0x01, 0x00, 0x00, 0x00, 0x20, 0x01, 0x02, 0x00, 0x00, 0x00, 0x2c,
  0x20, 0x01, 0x12, 0x00, 0x00, 0x00, 0x20, 0x61, 0x6c, 0x72, 0x65, 0x61, 0x64, 0x79, 0x20, 0x66,
  0x6f, 0x72, 0x6d, 0x61, 0x74, 0x74, 0x65, 0x64, 0x00, 0x00, 0x00, 0x00, 0x00, 0x00, 0x00, 0x00,
  0x00, 0x00, 0x00, 0x00, 0x00, 0x00, 0x00, 0x00, 0x00, 0x00, 0x00, 0x00, 0x00, 0x00, 0x00, 0x00,
  0x00, 0xf0, 0x3f, 0x79, 0xdd, 0xbe, 0x73,
};

/* tools/fxc */
static const unsigned char embedded_17[] = {
  0x7f, 0x46, 0x58, 0x43, 0x01, 0x00, 0x01, 0x00, 0x00, 0x00, 0x00, 0x00, 0x05, 0x00, 0x00, 0x00,
  0x31, 0x2e, 0x30, 0x2e, 0x30, 0x06, 0x00, 0x00, 0x00, 0x66, 0x78, 0x63, 0x2e, 0x66, 0x78, 0x01,
  0x00, 0x00, 0x00, 0xff, 0xff, 0xff, 0xff, 0x00, 0x00, 0x00, 0x00, 0x01, 0xc3, 0x01, 0x00, 0x00,
  0x00, 0x00, 0x00, 0x2e, 0x0a, 0x00, 0x01, 0x00, 0x00, 0x02, 0x2e, 0x0a, 0x00, 0x03, 0x00, 0x00,
  0x05, 0x0a, 0x00, 0x04, 0x01, 0x0a, 0x00, 0x06, 0x09, 0x00, 0x07, 0x0e, 0x00, 0x08, 0x00, 0x00,
  0x0a, 0x24, 0x00, 0x09, 0x01, 0x00, 0x00, 0x0b, 0x2a, 0x01, 0x00, 0x78, 0x07, 0x03, 0x00, 0x00,
  0x0c, 0x13, 0x21, 0x00, 0x0b, 0x04, 0x00, 0x00, 0x0d, 0x0b, 0x00, 0x04, 0x04, 0x20, 0x00, 0x60,
  0x04, 0x07, 0x03, 0x00, 0x00, 0x0e, 0x13, 0x21, 0x00, 0x0b, 0x04, 0x00, 0x00, 0x0f, 0x0b, 0x00,
  0x04, 0x04, 0x20, 0x00, 0x4b, 0x04, 0x07, 0x03, 0x00, 0x00, 0x10, 0x13, 0x21, 0x00, 0x0b, 0x04,
  0x00, 0x00, 0x11, 0x0b, 0x00, 0x04, 0x04, 0x20, 0x00, 0x36, 0x04, 0x07, 0x03, 0x00, 0x00, 0x12,
  0x13, 0x21, 0x00, 0x03, 0x20, 0x00, 0x07, 0x04, 0x07, 0x03, 0x00, 0x00, 0x13, 0x13, 0x21, 0x00,
  0x18, 0x04, 0x09, 0x00, 0x14, 0x00, 0x00, 0x15, 0x23, 0x01, 0x04, 0x09, 0x00, 0x07, 0x00, 0x00,
  0x17, 0x24, 0x00, 0x16, 0x01, 0x04, 0x20, 0x00, 0x07, 0x04, 0x07, 0x03, 0x0b, 0x00, 0x06, 0x04,
  0x04, 0x22, 0x00, 0x7c, 0x04, 0x04, 0x09, 0x00, 0x06, 0x01, 0x13, 0x21, 0x00, 0x18, 0x04, 0x09,
  0x00, 0x14, 0x00, 0x00, 0x18, 0x23, 0x01, 0x04, 0x09, 0x00, 0x07, 0x00, 0x00, 0x19, 0x24, 0x00,
  0x16, 0x01, 0x04, 0x20, 0x00, 0x01, 0x04, 0x09, 0x00, 0x1a, 0x09, 0x00, 0x06, 0x24, 0x00, 0x1b,
  0x01, 0x1d, 0x21, 0x00, 0x1c, 0x04, 0x09, 0x00, 0x14, 0x00, 0x00, 0x1c, 0x09, 0x00, 0x06, 0x16,
  0x23, 0x01, 0x04, 0x09, 0x00, 0x07, 0x00, 0x00, 0x1d, 0x24, 0x00, 0x16, 0x01, 0x04, 0x20, 0x00,
  0x01, 0x04, 0x09, 0x00, 0x01, 0x09, 0x00, 0x1a, 0x09, 0x00, 0x06, 0x24, 0x00, 0x20, 0x01, 0x24,
  0x00, 0x1f, 0x01, 0x0a, 0x00, 0x1e, 0x09, 0x00, 0x1e, 0x0e, 0x00, 0x21, 0x1d, 0x21, 0x00, 0x45,
  0x04, 0x09, 0x00, 0x1e, 0x0e, 0x00, 0x11, 0x00, 0x00, 0x22, 0x2a, 0x01, 0x00, 0x27, 0x09, 0x00,
  0x14, 0x00, 0x00, 0x23, 0x07, 0x03, 0x0e, 0x00, 0x24, 0x16, 0x00, 0x00, 0x25, 0x16, 0x07, 0x03,
  0x0e, 0x00, 0x26, 0x16, 0x00, 0x00, 0x27, 0x16, 0x07, 0x03, 0x0e, 0x00, 0x28, 0x16, 0x23, 0x01,
  0x04, 0x04, 0x22, 0x00, 0x2b, 0x04, 0x04, 0x09, 0x00, 0x07, 0x00, 0x00, 0x29, 0x24, 0x00, 0x16,
  0x01, 0x04, 0x20, 0x00, 0x01, 0x04, 0x09, 0x00, 0x04, 0x00, 0x00, 0x2a, 0x13, 0x21, 0x00, 0x17,
  0x04, 0x09, 0x00, 0x2b, 0x09, 0x00, 0x03, 0x09, 0x00, 0x1e, 0x0e, 0x00, 0x2d, 0x24, 0x00, 0x2c,
  0x01, 0x23, 0x01, 0x04, 0x20, 0x00, 0x4a, 0x04, 0x09, 0x00, 0x04, 0x00, 0x00, 0x2e, 0x13, 0x21,
  0x00, 0x1e, 0x04, 0x09, 0x00, 0x14, 0x09, 0x00, 0x2f, 0x09, 0x00, 0x03, 0x09, 0x00, 0x1e, 0x0e,
  0x00, 0x2d, 0x24, 0x00, 0x31, 0x01, 0x24, 0x00, 0x30, 0x01, 0x23, 0x01, 0x04, 0x20, 0x00, 0x21,
  0x04, 0x09, 0x00, 0x04, 0x00, 0x00, 0x32, 0x13, 0x21, 0x00, 0x15, 0x04, 0x09, 0x00, 0x14, 0x00,
  0x00, 0x33, 0x09, 0x00, 0x06, 0x16, 0x00, 0x00, 0x34, 0x16, 0x23, 0x01, 0x04, 0x20, 0x00, 0x01,
  0x04, 0x01, 0x27, 0x1e, 0x00, 0x00, 0x00, 0x08, 0x00, 0x00, 0x00, 0x07, 0x00, 0x00, 0x00, 0x09,
  0x00, 0x00, 0x00, 0x07, 0x00, 0x00, 0x00, 0x0b, 0x00, 0x00, 0x00, 0x06, 0x00, 0x00, 0x00, 0x0c,
  0x00, 0x00, 0x00, 0x04, 0x00, 0x00, 0x00, 0x0d, 0x00, 0x00, 0x00, 0x14, 0x00, 0x00, 0x00, 0x0e,
  0x00, 0x00, 0x00, 0x15, 0x00, 0x00, 0x00, 0x0f, 0x00, 0x00, 0x00, 0x15, 0x00, 0x00, 0x00, 0x10,
  0x00, 0x00, 0x00, 0x15, 0x00, 0x00, 0x00, 0x11, 0x00, 0x00, 0x00, 0x17, 0x00, 0x00, 0x00, 0x12,
  0x00, 0x00, 0x00, 0x09, 0x00, 0x00, 0x00, 0x13, 0x00, 0x00, 0x00, 0x0b, 0x00, 0x00, 0x00, 0x14,
  0x00, 0x00, 0x00, 0x04, 0x00, 0x00, 0x00, 0x15, 0x00, 0x00, 0x00, 0x06, 0x00, 0x00, 0x00, 0x16,
  0x00, 0x00, 0x00, 0x06, 0x00, 0x00, 0x00, 0x17, 0x00, 0x00, 0x00, 0x09, 0x00, 0x00, 0x00, 0x18,
  0x00, 0x00, 0x00, 0x09, 0x00, 0x00, 0x00, 0x19, 0x00, 0x00, 0x00, 0x0b, 0x00, 0x00, 0x00, 0x1a,
  0x00, 0x00, 0x00, 0x04, 0x00, 0x00, 0x00, 0x1b, 0x00, 0x00, 0x00, 0x0f, 0x00, 0x00, 0x00, 0x1c,
  0x00, 0x00, 0x00, 0x0d, 0x00, 0x00, 0x00, 0x1d, 0x00, 0x00, 0x00, 0x0b, 0x00, 0x00, 0x00, 0x1e,
  0x00, 0x00, 0x00, 0x04, 0x00, 0x00, 0x00, 0x20, 0x00, 0x00, 0x00, 0x14, 0x00, 0x00, 0x00, 0x21,
  0x00, 0x00, 0x00, 0x0b, 0x00, 0x00, 0x00, 0x22, 0x00, 0x00, 0x00, 0x36, 0x00, 0x00, 0x00, 0x23,
  0x00, 0x00, 0x00, 0x0b, 0x00, 0x00, 0x00, 0x24, 0x00, 0x00, 0x00, 0x04, 0x00, 0x00, 0x00, 0x25,
  0x00, 0x00, 0x00, 0x22, 0x00, 0x00, 0x00, 0x26, 0x00, 0x00, 0x00, 0x29, 0x00, 0x00, 0x00, 0x27,
  0x00, 0x00, 0x00, 0x22, 0x00, 0x00, 0x00, 0x35, 0x00, 0x00, 0x00, 0x01, 0x0c, 0x00, 0x00, 0x00,
  0x73, 0x74, 0x64, 0x2f, 0x63, 0x6f, 0x6d, 0x70, 0x69, 0x6c, 0x65, 0x72, 0x01, 0x03, 0x00, 0x00,
  0x00, 0x66, 0x78, 0x63, 0x01, 0x0c, 0x00, 0x00, 0x00, 0x73, 0x74, 0x64, 0x2f, 0x62, 0x79, 0x74,
  0x65, 0x63, 0x6f, 0x64, 0x65, 0x01, 0x02, 0x00, 0x00, 0x00, 0x62, 0x63, 0x01, 0x04, 0x00, 0x00,
  0x00, 0x6d, 0x6f, 0x64, 0x65, 0x01, 0x04, 0x00, 0x00, 0x00, 0x64, 0x75, 0x6d, 0x70, 0x01, 0x04,
  0x00, 0x00, 0x00, 0x70, 0x61, 0x74, 0x68, 0x01, 0x02, 0x00, 0x00, 0x00, 0x6f, 0x73, 0x01, 0x04,
  0x00, 0x00, 0x00, 0x61, 0x72, 0x67, 0x73, 0x01, 0x05, 0x00, 0x00, 0x00, 0x73, 0x6c, 0x69, 0x63,
  0x65, 0x00, 0x00, 0x00, 0x00, 0x00, 0x00, 0x00, 0xf0, 0x3f, 0x00, 0x00, 0x00, 0x00, 0x00, 0x00,
  0x00, 0x00, 0x00, 0x01, 0x06, 0x00, 0x00, 0x00, 0x2d, 0x2d, 0x77, 0x69, 0x72, 0x65, 0x01, 0x04,
  0x00, 0x00, 0x00, 0x77, 0x69, 0x72, 0x65, 0x01, 0x07, 0x00, 0x00, 0x00, 0x2d, 0x2d, 0x63, 0x68,
  0x65, 0x63, 0x6b, 0x01, 0x05, 0x00, 0x00, 0x00, 0x63, 0x68, 0x65, 0x63, 0x6b, 0x01, 0x08, 0x00,
  0x00, 0x00, 0x2d, 0x2d, 0x65, 0x72, 0x72, 0x6f, 0x72, 0x73, 0x01, 0x06, 0x00, 0x00, 0x00, 0x65,
  0x72, 0x72, 0x6f, 0x72, 0x73, 0x01, 0x06, 0x00, 0x00, 0x00, 0x2d, 0x2d, 0x68, 0x65, 0x6c, 0x70,
  0x01, 0x02, 0x00, 0x00, 0x00, 0x2d, 0x68, 0x01, 0x05, 0x00, 0x00, 0x00, 0x70, 0x72, 0x69, 0x6e,
  0x74, 0x01, 0x36, 0x00, 0x00, 0x00, 0x75, 0x73, 0x61, 0x67, 0x65, 0x3a, 0x20, 0x66, 0x61, 0x78,
  0x61, 0x6c, 0x20, 0x66, 0x78, 0x63, 0x20, 0x5b, 0x2d, 0x2d, 0x77, 0x69, 0x72, 0x65, 0x20, 0x7c,
  0x20, 0x2d, 0x2d, 0x63, 0x68, 0x65, 0x63, 0x6b, 0x20, 0x7c, 0x20, 0x2d, 0x2d, 0x65, 0x72, 0x72,
  0x6f, 0x72, 0x73, 0x5d, 0x20, 0x66, 0x69, 0x6c, 0x65, 0x2e, 0x66, 0x78, 0x01, 0x04, 0x00, 0x00,
  0x00, 0x65, 0x78, 0x69, 0x74, 0x00, 0x00, 0x00, 0x00, 0x00, 0x00, 0x00, 0x00, 0x00, 0x01, 0x36,
  0x00, 0x00, 0x00, 0x75, 0x73, 0x61, 0x67, 0x65, 0x3a, 0x20, 0x66, 0x61, 0x78, 0x61, 0x6c, 0x20,
  0x66, 0x78, 0x63, 0x20, 0x5b, 0x2d, 0x2d, 0x77, 0x69, 0x72, 0x65, 0x20, 0x7c, 0x20, 0x2d, 0x2d,
  0x63, 0x68, 0x65, 0x63, 0x6b, 0x20, 0x7c, 0x20, 0x2d, 0x2d, 0x65, 0x72, 0x72, 0x6f, 0x72, 0x73,
  0x5d, 0x20, 0x66, 0x69, 0x6c, 0x65, 0x2e, 0x66, 0x78, 0x00, 0x00, 0x00, 0x00, 0x00, 0x00, 0x00,
  0x50, 0x40, 0x01, 0x02, 0x00, 0x00, 0x00, 0x66, 0x73, 0x01, 0x06, 0x00, 0x00, 0x00, 0x65, 0x78,
  0x69, 0x73, 0x74, 0x73, 0x01, 0x17, 0x00, 0x00, 0x00, 0x66, 0x61, 0x78, 0x61, 0x6c, 0x20, 0x66,
  0x78, 0x63, 0x3a, 0x20, 0x63, 0x61, 0x6e, 0x6e, 0x6f, 0x74, 0x20, 0x6f, 0x70, 0x65, 0x6e, 0x20,
  0x00, 0x00, 0x00, 0x00, 0x00, 0x00, 0x80, 0x52, 0x40, 0x01, 0x06, 0x00, 0x00, 0x00, 0x72, 0x65,
  0x73, 0x75, 0x6c, 0x74, 0x01, 0x07, 0x00, 0x00, 0x00, 0x63, 0x6f, 0x6d, 0x70, 0x69, 0x6c, 0x65,
  0x01, 0x04, 0x00, 0x00, 0x00, 0x72, 0x65, 0x61, 0x64, 0x01, 0x02, 0x00, 0x00, 0x00, 0x6f, 0x6b,
  0x00, 0x00, 0x00, 0x00, 0x00, 0x00, 0x00, 0x00, 0x00, 0x01, 0x00, 0x00, 0x00, 0x00, 0x01, 0x04,
  0x00, 0x00, 0x00, 0x6c, 0x69, 0x6e, 0x65, 0x01, 0x01, 0x00, 0x00, 0x00, 0x3a, 0x01, 0x03, 0x00,
  0x00, 0x00, 0x63, 0x6f, 0x6c, 0x01, 0x02, 0x00, 0x00, 0x00, 0x3a, 0x20, 0x01, 0x07, 0x00, 0x00,
  0x00, 0x6d, 0x65, 0x73, 0x73, 0x61, 0x67, 0x65, 0x00, 0x00, 0x00, 0x00, 0x00, 0x00, 0x40, 0x50,
  0x40, 0x01, 0x04, 0x00, 0x00, 0x00, 0x64, 0x75, 0x6d, 0x70, 0x01, 0x05, 0x00, 0x00, 0x00, 0x77,
  0x72, 0x69, 0x74, 0x65, 0x01, 0x0b, 0x00, 0x00, 0x00, 0x64, 0x69, 0x73, 0x61, 0x73, 0x73, 0x65,
  0x6d, 0x62, 0x6c, 0x65, 0x01, 0x07, 0x00, 0x00, 0x00, 0x70, 0x72, 0x6f, 0x67, 0x72, 0x61, 0x6d,
  0x01, 0x04, 0x00, 0x00, 0x00, 0x77, 0x69, 0x72, 0x65, 0x01, 0x04, 0x00, 0x00, 0x00, 0x6a, 0x73,
  0x6f, 0x6e, 0x01, 0x06, 0x00, 0x00, 0x00, 0x65, 0x6e, 0x63, 0x6f, 0x64, 0x65, 0x01, 0x07, 0x00,
  0x00, 0x00, 0x74, 0x6f, 0x5f, 0x77, 0x69, 0x72, 0x65, 0x01, 0x05, 0x00, 0x00, 0x00, 0x63, 0x68,
  0x65, 0x63, 0x6b, 0x01, 0x00, 0x00, 0x00, 0x00, 0x01, 0x04, 0x00, 0x00, 0x00, 0x3a, 0x20, 0x6f,
  0x6b, 0xc5, 0x5f, 0x5c, 0xc0,
};

/* tools/init */
static const unsigned char embedded_18[] = {
  0x7f, 0x46, 0x58, 0x43, 0x01, 0x00, 0x01, 0x00, 0x00, 0x00, 0x00, 0x00, 0x05, 0x00, 0x00, 0x00,
  0x31, 0x2e, 0x30, 0x2e, 0x30, 0x07, 0x00, 0x00, 0x00, 0x69, 0x6e, 0x69, 0x74, 0x2e, 0x66, 0x78,
  0x02, 0x00, 0x00, 0x00, 0x04, 0x00, 0x00, 0x00, 0x6d, 0x61, 0x6b, 0x65, 0x02, 0x02, 0x00, 0x00,
  0x00, 0x3e, 0x00, 0x00, 0x00, 0x09, 0x00, 0x00, 0x09, 0x00, 0x02, 0x00, 0x00, 0x03, 0x16, 0x07,
  0x01, 0x16, 0x07, 0x02, 0x24, 0x00, 0x01, 0x02, 0x04, 0x09, 0x00, 0x04, 0x00, 0x00, 0x05, 0x09,
  0x00, 0x06, 0x01, 0x13, 0x1d, 0x21, 0x00, 0x08, 0x04, 0x09, 0x00, 0x06, 0x00, 0x00, 0x07, 0x16,
  0x21, 0x00, 0x03, 0x20, 0x00, 0x04, 0x04, 0x00, 0x00, 0x08, 0x16, 0x07, 0x01, 0x16, 0x23, 0x01,
  0x04, 0x01, 0x27, 0x03, 0x00, 0x00, 0x00, 0x12, 0x00, 0x00, 0x00, 0x14, 0x00, 0x00, 0x00, 0x13,
  0x00, 0x00, 0x00, 0x28, 0x00, 0x00, 0x00, 0x14, 0x00, 0x00, 0x00, 0x02, 0x00, 0x00, 0x00, 0x09,
  0x00, 0x00, 0x00, 0x01, 0x02, 0x00, 0x00, 0x00, 0x66, 0x73, 0x01, 0x05, 0x00, 0x00, 0x00, 0x77,
  0x72, 0x69, 0x74, 0x65, 0x01, 0x03, 0x00, 0x00, 0x00, 0x64, 0x69, 0x72, 0x01, 0x01, 0x00, 0x00,
  0x00, 0x2f, 0x01, 0x05, 0x00, 0x00, 0x00, 0x70, 0x72, 0x69, 0x6e, 0x74, 0x01, 0x0a, 0x00, 0x00,
  0x00, 0x20, 0x20, 0x63, 0x72, 0x65, 0x61, 0x74, 0x65, 0x64, 0x20, 0x01, 0x04, 0x00, 0x00, 0x00,
  0x6e, 0x61, 0x6d, 0x65, 0x01, 0x01, 0x00, 0x00, 0x00, 0x2f, 0x01, 0x00, 0x00, 0x00, 0x00, 0xff,
  0xff, 0xff, 0xff, 0x00, 0x00, 0x00, 0x00, 0x01, 0x80, 0x01, 0x00, 0x00, 0x09, 0x00, 0x01, 0x0e,
  0x00, 0x02, 0x24, 0x00, 0x03, 0x00, 0x00, 0x00, 0x04, 0x14, 0x21, 0x00, 0x0b, 0x04, 0x09, 0x00,
  0x01, 0x0e, 0x00, 0x02, 0x00, 0x00, 0x05, 0x10, 0x21, 0x00, 0x03, 0x20, 0x00, 0x02, 0x04, 0x01,
  0x0a, 0x00, 0x00, 0x09, 0x00, 0x00, 0x38, 0x00, 0x04, 0x04, 0x00, 0x00, 0x07, 0x0a, 0x00, 0x06,
  0x09, 0x00, 0x00, 0x01, 0x13, 0x1d, 0x21, 0x00, 0x0c, 0x04, 0x09, 0x00, 0x08, 0x09, 0x00, 0x06,
  0x24, 0x00, 0x09, 0x01, 0x1d, 0x21, 0x00, 0x0f, 0x04, 0x09, 0x00, 0x08, 0x09, 0x00, 0x06, 0x24,
  0x00, 0x0a, 0x01, 0x04, 0x20, 0x00, 0x01, 0x04, 0x09, 0x00, 0x00, 0x38, 0x00, 0x14, 0x04, 0x09,
  0x00, 0x01, 0x24, 0x00, 0x0c, 0x00, 0x00, 0x00, 0x0e, 0x24, 0x00, 0x0d, 0x01, 0x00, 0x00, 0x0f,
  0x1c, 0x10, 0x0a, 0x00, 0x0b, 0x09, 0x00, 0x06, 0x00, 0x00, 0x11, 0x16, 0x0a, 0x00, 0x10, 0x09,
  0x00, 0x08, 0x09, 0x00, 0x10, 0x24, 0x00, 0x09, 0x01, 0x21, 0x00, 0x18, 0x04, 0x09, 0x00, 0x12,
  0x00, 0x00, 0x13, 0x23, 0x01, 0x04, 0x09, 0x00, 0x01, 0x00, 0x00, 0x15, 0x24, 0x00, 0x14, 0x01,
  0x04, 0x20, 0x00, 0x01, 0x04, 0x25, 0x00, 0x17, 0x0a, 0x00, 0x16, 0x09, 0x00, 0x12, 0x00, 0x00,
  0x18, 0x09, 0x00, 0x0b, 0x16, 0x23, 0x01, 0x04, 0x09, 0x00, 0x16, 0x00, 0x00, 0x19, 0x09, 0x00,
  0x1a, 0x00, 0x00, 0x1c, 0x09, 0x00, 0x0b, 0x00, 0x00, 0x1d, 0x00, 0x00, 0x1e, 0x00, 0x00, 0x1f,
  0x00, 0x00, 0x20, 0x00, 0x00, 0x21, 0x29, 0x00, 0x00, 0x29, 0x00, 0x04, 0x00, 0x00, 0x22, 0x24,
  0x00, 0x1b, 0x02, 0x00, 0x00, 0x23, 0x16, 0x23, 0x02, 0x04, 0x09, 0x00, 0x16, 0x00, 0x00, 0x24,
  0x00, 0x00, 0x25, 0x23, 0x02, 0x04, 0x09, 0x00, 0x16, 0x00, 0x00, 0x26, 0x00, 0x00, 0x27, 0x23,
  0x02, 0x04, 0x09, 0x00, 0x08, 0x09, 0x00, 0x06, 0x00, 0x00, 0x28, 0x16, 0x24, 0x00, 0x0a, 0x01,
  0x04, 0x09, 0x00, 0x16, 0x00, 0x00, 0x29, 0x00, 0x00, 0x2a, 0x23, 0x02, 0x04, 0x09, 0x00, 0x16,
  0x00, 0x00, 0x2b, 0x00, 0x00, 0x2c, 0x23, 0x02, 0x04, 0x09, 0x00, 0x12, 0x00, 0x00, 0x2d, 0x23,
  0x01, 0x04, 0x09, 0x00, 0x12, 0x00, 0x00, 0x2e, 0x23, 0x01, 0x04, 0x09, 0x00, 0x00, 0x01, 0x13,
  0x1d, 0x21, 0x00, 0x11, 0x04, 0x09, 0x00, 0x12, 0x00, 0x00, 0x2f, 0x09, 0x00, 0x00, 0x16, 0x23,
  0x01, 0x04, 0x20, 0x00, 0x01, 0x04, 0x09, 0x00, 0x12, 0x00, 0x00, 0x30, 0x23, 0x01, 0x04, 0x09,
  0x00, 0x12, 0x00, 0x00, 0x31, 0x23, 0x01, 0x04, 0x09, 0x00, 0x12, 0x00, 0x00, 0x32, 0x23, 0x01,
  0x04, 0x09, 0x00, 0x12, 0x00, 0x00, 0x33, 0x23, 0x01, 0x04, 0x01, 0x27, 0x18, 0x00, 0x00, 0x00,
  0x06, 0x00, 0x00, 0x00, 0x27, 0x00, 0x00, 0x00, 0x07, 0x00, 0x00, 0x00, 0x0d, 0x00, 0x00, 0x00,
  0x08, 0x00, 0x00, 0x00, 0x28, 0x00, 0x00, 0x00, 0x09, 0x00, 0x00, 0x00, 0x1d, 0x00, 0x00, 0x00,
  0x0b, 0x00, 0x00, 0x00, 0x0a, 0x00, 0x00, 0x00, 0x0c, 0x00, 0x00, 0x00, 0x0e, 0x00, 0x00, 0x00,
  0x0d, 0x00, 0x00, 0x00, 0x09, 0x00, 0x00, 0x00, 0x0e, 0x00, 0x00, 0x00, 0x0b, 0x00, 0x00, 0x00,
  0x0f, 0x00, 0x00, 0x00, 0x04, 0x00, 0x00, 0x00, 0x14, 0x00, 0x00, 0x00, 0x06, 0x00, 0x00, 0x00,
  0x16, 0x00, 0x00, 0x00, 0x0d, 0x00, 0x00, 0x00, 0x17, 0x00, 0x00, 0x00, 0x32, 0x00, 0x00, 0x00,
  0x18, 0x00, 0x00, 0x00, 0x0c, 0x00, 0x00, 0x00, 0x19, 0x00, 0x00, 0x00, 0x0c, 0x00, 0x00, 0x00,
  0x1a, 0x00, 0x00, 0x00, 0x0f, 0x00, 0x00, 0x00, 0x1b, 0x00, 0x00, 0x00, 0x0c, 0x00, 0x00, 0x00,
  0x1c, 0x00, 0x00, 0x00, 0x0c, 0x00, 0x00, 0x00, 0x1e, 0x00, 0x00, 0x00, 0x09, 0x00, 0x00, 0x00,
  0x1f, 0x00, 0x00, 0x00, 0x09, 0x00, 0x00, 0x00, 0x20, 0x00, 0x00, 0x00, 0x1b, 0x00, 0x00, 0x00,
  0x21, 0x00, 0x00, 0x00, 0x09, 0x00, 0x00, 0x00, 0x22, 0x00, 0x00, 0x00, 0x09, 0x00, 0x00, 0x00,
  0x23, 0x00, 0x00, 0x00, 0x09, 0x00, 0x00, 0x00, 0x24, 0x00, 0x00, 0x00, 0x0b, 0x00, 0x00, 0x00,
  0x34, 0x00, 0x00, 0x00, 0x01, 0x04, 0x00, 0x00, 0x00, 0x6e, 0x61, 0x6d, 0x65, 0x01, 0x02, 0x00,
  0x00, 0x00, 0x6f, 0x73, 0x01, 0x04, 0x00, 0x00, 0x00, 0x61, 0x72, 0x67, 0x73, 0x01, 0x03, 0x00,
  0x00, 0x00, 0x6c, 0x65, 0x6e, 0x00, 0x00, 0x00, 0x00, 0x00, 0x00, 0x00, 0xf0, 0x3f, 0x00, 0x00,
  0x00, 0x00, 0x00, 0x00, 0x00, 0xf0, 0x3f, 0x01, 0x03, 0x00, 0x00, 0x00, 0x64, 0x69, 0x72, 0x01,
  0x01, 0x00, 0x00, 0x00, 0x2e, 0x01, 0x02, 0x00, 0x00, 0x00, 0x66, 0x73, 0x01, 0x06, 0x00, 0x00,
  0x00, 0x65, 0x78, 0x69, 0x73, 0x74, 0x73, 0x01, 0x05, 0x00, 0x00, 0x00, 0x6d, 0x6b, 0x64, 0x69,
  0x72, 0x01, 0x07, 0x00, 0x00, 0x00, 0x70, 0x72, 0x6f, 0x6a, 0x65, 0x63, 0x74, 0x01, 0x03, 0x00,
  0x00, 0x00, 0x63, 0x77, 0x64, 0x01, 0x05, 0x00, 0x00, 0x00, 0x73, 0x70, 0x6c, 0x69, 0x74, 0x01,
  0x01, 0x00, 0x00, 0x00, 0x2f, 0x00, 0x00, 0x00, 0x00, 0x00, 0x00, 0x00, 0xf0, 0x3f, 0x01, 0x08,
  0x00, 0x00, 0x00, 0x6d, 0x61, 0x6e, 0x69, 0x66, 0x65, 0x73, 0x74, 0x01, 0x0b, 0x00, 0x00, 0x00,
  0x2f, 0x66, 0x61, 0x78, 0x61, 0x6c, 0x2e, 0x6a, 0x73, 0x6f, 0x6e, 0x01, 0x05, 0x00, 0x00, 0x00,
  0x70, 0x72, 0x69, 0x6e, 0x74, 0x01, 0x25, 0x00, 0x00, 0x00, 0x54, 0x68, 0x69, 0x73, 0x20, 0x66,
  0x6f, 0x6c, 0x64, 0x65, 0x72, 0x20, 0x61, 0x6c, 0x72, 0x65, 0x61, 0x64, 0x79, 0x20, 0x68, 0x61,
  0x73, 0x20, 0x61, 0x20, 0x66, 0x61, 0x78, 0x61, 0x6c, 0x2e, 0x6a, 0x73, 0x6f, 0x6e, 0x2e, 0x01,
  0x04, 0x00, 0x00, 0x00, 0x65, 0x78, 0x69, 0x74, 0x00, 0x00, 0x00, 0x00, 0x00, 0x00, 0x00, 0xf0,
  0x3f, 0x01, 0x04, 0x00, 0x00, 0x00, 0x6d, 0x61, 0x6b, 0x65, 0x02, 0x00, 0x00, 0x00, 0x00, 0x01,
  0x20, 0x00, 0x00, 0x00, 0x43, 0x72, 0x65, 0x61, 0x74, 0x69, 0x6e, 0x67, 0x20, 0x61, 0x20, 0x46,
  0x61, 0x78, 0x61, 0x6c, 0x20, 0x70, 0x72, 0x6f, 0x6a, 0x65, 0x63, 0x74, 0x20, 0x63, 0x61, 0x6c,
  0x6c, 0x65, 0x64, 0x20, 0x01, 0x0a, 0x00, 0x00, 0x00, 0x66, 0x61, 0x78, 0x61, 0x6c, 0x2e, 0x6a,
  0x73, 0x6f, 0x6e, 0x01, 0x04, 0x00, 0x00, 0x00, 0x6a, 0x73, 0x6f, 0x6e, 0x01, 0x06, 0x00, 0x00,
  0x00, 0x65, 0x6e, 0x63, 0x6f, 0x64, 0x65, 0x01, 0x04, 0x00, 0x00, 0x00, 0x6e, 0x61, 0x6d, 0x65,
  0x01, 0x07, 0x00, 0x00, 0x00, 0x76, 0x65, 0x72, 0x73, 0x69, 0x6f, 0x6e, 0x01, 0x05, 0x00, 0x00,
  0x00, 0x30, 0x2e, 0x31, 0x2e, 0x30, 0x01, 0x04, 0x00, 0x00, 0x00, 0x6d, 0x61, 0x69, 0x6e, 0x01,
  0x07, 0x00, 0x00, 0x00, 0x6d, 0x61, 0x69, 0x6e, 0x2e, 0x66, 0x78, 0x01, 0x0c, 0x00, 0x00, 0x00,
  0x64, 0x65, 0x70, 0x65, 0x6e, 0x64, 0x65, 0x6e, 0x63, 0x69, 0x65, 0x73, 0x00, 0x00, 0x00, 0x00,
  0x00, 0x00, 0x00, 0x00, 0x40, 0x01, 0x01, 0x00, 0x00, 0x00, 0x0a, 0x01, 0x07, 0x00, 0x00, 0x00,
  0x6d, 0x61, 0x69, 0x6e, 0x2e, 0x66, 0x78, 0x01, 0x32, 0x00, 0x00, 0x00, 0x69, 0x6d, 0x70, 0x6f,
  0x72, 0x74, 0x20, 0x22, 0x67, 0x72, 0x65, 0x65, 0x74, 0x69, 0x6e, 0x67, 0x22, 0x0a, 0x0a, 0x70,
  0x72, 0x69, 0x6e, 0x74, 0x28, 0x67, 0x72, 0x65, 0x65, 0x74, 0x69, 0x6e, 0x67, 0x2e, 0x67, 0x72,
  0x65, 0x65, 0x74, 0x28, 0x22, 0x77, 0x6f, 0x72, 0x6c, 0x64, 0x22, 0x29, 0x29, 0x0a, 0x01, 0x0b,
  0x00, 0x00, 0x00, 0x67, 0x72, 0x65, 0x65, 0x74, 0x69, 0x6e, 0x67, 0x2e, 0x66, 0x78, 0x01, 0x2e,
  0x00, 0x00, 0x00, 0x66, 0x6e, 0x20, 0x67, 0x72, 0x65, 0x65, 0x74, 0x28, 0x6e, 0x61, 0x6d, 0x65,
  0x29, 0x20, 0x7b, 0x0a, 0x20, 0x20, 0x72, 0x65, 0x74, 0x75, 0x72, 0x6e, 0x20, 0x66, 0x22, 0x48,
  0x65, 0x6c, 0x6c, 0x6f, 0x2c, 0x20, 0x7b, 0x6e, 0x61, 0x6d, 0x65, 0x7d, 0x21, 0x22, 0x0a, 0x7d,
  0x0a, 0x01, 0x06, 0x00, 0x00, 0x00, 0x2f, 0x74, 0x65, 0x73, 0x74, 0x73, 0x01, 0x16, 0x00, 0x00,
  0x00, 0x74, 0x65, 0x73, 0x74, 0x73, 0x2f, 0x67, 0x72, 0x65, 0x65, 0x74, 0x69, 0x6e, 0x67, 0x5f,
  0x74, 0x65, 0x73, 0x74, 0x2e, 0x66, 0x78, 0x01, 0x8d, 0x00, 0x00, 0x00, 0x69, 0x6d, 0x70, 0x6f,
  0x72, 0x74, 0x20, 0x22, 0x73, 0x74, 0x64, 0x2f, 0x74, 0x65, 0x73, 0x74, 0x22, 0x20, 0x61, 0x73,
  0x20, 0x74, 0x0a, 0x69, 0x6d, 0x70, 0x6f, 0x72, 0x74, 0x20, 0x22, 0x2e, 0x2e, 0x2f, 0x67, 0x72,
  0x65, 0x65, 0x74, 0x69, 0x6e, 0x67, 0x22, 0x20, 0x61, 0x73, 0x20, 0x67, 0x72, 0x65, 0x65, 0x74,
  0x69, 0x6e, 0x67, 0x0a, 0x0a, 0x74, 0x2e, 0x74, 0x65, 0x73, 0x74, 0x28, 0x22, 0x67, 0x72, 0x65,
  0x65, 0x74, 0x73, 0x20, 0x62, 0x79, 0x20, 0x6e, 0x61, 0x6d, 0x65, 0x22, 0x2c, 0x20, 0x66, 0x6e,
  0x28, 0x29, 0x20, 0x7b, 0x0a, 0x20, 0x20, 0x74, 0x2e, 0x65, 0x71, 0x28, 0x67, 0x72, 0x65, 0x65,
  0x74, 0x69, 0x6e, 0x67, 0x2e, 0x67, 0x72, 0x65, 0x65, 0x74, 0x28, 0x22, 0x46, 0x61, 0x78, 0x61,
  0x6c, 0x22, 0x29, 0x2c, 0x20, 0x22, 0x48, 0x65, 0x6c, 0x6c, 0x6f, 0x2c, 0x20, 0x46, 0x61, 0x78,
  0x61, 0x6c, 0x21, 0x22, 0x29, 0x0a, 0x7d, 0x29, 0x0a, 0x01, 0x0a, 0x00, 0x00, 0x00, 0x2e, 0x67,
  0x69, 0x74, 0x69, 0x67, 0x6e, 0x6f, 0x72, 0x65, 0x01, 0x0c, 0x00, 0x00, 0x00, 0x66, 0x78, 0x5f,
  0x6d, 0x6f, 0x64, 0x75, 0x6c, 0x65, 0x73, 0x2f, 0x0a, 0x01, 0x00, 0x00, 0x00, 0x00, 0x01, 0x0b,
  0x00, 0x00, 0x00, 0x4e, 0x65, 0x78, 0x74, 0x20, 0x73, 0x74, 0x65, 0x70, 0x73, 0x3a, 0x01, 0x05,
  0x00, 0x00, 0x00, 0x20, 0x20, 0x63, 0x64, 0x20, 0x01, 0x24, 0x00, 0x00, 0x00, 0x20, 0x20, 0x66,
  0x61, 0x78, 0x61, 0x6c, 0x20, 0x72, 0x75, 0x6e, 0x20, 0x20, 0x20, 0x20, 0x20, 0x20, 0x20, 0x20,
  0x20, 0x20, 0x72, 0x75, 0x6e, 0x20, 0x74, 0x68, 0x65, 0x20, 0x70, 0x72, 0x6f, 0x67, 0x72, 0x61,
  0x6d, 0x01, 0x22, 0x00, 0x00, 0x00, 0x20, 0x20, 0x66, 0x61, 0x78, 0x61, 0x6c, 0x20, 0x74, 0x65,
  0x73, 0x74, 0x20, 0x20, 0x20, 0x20, 0x20, 0x20, 0x20, 0x20, 0x20, 0x72, 0x75, 0x6e, 0x20, 0x74,
  0x68, 0x65, 0x20, 0x74, 0x65, 0x73, 0x74, 0x73, 0x01, 0x25, 0x00, 0x00, 0x00, 0x20, 0x20, 0x66,
  0x61, 0x78, 0x61, 0x6c, 0x20, 0x66, 0x6d, 0x74, 0x20, 0x20, 0x20, 0x20, 0x20, 0x20, 0x20, 0x20,
  0x20, 0x20, 0x74, 0x69, 0x64, 0x79, 0x20, 0x75, 0x70, 0x20, 0x74, 0x68, 0x65, 0x20, 0x63, 0x6f,
  0x64, 0x65, 0x01, 0x22, 0x00, 0x00, 0x00, 0x20, 0x20, 0x66, 0x61, 0x78, 0x61, 0x6c, 0x20, 0x61,
  0x64, 0x64, 0x20, 0x3c, 0x70, 0x6b, 0x67, 0x3e, 0x20, 0x20, 0x20, 0x20, 0x61, 0x64, 0x64, 0x20,
  0x61, 0x20, 0x70, 0x61, 0x63, 0x6b, 0x61, 0x67, 0x65, 0x8c, 0x0b, 0xbe, 0xf9,
};

/* tools/lsp */
static const unsigned char embedded_19[] = {
  0x7f, 0x46, 0x58, 0x43, 0x01, 0x00, 0x01, 0x00, 0x00, 0x00, 0x00, 0x00, 0x05, 0x00, 0x00, 0x00,
  0x31, 0x2e, 0x30, 0x2e, 0x30, 0x06, 0x00, 0x00, 0x00, 0x6c, 0x73, 0x70, 0x2e, 0x66, 0x78, 0x12,
  0x00, 0x00, 0x00, 0x0c, 0x00, 0x00, 0x00, 0x72, 0x65, 0x61, 0x64, 0x5f, 0x6d, 0x65, 0x73, 0x73,
  0x61, 0x67, 0x65, 0x00, 0x00, 0x00, 0x00, 0x00, 0x92, 0x00, 0x00, 0x00, 0x01, 0x02, 0x21, 0x00,
  0x5b, 0x04, 0x09, 0x00, 0x00, 0x23, 0x00, 0x07, 0x02, 0x01, 0x13, 0x21, 0x00, 0x06, 0x04, 0x01,
  0x27, 0x20, 0x00, 0x01, 0x04, 0x07, 0x02, 0x24, 0x00, 0x01, 0x00, 0x08, 0x02, 0x04, 0x07, 0x02,
  0x00, 0x00, 0x02, 0x13, 0x21, 0x00, 0x08, 0x04, 0x04, 0x20, 0x00, 0x31, 0x20, 0x00, 0x01, 0x04,
  0x07, 0x02, 0x24, 0x00, 0x03, 0x00, 0x00, 0x00, 0x05, 0x24, 0x00, 0x04, 0x01, 0x21, 0x00, 0x17,
  0x04, 0x09, 0x00, 0x06, 0x07, 0x02, 0x00, 0x00, 0x07, 0x01, 0x12, 0x24, 0x00, 0x01, 0x00, 0x23,
  0x01, 0x08, 0x01, 0x04, 0x20, 0x00, 0x01, 0x04, 0x04, 0x22, 0x00, 0x5f, 0x04, 0x07, 0x01, 0x01,
  0x13, 0x21, 0x00, 0x06, 0x04, 0x01, 0x27, 0x20, 0x00, 0x01, 0x04, 0x09, 0x00, 0x08, 0x07, 0x01,
  0x24, 0x00, 0x09, 0x01, 0x07, 0x02, 0x01, 0x13, 0x21, 0x00, 0x06, 0x04, 0x01, 0x27, 0x20, 0x00,
  0x01, 0x04, 0x09, 0x00, 0x0a, 0x07, 0x02, 0x24, 0x00, 0x0b, 0x01, 0x27, 0x01, 0x27, 0x0d, 0x00,
  0x00, 0x00, 0x16, 0x00, 0x00, 0x00, 0x01, 0x00, 0x00, 0x00, 0x17, 0x00, 0x00, 0x00, 0x05, 0x00,
  0x00, 0x00, 0x18, 0x00, 0x00, 0x00, 0x05, 0x00, 0x00, 0x00, 0x19, 0x00, 0x00, 0x00, 0x0e, 0x00,
  0x00, 0x00, 0x1a, 0x00, 0x00, 0x00, 0x09, 0x00, 0x00, 0x00, 0x1b, 0x00, 0x00, 0x00, 0x12, 0x00,
  0x00, 0x00, 0x1c, 0x00, 0x00, 0x00, 0x28, 0x00, 0x00, 0x00, 0x1d, 0x00, 0x00, 0x00, 0x05, 0x00,
  0x00, 0x00, 0x1e, 0x00, 0x00, 0x00, 0x0e, 0x00, 0x00, 0x00, 0x1f, 0x00, 0x00, 0x00, 0x09, 0x00,
  0x00, 0x00, 0x20, 0x00, 0x00, 0x00, 0x0e, 0x00, 0x00, 0x00, 0x21, 0x00, 0x00, 0x00, 0x0a, 0x00,
  0x00, 0x00, 0x22, 0x00, 0x00, 0x00, 0x02, 0x00, 0x00, 0x00, 0x0c, 0x00, 0x00, 0x00, 0x01, 0x05,
  0x00, 0x00, 0x00, 0x69, 0x6e, 0x70, 0x75, 0x74, 0x01, 0x04, 0x00, 0x00, 0x00, 0x74, 0x72, 0x69,
  0x6d, 0x01, 0x00, 0x00, 0x00, 0x00, 0x01, 0x05, 0x00, 0x00, 0x00, 0x6c, 0x6f, 0x77, 0x65, 0x72,
  0x01, 0x0b, 0x00, 0x00, 0x00, 0x73, 0x74, 0x61, 0x72, 0x74, 0x73, 0x5f, 0x77, 0x69, 0x74, 0x68,
  0x01, 0x0f, 0x00, 0x00, 0x00, 0x63, 0x6f, 0x6e, 0x74, 0x65, 0x6e, 0x74, 0x2d, 0x6c, 0x65, 0x6e,
  0x67, 0x74, 0x68, 0x3a, 0x01, 0x03, 0x00, 0x00, 0x00, 0x69, 0x6e, 0x74, 0x00, 0x00, 0x00, 0x00,
  0x00, 0x00, 0x00, 0x2e, 0x40, 0x01, 0x02, 0x00, 0x00, 0x00, 0x6f, 0x73, 0x01, 0x0a, 0x00, 0x00,
  0x00, 0x73, 0x74, 0x64, 0x69, 0x6e, 0x5f, 0x72, 0x65, 0x61, 0x64, 0x01, 0x04, 0x00, 0x00, 0x00,
  0x6a, 0x73, 0x6f, 0x6e, 0x01, 0x06, 0x00, 0x00, 0x00, 0x64, 0x65, 0x63, 0x6f, 0x64, 0x65, 0x04,
  0x00, 0x00, 0x00, 0x73, 0x65, 0x6e, 0x64, 0x01, 0x01, 0x00, 0x00, 0x00, 0x30, 0x00, 0x00, 0x00,
  0x09, 0x00, 0x00, 0x07, 0x01, 0x24, 0x00, 0x01, 0x01, 0x09, 0x00, 0x02, 0x00, 0x00, 0x03, 0x09,
  0x00, 0x04, 0x09, 0x00, 0x05, 0x07, 0x02, 0x23, 0x01, 0x23, 0x01, 0x16, 0x00, 0x00, 0x06, 0x16,
  0x07, 0x02, 0x16, 0x23, 0x01, 0x04, 0x09, 0x00, 0x07, 0x24, 0x00, 0x08, 0x00, 0x04, 0x01, 0x27,
  0x04, 0x00, 0x00, 0x00, 0x25, 0x00, 0x00, 0x00, 0x09, 0x00, 0x00, 0x00, 0x26, 0x00, 0x00, 0x00,
  0x1d, 0x00, 0x00, 0x00, 0x27, 0x00, 0x00, 0x00, 0x08, 0x00, 0x00, 0x00, 0x28, 0x00, 0x00, 0x00,
  0x02, 0x00, 0x00, 0x00, 0x09, 0x00, 0x00, 0x00, 0x01, 0x04, 0x00, 0x00, 0x00, 0x6a, 0x73, 0x6f,
  0x6e, 0x01, 0x06, 0x00, 0x00, 0x00, 0x65, 0x6e, 0x63, 0x6f, 0x64, 0x65, 0x01, 0x05, 0x00, 0x00,
  0x00, 0x77, 0x72, 0x69, 0x74, 0x65, 0x01, 0x10, 0x00, 0x00, 0x00, 0x43, 0x6f, 0x6e, 0x74, 0x65,
  0x6e, 0x74, 0x2d, 0x4c, 0x65, 0x6e, 0x67, 0x74, 0x68, 0x3a, 0x20, 0x01, 0x03, 0x00, 0x00, 0x00,
  0x73, 0x74, 0x72, 0x01, 0x03, 0x00, 0x00, 0x00, 0x6c, 0x65, 0x6e, 0x01, 0x04, 0x00, 0x00, 0x00,
  0x0d, 0x0a, 0x0d, 0x0a, 0x01, 0x02, 0x00, 0x00, 0x00, 0x6f, 0x73, 0x01, 0x05, 0x00, 0x00, 0x00,
  0x66, 0x6c, 0x75, 0x73, 0x68, 0x05, 0x00, 0x00, 0x00, 0x72, 0x65, 0x70, 0x6c, 0x79, 0x02, 0x02,
  0x00, 0x00, 0x00, 0x1b, 0x00, 0x00, 0x00, 0x09, 0x00, 0x00, 0x00, 0x00, 0x01, 0x00, 0x00, 0x02,
  0x00, 0x00, 0x03, 0x07, 0x01, 0x00, 0x00, 0x04, 0x07, 0x02, 0x29, 0x00, 0x03, 0x23, 0x01, 0x04,
  0x01, 0x27, 0x01, 0x00, 0x00, 0x00, 0x2a, 0x00, 0x00, 0x00, 0x1b, 0x00, 0x00, 0x00, 0x05, 0x00,
  0x00, 0x00, 0x01, 0x04, 0x00, 0x00, 0x00, 0x73, 0x65, 0x6e, 0x64, 0x01, 0x07, 0x00, 0x00, 0x00,
  0x6a, 0x73, 0x6f, 0x6e, 0x72, 0x70, 0x63, 0x01, 0x03, 0x00, 0x00, 0x00, 0x32, 0x2e, 0x30, 0x01,
  0x02, 0x00, 0x00, 0x00, 0x69, 0x64, 0x01, 0x06, 0x00, 0x00, 0x00, 0x72, 0x65, 0x73, 0x75, 0x6c,
  0x74, 0x0b, 0x00, 0x00, 0x00, 0x72, 0x65, 0x70, 0x6c, 0x79, 0x5f, 0x65, 0x72, 0x72, 0x6f, 0x72,
  0x03, 0x03, 0x00, 0x00, 0x00, 0x26, 0x00, 0x00, 0x00, 0x09, 0x00, 0x00, 0x00, 0x00, 0x01, 0x00,
  0x00, 0x02, 0x00, 0x00, 0x03, 0x07, 0x01, 0x00, 0x00, 0x04, 0x00, 0x00, 0x05, 0x07, 0x02, 0x00,
  0x00, 0x06, 0x07, 0x03, 0x29, 0x00, 0x02, 0x29, 0x00, 0x03, 0x23, 0x01, 0x04, 0x01, 0x27, 0x01,
  0x00, 0x00, 0x00, 0x2b, 0x00, 0x00, 0x00, 0x26, 0x00, 0x00, 0x00, 0x07, 0x00, 0x00, 0x00, 0x01,
  0x04, 0x00, 0x00, 0x00, 0x73, 0x65, 0x6e, 0x64, 0x01, 0x07, 0x00, 0x00, 0x00, 0x6a, 0x73, 0x6f,
  0x6e, 0x72, 0x70, 0x63, 0x01, 0x03, 0x00, 0x00, 0x00, 0x32, 0x2e, 0x30, 0x01, 0x02, 0x00, 0x00,
  0x00, 0x69, 0x64, 0x01, 0x05, 0x00, 0x00, 0x00, 0x65, 0x72, 0x72, 0x6f, 0x72, 0x01, 0x04, 0x00,
  0x00, 0x00, 0x63, 0x6f, 0x64, 0x65, 0x01, 0x07, 0x00, 0x00, 0x00, 0x6d, 0x65, 0x73, 0x73, 0x61,
  0x67, 0x65, 0x06, 0x00, 0x00, 0x00, 0x6e, 0x6f, 0x74, 0x69, 0x66, 0x79, 0x02, 0x02, 0x00, 0x00,
  0x00, 0x1b, 0x00, 0x00, 0x00, 0x09, 0x00, 0x00, 0x00, 0x00, 0x01, 0x00, 0x00, 0x02, 0x00, 0x00,
  0x03, 0x07, 0x01, 0x00, 0x00, 0x04, 0x07, 0x02, 0x29, 0x00, 0x03, 0x23, 0x01, 0x04, 0x01, 0x27,
  0x01, 0x00, 0x00, 0x00, 0x2c, 0x00, 0x00, 0x00, 0x1b, 0x00, 0x00, 0x00, 0x05, 0x00, 0x00, 0x00,
  0x01, 0x04, 0x00, 0x00, 0x00, 0x73, 0x65, 0x6e, 0x64, 0x01, 0x07, 0x00, 0x00, 0x00, 0x6a, 0x73,
  0x6f, 0x6e, 0x72, 0x70, 0x63, 0x01, 0x03, 0x00, 0x00, 0x00, 0x32, 0x2e, 0x30, 0x01, 0x06, 0x00,
  0x00, 0x00, 0x6d, 0x65, 0x74, 0x68, 0x6f, 0x64, 0x01, 0x06, 0x00, 0x00, 0x00, 0x70, 0x61, 0x72,
  0x61, 0x6d, 0x73, 0x12, 0x00, 0x00, 0x00, 0x70, 0x6f, 0x73, 0x69, 0x74, 0x69, 0x6f, 0x6e, 0x5f,
  0x74, 0x6f, 0x5f, 0x6f, 0x66, 0x66, 0x73, 0x65, 0x74, 0x03, 0x03, 0x00, 0x00, 0x00, 0x62, 0x00,
  0x00, 0x00, 0x07, 0x01, 0x00, 0x00, 0x01, 0x24, 0x00, 0x00, 0x01, 0x00, 0x00, 0x02, 0x00, 0x00,
  0x03, 0x07, 0x02, 0x1f, 0x00, 0x00, 0x04, 0x2a, 0x06, 0x00, 0x33, 0x07, 0x08, 0x09, 0x00, 0x05,
  0x07, 0x04, 0x23, 0x01, 0x15, 0x1d, 0x21, 0x00, 0x0c, 0x04, 0x09, 0x00, 0x05, 0x07, 0x01, 0x23,
  0x01, 0x27, 0x20, 0x00, 0x01, 0x04, 0x07, 0x05, 0x09, 0x00, 0x05, 0x07, 0x04, 0x07, 0x08, 0x10,
  0x23, 0x01, 0x00, 0x00, 0x06, 0x16, 0x16, 0x08, 0x05, 0x04, 0x04, 0x22, 0x00, 0x37, 0x04, 0x04,
  0x09, 0x00, 0x07, 0x07, 0x05, 0x07, 0x03, 0x16, 0x09, 0x00, 0x05, 0x07, 0x01, 0x23, 0x01, 0x23,
  0x02, 0x27, 0x01, 0x27, 0x08, 0x00, 0x00, 0x00, 0x61, 0x00, 0x00, 0x00, 0x09, 0x00, 0x00, 0x00,
  0x62, 0x00, 0x00, 0x00, 0x03, 0x00, 0x00, 0x00, 0x63, 0x00, 0x00, 0x00, 0x0d, 0x00, 0x00, 0x00,
  0x64, 0x00, 0x00, 0x00, 0x1b, 0x00, 0x00, 0x00, 0x65, 0x00, 0x00, 0x00, 0x14, 0x00, 0x00, 0x00,
  0x66, 0x00, 0x00, 0x00, 0x06, 0x00, 0x00, 0x00, 0x67, 0x00, 0x00, 0x00, 0x12, 0x00, 0x00, 0x00,
  0x68, 0x00, 0x00, 0x00, 0x02, 0x00, 0x00, 0x00, 0x08, 0x00, 0x00, 0x00, 0x01, 0x05, 0x00, 0x00,
  0x00, 0x73, 0x70, 0x6c, 0x69, 0x74, 0x01, 0x01, 0x00, 0x00, 0x00, 0x0a, 0x00, 0x00, 0x00, 0x00,
  0x00, 0x00, 0x00, 0x00, 0x00, 0x00, 0x00, 0x00, 0x00, 0x00, 0x00, 0x00, 0x00, 0x00, 0x00, 0x00,
  0x00, 0x00, 0x00, 0x00, 0x00, 0x00, 0x00, 0x01, 0x03, 0x00, 0x00, 0x00, 0x6c, 0x65, 0x6e, 0x00,
  0x00, 0x00, 0x00, 0x00, 0x00, 0x00, 0xf0, 0x3f, 0x01, 0x03, 0x00, 0x00, 0x00, 0x6d, 0x69, 0x6e,
  0x07, 0x00, 0x00, 0x00, 0x77, 0x6f, 0x72, 0x64, 0x5f, 0x61, 0x74, 0x02, 0x02, 0x00, 0x00, 0x00,
  0x90, 0x00, 0x00, 0x00, 0x07, 0x02, 0x07, 0x02, 0x07, 0x03, 0x00, 0x00, 0x00, 0x14, 0x21, 0x00,
  0x0f, 0x04, 0x09, 0x00, 0x01, 0x07, 0x01, 0x07, 0x03, 0x00, 0x00, 0x02, 0x17, 0x10, 0x23, 0x01,
  0x21, 0x00, 0x0d, 0x04, 0x07, 0x03, 0x00, 0x00, 0x03, 0x17, 0x08, 0x03, 0x04, 0x22, 0x00, 0x28,
  0x04, 0x07, 0x04, 0x09, 0x00, 0x04, 0x07, 0x01, 0x23, 0x01, 0x15, 0x21, 0x00, 0x0b, 0x04, 0x09,
  0x00, 0x01, 0x07, 0x01, 0x07, 0x04, 0x10, 0x23, 0x01, 0x21, 0x00, 0x0d, 0x04, 0x07, 0x04, 0x00,
  0x00, 0x05, 0x16, 0x08, 0x04, 0x04, 0x22, 0x00, 0x28, 0x04, 0x00, 0x00, 0x06, 0x07, 0x01, 0x07,
  0x03, 0x07, 0x04, 0x12, 0x00, 0x00, 0x07, 0x07, 0x03, 0x00, 0x00, 0x08, 0x07, 0x04, 0x00, 0x00,
  0x09, 0x07, 0x03, 0x00, 0x00, 0x0a, 0x14, 0x21, 0x00, 0x0a, 0x04, 0x07, 0x01, 0x07, 0x03, 0x00,
  0x00, 0x0b, 0x17, 0x10, 0x21, 0x00, 0x03, 0x20, 0x00, 0x04, 0x04, 0x00, 0x00, 0x0c, 0x29, 0x00,
  0x04, 0x27, 0x01, 0x27, 0x06, 0x00, 0x00, 0x00, 0x6c, 0x00, 0x00, 0x00, 0x02, 0x00, 0x00, 0x00,
  0x6d, 0x00, 0x00, 0x00, 0x02, 0x00, 0x00, 0x00, 0x6e, 0x00, 0x00, 0x00, 0x29, 0x00, 0x00, 0x00,
  0x6f, 0x00, 0x00, 0x00, 0x29, 0x00, 0x00, 0x00, 0x70, 0x00, 0x00, 0x00, 0x38, 0x00, 0x00, 0x00,
  0x71, 0x00, 0x00, 0x00, 0x02, 0x00, 0x00, 0x00, 0x0d, 0x00, 0x00, 0x00, 0x00, 0x00, 0x00, 0x00,
  0x00, 0x00, 0x00, 0x00, 0x00, 0x01, 0x0d, 0x00, 0x00, 0x00, 0x5f, 0x69, 0x73, 0x5f, 0x77, 0x6f,
  0x72, 0x64, 0x5f, 0x63, 0x68, 0x61, 0x72, 0x00, 0x00, 0x00, 0x00, 0x00, 0x00, 0x00, 0xf0, 0x3f,
  0x00, 0x00, 0x00, 0x00, 0x00, 0x00, 0x00, 0xf0, 0x3f, 0x01, 0x03, 0x00, 0x00, 0x00, 0x6c, 0x65,
  0x6e, 0x00, 0x00, 0x00, 0x00, 0x00, 0x00, 0x00, 0xf0, 0x3f, 0x01, 0x04, 0x00, 0x00, 0x00, 0x77,
  0x6f, 0x72, 0x64, 0x01, 0x05, 0x00, 0x00, 0x00, 0x73, 0x74, 0x61, 0x72, 0x74, 0x01, 0x03, 0x00,
  0x00, 0x00, 0x65, 0x6e, 0x64, 0x01, 0x06, 0x00, 0x00, 0x00, 0x62, 0x65, 0x66, 0x6f, 0x72, 0x65,
  0x00, 0x00, 0x00, 0x00, 0x00, 0x00, 0x00, 0x00, 0x00, 0x00, 0x00, 0x00, 0x00, 0x00, 0x00, 0x00,
  0xf0, 0x3f, 0x01, 0x00, 0x00, 0x00, 0x00, 0x0d, 0x00, 0x00, 0x00, 0x5f, 0x69, 0x73, 0x5f, 0x77,
  0x6f, 0x72, 0x64, 0x5f, 0x63, 0x68, 0x61, 0x72, 0x01, 0x01, 0x00, 0x00, 0x00, 0x54, 0x00, 0x00,
  0x00, 0x07, 0x01, 0x00, 0x00, 0x00, 0x15, 0x1d, 0x21, 0x00, 0x08, 0x04, 0x07, 0x01, 0x00, 0x00,
  0x01, 0x14, 0x1d, 0x21, 0x00, 0x03, 0x20, 0x00, 0x13, 0x04, 0x07, 0x01, 0x00, 0x00, 0x02, 0x15,
  0x1d, 0x21, 0x00, 0x08, 0x04, 0x07, 0x01, 0x00, 0x00, 0x03, 0x14, 0x1d, 0x21, 0x00, 0x03, 0x20,
  0x00, 0x13, 0x04, 0x07, 0x01, 0x00, 0x00, 0x04, 0x15, 0x1d, 0x21, 0x00, 0x08, 0x04, 0x07, 0x01,
  0x00, 0x00, 0x05, 0x14, 0x1d, 0x21, 0x00, 0x03, 0x20, 0x00, 0x07, 0x04, 0x07, 0x01, 0x00, 0x00,
  0x06, 0x13, 0x27, 0x01, 0x27, 0x01, 0x00, 0x00, 0x00, 0x73, 0x00, 0x00, 0x00, 0x54, 0x00, 0x00,
  0x00, 0x07, 0x00, 0x00, 0x00, 0x01, 0x01, 0x00, 0x00, 0x00, 0x61, 0x01, 0x01, 0x00, 0x00, 0x00,
  0x7a, 0x01, 0x01, 0x00, 0x00, 0x00, 0x41, 0x01, 0x01, 0x00, 0x00, 0x00, 0x5a, 0x01, 0x01, 0x00,
  0x00, 0x00, 0x30, 0x01, 0x01, 0x00, 0x00, 0x00, 0x39, 0x01, 0x01, 0x00, 0x00, 0x00, 0x5f, 0x07,
  0x00, 0x00, 0x00, 0x73, 0x79, 0x6d, 0x62, 0x6f, 0x6c, 0x73, 0x01, 0x01, 0x00, 0x00, 0x00, 0xef,
  0x01, 0x00, 0x00, 0x28, 0x00, 0x00, 0x09, 0x00, 0x00, 0x07, 0x01, 0x24, 0x00, 0x01, 0x01, 0x00,
  0x00, 0x02, 0x01, 0x00, 0x00, 0x03, 0x09, 0x00, 0x04, 0x07, 0x03, 0x23, 0x01, 0x00, 0x00, 0x05,
  0x17, 0x1f, 0x00, 0x00, 0x06, 0x2a, 0x06, 0x01, 0xc2, 0x07, 0x03, 0x07, 0x08, 0x10, 0x07, 0x09,
  0x0e, 0x00, 0x07, 0x00, 0x00, 0x08, 0x13, 0x21, 0x00, 0x0a, 0x04, 0x07, 0x09, 0x0e, 0x00, 0x09,
  0x00, 0x00, 0x0a, 0x13, 0x21, 0x00, 0x0d, 0x04, 0x07, 0x04, 0x00, 0x00, 0x0b, 0x16, 0x08, 0x04,
  0x04, 0x20, 0x00, 0x01, 0x04, 0x07, 0x09, 0x0e, 0x00, 0x07, 0x00, 0x00, 0x0c, 0x13, 0x21, 0x00,
  0x0a, 0x04, 0x07, 0x09, 0x0e, 0x00, 0x09, 0x00, 0x00, 0x0d, 0x13, 0x21, 0x00, 0x28, 0x04, 0x07,
  0x04, 0x00, 0x00, 0x0e, 0x17, 0x08, 0x04, 0x04, 0x07, 0x05, 0x01, 0x13, 0x1d, 0x21, 0x00, 0x07,
  0x04, 0x07, 0x04, 0x07, 0x05, 0x14, 0x1d, 0x21, 0x00, 0x08, 0x04, 0x01, 0x08, 0x05, 0x04, 0x20,
  0x00, 0x01, 0x04, 0x20, 0x00, 0x01, 0x04, 0x07, 0x09, 0x0e, 0x00, 0x07, 0x00, 0x00, 0x0f, 0x13,
  0x1d, 0x21, 0x00, 0x09, 0x04, 0x04, 0x04, 0x22, 0x00, 0x85, 0x20, 0x00, 0x01, 0x04, 0x07, 0x03,
  0x07, 0x08, 0x00, 0x00, 0x10, 0x16, 0x10, 0x07, 0x0a, 0x0e, 0x00, 0x07, 0x00, 0x00, 0x11, 0x13,
  0x1d, 0x21, 0x00, 0x0a, 0x04, 0x04, 0x04, 0x04, 0x22, 0x00, 0xa6, 0x20, 0x00, 0x01, 0x04, 0x07,
  0x09, 0x0e, 0x00, 0x09, 0x00, 0x00, 0x12, 0x13, 0x21, 0x00, 0x3f, 0x04, 0x07, 0x02, 0x00, 0x00,
  0x14, 0x07, 0x0a, 0x0e, 0x00, 0x09, 0x00, 0x00, 0x15, 0x00, 0x00, 0x16, 0x00, 0x00, 0x17, 0x07,
  0x0a, 0x0e, 0x00, 0x17, 0x00, 0x00, 0x18, 0x17, 0x00, 0x00, 0x19, 0x07, 0x0a, 0x0e, 0x00, 0x19,
  0x00, 0x00, 0x1a, 0x17, 0x00, 0x00, 0x1b, 0x00, 0x00, 0x1c, 0x29, 0x00, 0x05, 0x24, 0x00, 0x13,
  0x01, 0x04, 0x07, 0x04, 0x08, 0x05, 0x04, 0x20, 0x00, 0xcb, 0x04, 0x07, 0x09, 0x0e, 0x00, 0x09,
  0x00, 0x00, 0x1d, 0x13, 0x21, 0x00, 0x6c, 0x04, 0x07, 0x05, 0x01, 0x13, 0x1d, 0x21, 0x00, 0x0a,
  0x04, 0x07, 0x04, 0x07, 0x05, 0x00, 0x00, 0x1e, 0x16, 0x13, 0x07, 0x02, 0x00, 0x00, 0x1f, 0x07,
  0x0a, 0x0e, 0x00, 0x09, 0x00, 0x00, 0x20, 0x07, 0x0b, 0x21, 0x00, 0x04, 0x04, 0x00, 0x00, 0x21,
  0x21, 0x00, 0x03, 0x20, 0x00, 0x04, 0x04, 0x00, 0x00, 0x22, 0x00, 0x00, 0x23, 0x07, 0x0a, 0x0e,
  0x00, 0x17, 0x00, 0x00, 0x24, 0x17, 0x00, 0x00, 0x25, 0x07, 0x0a, 0x0e, 0x00, 0x19, 0x00, 0x00,
  0x26, 0x17, 0x00, 0x00, 0x27, 0x09, 0x00, 0x28, 0x07, 0x03, 0x07, 0x08, 0x00, 0x00, 0x29, 0x16,
  0x23, 0x02, 0x00, 0x00, 0x2a, 0x07, 0x0b, 0x29, 0x00, 0x06, 0x24, 0x00, 0x13, 0x01, 0x04, 0x04,
  0x20, 0x00, 0x52, 0x04, 0x07, 0x09, 0x0e, 0x00, 0x09, 0x00, 0x00, 0x2b, 0x13, 0x21, 0x00, 0x07,
  0x04, 0x07, 0x04, 0x00, 0x00, 0x2c, 0x13, 0x21, 0x00, 0x3a, 0x04, 0x07, 0x02, 0x00, 0x00, 0x2d,
  0x07, 0x0a, 0x0e, 0x00, 0x09, 0x00, 0x00, 0x2e, 0x00, 0x00, 0x2f, 0x00, 0x00, 0x30, 0x07, 0x0a,
  0x0e, 0x00, 0x17, 0x00, 0x00, 0x31, 0x17, 0x00, 0x00, 0x32, 0x07, 0x0a, 0x0e, 0x00, 0x19, 0x00,
  0x00, 0x33, 0x17, 0x00, 0x00, 0x34, 0x00, 0x00, 0x35, 0x29, 0x00, 0x05, 0x24, 0x00, 0x13, 0x01,
  0x04, 0x20, 0x00, 0x01, 0x04, 0x04, 0x04, 0x04, 0x22, 0x01, 0xc6, 0x04, 0x04, 0x07, 0x02, 0x27,
  0x01, 0x27, 0x1a, 0x00, 0x00, 0x00, 0x77, 0x00, 0x00, 0x00, 0x03, 0x00, 0x00, 0x00, 0x78, 0x00,
  0x00, 0x00, 0x09, 0x00, 0x00, 0x00, 0x79, 0x00, 0x00, 0x00, 0x03, 0x00, 0x00, 0x00, 0x7a, 0x00,
  0x00, 0x00, 0x01, 0x00, 0x00, 0x00, 0x7b, 0x00, 0x00, 0x00, 0x16, 0x00, 0x00, 0x00, 0x7c, 0x00,
  0x00, 0x00, 0x05, 0x00, 0x00, 0x00, 0x7d, 0x00, 0x00, 0x00, 0x27, 0x00, 0x00, 0x00, 0x7e, 0x00,
  0x00, 0x00, 0x1a, 0x00, 0x00, 0x00, 0x7f, 0x00, 0x00, 0x00, 0x09, 0x00, 0x00, 0x00, 0x80, 0x00,
  0x00, 0x00, 0x1b, 0x00, 0x00, 0x00, 0x81, 0x00, 0x00, 0x00, 0x04, 0x00, 0x00, 0x00, 0x82, 0x00,
  0x00, 0x00, 0x17, 0x00, 0x00, 0x00, 0x83, 0x00, 0x00, 0x00, 0x09, 0x00, 0x00, 0x00, 0x84, 0x00,
  0x00, 0x00, 0x18, 0x00, 0x00, 0x00, 0x85, 0x00, 0x00, 0x00, 0x0d, 0x00, 0x00, 0x00, 0x86, 0x00,
  0x00, 0x00, 0x36, 0x00, 0x00, 0x00, 0x87, 0x00, 0x00, 0x00, 0x05, 0x00, 0x00, 0x00, 0x88, 0x00,
  0x00, 0x00, 0x11, 0x00, 0x00, 0x00, 0x89, 0x00, 0x00, 0x00, 0x12, 0x00, 0x00, 0x00, 0x8a, 0x00,
  0x00, 0x00, 0x55, 0x00, 0x00, 0x00, 0x8b, 0x00, 0x00, 0x00, 0x1c, 0x00, 0x00, 0x00, 0x8c, 0x00,
  0x00, 0x00, 0x36, 0x00, 0x00, 0x00, 0x8d, 0x00, 0x00, 0x00, 0x04, 0x00, 0x00, 0x00, 0x8e, 0x00,
  0x00, 0x00, 0x08, 0x00, 0x00, 0x00, 0x8f, 0x00, 0x00, 0x00, 0x03, 0x00, 0x00, 0x00, 0x90, 0x00,
  0x00, 0x00, 0x02, 0x00, 0x00, 0x00, 0x36, 0x00, 0x00, 0x00, 0x01, 0x03, 0x00, 0x00, 0x00, 0x6c,
  0x65, 0x78, 0x01, 0x08, 0x00, 0x00, 0x00, 0x74, 0x6f, 0x6b, 0x65, 0x6e, 0x69, 0x7a, 0x65, 0x00,
  0x00, 0x00, 0x00, 0x00, 0x00, 0x00, 0x00, 0x00, 0x00, 0x00, 0x00, 0x00, 0x00, 0x00, 0x00, 0x00,
  0x00, 0x01, 0x03, 0x00, 0x00, 0x00, 0x6c, 0x65, 0x6e, 0x00, 0x00, 0x00, 0x00, 0x00, 0x00, 0x00,
  0xf0, 0x3f, 0x00, 0x00, 0x00, 0x00, 0x00, 0x00, 0x00, 0x00, 0x00, 0x01, 0x04, 0x00, 0x00, 0x00,
  0x6b, 0x69, 0x6e, 0x64, 0x01, 0x05, 0x00, 0x00, 0x00, 0x70, 0x75, 0x6e, 0x63, 0x74, 0x01, 0x04,
  0x00, 0x00, 0x00, 0x74, 0x65, 0x78, 0x74, 0x01, 0x01, 0x00, 0x00, 0x00, 0x7b, 0x00, 0x00, 0x00,
  0x00, 0x00, 0x00, 0x00, 0xf0, 0x3f, 0x01, 0x05, 0x00, 0x00, 0x00, 0x70, 0x75, 0x6e, 0x63, 0x74,
  0x01, 0x01, 0x00, 0x00, 0x00, 0x7d, 0x00, 0x00, 0x00, 0x00, 0x00, 0x00, 0x00, 0xf0, 0x3f, 0x01,
  0x07, 0x00, 0x00, 0x00, 0x6b, 0x65, 0x79, 0x77, 0x6f, 0x72, 0x64, 0x00, 0x00, 0x00, 0x00, 0x00,
  0x00, 0x00, 0xf0, 0x3f, 0x01, 0x05, 0x00, 0x00, 0x00, 0x69, 0x64, 0x65, 0x6e, 0x74, 0x01, 0x05,
  0x00, 0x00, 0x00, 0x63, 0x6c, 0x61, 0x73, 0x73, 0x01, 0x04, 0x00, 0x00, 0x00, 0x70, 0x75, 0x73,
  0x68, 0x01, 0x04, 0x00, 0x00, 0x00, 0x6e, 0x61, 0x6d, 0x65, 0x01, 0x04, 0x00, 0x00, 0x00, 0x6b,
  0x69, 0x6e, 0x64, 0x00, 0x00, 0x00, 0x00, 0x00, 0x00, 0x00, 0x14, 0x40, 0x01, 0x04, 0x00, 0x00,
  0x00, 0x6c, 0x69, 0x6e, 0x65, 0x00, 0x00, 0x00, 0x00, 0x00, 0x00, 0x00, 0xf0, 0x3f, 0x01, 0x03,
  0x00, 0x00, 0x00, 0x63, 0x6f, 0x6c, 0x00, 0x00, 0x00, 0x00, 0x00, 0x00, 0x00, 0xf0, 0x3f, 0x01,
  0x06, 0x00, 0x00, 0x00, 0x64, 0x65, 0x74, 0x61, 0x69, 0x6c, 0x01, 0x05, 0x00, 0x00, 0x00, 0x63,
  0x6c, 0x61, 0x73, 0x73, 0x01, 0x02, 0x00, 0x00, 0x00, 0x66, 0x6e, 0x00, 0x00, 0x00, 0x00, 0x00,
  0x00, 0x00, 0xf0, 0x3f, 0x01, 0x04, 0x00, 0x00, 0x00, 0x6e, 0x61, 0x6d, 0x65, 0x01, 0x04, 0x00,
  0x00, 0x00, 0x6b, 0x69, 0x6e, 0x64, 0x00, 0x00, 0x00, 0x00, 0x00, 0x00, 0x00, 0x18, 0x40, 0x00,
  0x00, 0x00, 0x00, 0x00, 0x00, 0x00, 0x28, 0x40, 0x01, 0x04, 0x00, 0x00, 0x00, 0x6c, 0x69, 0x6e,
  0x65, 0x00, 0x00, 0x00, 0x00, 0x00, 0x00, 0x00, 0xf0, 0x3f, 0x01, 0x03, 0x00, 0x00, 0x00, 0x63,
  0x6f, 0x6c, 0x00, 0x00, 0x00, 0x00, 0x00, 0x00, 0x00, 0xf0, 0x3f, 0x01, 0x06, 0x00, 0x00, 0x00,
  0x64, 0x65, 0x74, 0x61, 0x69, 0x6c, 0x01, 0x0a, 0x00, 0x00, 0x00, 0x5f, 0x73, 0x69, 0x67, 0x6e,
  0x61, 0x74, 0x75, 0x72, 0x65, 0x00, 0x00, 0x00, 0x00, 0x00, 0x00, 0x00, 0x00, 0x40, 0x01, 0x06,
  0x00, 0x00, 0x00, 0x6d, 0x65, 0x74, 0x68, 0x6f, 0x64, 0x01, 0x03, 0x00, 0x00, 0x00, 0x6c, 0x65,
  0x74, 0x00, 0x00, 0x00, 0x00, 0x00, 0x00, 0x00, 0x00, 0x00, 0x01, 0x04, 0x00, 0x00, 0x00, 0x6e,
  0x61, 0x6d, 0x65, 0x01, 0x04, 0x00, 0x00, 0x00, 0x6b, 0x69, 0x6e, 0x64, 0x00, 0x00, 0x00, 0x00,
  0x00, 0x00, 0x00, 0x2a, 0x40, 0x01, 0x04, 0x00, 0x00, 0x00, 0x6c, 0x69, 0x6e, 0x65, 0x00, 0x00,
  0x00, 0x00, 0x00, 0x00, 0x00, 0xf0, 0x3f, 0x01, 0x03, 0x00, 0x00, 0x00, 0x63, 0x6f, 0x6c, 0x00,
  0x00, 0x00, 0x00, 0x00, 0x00, 0x00, 0xf0, 0x3f, 0x01, 0x06, 0x00, 0x00, 0x00, 0x64, 0x65, 0x74,
  0x61, 0x69, 0x6c, 0x01, 0x08, 0x00, 0x00, 0x00, 0x76, 0x61, 0x72, 0x69, 0x61, 0x62, 0x6c, 0x65,
  0x0a, 0x00, 0x00, 0x00, 0x5f, 0x73, 0x69, 0x67, 0x6e, 0x61, 0x74, 0x75, 0x72, 0x65, 0x02, 0x02,
  0x00, 0x00, 0x00, 0x79, 0x01, 0x00, 0x00, 0x07, 0x02, 0x09, 0x00, 0x00, 0x07, 0x01, 0x23, 0x01,
  0x15, 0x1d, 0x21, 0x00, 0x03, 0x20, 0x00, 0x0e, 0x04, 0x07, 0x01, 0x07, 0x02, 0x10, 0x0e, 0x00,
  0x01, 0x00, 0x00, 0x02, 0x13, 0x1d, 0x21, 0x00, 0x08, 0x04, 0x00, 0x00, 0x03, 0x27, 0x20, 0x00,
  0x01, 0x04, 0x00, 0x00, 0x04, 0x00, 0x00, 0x05, 0x07, 0x02, 0x09, 0x00, 0x00, 0x07, 0x01, 0x23,
  0x01, 0x15, 0x21, 0x01, 0x31, 0x04, 0x07, 0x01, 0x07, 0x02, 0x10, 0x07, 0x05, 0x0e, 0x00, 0x01,
  0x00, 0x00, 0x06, 0x13, 0x21, 0x00, 0x0d, 0x04, 0x07, 0x04, 0x00, 0x00, 0x07, 0x16, 0x08, 0x04,
  0x04, 0x20, 0x00, 0x01, 0x04, 0x07, 0x05, 0x0e, 0x00, 0x01, 0x00, 0x00, 0x08, 0x13, 0x21, 0x00,
  0x0d, 0x04, 0x07, 0x04, 0x00, 0x00, 0x09, 0x17, 0x08, 0x04, 0x04, 0x20, 0x00, 0x01, 0x04, 0x07,
  0x05, 0x0e, 0x00, 0x0a, 0x00, 0x00, 0x0b, 0x13, 0x21, 0x00, 0x08, 0x04, 0x04, 0x20, 0x00, 0xe7,
  0x20, 0x00, 0x01, 0x04, 0x07, 0x05, 0x0e, 0x00, 0x01, 0x00, 0x00, 0x0c, 0x13, 0x21, 0x00, 0x0d,
  0x04, 0x07, 0x03, 0x00, 0x00, 0x0d, 0x16, 0x08, 0x03, 0x04, 0x20, 0x00, 0xaa, 0x04, 0x07, 0x05,
  0x0e, 0x00, 0x01, 0x00, 0x00, 0x0e, 0x13, 0x21, 0x00, 0x0c, 0x04, 0x09, 0x00, 0x00, 0x07, 0x03,
  0x23, 0x01, 0x00, 0x00, 0x0f, 0x13, 0x21, 0x00, 0x04, 0x04, 0x20, 0x00, 0x8a, 0x04, 0x07, 0x05,
  0x0e, 0x00, 0x01, 0x00, 0x00, 0x10, 0x13, 0x21, 0x00, 0x0d, 0x04, 0x07, 0x03, 0x00, 0x00, 0x11,
  0x16, 0x08, 0x03, 0x04, 0x20, 0x00, 0x70, 0x04, 0x07, 0x05, 0x0e, 0x00, 0x01, 0x00, 0x00, 0x12,
  0x13, 0x21, 0x00, 0x03, 0x20, 0x00, 0x0a, 0x04, 0x07, 0x05, 0x0e, 0x00, 0x01, 0x00, 0x00, 0x13,
  0x13, 0x21, 0x00, 0x03, 0x20, 0x00, 0x0a, 0x04, 0x07, 0x05, 0x0e, 0x00, 0x01, 0x00, 0x00, 0x14,
  0x13, 0x21, 0x00, 0x17, 0x04, 0x07, 0x03, 0x00, 0x00, 0x15, 0x07, 0x05, 0x0e, 0x00, 0x01, 0x16,
  0x00, 0x00, 0x16, 0x16, 0x16, 0x08, 0x03, 0x04, 0x20, 0x00, 0x2c, 0x04, 0x07, 0x05, 0x0e, 0x00,
  0x01, 0x00, 0x00, 0x17, 0x13, 0x1d, 0x21, 0x00, 0x0b, 0x04, 0x07, 0x05, 0x0e, 0x00, 0x01, 0x00,
  0x00, 0x18, 0x13, 0x1d, 0x21, 0x00, 0x0f, 0x04, 0x07, 0x03, 0x07, 0x05, 0x0e, 0x00, 0x01, 0x16,
  0x08, 0x03, 0x04, 0x20, 0x00, 0x01, 0x04, 0x07, 0x04, 0x00, 0x00, 0x19, 0x13, 0x21, 0x00, 0x08,
  0x04, 0x04, 0x20, 0x00, 0x12, 0x20, 0x00, 0x01, 0x04, 0x07, 0x02, 0x00, 0x00, 0x1a, 0x16, 0x08,
  0x02, 0x04, 0x04, 0x22, 0x01, 0x3e, 0x04, 0x07, 0x03, 0x00, 0x00, 0x1b, 0x16, 0x27, 0x01, 0x27,
  0x12, 0x00, 0x00, 0x00, 0x93, 0x00, 0x00, 0x00, 0x2b, 0x00, 0x00, 0x00, 0x94, 0x00, 0x00, 0x00,
  0x03, 0x00, 0x00, 0x00, 0x95, 0x00, 0x00, 0x00, 0x03, 0x00, 0x00, 0x00, 0x96, 0x00, 0x00, 0x00,
  0x0e, 0x00, 0x00, 0x00, 0x97, 0x00, 0x00, 0x00, 0x05, 0x00, 0x00, 0x00, 0x98, 0x00, 0x00, 0x00,
  0x1a, 0x00, 0x00, 0x00, 0x99, 0x00, 0x00, 0x00, 0x1a, 0x00, 0x00, 0x00, 0x9a, 0x00, 0x00, 0x00,
  0x15, 0x00, 0x00, 0x00, 0x9b, 0x00, 0x00, 0x00, 0x1a, 0x00, 0x00, 0x00, 0x9c, 0x00, 0x00, 0x00,
  0x20, 0x00, 0x00, 0x00, 0x9d, 0x00, 0x00, 0x00, 0x1a, 0x00, 0x00, 0x00, 0x9e, 0x00, 0x00, 0x00,
  0x44, 0x00, 0x00, 0x00, 0x9f, 0x00, 0x00, 0x00, 0x2b, 0x00, 0x00, 0x00, 0xa0, 0x00, 0x00, 0x00,
  0x12, 0x00, 0x00, 0x00, 0xa1, 0x00, 0x00, 0x00, 0x09, 0x00, 0x00, 0x00, 0xa2, 0x00, 0x00, 0x00,
  0x05, 0x00, 0x00, 0x00, 0xa3, 0x00, 0x00, 0x00, 0x07, 0x00, 0x00, 0x00, 0xa4, 0x00, 0x00, 0x00,
  0x02, 0x00, 0x00, 0x00, 0x1c, 0x00, 0x00, 0x00, 0x01, 0x03, 0x00, 0x00, 0x00, 0x6c, 0x65, 0x6e,
  0x01, 0x04, 0x00, 0x00, 0x00, 0x74, 0x65, 0x78, 0x74, 0x01, 0x01, 0x00, 0x00, 0x00, 0x28, 0x01,
  0x00, 0x00, 0x00, 0x00, 0x01, 0x01, 0x00, 0x00, 0x00, 0x28, 0x00, 0x00, 0x00, 0x00, 0x00, 0x00,
  0x00, 0x00, 0x00, 0x01, 0x01, 0x00, 0x00, 0x00, 0x28, 0x00, 0x00, 0x00, 0x00, 0x00, 0x00, 0x00,
  0xf0, 0x3f, 0x01, 0x01, 0x00, 0x00, 0x00, 0x29, 0x00, 0x00, 0x00, 0x00, 0x00, 0x00, 0x00, 0xf0,
  0x3f, 0x01, 0x04, 0x00, 0x00, 0x00, 0x6b, 0x69, 0x6e, 0x64, 0x01, 0x03, 0x00, 0x00, 0x00, 0x65,
  0x6f, 0x66, 0x01, 0x01, 0x00, 0x00, 0x00, 0x2c, 0x01, 0x02, 0x00, 0x00, 0x00, 0x2c, 0x20, 0x01,
  0x01, 0x00, 0x00, 0x00, 0x28, 0x00, 0x00, 0x00, 0x00, 0x00, 0x00, 0x00, 0xf0, 0x3f, 0x01, 0x01,
  0x00, 0x00, 0x00, 0x3a, 0x01, 0x02, 0x00, 0x00, 0x00, 0x3a, 0x20, 0x01, 0x01, 0x00, 0x00, 0x00,
  0x3d, 0x01, 0x02, 0x00, 0x00, 0x00, 0x2d, 0x3e, 0x01, 0x02, 0x00, 0x00, 0x00, 0x6f, 0x72, 0x01,
  0x01, 0x00, 0x00, 0x00, 0x20, 0x01, 0x01, 0x00, 0x00, 0x00, 0x20, 0x01, 0x01, 0x00, 0x00, 0x00,
  0x28, 0x01, 0x01, 0x00, 0x00, 0x00, 0x29, 0x00, 0x00, 0x00, 0x00, 0x00, 0x00, 0x00, 0x00, 0x00,
  0x00, 0x00, 0x00, 0x00, 0x00, 0x00, 0x00, 0xf0, 0x3f, 0x01, 0x01, 0x00, 0x00, 0x00, 0x29, 0x13,
  0x00, 0x00, 0x00, 0x70, 0x75, 0x62, 0x6c, 0x69, 0x73, 0x68, 0x5f, 0x64, 0x69, 0x61, 0x67, 0x6e,
  0x6f, 0x73, 0x74, 0x69, 0x63, 0x73, 0x01, 0x01, 0x00, 0x00, 0x00, 0xdf, 0x00, 0x00, 0x00, 0x09,
  0x00, 0x00, 0x07, 0x01, 0x10, 0x28, 0x00, 0x00, 0x07, 0x02, 0x01, 0x13, 0x1d, 0x21, 0x00, 0xb5,
  0x04, 0x01, 0x2b, 0x00, 0x10, 0x09, 0x00, 0x01, 0x07, 0x02, 0x24, 0x00, 0x02, 0x01, 0x08, 0x04,
  0x04, 0x2c, 0x20, 0x00, 0x05, 0x01, 0x08, 0x04, 0x04, 0x04, 0x07, 0x04, 0x01, 0x13, 0x1d, 0x21,
  0x00, 0x07, 0x04, 0x07, 0x04, 0x0e, 0x00, 0x03, 0x1d, 0x21, 0x00, 0x84, 0x04, 0x07, 0x04, 0x0e,
  0x00, 0x04, 0x00, 0x00, 0x05, 0x2a, 0x05, 0x00, 0x72, 0x07, 0x03, 0x00, 0x00, 0x07, 0x00, 0x00,
  0x08, 0x00, 0x00, 0x09, 0x07, 0x07, 0x0e, 0x00, 0x09, 0x00, 0x00, 0x0a, 0x17, 0x00, 0x00, 0x0b,
  0x07, 0x07, 0x0e, 0x00, 0x0c, 0x00, 0x00, 0x0d, 0x17, 0x29, 0x00, 0x02, 0x00, 0x00, 0x0e, 0x00,
  0x00, 0x0f, 0x07, 0x07, 0x0e, 0x00, 0x09, 0x00, 0x00, 0x10, 0x17, 0x00, 0x00, 0x11, 0x07, 0x07,
  0x0e, 0x00, 0x0c, 0x00, 0x00, 0x12, 0x17, 0x09, 0x00, 0x13, 0x07, 0x07, 0x0e, 0x00, 0x14, 0x00,
  0x00, 0x15, 0x23, 0x02, 0x16, 0x29, 0x00, 0x02, 0x29, 0x00, 0x02, 0x00, 0x00, 0x16, 0x00, 0x00,
  0x17, 0x00, 0x00, 0x18, 0x00, 0x00, 0x19, 0x00, 0x00, 0x1a, 0x07, 0x07, 0x0e, 0x00, 0x1a, 0x29,
  0x00, 0x04, 0x24, 0x00, 0x06, 0x01, 0x04, 0x04, 0x22, 0x00, 0x76, 0x04, 0x04, 0x20, 0x00, 0x01,
  0x04, 0x04, 0x20, 0x00, 0x01, 0x04, 0x09, 0x00, 0x1b, 0x00, 0x00, 0x1c, 0x00, 0x00, 0x1d, 0x07,
  0x01, 0x00, 0x00, 0x1e, 0x07, 0x03, 0x29, 0x00, 0x02, 0x23, 0x02, 0x04, 0x01, 0x27, 0x12, 0x00,
  0x00, 0x00, 0xa9, 0x00, 0x00, 0x00, 0x06, 0x00, 0x00, 0x00, 0xaa, 0x00, 0x00, 0x00, 0x03, 0x00,
  0x00, 0x00, 0xab, 0x00, 0x00, 0x00, 0x09, 0x00, 0x00, 0x00, 0xac, 0x00, 0x00, 0x00, 0x01, 0x00,
  0x00, 0x00, 0xad, 0x00, 0x00, 0x00, 0x18, 0x00, 0x00, 0x00, 0xae, 0x00, 0x00, 0x00, 0x13, 0x00,
  0x00, 0x00, 0xaf, 0x00, 0x00, 0x00, 0x0c, 0x00, 0x00, 0x00, 0xb0, 0x00, 0x00, 0x00, 0x02, 0x00,
  0x00, 0x00, 0xb1, 0x00, 0x00, 0x00, 0x50, 0x00, 0x00, 0x00, 0xb2, 0x00, 0x00, 0x00, 0x06, 0x00,
  0x00, 0x00, 0xb3, 0x00, 0x00, 0x00, 0x06, 0x00, 0x00, 0x00, 0xb4, 0x00, 0x00, 0x00, 0x08, 0x00,
  0x00, 0x00, 0xb5, 0x00, 0x00, 0x00, 0x08, 0x00, 0x00, 0x00, 0xb6, 0x00, 0x00, 0x00, 0x06, 0x00,
  0x00, 0x00, 0xb7, 0x00, 0x00, 0x00, 0x04, 0x00, 0x00, 0x00, 0xb8, 0x00, 0x00, 0x00, 0x05, 0x00,
  0x00, 0x00, 0xb9, 0x00, 0x00, 0x00, 0x16, 0x00, 0x00, 0x00, 0xba, 0x00, 0x00, 0x00, 0x02, 0x00,
  0x00, 0x00, 0x1f, 0x00, 0x00, 0x00, 0x01, 0x04, 0x00, 0x00, 0x00, 0x64, 0x6f, 0x63, 0x73, 0x01,
  0x08, 0x00, 0x00, 0x00, 0x63, 0x6f, 0x6d, 0x70, 0x69, 0x6c, 0x65, 0x72, 0x01, 0x07, 0x00, 0x00,
  0x00, 0x63, 0x6f, 0x6d, 0x70, 0x69, 0x6c, 0x65, 0x01, 0x02, 0x00, 0x00, 0x00, 0x6f, 0x6b, 0x01,
  0x06, 0x00, 0x00, 0x00, 0x65, 0x72, 0x72, 0x6f, 0x72, 0x73, 0x00, 0x00, 0x00, 0x00, 0x00, 0x00,
  0x00, 0x00, 0x00, 0x01, 0x04, 0x00, 0x00, 0x00, 0x70, 0x75, 0x73, 0x68, 0x01, 0x05, 0x00, 0x00,
  0x00, 0x72, 0x61, 0x6e, 0x67, 0x65, 0x01, 0x05, 0x00, 0x00, 0x00, 0x73, 0x74, 0x61, 0x72, 0x74,
  0x01, 0x04, 0x00, 0x00, 0x00, 0x6c, 0x69, 0x6e, 0x65, 0x00, 0x00, 0x00, 0x00, 0x00, 0x00, 0x00,
  0xf0, 0x3f, 0x01, 0x09, 0x00, 0x00, 0x00, 0x63, 0x68, 0x61, 0x72, 0x61, 0x63, 0x74, 0x65, 0x72,
  0x01, 0x03, 0x00, 0x00, 0x00, 0x63, 0x6f, 0x6c, 0x00, 0x00, 0x00, 0x00, 0x00, 0x00, 0x00, 0xf0,
  0x3f, 0x01, 0x03, 0x00, 0x00, 0x00, 0x65, 0x6e, 0x64, 0x01, 0x04, 0x00, 0x00, 0x00, 0x6c, 0x69,
  0x6e, 0x65, 0x00, 0x00, 0x00, 0x00, 0x00, 0x00, 0x00, 0xf0, 0x3f, 0x01, 0x09, 0x00, 0x00, 0x00,
  0x63, 0x68, 0x61, 0x72, 0x61, 0x63, 0x74, 0x65, 0x72, 0x00, 0x00, 0x00, 0x00, 0x00, 0x00, 0x00,
  0xf0, 0x3f, 0x01, 0x03, 0x00, 0x00, 0x00, 0x6d, 0x61, 0x78, 0x01, 0x06, 0x00, 0x00, 0x00, 0x6c,
  0x65, 0x6e, 0x67, 0x74, 0x68, 0x00, 0x00, 0x00, 0x00, 0x00, 0x00, 0x00, 0xf0, 0x3f, 0x01, 0x08,
  0x00, 0x00, 0x00, 0x73, 0x65, 0x76, 0x65, 0x72, 0x69, 0x74, 0x79, 0x00, 0x00, 0x00, 0x00, 0x00,
  0x00, 0x00, 0xf0, 0x3f, 0x01, 0x06, 0x00, 0x00, 0x00, 0x73, 0x6f, 0x75, 0x72, 0x63, 0x65, 0x01,
  0x05, 0x00, 0x00, 0x00, 0x66, 0x61, 0x78, 0x61, 0x6c, 0x01, 0x07, 0x00, 0x00, 0x00, 0x6d, 0x65,
  0x73, 0x73, 0x61, 0x67, 0x65, 0x01, 0x06, 0x00, 0x00, 0x00, 0x6e, 0x6f, 0x74, 0x69, 0x66, 0x79,
  0x01, 0x1f, 0x00, 0x00, 0x00, 0x74, 0x65, 0x78, 0x74, 0x44, 0x6f, 0x63, 0x75, 0x6d, 0x65, 0x6e,
  0x74, 0x2f, 0x70, 0x75, 0x62, 0x6c, 0x69, 0x73, 0x68, 0x44, 0x69, 0x61, 0x67, 0x6e, 0x6f, 0x73,
  0x74, 0x69, 0x63, 0x73, 0x01, 0x03, 0x00, 0x00, 0x00, 0x75, 0x72, 0x69, 0x01, 0x0b, 0x00, 0x00,
  0x00, 0x64, 0x69, 0x61, 0x67, 0x6e, 0x6f, 0x73, 0x74, 0x69, 0x63, 0x73, 0x03, 0x00, 0x00, 0x00,
  0x61, 0x64, 0x64, 0x03, 0x02, 0x02, 0x00, 0x00, 0x3d, 0x00, 0x00, 0x00, 0x07, 0x03, 0x38, 0x00,
  0x04, 0x04, 0x01, 0x08, 0x03, 0x04, 0x0c, 0x00, 0x07, 0x01, 0x10, 0x02, 0x13, 0x21, 0x00, 0x06,
  0x04, 0x01, 0x27, 0x20, 0x00, 0x01, 0x04, 0x0c, 0x00, 0x07, 0x01, 0x02, 0x11, 0x04, 0x0c, 0x01,
  0x00, 0x00, 0x01, 0x07, 0x01, 0x00, 0x00, 0x02, 0x07, 0x02, 0x00, 0x00, 0x03, 0x07, 0x03, 0x29,
  0x00, 0x03, 0x24, 0x00, 0x00, 0x01, 0x04, 0x01, 0x27, 0x05, 0x00, 0x00, 0x00, 0xc5, 0x00, 0x00,
  0x00, 0x0a, 0x00, 0x00, 0x00, 0xc6, 0x00, 0x00, 0x00, 0x11, 0x00, 0x00, 0x00, 0xc7, 0x00, 0x00,
  0x00, 0x07, 0x00, 0x00, 0x00, 0xc8, 0x00, 0x00, 0x00, 0x19, 0x00, 0x00, 0x00, 0xc9, 0x00, 0x00,
  0x00, 0x02, 0x00, 0x00, 0x00, 0x04, 0x00, 0x00, 0x00, 0x01, 0x04, 0x00, 0x00, 0x00, 0x70, 0x75,
  0x73, 0x68, 0x01, 0x05, 0x00, 0x00, 0x00, 0x6c, 0x61, 0x62, 0x65, 0x6c, 0x01, 0x04, 0x00, 0x00,
  0x00, 0x6b, 0x69, 0x6e, 0x64, 0x01, 0x06, 0x00, 0x00, 0x00, 0x64, 0x65, 0x74, 0x61, 0x69, 0x6c,
  0x0a, 0x00, 0x00, 0x00, 0x63, 0x6f, 0x6d, 0x70, 0x6c, 0x65, 0x74, 0x69, 0x6f, 0x6e, 0x02, 0x02,
  0x00, 0x00, 0x00, 0xa4, 0x01, 0x00, 0x00, 0x09, 0x00, 0x00, 0x07, 0x01, 0x10, 0x38, 0x00, 0x04,
  0x04, 0x00, 0x00, 0x01, 0x09, 0x00, 0x02, 0x07, 0x03, 0x07, 0x02, 0x0e, 0x00, 0x03, 0x07, 0x02,
  0x0e, 0x00, 0x04, 0x23, 0x03, 0x09, 0x00, 0x05, 0x07, 0x03, 0x07, 0x04, 0x23, 0x02, 0x28, 0x00,
  0x00, 0x29, 0x00, 0x00, 0x25, 0x00, 0x06, 0x01, 0x07, 0x01, 0x06, 0x07, 0x05, 0x0e, 0x00, 0x07,
  0x00, 0x00, 0x08, 0x13, 0x21, 0x00, 0x46, 0x04, 0x00, 0x00, 0x09, 0x00, 0x00, 0x0a, 0x00, 0x00,
  0x0b, 0x00, 0x00, 0x0c, 0x28, 0x00, 0x04, 0x00, 0x00, 0x0d, 0x2a, 0x09, 0x00, 0x27, 0x09, 0x00,
  0x0e, 0x07, 0x0b, 0x10, 0x00, 0x00, 0x0f, 0x2a, 0x0c, 0x00, 0x14, 0x07, 0x08, 0x07, 0x0e, 0x00,
  0x00, 0x10, 0x07, 0x0b, 0x00, 0x00, 0x11, 0x16, 0x23, 0x03, 0x04, 0x04, 0x22, 0x00, 0x18, 0x04,
  0x04, 0x04, 0x22, 0x00, 0x2b, 0x04, 0x04, 0x07, 0x06, 0x27, 0x20, 0x00, 0x01, 0x04, 0x07, 0x03,
  0x00, 0x00, 0x12, 0x07, 0x05, 0x0e, 0x00, 0x13, 0x12, 0x24, 0x00, 0x14, 0x00, 0x00, 0x00, 0x16,
  0x24, 0x00, 0x15, 0x01, 0x21, 0x00, 0x03, 0x20, 0x00, 0x0a, 0x04, 0x07, 0x05, 0x0e, 0x00, 0x07,
  0x00, 0x00, 0x17, 0x13, 0x07, 0x09, 0x21, 0x00, 0x24, 0x04, 0x09, 0x00, 0x18, 0x00, 0x00, 0x19,
  0x2a, 0x0a, 0x00, 0x11, 0x07, 0x08, 0x07, 0x0c, 0x00, 0x00, 0x1a, 0x00, 0x00, 0x1b, 0x23, 0x03,
  0x04, 0x04, 0x22, 0x00, 0x15, 0x04, 0x04, 0x07, 0x06, 0x27, 0x20, 0x00, 0x01, 0x04, 0x09, 0x00,
  0x1c, 0x00, 0x00, 0x1d, 0x2a, 0x0a, 0x00, 0x0e, 0x07, 0x08, 0x07, 0x0c, 0x00, 0x00, 0x1e, 0x23,
  0x02, 0x04, 0x04, 0x22, 0x00, 0x12, 0x04, 0x04, 0x09, 0x00, 0x1f, 0x24, 0x00, 0x20, 0x00, 0x00,
  0x00, 0x21, 0x2a, 0x0a, 0x00, 0x1f, 0x07, 0x08, 0x07, 0x0c, 0x00, 0x00, 0x22, 0x09, 0x00, 0x1f,
  0x07, 0x0c, 0x10, 0x00, 0x00, 0x24, 0x24, 0x00, 0x23, 0x01, 0x00, 0x00, 0x25, 0x10, 0x23, 0x03,
  0x04, 0x04, 0x22, 0x00, 0x23, 0x04, 0x04, 0x09, 0x00, 0x26, 0x00, 0x00, 0x27, 0x2a, 0x0a, 0x00,
  0x11, 0x07, 0x08, 0x07, 0x0c, 0x00, 0x00, 0x28, 0x00, 0x00, 0x29, 0x23, 0x03, 0x04, 0x04, 0x22,
  0x00, 0x15, 0x04, 0x04, 0x09, 0x00, 0x2a, 0x07, 0x03, 0x23, 0x01, 0x00, 0x00, 0x2b, 0x2a, 0x0a,
  0x00, 0x52, 0x07, 0x0c, 0x0e, 0x00, 0x2c, 0x1d, 0x21, 0x00, 0x44, 0x04, 0x07, 0x08, 0x07, 0x0c,
  0x0e, 0x00, 0x2d, 0x07, 0x0c, 0x0e, 0x00, 0x2e, 0x00, 0x00, 0x2f, 0x13, 0x21, 0x00, 0x04, 0x04,
  0x00, 0x00, 0x30, 0x21, 0x00, 0x03, 0x20, 0x00, 0x11, 0x04, 0x07, 0x0c, 0x0e, 0x00, 0x2e, 0x00,
  0x00, 0x31, 0x13, 0x21, 0x00, 0x04, 0x04, 0x00, 0x00, 0x32, 0x21, 0x00, 0x03, 0x20, 0x00, 0x04,
  0x04, 0x00, 0x00, 0x33, 0x07, 0x0c, 0x0e, 0x00, 0x34, 0x23, 0x03, 0x04, 0x20, 0x00, 0x01, 0x04,
  0x04, 0x22, 0x00, 0x56, 0x04, 0x04, 0x07, 0x06, 0x27, 0x01, 0x27, 0x17, 0x00, 0x00, 0x00, 0xbf,
  0x00, 0x00, 0x00, 0x0d, 0x00, 0x00, 0x00, 0xc0, 0x00, 0x00, 0x00, 0x11, 0x00, 0x00, 0x00, 0xc1,
  0x00, 0x00, 0x00, 0x09, 0x00, 0x00, 0x00, 0xc2, 0x00, 0x00, 0x00, 0x03, 0x00, 0x00, 0x00, 0xc3,
  0x00, 0x00, 0x00, 0x03, 0x00, 0x00, 0x00, 0xc9, 0x00, 0x00, 0x00, 0x07, 0x00, 0x00, 0x00, 0xcb,
  0x00, 0x00, 0x00, 0x0d, 0x00, 0x00, 0x00, 0xcd, 0x00, 0x00, 0x00, 0x16, 0x00, 0x00, 0x00, 0xce,
  0x00, 0x00, 0x00, 0x23, 0x00, 0x00, 0x00, 0xcf, 0x00, 0x00, 0x00, 0x06, 0x00, 0x00, 0x00, 0xd0,
  0x00, 0x00, 0x00, 0x03, 0x00, 0x00, 0x00, 0xd1, 0x00, 0x00, 0x00, 0x04, 0x00, 0x00, 0x00, 0xd2,
  0x00, 0x00, 0x00, 0x26, 0x00, 0x00, 0x00, 0xd3, 0x00, 0x00, 0x00, 0x06, 0x00, 0x00, 0x00, 0xd4,
  0x00, 0x00, 0x00, 0x1d, 0x00, 0x00, 0x00, 0xd5, 0x00, 0x00, 0x00, 0x03, 0x00, 0x00, 0x00, 0xd6,
  0x00, 0x00, 0x00, 0x04, 0x00, 0x00, 0x00, 0xd7, 0x00, 0x00, 0x00, 0x1a, 0x00, 0x00, 0x00, 0xd8,
  0x00, 0x00, 0x00, 0x2f, 0x00, 0x00, 0x00, 0xd9, 0x00, 0x00, 0x00, 0x1d, 0x00, 0x00, 0x00, 0xda,
  0x00, 0x00, 0x00, 0x62, 0x00, 0x00, 0x00, 0xdb, 0x00, 0x00, 0x00, 0x03, 0x00, 0x00, 0x00, 0xdc,
  0x00, 0x00, 0x00, 0x02, 0x00, 0x00, 0x00, 0x35, 0x00, 0x00, 0x00, 0x01, 0x04, 0x00, 0x00, 0x00,
  0x64, 0x6f, 0x63, 0x73, 0x01, 0x00, 0x00, 0x00, 0x00, 0x01, 0x12, 0x00, 0x00, 0x00, 0x70, 0x6f,
  0x73, 0x69, 0x74, 0x69, 0x6f, 0x6e, 0x5f, 0x74, 0x6f, 0x5f, 0x6f, 0x66, 0x66, 0x73, 0x65, 0x74,
  0x01, 0x04, 0x00, 0x00, 0x00, 0x6c, 0x69, 0x6e, 0x65, 0x01, 0x09, 0x00, 0x00, 0x00, 0x63, 0x68,
  0x61, 0x72, 0x61, 0x63, 0x74, 0x65, 0x72, 0x01, 0x07, 0x00, 0x00, 0x00, 0x77, 0x6f, 0x72, 0x64,
  0x5f, 0x61, 0x74, 0x02, 0x0b, 0x00, 0x00, 0x00, 0x01, 0x06, 0x00, 0x00, 0x00, 0x62, 0x65, 0x66,
  0x6f, 0x72, 0x65, 0x01, 0x01, 0x00, 0x00, 0x00, 0x2e, 0x01, 0x06, 0x00, 0x00, 0x00, 0x73, 0x74,
  0x72, 0x69, 0x6e, 0x67, 0x01, 0x04, 0x00, 0x00, 0x00, 0x6c, 0x69, 0x73, 0x74, 0x01, 0x03, 0x00,
  0x00, 0x00, 0x6d, 0x61, 0x70, 0x01, 0x09, 0x00, 0x00, 0x00, 0x63, 0x6f, 0x72, 0x6f, 0x75, 0x74,
  0x69, 0x6e, 0x65, 0x00, 0x00, 0x00, 0x00, 0x00, 0x00, 0x00, 0x00, 0x00, 0x01, 0x07, 0x00, 0x00,
  0x00, 0x4d, 0x45, 0x54, 0x48, 0x4f, 0x44, 0x53, 0x00, 0x00, 0x00, 0x00, 0x00, 0x00, 0x00, 0x00,
  0x00, 0x00, 0x00, 0x00, 0x00, 0x00, 0x00, 0x00, 0x00, 0x40, 0x01, 0x07, 0x00, 0x00, 0x00, 0x20,
  0x6d, 0x65, 0x74, 0x68, 0x6f, 0x64, 0x00, 0x00, 0x00, 0x00, 0x00, 0x00, 0x00, 0x00, 0x00, 0x01,
  0x05, 0x00, 0x00, 0x00, 0x73, 0x74, 0x61, 0x72, 0x74, 0x01, 0x06, 0x00, 0x00, 0x00, 0x72, 0x73,
  0x74, 0x72, 0x69, 0x70, 0x01, 0x09, 0x00, 0x00, 0x00, 0x65, 0x6e, 0x64, 0x73, 0x5f, 0x77, 0x69,
  0x74, 0x68, 0x01, 0x06, 0x00, 0x00, 0x00, 0x69, 0x6d, 0x70, 0x6f, 0x72, 0x74, 0x01, 0x01, 0x00,
  0x00, 0x00, 0x22, 0x01, 0x0b, 0x00, 0x00, 0x00, 0x53, 0x54, 0x44, 0x5f, 0x4d, 0x4f, 0x44, 0x55,
  0x4c, 0x45, 0x53, 0x00, 0x00, 0x00, 0x00, 0x00, 0x00, 0x00, 0x00, 0x00, 0x00, 0x00, 0x00, 0x00,
  0x00, 0x00, 0x00, 0x22, 0x40, 0x01, 0x10, 0x00, 0x00, 0x00, 0x73, 0x74, 0x61, 0x6e, 0x64, 0x61,
  0x72, 0x64, 0x20, 0x6c, 0x69, 0x62, 0x72, 0x61, 0x72, 0x79, 0x01, 0x08, 0x00, 0x00, 0x00, 0x4b,
  0x45, 0x59, 0x57, 0x4f, 0x52, 0x44, 0x53, 0x00, 0x00, 0x00, 0x00, 0x00, 0x00, 0x00, 0x00, 0x00,
  0x00, 0x00, 0x00, 0x00, 0x00, 0x00, 0x00, 0x2c, 0x40, 0x01, 0x08, 0x00, 0x00, 0x00, 0x42, 0x55,
  0x49, 0x4c, 0x54, 0x49, 0x4e, 0x53, 0x01, 0x04, 0x00, 0x00, 0x00, 0x6b, 0x65, 0x79, 0x73, 0x00,
  0x00, 0x00, 0x00, 0x00, 0x00, 0x00, 0x00, 0x00, 0x00, 0x00, 0x00, 0x00, 0x00, 0x00, 0x00, 0x08,
  0x40, 0x01, 0x05, 0x00, 0x00, 0x00, 0x73, 0x70, 0x6c, 0x69, 0x74, 0x01, 0x02, 0x00, 0x00, 0x00,
  0x20, 0x20, 0x00, 0x00, 0x00, 0x00, 0x00, 0x00, 0x00, 0x00, 0x00, 0x01, 0x07, 0x00, 0x00, 0x00,
  0x4d, 0x4f, 0x44, 0x55, 0x4c, 0x45, 0x53, 0x00, 0x00, 0x00, 0x00, 0x00, 0x00, 0x00, 0x00, 0x00,
  0x00, 0x00, 0x00, 0x00, 0x00, 0x00, 0x00, 0x22, 0x40, 0x01, 0x06, 0x00, 0x00, 0x00, 0x6d, 0x6f,
  0x64, 0x75, 0x6c, 0x65, 0x01, 0x07, 0x00, 0x00, 0x00, 0x73, 0x79, 0x6d, 0x62, 0x6f, 0x6c, 0x73,
  0x00, 0x00, 0x00, 0x00, 0x00, 0x00, 0x00, 0x00, 0x00, 0x01, 0x06, 0x00, 0x00, 0x00, 0x6d, 0x65,
  0x74, 0x68, 0x6f, 0x64, 0x01, 0x04, 0x00, 0x00, 0x00, 0x6e, 0x61, 0x6d, 0x65, 0x01, 0x04, 0x00,
  0x00, 0x00, 0x6b, 0x69, 0x6e, 0x64, 0x00, 0x00, 0x00, 0x00, 0x00, 0x00, 0x00, 0x14, 0x40, 0x00,
  0x00, 0x00, 0x00, 0x00, 0x00, 0x00, 0x1c, 0x40, 0x00, 0x00, 0x00, 0x00, 0x00, 0x00, 0x00, 0x28,
  0x40, 0x00, 0x00, 0x00, 0x00, 0x00, 0x00, 0x00, 0x08, 0x40, 0x00, 0x00, 0x00, 0x00, 0x00, 0x00,
  0x00, 0x18, 0x40, 0x01, 0x06, 0x00, 0x00, 0x00, 0x64, 0x65, 0x74, 0x61, 0x69, 0x6c, 0x05, 0x00,
  0x00, 0x00, 0x68, 0x6f, 0x76, 0x65, 0x72, 0x02, 0x02, 0x00, 0x00, 0x00, 0x6a, 0x01, 0x00, 0x00,
  0x09, 0x00, 0x00, 0x07, 0x01, 0x10, 0x38, 0x00, 0x04, 0x04, 0x00, 0x00, 0x01, 0x09, 0x00, 0x02,
  0x07, 0x03, 0x07, 0x02, 0x0e, 0x00, 0x03, 0x07, 0x02, 0x0e, 0x00, 0x04, 0x23, 0x03, 0x09, 0x00,
  0x05, 0x07, 0x03, 0x07, 0x04, 0x23, 0x02, 0x07, 0x05, 0x0e, 0x00, 0x06, 0x00, 0x00, 0x07, 0x13,
  0x21, 0x00, 0x06, 0x04, 0x01, 0x27, 0x20, 0x00, 0x01, 0x04, 0x01, 0x09, 0x00, 0x08, 0x07, 0x03,
  0x23, 0x01, 0x00, 0x00, 0x09, 0x2a, 0x07, 0x00, 0x77, 0x07, 0x09, 0x0e, 0x00, 0x0a, 0x07, 0x05,
  0x0e, 0x00, 0x06, 0x13, 0x21, 0x00, 0x05, 0x04, 0x07, 0x06, 0x01, 0x13, 0x21, 0x00, 0x5c, 0x04,
  0x07, 0x09, 0x0e, 0x00, 0x0b, 0x00, 0x00, 0x0c, 0x13, 0x21, 0x00, 0x0e, 0x04, 0x00, 0x00, 0x0d,
  0x07, 0x09, 0x0e, 0x00, 0x0a, 0x16, 0x00, 0x00, 0x0e, 0x16, 0x21, 0x00, 0x03, 0x20, 0x00, 0x14,
  0x04, 0x00, 0x00, 0x0f, 0x07, 0x09, 0x0e, 0x00, 0x0a, 0x16, 0x07, 0x09, 0x0e, 0x00, 0x10, 0x16,
  0x00, 0x00, 0x11, 0x16, 0x08, 0x06, 0x04, 0x07, 0x09, 0x0e, 0x00, 0x0b, 0x00, 0x00, 0x12, 0x13,
  0x21, 0x00, 0x14, 0x04, 0x00, 0x00, 0x13, 0x07, 0x09, 0x0e, 0x00, 0x0a, 0x16, 0x00, 0x00, 0x14,
  0x16, 0x08, 0x06, 0x04, 0x20, 0x00, 0x01, 0x04, 0x20, 0x00, 0x01, 0x04, 0x04, 0x22, 0x00, 0x7b,
  0x04, 0x04, 0x07, 0x06, 0x01, 0x13, 0x21, 0x00, 0x0d, 0x04, 0x09, 0x00, 0x15, 0x07, 0x05, 0x0e,
  0x00, 0x06, 0x24, 0x00, 0x16, 0x01, 0x21, 0x00, 0x3f, 0x04, 0x00, 0x00, 0x17, 0x09, 0x00, 0x15,
  0x07, 0x05, 0x0e, 0x00, 0x06, 0x10, 0x00, 0x00, 0x19, 0x24, 0x00, 0x18, 0x01, 0x00, 0x00, 0x1a,
  0x10, 0x16, 0x00, 0x00, 0x1b, 0x16, 0x09, 0x00, 0x15, 0x07, 0x05, 0x0e, 0x00, 0x06, 0x10, 0x00,
  0x00, 0x1c, 0x24, 0x00, 0x18, 0x01, 0x00, 0x00, 0x1d, 0x10, 0x38, 0x00, 0x04, 0x04, 0x00, 0x00,
  0x1e, 0x16, 0x08, 0x06, 0x04, 0x20, 0x00, 0x01, 0x04, 0x07, 0x06, 0x01, 0x13, 0x21, 0x00, 0x0d,
  0x04, 0x09, 0x00, 0x1f, 0x07, 0x05, 0x0e, 0x00, 0x06, 0x24, 0x00, 0x20, 0x01, 0x21, 0x00, 0x14,
  0x04, 0x00, 0x00, 0x21, 0x07, 0x05, 0x0e, 0x00, 0x06, 0x16, 0x00, 0x00, 0x22, 0x16, 0x08, 0x06,
  0x04, 0x20, 0x00, 0x01, 0x04, 0x07, 0x06, 0x01, 0x13, 0x21, 0x00, 0x06, 0x04, 0x01, 0x27, 0x20,
  0x00, 0x01, 0x04, 0x00, 0x00, 0x23, 0x00, 0x00, 0x24, 0x00, 0x00, 0x25, 0x00, 0x00, 0x26, 0x07,
  0x06, 0x29, 0x00, 0x02, 0x29, 0x00, 0x01, 0x27, 0x01, 0x27, 0x10, 0x00, 0x00, 0x00, 0xdf, 0x00,
  0x00, 0x00, 0x0d, 0x00, 0x00, 0x00, 0xe0, 0x00, 0x00, 0x00, 0x11, 0x00, 0x00, 0x00, 0xe1, 0x00,
  0x00, 0x00, 0x09, 0x00, 0x00, 0x00, 0xe2, 0x00, 0x00, 0x00, 0x13, 0x00, 0x00, 0x00, 0xe3, 0x00,
  0x00, 0x00, 0x01, 0x00, 0x00, 0x00, 0xe4, 0x00, 0x00, 0x00, 0x0e, 0x00, 0x00, 0x00, 0xe5, 0x00,
  0x00, 0x00, 0x17, 0x00, 0x00, 0x00, 0xe6, 0x00, 0x00, 0x00, 0x37, 0x00, 0x00, 0x00, 0xe7, 0x00,
  0x00, 0x00, 0x21, 0x00, 0x00, 0x00, 0xe8, 0x00, 0x00, 0x00, 0x04, 0x00, 0x00, 0x00, 0xe9, 0x00,
  0x00, 0x00, 0x06, 0x00, 0x00, 0x00, 0xea, 0x00, 0x00, 0x00, 0x57, 0x00, 0x00, 0x00, 0xeb, 0x00,
  0x00, 0x00, 0x2c, 0x00, 0x00, 0x00, 0xec, 0x00, 0x00, 0x00, 0x0e, 0x00, 0x00, 0x00, 0xed, 0x00,
  0x00, 0x00, 0x15, 0x00, 0x00, 0x00, 0xee, 0x00, 0x00, 0x00, 0x02, 0x00, 0x00, 0x00, 0x27, 0x00,
  0x00, 0x00, 0x01, 0x04, 0x00, 0x00, 0x00, 0x64, 0x6f, 0x63, 0x73, 0x01, 0x00, 0x00, 0x00, 0x00,
  0x01, 0x12, 0x00, 0x00, 0x00, 0x70, 0x6f, 0x73, 0x69, 0x74, 0x69, 0x6f, 0x6e, 0x5f, 0x74, 0x6f,
  0x5f, 0x6f, 0x66, 0x66, 0x73, 0x65, 0x74, 0x01, 0x04, 0x00, 0x00, 0x00, 0x6c, 0x69, 0x6e, 0x65,
  0x01, 0x09, 0x00, 0x00, 0x00, 0x63, 0x68, 0x61, 0x72, 0x61, 0x63, 0x74, 0x65, 0x72, 0x01, 0x07,
  0x00, 0x00, 0x00, 0x77, 0x6f, 0x72, 0x64, 0x5f, 0x61, 0x74, 0x01, 0x04, 0x00, 0x00, 0x00, 0x77,
  0x6f, 0x72, 0x64, 0x01, 0x00, 0x00, 0x00, 0x00, 0x01, 0x07, 0x00, 0x00, 0x00, 0x73, 0x79, 0x6d,
  0x62, 0x6f, 0x6c, 0x73, 0x00, 0x00, 0x00, 0x00, 0x00, 0x00, 0x00, 0x00, 0x00, 0x01, 0x04, 0x00,
  0x00, 0x00, 0x6e, 0x61, 0x6d, 0x65, 0x01, 0x04, 0x00, 0x00, 0x00, 0x6b, 0x69, 0x6e, 0x64, 0x00,
  0x00, 0x00, 0x00, 0x00, 0x00, 0x00, 0x14, 0x40, 0x01, 0x0f, 0x00, 0x00, 0x00, 0x60, 0x60, 0x60,
  0x66, 0x61, 0x78, 0x61, 0x6c, 0x0a, 0x63, 0x6c, 0x61, 0x73, 0x73, 0x20, 0x01, 0x04, 0x00, 0x00,
  0x00, 0x0a, 0x60, 0x60, 0x60, 0x01, 0x0c, 0x00, 0x00, 0x00, 0x60, 0x60, 0x60, 0x66, 0x61, 0x78,
  0x61, 0x6c, 0x0a, 0x66, 0x6e, 0x20, 0x01, 0x06, 0x00, 0x00, 0x00, 0x64, 0x65, 0x74, 0x61, 0x69,
  0x6c, 0x01, 0x04, 0x00, 0x00, 0x00, 0x0a, 0x60, 0x60, 0x60, 0x00, 0x00, 0x00, 0x00, 0x00, 0x00,
  0x00, 0x2a, 0x40, 0x01, 0x0d, 0x00, 0x00, 0x00, 0x60, 0x60, 0x60, 0x66, 0x61, 0x78, 0x61, 0x6c,
  0x0a, 0x6c, 0x65, 0x74, 0x20, 0x01, 0x04, 0x00, 0x00, 0x00, 0x0a, 0x60, 0x60, 0x60, 0x01, 0x08,
  0x00, 0x00, 0x00, 0x42, 0x55, 0x49, 0x4c, 0x54, 0x49, 0x4e, 0x53, 0x01, 0x03, 0x00, 0x00, 0x00,
  0x68, 0x61, 0x73, 0x01, 0x09, 0x00, 0x00, 0x00, 0x60, 0x60, 0x60, 0x66, 0x61, 0x78, 0x61, 0x6c,
  0x0a, 0x01, 0x05, 0x00, 0x00, 0x00, 0x73, 0x70, 0x6c, 0x69, 0x74, 0x01, 0x02, 0x00, 0x00, 0x00,
  0x20, 0x20, 0x00, 0x00, 0x00, 0x00, 0x00, 0x00, 0x00, 0x00, 0x00, 0x01, 0x05, 0x00, 0x00, 0x00,
  0x0a, 0x60, 0x60, 0x60, 0x0a, 0x01, 0x02, 0x00, 0x00, 0x00, 0x20, 0x20, 0x00, 0x00, 0x00, 0x00,
  0x00, 0x00, 0x00, 0xf0, 0x3f, 0x01, 0x00, 0x00, 0x00, 0x00, 0x01, 0x08, 0x00, 0x00, 0x00, 0x4b,
  0x45, 0x59, 0x57, 0x4f, 0x52, 0x44, 0x53, 0x01, 0x08, 0x00, 0x00, 0x00, 0x63, 0x6f, 0x6e, 0x74,
  0x61, 0x69, 0x6e, 0x73, 0x01, 0x01, 0x00, 0x00, 0x00, 0x60, 0x01, 0x0f, 0x00, 0x00, 0x00, 0x60,
  0x20, 0x69, 0x73, 0x20, 0x61, 0x20, 0x6b, 0x65, 0x79, 0x77, 0x6f, 0x72, 0x64, 0x2e, 0x01, 0x08,
  0x00, 0x00, 0x00, 0x63, 0x6f, 0x6e, 0x74, 0x65, 0x6e, 0x74, 0x73, 0x01, 0x04, 0x00, 0x00, 0x00,
  0x6b, 0x69, 0x6e, 0x64, 0x01, 0x08, 0x00, 0x00, 0x00, 0x6d, 0x61, 0x72, 0x6b, 0x64, 0x6f, 0x77,
  0x6e, 0x01, 0x05, 0x00, 0x00, 0x00, 0x76, 0x61, 0x6c, 0x75, 0x65, 0x10, 0x00, 0x00, 0x00, 0x64,
  0x6f, 0x63, 0x75, 0x6d, 0x65, 0x6e, 0x74, 0x5f, 0x73, 0x79, 0x6d, 0x62, 0x6f, 0x6c, 0x73, 0x01,
  0x01, 0x00, 0x00, 0x00, 0x8e, 0x00, 0x00, 0x00, 0x28, 0x00, 0x00, 0x09, 0x00, 0x00, 0x09, 0x00,
  0x01, 0x07, 0x01, 0x10, 0x38, 0x00, 0x04, 0x04, 0x00, 0x00, 0x02, 0x23, 0x01, 0x00, 0x00, 0x03,
  0x2a, 0x03, 0x00, 0x6b, 0x00, 0x00, 0x04, 0x00, 0x00, 0x05, 0x07, 0x05, 0x0e, 0x00, 0x05, 0x00,
  0x00, 0x06, 0x07, 0x05, 0x0e, 0x00, 0x07, 0x29, 0x00, 0x02, 0x00, 0x00, 0x08, 0x00, 0x00, 0x09,
  0x07, 0x05, 0x0e, 0x00, 0x05, 0x00, 0x00, 0x0a, 0x07, 0x05, 0x0e, 0x00, 0x07, 0x09, 0x00, 0x0b,
  0x07, 0x05, 0x0e, 0x00, 0x0c, 0x23, 0x01, 0x16, 0x29, 0x00, 0x02, 0x29, 0x00, 0x02, 0x07, 0x02,
  0x00, 0x00, 0x0e, 0x07, 0x05, 0x0e, 0x00, 0x0c, 0x00, 0x00, 0x0f, 0x07, 0x05, 0x0e, 0x00, 0x0f,
  0x00, 0x00, 0x10, 0x07, 0x06, 0x00, 0x00, 0x11, 0x07, 0x06, 0x00, 0x00, 0x12, 0x07, 0x05, 0x0e,
  0x00, 0x12, 0x29, 0x00, 0x05, 0x24, 0x00, 0x0d, 0x01, 0x04, 0x04, 0x04, 0x22, 0x00, 0x6f, 0x04,
  0x04, 0x07, 0x02, 0x27, 0x01, 0x27, 0x07, 0x00, 0x00, 0x00, 0xf1, 0x00, 0x00, 0x00, 0x03, 0x00,
  0x00, 0x00, 0xf2, 0x00, 0x00, 0x00, 0x19, 0x00, 0x00, 0x00, 0xf3, 0x00, 0x00, 0x00, 0x3a, 0x00,
  0x00, 0x00, 0xf4, 0x00, 0x00, 0x00, 0x2c, 0x00, 0x00, 0x00, 0xf5, 0x00, 0x00, 0x00, 0x07, 0x00,
  0x00, 0x00, 0xf6, 0x00, 0x00, 0x00, 0x03, 0x00, 0x00, 0x00, 0xf7, 0x00, 0x00, 0x00, 0x02, 0x00,
  0x00, 0x00, 0x13, 0x00, 0x00, 0x00, 0x01, 0x07, 0x00, 0x00, 0x00, 0x73, 0x79, 0x6d, 0x62, 0x6f,
  0x6c, 0x73, 0x01, 0x04, 0x00, 0x00, 0x00, 0x64, 0x6f, 0x63, 0x73, 0x01, 0x00, 0x00, 0x00, 0x00,
  0x00, 0x00, 0x00, 0x00, 0x00, 0x00, 0x00, 0x00, 0x00, 0x01, 0x05, 0x00, 0x00, 0x00, 0x73, 0x74,
  0x61, 0x72, 0x74, 0x01, 0x04, 0x00, 0x00, 0x00, 0x6c, 0x69, 0x6e, 0x65, 0x01, 0x09, 0x00, 0x00,
  0x00, 0x63, 0x68, 0x61, 0x72, 0x61, 0x63, 0x74, 0x65, 0x72, 0x01, 0x03, 0x00, 0x00, 0x00, 0x63,
  0x6f, 0x6c, 0x01, 0x03, 0x00, 0x00, 0x00, 0x65, 0x6e, 0x64, 0x01, 0x04, 0x00, 0x00, 0x00, 0x6c,
  0x69, 0x6e, 0x65, 0x01, 0x09, 0x00, 0x00, 0x00, 0x63, 0x68, 0x61, 0x72, 0x61, 0x63, 0x74, 0x65,
  0x72, 0x01, 0x03, 0x00, 0x00, 0x00, 0x6c, 0x65, 0x6e, 0x01, 0x04, 0x00, 0x00, 0x00, 0x6e, 0x61,
  0x6d, 0x65, 0x01, 0x04, 0x00, 0x00, 0x00, 0x70, 0x75, 0x73, 0x68, 0x01, 0x04, 0x00, 0x00, 0x00,
  0x6e, 0x61, 0x6d, 0x65, 0x01, 0x04, 0x00, 0x00, 0x00, 0x6b, 0x69, 0x6e, 0x64, 0x01, 0x05, 0x00,
  0x00, 0x00, 0x72, 0x61, 0x6e, 0x67, 0x65, 0x01, 0x0e, 0x00, 0x00, 0x00, 0x73, 0x65, 0x6c, 0x65,
  0x63, 0x74, 0x69, 0x6f, 0x6e, 0x52, 0x61, 0x6e, 0x67, 0x65, 0x01, 0x06, 0x00, 0x00, 0x00, 0x64,
  0x65, 0x74, 0x61, 0x69, 0x6c, 0x0a, 0x00, 0x00, 0x00, 0x66, 0x6f, 0x72, 0x6d, 0x61, 0x74, 0x74,
  0x69, 0x6e, 0x67, 0x01, 0x01, 0x00, 0x00, 0x00, 0x87, 0x00, 0x00, 0x00, 0x09, 0x00, 0x00, 0x07,
  0x01, 0x10, 0x38, 0x00, 0x04, 0x04, 0x00, 0x00, 0x01, 0x01, 0x2b, 0x00, 0x10, 0x09, 0x00, 0x02,
  0x07, 0x02, 0x24, 0x00, 0x03, 0x01, 0x08, 0x03, 0x04, 0x2c, 0x20, 0x00, 0x05, 0x28, 0x00, 0x00,
  0x27, 0x04, 0x07, 0x03, 0x01, 0x13, 0x21, 0x00, 0x03, 0x20, 0x00, 0x06, 0x04, 0x07, 0x03, 0x07,
  0x02, 0x13, 0x21, 0x00, 0x08, 0x04, 0x28, 0x00, 0x00, 0x27, 0x20, 0x00, 0x01, 0x04, 0x07, 0x02,
  0x00, 0x00, 0x05, 0x24, 0x00, 0x04, 0x01, 0x00, 0x00, 0x06, 0x00, 0x00, 0x07, 0x00, 0x00, 0x08,
  0x00, 0x00, 0x09, 0x00, 0x00, 0x0a, 0x00, 0x00, 0x0b, 0x29, 0x00, 0x02, 0x00, 0x00, 0x0c, 0x00,
  0x00, 0x0d, 0x09, 0x00, 0x0e, 0x07, 0x04, 0x23, 0x01, 0x00, 0x00, 0x0f, 0x00, 0x00, 0x10, 0x29,
  0x00, 0x02, 0x29, 0x00, 0x02, 0x00, 0x00, 0x11, 0x07, 0x03, 0x29, 0x00, 0x02, 0x28, 0x00, 0x01,
  0x27, 0x01, 0x27, 0x09, 0x00, 0x00, 0x00, 0xfa, 0x00, 0x00, 0x00, 0x0d, 0x00, 0x00, 0x00, 0xfb,
  0x00, 0x00, 0x00, 0x01, 0x00, 0x00, 0x00, 0xfc, 0x00, 0x00, 0x00, 0x18, 0x00, 0x00, 0x00, 0xfd,
  0x00, 0x00, 0x00, 0x1c, 0x00, 0x00, 0x00, 0xfe, 0x00, 0x00, 0x00, 0x09, 0x00, 0x00, 0x00, 0x00,
  0x01, 0x00, 0x00, 0x2e, 0x00, 0x00, 0x00, 0x01, 0x01, 0x00, 0x00, 0x05, 0x00, 0x00, 0x00, 0x02,
  0x01, 0x00, 0x00, 0x07, 0x00, 0x00, 0x00, 0x03, 0x01, 0x00, 0x00, 0x02, 0x00, 0x00, 0x00, 0x12,
  0x00, 0x00, 0x00, 0x01, 0x04, 0x00, 0x00, 0x00, 0x64, 0x6f, 0x63, 0x73, 0x01, 0x00, 0x00, 0x00,
  0x00, 0x01, 0x03, 0x00, 0x00, 0x00, 0x66, 0x6d, 0x74, 0x01, 0x06, 0x00, 0x00, 0x00, 0x66, 0x6f,
  0x72, 0x6d, 0x61, 0x74, 0x01, 0x05, 0x00, 0x00, 0x00, 0x73, 0x70, 0x6c, 0x69, 0x74, 0x01, 0x01,
  0x00, 0x00, 0x00, 0x0a, 0x01, 0x05, 0x00, 0x00, 0x00, 0x72, 0x61, 0x6e, 0x67, 0x65, 0x01, 0x05,
  0x00, 0x00, 0x00, 0x73, 0x74, 0x61, 0x72, 0x74, 0x01, 0x04, 0x00, 0x00, 0x00, 0x6c, 0x69, 0x6e,
  0x65, 0x00, 0x00, 0x00, 0x00, 0x00, 0x00, 0x00, 0x00, 0x00, 0x01, 0x09, 0x00, 0x00, 0x00, 0x63,
  0x68, 0x61, 0x72, 0x61, 0x63, 0x74, 0x65, 0x72, 0x00, 0x00, 0x00, 0x00, 0x00, 0x00, 0x00, 0x00,
  0x00, 0x01, 0x03, 0x00, 0x00, 0x00, 0x65, 0x6e, 0x64, 0x01, 0x04, 0x00, 0x00, 0x00, 0x6c, 0x69,
  0x6e, 0x65, 0x01, 0x03, 0x00, 0x00, 0x00, 0x6c, 0x65, 0x6e, 0x01, 0x09, 0x00, 0x00, 0x00, 0x63,
  0x68, 0x61, 0x72, 0x61, 0x63, 0x74, 0x65, 0x72, 0x00, 0x00, 0x00, 0x00, 0x00, 0x00, 0x00, 0x00,
  0x00, 0x01, 0x07, 0x00, 0x00, 0x00, 0x6e, 0x65, 0x77, 0x54, 0x65, 0x78, 0x74, 0x06, 0x00, 0x00,
  0x00, 0x68, 0x61, 0x6e, 0x64, 0x6c, 0x65, 0x01, 0x01, 0x00, 0x00, 0x00, 0x25, 0x02, 0x00, 0x00,
  0x07, 0x01, 0x0e, 0x00, 0x00, 0x07, 0x01, 0x0e, 0x00, 0x01, 0x38, 0x00, 0x04, 0x04, 0x29, 0x00,
  0x00, 0x07, 0x01, 0x0e, 0x00, 0x02, 0x07, 0x02, 0x00, 0x00, 0x03, 0x13, 0x21, 0x00, 0x4b, 0x04,
  0x09, 0x00, 0x04, 0x07, 0x04, 0x00, 0x00, 0x05, 0x00, 0x00, 0x06, 0x00, 0x00, 0x07, 0x00, 0x00,
  0x08, 0x00, 0x00, 0x09, 0x00, 0x00, 0x0a, 0x00, 0x00, 0x0b, 0x28, 0x00, 0x02, 0x29, 0x00, 0x01,
  0x00, 0x00, 0x0c, 0x02, 0x00, 0x00, 0x0d, 0x02, 0x00, 0x00, 0x0e, 0x02, 0x29, 0x00, 0x05, 0x00,
  0x00, 0x0f, 0x00, 0x00, 0x10, 0x00, 0x00, 0x11, 0x00, 0x00, 0x12, 0x00, 0x00, 0x13, 0x29, 0x00,
  0x02, 0x29, 0x00, 0x02, 0x23, 0x02, 0x04, 0x20, 0x01, 0xb9, 0x04, 0x07, 0x02, 0x00, 0x00, 0x14,
  0x13, 0x21, 0x00, 0x12, 0x04, 0x02, 0x0b, 0x00, 0x15, 0x04, 0x09, 0x00, 0x04, 0x07, 0x04, 0x01,
  0x23, 0x02, 0x04, 0x20, 0x01, 0x9d, 0x04, 0x07, 0x02, 0x00, 0x00, 0x16, 0x13, 0x21, 0x00, 0x20,
  0x04, 0x09, 0x00, 0x17, 0x09, 0x00, 0x15, 0x21, 0x00, 0x04, 0x04, 0x00, 0x00, 0x18, 0x21, 0x00,
  0x03, 0x20, 0x00, 0x04, 0x04, 0x00, 0x00, 0x19, 0x24, 0x00, 0x16, 0x01, 0x04, 0x20, 0x01, 0x73,
  0x04, 0x07, 0x02, 0x00, 0x00, 0x1a, 0x13, 0x21, 0x00, 0x27, 0x04, 0x09, 0x00, 0x1b, 0x07, 0x03,
  0x0e, 0x00, 0x1c, 0x0e, 0x00, 0x1d, 0x07, 0x03, 0x0e, 0x00, 0x1c, 0x0e, 0x00, 0x1e, 0x11, 0x04,
  0x09, 0x00, 0x1f, 0x07, 0x03, 0x0e, 0x00, 0x1c, 0x0e, 0x00, 0x1d, 0x23, 0x01, 0x04, 0x20, 0x01,
  0x42, 0x04, 0x07, 0x02, 0x00, 0x00, 0x20, 0x13, 0x21, 0x00, 0x42, 0x04, 0x07, 0x03, 0x0e, 0x00,
  0x21, 0x09, 0x00, 0x22, 0x07, 0x05, 0x23, 0x01, 0x00, 0x00, 0x23, 0x14, 0x21, 0x00, 0x1b, 0x04,
  0x09, 0x00, 0x1b, 0x07, 0x03, 0x0e, 0x00, 0x1c, 0x0e, 0x00, 0x1d, 0x07, 0x05, 0x00, 0x00, 0x24,
  0x1c, 0x10, 0x0e, 0x00, 0x1e, 0x11, 0x04, 0x20, 0x00, 0x01, 0x04, 0x09, 0x00, 0x1f, 0x07, 0x03,
  0x0e, 0x00, 0x1c, 0x0e, 0x00, 0x1d, 0x23, 0x01, 0x04, 0x04, 0x20, 0x00, 0xf6, 0x04, 0x07, 0x02,
  0x00, 0x00, 0x25, 0x13, 0x21, 0x00, 0x31, 0x04, 0x09, 0x00, 0x1b, 0x07, 0x03, 0x0e, 0x00, 0x1c,
  0x0e, 0x00, 0x1d, 0x24, 0x00, 0x26, 0x01, 0x04, 0x09, 0x00, 0x27, 0x00, 0x00, 0x28, 0x00, 0x00,
  0x29, 0x07, 0x03, 0x0e, 0x00, 0x1c, 0x0e, 0x00, 0x1d, 0x00, 0x00, 0x2a, 0x28, 0x00, 0x00, 0x29,
  0x00, 0x02, 0x23, 0x02, 0x04, 0x20, 0x00, 0xbb, 0x04, 0x07, 0x02, 0x00, 0x00, 0x2b, 0x13, 0x21,
  0x00, 0x1e, 0x04, 0x09, 0x00, 0x04, 0x07, 0x04, 0x09, 0x00, 0x2c, 0x07, 0x03, 0x0e, 0x00, 0x1c,
  0x0e, 0x00, 0x1d, 0x07, 0x03, 0x0e, 0x00, 0x2d, 0x23, 0x02, 0x23, 0x02, 0x04, 0x20, 0x00, 0x93,
  0x04, 0x07, 0x02, 0x00, 0x00, 0x2e, 0x13, 0x21, 0x00, 0x1e, 0x04, 0x09, 0x00, 0x04, 0x07, 0x04,
  0x09, 0x00, 0x2f, 0x07, 0x03, 0x0e, 0x00, 0x1c, 0x0e, 0x00, 0x1d, 0x07, 0x03, 0x0e, 0x00, 0x2d,
  0x23, 0x02, 0x23, 0x02, 0x04, 0x20, 0x00, 0x6b, 0x04, 0x07, 0x02, 0x00, 0x00, 0x30, 0x13, 0x21,
  0x00, 0x19, 0x04, 0x09, 0x00, 0x04, 0x07, 0x04, 0x09, 0x00, 0x31, 0x07, 0x03, 0x0e, 0x00, 0x1c,
  0x0e, 0x00, 0x1d, 0x23, 0x01, 0x23, 0x02, 0x04, 0x20, 0x00, 0x48, 0x04, 0x07, 0x02, 0x00, 0x00,
  0x32, 0x13, 0x21, 0x00, 0x19, 0x04, 0x09, 0x00, 0x04, 0x07, 0x04, 0x09, 0x00, 0x33, 0x07, 0x03,
  0x0e, 0x00, 0x1c, 0x0e, 0x00, 0x1d, 0x23, 0x01, 0x23, 0x02, 0x04, 0x20, 0x00, 0x25, 0x04, 0x07,
  0x04, 0x01, 0x13, 0x1d, 0x21, 0x00, 0x1b, 0x04, 0x09, 0x00, 0x34, 0x07, 0x04, 0x00, 0x00, 0x35,
  0x1c, 0x00, 0x00, 0x36, 0x09, 0x00, 0x37, 0x07, 0x02, 0x23, 0x01, 0x16, 0x23, 0x03, 0x04, 0x20,
  0x00, 0x01, 0x04, 0x01, 0x27, 0x29, 0x00, 0x00, 0x00, 0x08, 0x01, 0x00, 0x00, 0x05, 0x00, 0x00,
  0x00, 0x09, 0x01, 0x00, 0x00, 0x0c, 0x00, 0x00, 0x00, 0x0a, 0x01, 0x00, 0x00, 0x05, 0x00, 0x00,
  0x00, 0x0b, 0x01, 0x00, 0x00, 0x0a, 0x00, 0x00, 0x00, 0x0c, 0x01, 0x00, 0x00, 0x05, 0x00, 0x00,
  0x00, 0x0d, 0x01, 0x00, 0x00, 0x03, 0x00, 0x00, 0x00, 0x0e, 0x01, 0x00, 0x00, 0x06, 0x00, 0x00,
  0x00, 0x0f, 0x01, 0x00, 0x00, 0x12, 0x00, 0x00, 0x00, 0x10, 0x01, 0x00, 0x00, 0x04, 0x00, 0x00,
  0x00, 0x11, 0x01, 0x00, 0x00, 0x04, 0x00, 0x00, 0x00, 0x12, 0x01, 0x00, 0x00, 0x04, 0x00, 0x00,
  0x00, 0x13, 0x01, 0x00, 0x00, 0x03, 0x00, 0x00, 0x00, 0x14, 0x01, 0x00, 0x00, 0x12, 0x00, 0x00,
  0x00, 0x15, 0x01, 0x00, 0x00, 0x06, 0x00, 0x00, 0x00, 0x16, 0x01, 0x00, 0x00, 0x0e, 0x00, 0x00,
  0x00, 0x17, 0x01, 0x00, 0x00, 0x05, 0x00, 0x00, 0x00, 0x18, 0x01, 0x00, 0x00, 0x09, 0x00, 0x00,
  0x00, 0x19, 0x01, 0x00, 0x00, 0x0e, 0x00, 0x00, 0x00, 0x1a, 0x01, 0x00, 0x00, 0x1c, 0x00, 0x00,
  0x00, 0x1b, 0x01, 0x00, 0x00, 0x0e, 0x00, 0x00, 0x00, 0x1c, 0x01, 0x00, 0x00, 0x15, 0x00, 0x00,
  0x00, 0x1d, 0x01, 0x00, 0x00, 0x0e, 0x00, 0x00, 0x00, 0x1e, 0x01, 0x00, 0x00, 0x0e, 0x00, 0x00,
  0x00, 0x1f, 0x01, 0x00, 0x00, 0x05, 0x00, 0x00, 0x00, 0x20, 0x01, 0x00, 0x00, 0x2a, 0x00, 0x00,
  0x00, 0x21, 0x01, 0x00, 0x00, 0x0e, 0x00, 0x00, 0x00, 0x22, 0x01, 0x00, 0x00, 0x0f, 0x00, 0x00,
  0x00, 0x23, 0x01, 0x00, 0x00, 0x10, 0x00, 0x00, 0x00, 0x24, 0x01, 0x00, 0x00, 0x1d, 0x00, 0x00,
  0x00, 0x25, 0x01, 0x00, 0x00, 0x0e, 0x00, 0x00, 0x00, 0x26, 0x01, 0x00, 0x00, 0x1a, 0x00, 0x00,
  0x00, 0x27, 0x01, 0x00, 0x00, 0x0e, 0x00, 0x00, 0x00, 0x28, 0x01, 0x00, 0x00, 0x1a, 0x00, 0x00,
  0x00, 0x29, 0x01, 0x00, 0x00, 0x0e, 0x00, 0x00, 0x00, 0x2a, 0x01, 0x00, 0x00, 0x15, 0x00, 0x00,
  0x00, 0x2b, 0x01, 0x00, 0x00, 0x0e, 0x00, 0x00, 0x00, 0x2c, 0x01, 0x00, 0x00, 0x15, 0x00, 0x00,
  0x00, 0x2d, 0x01, 0x00, 0x00, 0x0d, 0x00, 0x00, 0x00, 0x2e, 0x01, 0x00, 0x00, 0x17, 0x00, 0x00,
  0x00, 0x2f, 0x01, 0x00, 0x00, 0x04, 0x00, 0x00, 0x00, 0x30, 0x01, 0x00, 0x00, 0x02, 0x00, 0x00,
  0x00, 0x38, 0x00, 0x00, 0x00, 0x01, 0x06, 0x00, 0x00, 0x00, 0x6d, 0x65, 0x74, 0x68, 0x6f, 0x64,
  0x01, 0x06, 0x00, 0x00, 0x00, 0x70, 0x61, 0x72, 0x61, 0x6d, 0x73, 0x01, 0x02, 0x00, 0x00, 0x00,
  0x69, 0x64, 0x01, 0x0a, 0x00, 0x00, 0x00, 0x69, 0x6e, 0x69, 0x74, 0x69, 0x61, 0x6c, 0x69, 0x7a,
  0x65, 0x01, 0x05, 0x00, 0x00, 0x00, 0x72, 0x65, 0x70, 0x6c, 0x79, 0x01, 0x0c, 0x00, 0x00, 0x00,
  0x63, 0x61, 0x70, 0x61, 0x62, 0x69, 0x6c, 0x69, 0x74, 0x69, 0x65, 0x73, 0x01, 0x10, 0x00, 0x00,
  0x00, 0x74, 0x65, 0x78, 0x74, 0x44, 0x6f, 0x63, 0x75, 0x6d, 0x65, 0x6e, 0x74, 0x53, 0x79, 0x6e,
  0x63, 0x00, 0x00, 0x00, 0x00, 0x00, 0x00, 0x00, 0xf0, 0x3f, 0x01, 0x12, 0x00, 0x00, 0x00, 0x63,
  0x6f, 0x6d, 0x70, 0x6c, 0x65, 0x74, 0x69, 0x6f, 0x6e, 0x50, 0x72, 0x6f, 0x76, 0x69, 0x64, 0x65,
  0x72, 0x01, 0x11, 0x00, 0x00, 0x00, 0x74, 0x72, 0x69, 0x67, 0x67, 0x65, 0x72, 0x43, 0x68, 0x61,
  0x72, 0x61, 0x63, 0x74, 0x65, 0x72, 0x73, 0x01, 0x01, 0x00, 0x00, 0x00, 0x2e, 0x01, 0x01, 0x00,
  0x00, 0x00, 0x22, 0x01, 0x0d, 0x00, 0x00, 0x00, 0x68, 0x6f, 0x76, 0x65, 0x72, 0x50, 0x72, 0x6f,
  0x76, 0x69, 0x64, 0x65, 0x72, 0x01, 0x1a, 0x00, 0x00, 0x00, 0x64, 0x6f, 0x63, 0x75, 0x6d, 0x65,
  0x6e, 0x74, 0x46, 0x6f, 0x72, 0x6d, 0x61, 0x74, 0x74, 0x69, 0x6e, 0x67, 0x50, 0x72, 0x6f, 0x76,
  0x69, 0x64, 0x65, 0x72, 0x01, 0x16, 0x00, 0x00, 0x00, 0x64, 0x6f, 0x63, 0x75, 0x6d, 0x65, 0x6e,
  0x74, 0x53, 0x79, 0x6d, 0x62, 0x6f, 0x6c, 0x50, 0x72, 0x6f, 0x76, 0x69, 0x64, 0x65, 0x72, 0x01,
  0x0a, 0x00, 0x00, 0x00, 0x73, 0x65, 0x72, 0x76, 0x65, 0x72, 0x49, 0x6e, 0x66, 0x6f, 0x01, 0x04,
  0x00, 0x00, 0x00, 0x6e, 0x61, 0x6d, 0x65, 0x01, 0x05, 0x00, 0x00, 0x00, 0x66, 0x61, 0x78, 0x61,
  0x6c, 0x01, 0x07, 0x00, 0x00, 0x00, 0x76, 0x65, 0x72, 0x73, 0x69, 0x6f, 0x6e, 0x01, 0x05, 0x00,
  0x00, 0x00, 0x31, 0x2e, 0x30, 0x2e, 0x30, 0x01, 0x08, 0x00, 0x00, 0x00, 0x73, 0x68, 0x75, 0x74,
  0x64, 0x6f, 0x77, 0x6e, 0x01, 0x0d, 0x00, 0x00, 0x00, 0x73, 0x68, 0x75, 0x74, 0x74, 0x69, 0x6e,
  0x67, 0x5f, 0x64, 0x6f, 0x77, 0x6e, 0x01, 0x04, 0x00, 0x00, 0x00, 0x65, 0x78, 0x69, 0x74, 0x01,
  0x02, 0x00, 0x00, 0x00, 0x6f, 0x73, 0x00, 0x00, 0x00, 0x00, 0x00, 0x00, 0x00, 0x00, 0x00, 0x00,
  0x00, 0x00, 0x00, 0x00, 0x00, 0x00, 0xf0, 0x3f, 0x01, 0x14, 0x00, 0x00, 0x00, 0x74, 0x65, 0x78,
  0x74, 0x44, 0x6f, 0x63, 0x75, 0x6d, 0x65, 0x6e, 0x74, 0x2f, 0x64, 0x69, 0x64, 0x4f, 0x70, 0x65,
  0x6e, 0x01, 0x04, 0x00, 0x00, 0x00, 0x64, 0x6f, 0x63, 0x73, 0x01, 0x0c, 0x00, 0x00, 0x00, 0x74,
  0x65, 0x78, 0x74, 0x44, 0x6f, 0x63, 0x75, 0x6d, 0x65, 0x6e, 0x74, 0x01, 0x03, 0x00, 0x00, 0x00,
  0x75, 0x72, 0x69, 0x01, 0x04, 0x00, 0x00, 0x00, 0x74, 0x65, 0x78, 0x74, 0x01, 0x13, 0x00, 0x00,
  0x00, 0x70, 0x75, 0x62, 0x6c, 0x69, 0x73, 0x68, 0x5f, 0x64, 0x69, 0x61, 0x67, 0x6e, 0x6f, 0x73,
  0x74, 0x69, 0x63, 0x73, 0x01, 0x16, 0x00, 0x00, 0x00, 0x74, 0x65, 0x78, 0x74, 0x44, 0x6f, 0x63,
  0x75, 0x6d, 0x65, 0x6e, 0x74, 0x2f, 0x64, 0x69, 0x64, 0x43, 0x68, 0x61, 0x6e, 0x67, 0x65, 0x01,
  0x0e, 0x00, 0x00, 0x00, 0x63, 0x6f, 0x6e, 0x74, 0x65, 0x6e, 0x74, 0x43, 0x68, 0x61, 0x6e, 0x67,
  0x65, 0x73, 0x01, 0x03, 0x00, 0x00, 0x00, 0x6c, 0x65, 0x6e, 0x00, 0x00, 0x00, 0x00, 0x00, 0x00,
  0x00, 0x00, 0x00, 0x00, 0x00, 0x00, 0x00, 0x00, 0x00, 0x00, 0xf0, 0x3f, 0x01, 0x15, 0x00, 0x00,
  0x00, 0x74, 0x65, 0x78, 0x74, 0x44, 0x6f, 0x63, 0x75, 0x6d, 0x65, 0x6e, 0x74, 0x2f, 0x64, 0x69,
  0x64, 0x43, 0x6c, 0x6f, 0x73, 0x65, 0x01, 0x06, 0x00, 0x00, 0x00, 0x72, 0x65, 0x6d, 0x6f, 0x76,
  0x65, 0x01, 0x06, 0x00, 0x00, 0x00, 0x6e, 0x6f, 0x74, 0x69, 0x66, 0x79, 0x01, 0x1f, 0x00, 0x00,
  0x00, 0x74, 0x65, 0x78, 0x74, 0x44, 0x6f, 0x63, 0x75, 0x6d, 0x65, 0x6e, 0x74, 0x2f, 0x70, 0x75,
  0x62, 0x6c, 0x69, 0x73, 0x68, 0x44, 0x69, 0x61, 0x67, 0x6e, 0x6f, 0x73, 0x74, 0x69, 0x63, 0x73,
  0x01, 0x03, 0x00, 0x00, 0x00, 0x75, 0x72, 0x69, 0x01, 0x0b, 0x00, 0x00, 0x00, 0x64, 0x69, 0x61,
  0x67, 0x6e, 0x6f, 0x73, 0x74, 0x69, 0x63, 0x73, 0x01, 0x17, 0x00, 0x00, 0x00, 0x74, 0x65, 0x78,
  0x74, 0x44, 0x6f, 0x63, 0x75, 0x6d, 0x65, 0x6e, 0x74, 0x2f, 0x63, 0x6f, 0x6d, 0x70, 0x6c, 0x65,
  0x74, 0x69, 0x6f, 0x6e, 0x01, 0x0a, 0x00, 0x00, 0x00, 0x63, 0x6f, 0x6d, 0x70, 0x6c, 0x65, 0x74,
  0x69, 0x6f, 0x6e, 0x01, 0x08, 0x00, 0x00, 0x00, 0x70, 0x6f, 0x73, 0x69, 0x74, 0x69, 0x6f, 0x6e,
  0x01, 0x12, 0x00, 0x00, 0x00, 0x74, 0x65, 0x78, 0x74, 0x44, 0x6f, 0x63, 0x75, 0x6d, 0x65, 0x6e,
  0x74, 0x2f, 0x68, 0x6f, 0x76, 0x65, 0x72, 0x01, 0x05, 0x00, 0x00, 0x00, 0x68, 0x6f, 0x76, 0x65,
  0x72, 0x01, 0x1b, 0x00, 0x00, 0x00, 0x74, 0x65, 0x78, 0x74, 0x44, 0x6f, 0x63, 0x75, 0x6d, 0x65,
  0x6e, 0x74, 0x2f, 0x64, 0x6f, 0x63, 0x75, 0x6d, 0x65, 0x6e, 0x74, 0x53, 0x79, 0x6d, 0x62, 0x6f,
  0x6c, 0x01, 0x10, 0x00, 0x00, 0x00, 0x64, 0x6f, 0x63, 0x75, 0x6d, 0x65, 0x6e, 0x74, 0x5f, 0x73,
  0x79, 0x6d, 0x62, 0x6f, 0x6c, 0x73, 0x01, 0x17, 0x00, 0x00, 0x00, 0x74, 0x65, 0x78, 0x74, 0x44,
  0x6f, 0x63, 0x75, 0x6d, 0x65, 0x6e, 0x74, 0x2f, 0x66, 0x6f, 0x72, 0x6d, 0x61, 0x74, 0x74, 0x69,
  0x6e, 0x67, 0x01, 0x0a, 0x00, 0x00, 0x00, 0x66, 0x6f, 0x72, 0x6d, 0x61, 0x74, 0x74, 0x69, 0x6e,
  0x67, 0x01, 0x0b, 0x00, 0x00, 0x00, 0x72, 0x65, 0x70, 0x6c, 0x79, 0x5f, 0x65, 0x72, 0x72, 0x6f,
  0x72, 0x00, 0x00, 0x00, 0x00, 0x00, 0x40, 0xd6, 0xdf, 0x40, 0x01, 0x16, 0x00, 0x00, 0x00, 0x6d,
  0x65, 0x74, 0x68, 0x6f, 0x64, 0x20, 0x6e, 0x6f, 0x74, 0x20, 0x73, 0x75, 0x70, 0x70, 0x6f, 0x72,
  0x74, 0x65, 0x64, 0x3a, 0x20, 0x01, 0x03, 0x00, 0x00, 0x00, 0x73, 0x74, 0x72, 0xff, 0xff, 0xff,
  0xff, 0x00, 0x00, 0x00, 0x00, 0x01, 0x02, 0x03, 0x00, 0x00, 0x00, 0x00, 0x00, 0x2e, 0x0a, 0x00,
  0x01, 0x00, 0x00, 0x02, 0x2e, 0x0a, 0x00, 0x03, 0x00, 0x00, 0x04, 0x2e, 0x0a, 0x00, 0x05, 0x29,
  0x00, 0x00, 0x0a, 0x00, 0x06, 0x03, 0x0a, 0x00, 0x07, 0x25, 0x00, 0x09, 0x0a, 0x00, 0x08, 0x25,
  0x00, 0x0b, 0x0a, 0x00, 0x0a, 0x25, 0x00, 0x0d, 0x0a, 0x00, 0x0c, 0x25, 0x00, 0x0f, 0x0a, 0x00,
  0x0e, 0x25, 0x00, 0x11, 0x0a, 0x00, 0x10, 0x09, 0x00, 0x05, 0x0e, 0x00, 0x12, 0x0a, 0x00, 0x12,
  0x00, 0x00, 0x14, 0x00, 0x00, 0x15, 0x00, 0x00, 0x16, 0x00, 0x00, 0x17, 0x00, 0x00, 0x18, 0x00,
  0x00, 0x19, 0x00, 0x00, 0x1a, 0x00, 0x00, 0x1b, 0x00, 0x00, 0x1c, 0x00, 0x00, 0x1d, 0x00, 0x00,
  0x1e, 0x00, 0x00, 0x1f, 0x00, 0x00, 0x20, 0x00, 0x00, 0x21, 0x00, 0x00, 0x22, 0x00, 0x00, 0x23,
  0x00, 0x00, 0x24, 0x00, 0x00, 0x25, 0x00, 0x00, 0x26, 0x00, 0x00, 0x27, 0x00, 0x00, 0x28, 0x00,
  0x00, 0x29, 0x00, 0x00, 0x2a, 0x00, 0x00, 0x2b, 0x00, 0x00, 0x2c, 0x00, 0x00, 0x2d, 0x00, 0x00,
  0x2e, 0x00, 0x00, 0x2f, 0x00, 0x00, 0x30, 0x00, 0x00, 0x31, 0x00, 0x00, 0x32, 0x00, 0x00, 0x33,
  0x00, 0x00, 0x34, 0x00, 0x00, 0x35, 0x00, 0x00, 0x36, 0x00, 0x00, 0x37, 0x00, 0x00, 0x38, 0x00,
  0x00, 0x39, 0x00, 0x00, 0x3a, 0x00, 0x00, 0x3b, 0x00, 0x00, 0x3c, 0x00, 0x00, 0x3d, 0x00, 0x00,
  0x3e, 0x00, 0x00, 0x3f, 0x00, 0x00, 0x40, 0x00, 0x00, 0x41, 0x00, 0x00, 0x42, 0x00, 0x00, 0x43,
  0x00, 0x00, 0x44, 0x00, 0x00, 0x45, 0x00, 0x00, 0x46, 0x00, 0x00, 0x47, 0x00, 0x00, 0x48, 0x00,
  0x00, 0x49, 0x00, 0x00, 0x4a, 0x00, 0x00, 0x4b, 0x00, 0x00, 0x4c, 0x00, 0x00, 0x4d, 0x00, 0x00,
  0x4e, 0x00, 0x00, 0x4f, 0x00, 0x00, 0x50, 0x00, 0x00, 0x51, 0x00, 0x00, 0x52, 0x00, 0x00, 0x53,
  0x00, 0x00, 0x54, 0x00, 0x00, 0x55, 0x00, 0x00, 0x56, 0x00, 0x00, 0x57, 0x00, 0x00, 0x58, 0x00,
  0x00, 0x59, 0x00, 0x00, 0x5a, 0x00, 0x00, 0x5b, 0x29, 0x00, 0x24, 0x0a, 0x00, 0x13, 0x00, 0x00,
  0x5d, 0x00, 0x00, 0x5e, 0x00, 0x00, 0x5f, 0x00, 0x00, 0x60, 0x00, 0x00, 0x61, 0x00, 0x00, 0x62,
  0x00, 0x00, 0x63, 0x00, 0x00, 0x64, 0x00, 0x00, 0x65, 0x00, 0x00, 0x66, 0x00, 0x00, 0x67, 0x00,
  0x00, 0x68, 0x00, 0x00, 0x69, 0x00, 0x00, 0x6a, 0x00, 0x00, 0x6b, 0x00, 0x00, 0x6c, 0x00, 0x00,
  0x6d, 0x00, 0x00, 0x6e, 0x00, 0x00, 0x6f, 0x00, 0x00, 0x70, 0x00, 0x00, 0x71, 0x00, 0x00, 0x72,
  0x00, 0x00, 0x73, 0x00, 0x00, 0x74, 0x00, 0x00, 0x75, 0x00, 0x00, 0x76, 0x28, 0x00, 0x19, 0x00,
  0x00, 0x77, 0x00, 0x00, 0x78, 0x00, 0x00, 0x79, 0x00, 0x00, 0x7a, 0x00, 0x00, 0x7b, 0x00, 0x00,
  0x7c, 0x00, 0x00, 0x7d, 0x00, 0x00, 0x7e, 0x00, 0x00, 0x7f, 0x00, 0x00, 0x80, 0x00, 0x00, 0x81,
  0x00, 0x00, 0x82, 0x00, 0x00, 0x83, 0x00, 0x00, 0x84, 0x00, 0x00, 0x85, 0x00, 0x00, 0x86, 0x00,
  0x00, 0x87, 0x00, 0x00, 0x88, 0x00, 0x00, 0x89, 0x00, 0x00, 0x8a, 0x00, 0x00, 0x8b, 0x00, 0x00,
  0x8c, 0x00, 0x00, 0x8d, 0x00, 0x00, 0x8e, 0x00, 0x00, 0x8f, 0x00, 0x00, 0x90, 0x00, 0x00, 0x91,
  0x00, 0x00, 0x92, 0x00, 0x00, 0x93, 0x00, 0x00, 0x94, 0x00, 0x00, 0x95, 0x00, 0x00, 0x96, 0x00,
  0x00, 0x97, 0x28, 0x00, 0x20, 0x00, 0x00, 0x98, 0x00, 0x00, 0x99, 0x00, 0x00, 0x9a, 0x00, 0x00,
  0x9b, 0x00, 0x00, 0x9c, 0x28, 0x00, 0x04, 0x00, 0x00, 0x9d, 0x00, 0x00, 0x9e, 0x00, 0x00, 0x9f,
  0x00, 0x00, 0xa0, 0x00, 0x00, 0xa1, 0x00, 0x00, 0xa2, 0x00, 0x00, 0xa3, 0x00, 0x00, 0xa4, 0x00,
  0x00, 0xa5, 0x00, 0x00, 0xa6, 0x00, 0x00, 0xa7, 0x00, 0x00, 0xa8, 0x28, 0x00, 0x0b, 0x29, 0x00,
  0x04, 0x0a, 0x00, 0x5c, 0x00, 0x00, 0xaa, 0x00, 0x00, 0xab, 0x00, 0x00, 0xac, 0x00, 0x00, 0xad,
  0x00, 0x00, 0xae, 0x28, 0x00, 0x05, 0x0a, 0x00, 0xa9, 0x00, 0x00, 0xb0, 0x00, 0x00, 0xb1, 0x00,
  0x00, 0xb2, 0x00, 0x00, 0xb3, 0x00, 0x00, 0xb4, 0x00, 0x00, 0xb5, 0x00, 0x00, 0xb6, 0x00, 0x00,
  0xb7, 0x00, 0x00, 0xb8, 0x00, 0x00, 0xb9, 0x00, 0x00, 0xba, 0x00, 0x00, 0xbb, 0x00, 0x00, 0xbc,
  0x00, 0x00, 0xbd, 0x00, 0x00, 0xbe, 0x00, 0x00, 0xbf, 0x28, 0x00, 0x10, 0x0a, 0x00, 0xaf, 0x25,
  0x00, 0xc1, 0x0a, 0x00, 0xc0, 0x25, 0x00, 0xc3, 0x0a, 0x00, 0xc2, 0x25, 0x00, 0xc5, 0x0a, 0x00,
  0xc4, 0x25, 0x00, 0xc7, 0x0a, 0x00, 0xc6, 0x25, 0x00, 0xc9, 0x0a, 0x00, 0xc8, 0x25, 0x00, 0xcb,
  0x0a, 0x00, 0xca, 0x25, 0x00, 0xcd, 0x0a, 0x00, 0xcc, 0x25, 0x00, 0xcf, 0x0a, 0x00, 0xce, 0x25,
  0x00, 0xd1, 0x0a, 0x00, 0xd0, 0x25, 0x00, 0xd3, 0x0a, 0x00, 0xd2, 0x25, 0x00, 0xd5, 0x0a, 0x00,
  0xd4, 0x02, 0x21, 0x00, 0x54, 0x04, 0x09, 0x00, 0x08, 0x23, 0x00, 0x07, 0x01, 0x01, 0x13, 0x21,
  0x00, 0x08, 0x04, 0x04, 0x20, 0x00, 0x43, 0x20, 0x00, 0x01, 0x04, 0x2b, 0x00, 0x0c, 0x09, 0x00,
  0xd4, 0x07, 0x01, 0x23, 0x01, 0x04, 0x2c, 0x20, 0x00, 0x2b, 0x07, 0x01, 0x0e, 0x00, 0xd6, 0x01,
  0x13, 0x1d, 0x21, 0x00, 0x1e, 0x04, 0x09, 0x00, 0x0e, 0x07, 0x01, 0x0e, 0x00, 0xd6, 0x00, 0x00,
  0xd7, 0x1c, 0x00, 0x00, 0xd8, 0x09, 0x00, 0x1a, 0x07, 0x02, 0x23, 0x01, 0x16, 0x23, 0x03, 0x04,
  0x20, 0x00, 0x01, 0x04, 0x04, 0x04, 0x22, 0x00, 0x58, 0x04, 0x01, 0x27, 0x46, 0x00, 0x00, 0x00,
  0x0c, 0x00, 0x00, 0x00, 0x07, 0x00, 0x00, 0x00, 0x0d, 0x00, 0x00, 0x00, 0x07, 0x00, 0x00, 0x00,
  0x0e, 0x00, 0x00, 0x00, 0x07, 0x00, 0x00, 0x00, 0x10, 0x00, 0x00, 0x00, 0x06, 0x00, 0x00, 0x00,
  0x11, 0x00, 0x00, 0x00, 0x04, 0x00, 0x00, 0x00, 0x22, 0x00, 0x00, 0x00, 0x06, 0x00, 0x00, 0x00,
  0x28, 0x00, 0x00, 0x00, 0x06, 0x00, 0x00, 0x00, 0x2a, 0x00, 0x00, 0x00, 0x06, 0x00, 0x00, 0x00,
  0x2b, 0x00, 0x00, 0x00, 0x06, 0x00, 0x00, 0x00, 0x2c, 0x00, 0x00, 0x00, 0x06, 0x00, 0x00, 0x00,
  0x30, 0x00, 0x00, 0x00, 0x09, 0x00, 0x00, 0x00, 0x33, 0x00, 0x00, 0x00, 0x06, 0x00, 0x00, 0x00,
  0x34, 0x00, 0x00, 0x00, 0x06, 0x00, 0x00, 0x00, 0x35, 0x00, 0x00, 0x00, 0x06, 0x00, 0x00, 0x00,
  0x36, 0x00, 0x00, 0x00, 0x06, 0x00, 0x00, 0x00, 0x37, 0x00, 0x00, 0x00, 0x06, 0x00, 0x00, 0x00,
  0x38, 0x00, 0x00, 0x00, 0x06, 0x00, 0x00, 0x00, 0x39, 0x00, 0x00, 0x00, 0x06, 0x00, 0x00, 0x00,
  0x3a, 0x00, 0x00, 0x00, 0x06, 0x00, 0x00, 0x00, 0x3b, 0x00, 0x00, 0x00, 0x06, 0x00, 0x00, 0x00,
  0x3c, 0x00, 0x00, 0x00, 0x06, 0x00, 0x00, 0x00, 0x3d, 0x00, 0x00, 0x00, 0x06, 0x00, 0x00, 0x00,
  0x3e, 0x00, 0x00, 0x00, 0x06, 0x00, 0x00, 0x00, 0x3f, 0x00, 0x00, 0x00, 0x06, 0x00, 0x00, 0x00,
  0x40, 0x00, 0x00, 0x00, 0x06, 0x00, 0x00, 0x00, 0x41, 0x00, 0x00, 0x00, 0x06, 0x00, 0x00, 0x00,
  0x42, 0x00, 0x00, 0x00, 0x06, 0x00, 0x00, 0x00, 0x43, 0x00, 0x00, 0x00, 0x06, 0x00, 0x00, 0x00,
  0x44, 0x00, 0x00, 0x00, 0x18, 0x00, 0x00, 0x00, 0x45, 0x00, 0x00, 0x00, 0x12, 0x00, 0x00, 0x00,
  0x46, 0x00, 0x00, 0x00, 0x06, 0x00, 0x00, 0x00, 0x47, 0x00, 0x00, 0x00, 0x06, 0x00, 0x00, 0x00,
  0x48, 0x00, 0x00, 0x00, 0x06, 0x00, 0x00, 0x00, 0x49, 0x00, 0x00, 0x00, 0x06, 0x00, 0x00, 0x00,
  0x4a, 0x00, 0x00, 0x00, 0x06, 0x00, 0x00, 0x00, 0x4b, 0x00, 0x00, 0x00, 0x06, 0x00, 0x00, 0x00,
  0x4c, 0x00, 0x00, 0x00, 0x06, 0x00, 0x00, 0x00, 0x4d, 0x00, 0x00, 0x00, 0x06, 0x00, 0x00, 0x00,
  0x4e, 0x00, 0x00, 0x00, 0x06, 0x00, 0x00, 0x00, 0x4f, 0x00, 0x00, 0x00, 0x06, 0x00, 0x00, 0x00,
  0x50, 0x00, 0x00, 0x00, 0x06, 0x00, 0x00, 0x00, 0x51, 0x00, 0x00, 0x00, 0x06, 0x00, 0x00, 0x00,
  0x52, 0x00, 0x00, 0x00, 0x06, 0x00, 0x00, 0x00, 0x55, 0x00, 0x00, 0x00, 0x51, 0x00, 0x00, 0x00,
  0x56, 0x00, 0x00, 0x00, 0x66, 0x00, 0x00, 0x00, 0x57, 0x00, 0x00, 0x00, 0x12, 0x00, 0x00, 0x00,
  0x58, 0x00, 0x00, 0x00, 0x27, 0x00, 0x00, 0x00, 0x59, 0x00, 0x00, 0x00, 0x06, 0x00, 0x00, 0x00,
  0x5b, 0x00, 0x00, 0x00, 0x15, 0x00, 0x00, 0x00, 0x5c, 0x00, 0x00, 0x00, 0x36, 0x00, 0x00, 0x00,
  0x68, 0x00, 0x00, 0x00, 0x06, 0x00, 0x00, 0x00, 0x71, 0x00, 0x00, 0x00, 0x06, 0x00, 0x00, 0x00,
  0x73, 0x00, 0x00, 0x00, 0x06, 0x00, 0x00, 0x00, 0x90, 0x00, 0x00, 0x00, 0x06, 0x00, 0x00, 0x00,
  0xa4, 0x00, 0x00, 0x00, 0x06, 0x00, 0x00, 0x00, 0xba, 0x00, 0x00, 0x00, 0x06, 0x00, 0x00, 0x00,
  0xdc, 0x00, 0x00, 0x00, 0x06, 0x00, 0x00, 0x00, 0xee, 0x00, 0x00, 0x00, 0x06, 0x00, 0x00, 0x00,
  0xf7, 0x00, 0x00, 0x00, 0x06, 0x00, 0x00, 0x00, 0x03, 0x01, 0x00, 0x00, 0x06, 0x00, 0x00, 0x00,
  0x30, 0x01, 0x00, 0x00, 0x06, 0x00, 0x00, 0x00, 0x32, 0x01, 0x00, 0x00, 0x05, 0x00, 0x00, 0x00,
  0x33, 0x01, 0x00, 0x00, 0x05, 0x00, 0x00, 0x00, 0x34, 0x01, 0x00, 0x00, 0x10, 0x00, 0x00, 0x00,
  0x35, 0x01, 0x00, 0x00, 0x03, 0x00, 0x00, 0x00, 0x36, 0x01, 0x00, 0x00, 0x08, 0x00, 0x00, 0x00,
  0x37, 0x01, 0x00, 0x00, 0x04, 0x00, 0x00, 0x00, 0x38, 0x01, 0x00, 0x00, 0x2a, 0x00, 0x00, 0x00,
  0x39, 0x01, 0x00, 0x00, 0x01, 0x00, 0x00, 0x00, 0x3a, 0x01, 0x00, 0x00, 0x07, 0x00, 0x00, 0x00,
  0xd9, 0x00, 0x00, 0x00, 0x01, 0x0c, 0x00, 0x00, 0x00, 0x73, 0x74, 0x64, 0x2f, 0x63, 0x6f, 0x6d,
  0x70, 0x69, 0x6c, 0x65, 0x72, 0x01, 0x08, 0x00, 0x00, 0x00, 0x63, 0x6f, 0x6d, 0x70, 0x69, 0x6c,
  0x65, 0x72, 0x01, 0x07, 0x00, 0x00, 0x00, 0x73, 0x74, 0x64, 0x2f, 0x66, 0x6d, 0x74, 0x01, 0x03,
  0x00, 0x00, 0x00, 0x66, 0x6d, 0x74, 0x01, 0x07, 0x00, 0x00, 0x00, 0x73, 0x74, 0x64, 0x2f, 0x6c,
  0x65, 0x78, 0x01, 0x03, 0x00, 0x00, 0x00, 0x6c, 0x65, 0x78, 0x01, 0x04, 0x00, 0x00, 0x00, 0x64,
  0x6f, 0x63, 0x73, 0x01, 0x0d, 0x00, 0x00, 0x00, 0x73, 0x68, 0x75, 0x74, 0x74, 0x69, 0x6e, 0x67,
  0x5f, 0x64, 0x6f, 0x77, 0x6e, 0x01, 0x0c, 0x00, 0x00, 0x00, 0x72, 0x65, 0x61, 0x64, 0x5f, 0x6d,
  0x65, 0x73, 0x73, 0x61, 0x67, 0x65, 0x02, 0x00, 0x00, 0x00, 0x00, 0x01, 0x04, 0x00, 0x00, 0x00,
  0x73, 0x65, 0x6e, 0x64, 0x02, 0x01, 0x00, 0x00, 0x00, 0x01, 0x05, 0x00, 0x00, 0x00, 0x72, 0x65,
  0x70, 0x6c, 0x79, 0x02, 0x02, 0x00, 0x00, 0x00, 0x01, 0x0b, 0x00, 0x00, 0x00, 0x72, 0x65, 0x70,
  0x6c, 0x79, 0x5f, 0x65, 0x72, 0x72, 0x6f, 0x72, 0x02, 0x03, 0x00, 0x00, 0x00, 0x01, 0x06, 0x00,
  0x00, 0x00, 0x6e, 0x6f, 0x74, 0x69, 0x66, 0x79, 0x02, 0x04, 0x00, 0x00, 0x00, 0x01, 0x08, 0x00,
  0x00, 0x00, 0x4b, 0x45, 0x59, 0x57, 0x4f, 0x52, 0x44, 0x53, 0x01, 0x08, 0x00, 0x00, 0x00, 0x42,
  0x55, 0x49, 0x4c, 0x54, 0x49, 0x4e, 0x53, 0x01, 0x05, 0x00, 0x00, 0x00, 0x70, 0x72, 0x69, 0x6e,
  0x74, 0x01, 0x43, 0x00, 0x00, 0x00, 0x70, 0x72, 0x69, 0x6e, 0x74, 0x28, 0x76, 0x61, 0x6c, 0x75,
  0x65, 0x73, 0x2e, 0x2e, 0x2e, 0x29, 0x20, 0x20, 0x53, 0x68, 0x6f, 0x77, 0x20, 0x76, 0x61, 0x6c,
  0x75, 0x65, 0x73, 0x20, 0x73, 0x65, 0x70, 0x61, 0x72, 0x61, 0x74, 0x65, 0x64, 0x20, 0x62, 0x79,
  0x20, 0x73, 0x70, 0x61, 0x63, 0x65, 0x73, 0x2c, 0x20, 0x74, 0x68, 0x65, 0x6e, 0x20, 0x61, 0x20,
  0x6e, 0x65, 0x77, 0x20, 0x6c, 0x69, 0x6e, 0x65, 0x2e, 0x01, 0x05, 0x00, 0x00, 0x00, 0x77, 0x72,
  0x69, 0x74, 0x65, 0x01, 0x31, 0x00, 0x00, 0x00, 0x77, 0x72, 0x69, 0x74, 0x65, 0x28, 0x76, 0x61,
  0x6c, 0x75, 0x65, 0x73, 0x2e, 0x2e, 0x2e, 0x29, 0x20, 0x20, 0x53, 0x68, 0x6f, 0x77, 0x20, 0x76,
  0x61, 0x6c, 0x75, 0x65, 0x73, 0x20, 0x77, 0x69, 0x74, 0x68, 0x6f, 0x75, 0x74, 0x20, 0x61, 0x20,
  0x6e, 0x65, 0x77, 0x20, 0x6c, 0x69, 0x6e, 0x65, 0x2e, 0x01, 0x03, 0x00, 0x00, 0x00, 0x6c, 0x65,
  0x6e, 0x01, 0x3b, 0x00, 0x00, 0x00, 0x6c, 0x65, 0x6e, 0x28, 0x78, 0x29, 0x20, 0x20, 0x54, 0x68,
  0x65, 0x20, 0x6c, 0x65, 0x6e, 0x67, 0x74, 0x68, 0x20, 0x6f, 0x66, 0x20, 0x61, 0x20, 0x73, 0x74,
  0x72, 0x69, 0x6e, 0x67, 0x20, 0x28, 0x62, 0x79, 0x74, 0x65, 0x73, 0x29, 0x2c, 0x20, 0x6c, 0x69,
  0x73, 0x74, 0x2c, 0x20, 0x6d, 0x61, 0x70, 0x20, 0x6f, 0x72, 0x20, 0x72, 0x61, 0x6e, 0x67, 0x65,
  0x2e, 0x01, 0x03, 0x00, 0x00, 0x00, 0x73, 0x74, 0x72, 0x01, 0x40, 0x00, 0x00, 0x00, 0x73, 0x74,
  0x72, 0x28, 0x78, 0x29, 0x20, 0x20, 0x54, 0x75, 0x72, 0x6e, 0x20, 0x61, 0x6e, 0x79, 0x20, 0x76,
  0x61, 0x6c, 0x75, 0x65, 0x20, 0x69, 0x6e, 0x74, 0x6f, 0x20, 0x74, 0x65, 0x78, 0x74, 0x20, 0x28,
  0x75, 0x73, 0x65, 0x73, 0x20, 0x61, 0x20, 0x63, 0x6c, 0x61, 0x73, 0x73, 0x27, 0x73, 0x20, 0x74,
  0x6f, 0x5f, 0x73, 0x74, 0x72, 0x20, 0x6d, 0x65, 0x74, 0x68, 0x6f, 0x64, 0x29, 0x2e, 0x01, 0x04,
  0x00, 0x00, 0x00, 0x72, 0x65, 0x70, 0x72, 0x01, 0x37, 0x00, 0x00, 0x00, 0x72, 0x65, 0x70, 0x72,
  0x28, 0x78, 0x29, 0x20, 0x20, 0x54, 0x65, 0x78, 0x74, 0x20, 0x74, 0x68, 0x61, 0x74, 0x20, 0x6c,
  0x6f, 0x6f, 0x6b, 0x73, 0x20, 0x6c, 0x69, 0x6b, 0x65, 0x20, 0x63, 0x6f, 0x64, 0x65, 0x3a, 0x20,
  0x73, 0x74, 0x72, 0x69, 0x6e, 0x67, 0x73, 0x20, 0x67, 0x65, 0x74, 0x20, 0x71, 0x75, 0x6f, 0x74,
  0x65, 0x73, 0x2e, 0x01, 0x03, 0x00, 0x00, 0x00, 0x6e, 0x75, 0x6d, 0x01, 0x20, 0x00, 0x00, 0x00,
  0x6e, 0x75, 0x6d, 0x28, 0x78, 0x29, 0x20, 0x20, 0x52, 0x65, 0x61, 0x64, 0x20, 0x61, 0x20, 0x6e,
  0x75, 0x6d, 0x62, 0x65, 0x72, 0x20, 0x66, 0x72, 0x6f, 0x6d, 0x20, 0x74, 0x65, 0x78, 0x74, 0x2e,
  0x01, 0x03, 0x00, 0x00, 0x00, 0x69, 0x6e, 0x74, 0x01, 0x41, 0x00, 0x00, 0x00, 0x69, 0x6e, 0x74,
  0x28, 0x78, 0x29, 0x20, 0x20, 0x52, 0x65, 0x61, 0x64, 0x20, 0x61, 0x20, 0x77, 0x68, 0x6f, 0x6c,
  0x65, 0x20, 0x6e, 0x75, 0x6d, 0x62, 0x65, 0x72, 0x20, 0x66, 0x72, 0x6f, 0x6d, 0x20, 0x74, 0x65,
  0x78, 0x74, 0x20, 0x6f, 0x72, 0x20, 0x63, 0x75, 0x74, 0x20, 0x61, 0x20, 0x6e, 0x75, 0x6d, 0x62,
  0x65, 0x72, 0x27, 0x73, 0x20, 0x64, 0x65, 0x63, 0x69, 0x6d, 0x61, 0x6c, 0x73, 0x2e, 0x01, 0x04,
  0x00, 0x00, 0x00, 0x62, 0x6f, 0x6f, 0x6c, 0x01, 0x27, 0x00, 0x00, 0x00, 0x62, 0x6f, 0x6f, 0x6c,
  0x28, 0x78, 0x29, 0x20, 0x20, 0x74, 0x72, 0x75, 0x65, 0x20, 0x75, 0x6e, 0x6c, 0x65, 0x73, 0x73,
  0x20, 0x78, 0x20, 0x69, 0x73, 0x20, 0x6e, 0x69, 0x6c, 0x20, 0x6f, 0x72, 0x20, 0x66, 0x61, 0x6c,
  0x73, 0x65, 0x2e, 0x01, 0x04, 0x00, 0x00, 0x00, 0x74, 0x79, 0x70, 0x65, 0x01, 0x37, 0x00, 0x00,
  0x00, 0x74, 0x79, 0x70, 0x65, 0x28, 0x78, 0x29, 0x20, 0x20, 0x54, 0x68, 0x65, 0x20, 0x74, 0x79,
  0x70, 0x65, 0x20, 0x6e, 0x61, 0x6d, 0x65, 0x3a, 0x20, 0x22, 0x6e, 0x75, 0x6d, 0x62, 0x65, 0x72,
  0x22, 0x2c, 0x20, 0x22, 0x73, 0x74, 0x72, 0x69, 0x6e, 0x67, 0x22, 0x2c, 0x20, 0x22, 0x6c, 0x69,
  0x73, 0x74, 0x22, 0x2c, 0x20, 0x2e, 0x2e, 0x2e, 0x01, 0x05, 0x00, 0x00, 0x00, 0x72, 0x61, 0x6e,
  0x67, 0x65, 0x01, 0x32, 0x00, 0x00, 0x00, 0x72, 0x61, 0x6e, 0x67, 0x65, 0x28, 0x6e, 0x29, 0x20,
  0x6f, 0x72, 0x20, 0x72, 0x61, 0x6e, 0x67, 0x65, 0x28, 0x61, 0x2c, 0x20, 0x62, 0x2c, 0x20, 0x73,
  0x74, 0x65, 0x70, 0x29, 0x20, 0x20, 0x41, 0x20, 0x72, 0x61, 0x6e, 0x67, 0x65, 0x20, 0x6f, 0x66,
  0x20, 0x6e, 0x75, 0x6d, 0x62, 0x65, 0x72, 0x73, 0x2e, 0x01, 0x06, 0x00, 0x00, 0x00, 0x61, 0x73,
  0x73, 0x65, 0x72, 0x74, 0x01, 0x4b, 0x00, 0x00, 0x00, 0x61, 0x73, 0x73, 0x65, 0x72, 0x74, 0x28,
  0x63, 0x6f, 0x6e, 0x64, 0x69, 0x74, 0x69, 0x6f, 0x6e, 0x2c, 0x20, 0x6d, 0x65, 0x73, 0x73, 0x61,
  0x67, 0x65, 0x29, 0x20, 0x20, 0x53, 0x74, 0x6f, 0x70, 0x20, 0x77, 0x69, 0x74, 0x68, 0x20, 0x61,
  0x6e, 0x20, 0x65, 0x72, 0x72, 0x6f, 0x72, 0x20, 0x77, 0x68, 0x65, 0x6e, 0x20, 0x74, 0x68, 0x65,
  0x20, 0x63, 0x6f, 0x6e, 0x64, 0x69, 0x74, 0x69, 0x6f, 0x6e, 0x20, 0x69, 0x73, 0x20, 0x66, 0x61,
  0x6c, 0x73, 0x65, 0x2e, 0x01, 0x05, 0x00, 0x00, 0x00, 0x69, 0x6e, 0x70, 0x75, 0x74, 0x01, 0x53,
  0x00, 0x00, 0x00, 0x69, 0x6e, 0x70, 0x75, 0x74, 0x28, 0x70, 0x72, 0x6f, 0x6d, 0x70, 0x74, 0x29,
  0x20, 0x20, 0x52, 0x65, 0x61, 0x64, 0x20, 0x61, 0x20, 0x6c, 0x69, 0x6e, 0x65, 0x20, 0x6f, 0x66,
  0x20, 0x74, 0x65, 0x78, 0x74, 0x20, 0x66, 0x72, 0x6f, 0x6d, 0x20, 0x74, 0x68, 0x65, 0x20, 0x6b,
  0x65, 0x79, 0x62, 0x6f, 0x61, 0x72, 0x64, 0x20, 0x28, 0x6e, 0x69, 0x6c, 0x20, 0x61, 0x74, 0x20,
  0x74, 0x68, 0x65, 0x20, 0x65, 0x6e, 0x64, 0x20, 0x6f, 0x66, 0x20, 0x74, 0x68, 0x65, 0x20, 0x69,
  0x6e, 0x70, 0x75, 0x74, 0x29, 0x2e, 0x01, 0x04, 0x00, 0x00, 0x00, 0x65, 0x78, 0x69, 0x74, 0x01,
  0x1d, 0x00, 0x00, 0x00, 0x65, 0x78, 0x69, 0x74, 0x28, 0x63, 0x6f, 0x64, 0x65, 0x29, 0x20, 0x20,
  0x53, 0x74, 0x6f, 0x70, 0x20, 0x74, 0x68, 0x65, 0x20, 0x70, 0x72, 0x6f, 0x67, 0x72, 0x61, 0x6d,
  0x2e, 0x01, 0x04, 0x00, 0x00, 0x00, 0x6c, 0x6f, 0x61, 0x64, 0x01, 0x3d, 0x00, 0x00, 0x00, 0x6c,
  0x6f, 0x61, 0x64, 0x28, 0x70, 0x61, 0x74, 0x68, 0x29, 0x20, 0x20, 0x49, 0x6d, 0x70, 0x6f, 0x72,
  0x74, 0x20, 0x61, 0x20, 0x6d, 0x6f, 0x64, 0x75, 0x6c, 0x65, 0x20, 0x66, 0x72, 0x6f, 0x6d, 0x20,
  0x61, 0x20, 0x70, 0x61, 0x74, 0x68, 0x20, 0x63, 0x6f, 0x6d, 0x70, 0x75, 0x74, 0x65, 0x64, 0x20,
  0x61, 0x74, 0x20, 0x72, 0x75, 0x6e, 0x20, 0x74, 0x69, 0x6d, 0x65, 0x2e, 0x01, 0x0a, 0x00, 0x00,
  0x00, 0x69, 0x73, 0x69, 0x6e, 0x73, 0x74, 0x61, 0x6e, 0x63, 0x65, 0x01, 0x4a, 0x00, 0x00, 0x00,
  0x69, 0x73, 0x69, 0x6e, 0x73, 0x74, 0x61, 0x6e, 0x63, 0x65, 0x28, 0x6f, 0x62, 0x6a, 0x65, 0x63,
  0x74, 0x2c, 0x20, 0x43, 0x6c, 0x61, 0x73, 0x73, 0x29, 0x20, 0x20, 0x49, 0x73, 0x20, 0x74, 0x68,
  0x65, 0x20, 0x6f, 0x62, 0x6a, 0x65, 0x63, 0x74, 0x20, 0x6d, 0x61, 0x64, 0x65, 0x20, 0x62, 0x79,
  0x20, 0x74, 0x68, 0x69, 0x73, 0x20, 0x63, 0x6c, 0x61, 0x73, 0x73, 0x20, 0x6f, 0x72, 0x20, 0x61,
  0x20, 0x73, 0x75, 0x62, 0x63, 0x6c, 0x61, 0x73, 0x73, 0x3f, 0x01, 0x03, 0x00, 0x00, 0x00, 0x6f,
  0x72, 0x64, 0x01, 0x2a, 0x00, 0x00, 0x00, 0x6f, 0x72, 0x64, 0x28, 0x63, 0x68, 0x61, 0x72, 0x29,
  0x20, 0x20, 0x54, 0x68, 0x65, 0x20, 0x63, 0x6f, 0x64, 0x65, 0x20, 0x6e, 0x75, 0x6d, 0x62, 0x65,
  0x72, 0x20, 0x6f, 0x66, 0x20, 0x61, 0x20, 0x63, 0x68, 0x61, 0x72, 0x61, 0x63, 0x74, 0x65, 0x72,
  0x2e, 0x01, 0x03, 0x00, 0x00, 0x00, 0x63, 0x68, 0x72, 0x01, 0x2f, 0x00, 0x00, 0x00, 0x63, 0x68,
  0x72, 0x28, 0x63, 0x6f, 0x64, 0x65, 0x29, 0x20, 0x20, 0x54, 0x68, 0x65, 0x20, 0x63, 0x68, 0x61,
  0x72, 0x61, 0x63, 0x74, 0x65, 0x72, 0x20, 0x77, 0x69, 0x74, 0x68, 0x20, 0x74, 0x68, 0x69, 0x73,
  0x20, 0x63, 0x6f, 0x64, 0x65, 0x20, 0x6e, 0x75, 0x6d, 0x62, 0x65, 0x72, 0x2e, 0x01, 0x03, 0x00,
  0x00, 0x00, 0x61, 0x62, 0x73, 0x01, 0x17, 0x00, 0x00, 0x00, 0x61, 0x62, 0x73, 0x28, 0x78, 0x29,
  0x20, 0x20, 0x41, 0x62, 0x73, 0x6f, 0x6c, 0x75, 0x74, 0x65, 0x20, 0x76, 0x61, 0x6c, 0x75, 0x65,
  0x2e, 0x01, 0x05, 0x00, 0x00, 0x00, 0x66, 0x6c, 0x6f, 0x6f, 0x72, 0x01, 0x15, 0x00, 0x00, 0x00,
  0x66, 0x6c, 0x6f, 0x6f, 0x72, 0x28, 0x78, 0x29, 0x20, 0x20, 0x52, 0x6f, 0x75, 0x6e, 0x64, 0x20,
  0x64, 0x6f, 0x77, 0x6e, 0x2e, 0x01, 0x04, 0x00, 0x00, 0x00, 0x63, 0x65, 0x69, 0x6c, 0x01, 0x12,
  0x00, 0x00, 0x00, 0x63, 0x65, 0x69, 0x6c, 0x28, 0x78, 0x29, 0x20, 0x20, 0x52, 0x6f, 0x75, 0x6e,
  0x64, 0x20, 0x75, 0x70, 0x2e, 0x01, 0x05, 0x00, 0x00, 0x00, 0x72, 0x6f, 0x75, 0x6e, 0x64, 0x01,
  0x2c, 0x00, 0x00, 0x00, 0x72, 0x6f, 0x75, 0x6e, 0x64, 0x28, 0x78, 0x29, 0x20, 0x20, 0x52, 0x6f,
  0x75, 0x6e, 0x64, 0x20, 0x74, 0x6f, 0x20, 0x74, 0x68, 0x65, 0x20, 0x6e, 0x65, 0x61, 0x72, 0x65,
  0x73, 0x74, 0x20, 0x77, 0x68, 0x6f, 0x6c, 0x65, 0x20, 0x6e, 0x75, 0x6d, 0x62, 0x65, 0x72, 0x2e,
  0x01, 0x04, 0x00, 0x00, 0x00, 0x73, 0x71, 0x72, 0x74, 0x01, 0x15, 0x00, 0x00, 0x00, 0x73, 0x71,
  0x72, 0x74, 0x28, 0x78, 0x29, 0x20, 0x20, 0x53, 0x71, 0x75, 0x61, 0x72, 0x65, 0x20, 0x72, 0x6f,
  0x6f, 0x74, 0x2e, 0x01, 0x03, 0x00, 0x00, 0x00, 0x6d, 0x69, 0x6e, 0x01, 0x30, 0x00, 0x00, 0x00,
  0x6d, 0x69, 0x6e, 0x28, 0x61, 0x2c, 0x20, 0x62, 0x2c, 0x20, 0x2e, 0x2e, 0x2e, 0x29, 0x20, 0x6f,
  0x72, 0x20, 0x6d, 0x69, 0x6e, 0x28, 0x6c, 0x69, 0x73, 0x74, 0x29, 0x20, 0x20, 0x54, 0x68, 0x65,
  0x20, 0x73, 0x6d, 0x61, 0x6c, 0x6c, 0x65, 0x73, 0x74, 0x20, 0x76, 0x61, 0x6c, 0x75, 0x65, 0x2e,
  0x01, 0x03, 0x00, 0x00, 0x00, 0x6d, 0x61, 0x78, 0x01, 0x2f, 0x00, 0x00, 0x00, 0x6d, 0x61, 0x78,
  0x28, 0x61, 0x2c, 0x20, 0x62, 0x2c, 0x20, 0x2e, 0x2e, 0x2e, 0x29, 0x20, 0x6f, 0x72, 0x20, 0x6d,
  0x61, 0x78, 0x28, 0x6c, 0x69, 0x73, 0x74, 0x29, 0x20, 0x20, 0x54, 0x68, 0x65, 0x20, 0x6c, 0x61,
  0x72, 0x67, 0x65, 0x73, 0x74, 0x20, 0x76, 0x61, 0x6c, 0x75, 0x65, 0x2e, 0x01, 0x03, 0x00, 0x00,
  0x00, 0x73, 0x75, 0x6d, 0x01, 0x24, 0x00, 0x00, 0x00, 0x73, 0x75, 0x6d, 0x28, 0x6c, 0x69, 0x73,
  0x74, 0x29, 0x20, 0x20, 0x41, 0x64, 0x64, 0x20, 0x75, 0x70, 0x20, 0x61, 0x20, 0x6c, 0x69, 0x73,
  0x74, 0x20, 0x6f, 0x66, 0x20, 0x6e, 0x75, 0x6d, 0x62, 0x65, 0x72, 0x73, 0x2e, 0x01, 0x03, 0x00,
  0x00, 0x00, 0x61, 0x6e, 0x79, 0x01, 0x38, 0x00, 0x00, 0x00, 0x61, 0x6e, 0x79, 0x28, 0x6c, 0x69,
  0x73, 0x74, 0x2c, 0x20, 0x74, 0x65, 0x73, 0x74, 0x29, 0x20, 0x20, 0x49, 0x73, 0x20, 0x74, 0x68,
  0x65, 0x20, 0x74, 0x65, 0x73, 0x74, 0x20, 0x74, 0x72, 0x75, 0x65, 0x20, 0x66, 0x6f, 0x72, 0x20,
  0x61, 0x74, 0x20, 0x6c, 0x65, 0x61, 0x73, 0x74, 0x20, 0x6f, 0x6e, 0x65, 0x20, 0x69, 0x74, 0x65,
  0x6d, 0x3f, 0x01, 0x03, 0x00, 0x00, 0x00, 0x61, 0x6c, 0x6c, 0x01, 0x31, 0x00, 0x00, 0x00, 0x61,
  0x6c, 0x6c, 0x28, 0x6c, 0x69, 0x73, 0x74, 0x2c, 0x20, 0x74, 0x65, 0x73, 0x74, 0x29, 0x20, 0x20,
  0x49, 0x73, 0x20, 0x74, 0x68, 0x65, 0x20, 0x74, 0x65, 0x73, 0x74, 0x20, 0x74, 0x72, 0x75, 0x65,
  0x20, 0x66, 0x6f, 0x72, 0x20, 0x65, 0x76, 0x65, 0x72, 0x79, 0x20, 0x69, 0x74, 0x65, 0x6d, 0x3f,
  0x01, 0x06, 0x00, 0x00, 0x00, 0x73, 0x6f, 0x72, 0x74, 0x65, 0x64, 0x01, 0x31, 0x00, 0x00, 0x00,
  0x73, 0x6f, 0x72, 0x74, 0x65, 0x64, 0x28, 0x6c, 0x69, 0x73, 0x74, 0x2c, 0x20, 0x63, 0x6f, 0x6d,
  0x70, 0x61, 0x72, 0x65, 0x29, 0x20, 0x20, 0x41, 0x20, 0x73, 0x6f, 0x72, 0x74, 0x65, 0x64, 0x20,
  0x63, 0x6f, 0x70, 0x79, 0x20, 0x6f, 0x66, 0x20, 0x74, 0x68, 0x65, 0x20, 0x6c, 0x69, 0x73, 0x74,
  0x2e, 0x01, 0x08, 0x00, 0x00, 0x00, 0x72, 0x65, 0x76, 0x65, 0x72, 0x73, 0x65, 0x64, 0x01, 0x2c,
  0x00, 0x00, 0x00, 0x72, 0x65, 0x76, 0x65, 0x72, 0x73, 0x65, 0x64, 0x28, 0x6c, 0x69, 0x73, 0x74,
  0x29, 0x20, 0x20, 0x41, 0x20, 0x72, 0x65, 0x76, 0x65, 0x72, 0x73, 0x65, 0x64, 0x20, 0x63, 0x6f,
  0x70, 0x79, 0x20, 0x6f, 0x66, 0x20, 0x74, 0x68, 0x65, 0x20, 0x6c, 0x69, 0x73, 0x74, 0x2e, 0x01,
  0x03, 0x00, 0x00, 0x00, 0x7a, 0x69, 0x70, 0x01, 0x38, 0x00, 0x00, 0x00, 0x7a, 0x69, 0x70, 0x28,
  0x61, 0x2c, 0x20, 0x62, 0x29, 0x20, 0x20, 0x50, 0x61, 0x69, 0x72, 0x20, 0x75, 0x70, 0x20, 0x74,
  0x77, 0x6f, 0x20, 0x6c, 0x69, 0x73, 0x74, 0x73, 0x3a, 0x20, 0x5b, 0x5b, 0x61, 0x30, 0x2c, 0x20,
  0x62, 0x30, 0x5d, 0x2c, 0x20, 0x5b, 0x61, 0x31, 0x2c, 0x20, 0x62, 0x31, 0x5d, 0x2c, 0x20, 0x2e,
  0x2e, 0x2e, 0x5d, 0x2e, 0x01, 0x09, 0x00, 0x00, 0x00, 0x65, 0x6e, 0x75, 0x6d, 0x65, 0x72, 0x61,
  0x74, 0x65, 0x01, 0x28, 0x00, 0x00, 0x00, 0x65, 0x6e, 0x75, 0x6d, 0x65, 0x72, 0x61, 0x74, 0x65,
  0x28, 0x6c, 0x69, 0x73, 0x74, 0x29, 0x20, 0x20, 0x50, 0x61, 0x69, 0x72, 0x73, 0x20, 0x6f, 0x66,
  0x20, 0x5b, 0x69, 0x6e, 0x64, 0x65, 0x78, 0x2c, 0x20, 0x69, 0x74, 0x65, 0x6d, 0x5d, 0x2e, 0x01,
  0x09, 0x00, 0x00, 0x00, 0x63, 0x6f, 0x72, 0x6f, 0x75, 0x74, 0x69, 0x6e, 0x65, 0x01, 0x5a, 0x00,
  0x00, 0x00, 0x63, 0x6f, 0x72, 0x6f, 0x75, 0x74, 0x69, 0x6e, 0x65, 0x28, 0x66, 0x6e, 0x29, 0x20,
  0x20, 0x41, 0x20, 0x66, 0x75, 0x6e, 0x63, 0x74, 0x69, 0x6f, 0x6e, 0x20, 0x74, 0x68, 0x61, 0x74,
  0x20, 0x63, 0x61, 0x6e, 0x20, 0x70, 0x61, 0x75, 0x73, 0x65, 0x20, 0x69, 0x74, 0x73, 0x65, 0x6c,
  0x66, 0x20, 0x77, 0x69, 0x74, 0x68, 0x20, 0x79, 0x69, 0x65, 0x6c, 0x64, 0x28, 0x29, 0x2e, 0x20,
  0x4e, 0x6f, 0x74, 0x68, 0x69, 0x6e, 0x67, 0x20, 0x72, 0x75, 0x6e, 0x73, 0x20, 0x75, 0x6e, 0x74,
  0x69, 0x6c, 0x20, 0x72, 0x65, 0x73, 0x75, 0x6d, 0x65, 0x28, 0x29, 0x2e, 0x01, 0x06, 0x00, 0x00,
  0x00, 0x72, 0x65, 0x73, 0x75, 0x6d, 0x65, 0x01, 0x6a, 0x00, 0x00, 0x00, 0x72, 0x65, 0x73, 0x75,
  0x6d, 0x65, 0x28, 0x63, 0x6f, 0x2c, 0x20, 0x76, 0x61, 0x6c, 0x75, 0x65, 0x29, 0x20, 0x20, 0x52,
  0x75, 0x6e, 0x20, 0x74, 0x68, 0x65, 0x20, 0x63, 0x6f, 0x72, 0x6f, 0x75, 0x74, 0x69, 0x6e, 0x65,
  0x20, 0x75, 0x6e, 0x74, 0x69, 0x6c, 0x20, 0x69, 0x74, 0x20, 0x79, 0x69, 0x65, 0x6c, 0x64, 0x73,
  0x20, 0x6f, 0x72, 0x20, 0x66, 0x69, 0x6e, 0x69, 0x73, 0x68, 0x65, 0x73, 0x3b, 0x20, 0x76, 0x61,
  0x6c, 0x75, 0x65, 0x20, 0x62, 0x65, 0x63, 0x6f, 0x6d, 0x65, 0x73, 0x20, 0x74, 0x68, 0x65, 0x20,
  0x72, 0x65, 0x73, 0x75, 0x6c, 0x74, 0x20, 0x6f, 0x66, 0x20, 0x69, 0x74, 0x73, 0x20, 0x79, 0x69,
  0x65, 0x6c, 0x64, 0x28, 0x29, 0x2e, 0x01, 0x05, 0x00, 0x00, 0x00, 0x79, 0x69, 0x65, 0x6c, 0x64,
  0x01, 0x4f, 0x00, 0x00, 0x00, 0x79, 0x69, 0x65, 0x6c, 0x64, 0x28, 0x76, 0x61, 0x6c, 0x75, 0x65,
  0x29, 0x20, 0x20, 0x50, 0x61, 0x75, 0x73, 0x65, 0x20, 0x74, 0x68, 0x65, 0x20, 0x72, 0x75, 0x6e,
  0x6e, 0x69, 0x6e, 0x67, 0x20, 0x63, 0x6f, 0x72, 0x6f, 0x75, 0x74, 0x69, 0x6e, 0x65, 0x20, 0x61,
  0x6e, 0x64, 0x20, 0x67, 0x69, 0x76, 0x65, 0x20, 0x76, 0x61, 0x6c, 0x75, 0x65, 0x20, 0x74, 0x6f,
  0x20, 0x77, 0x68, 0x6f, 0x65, 0x76, 0x65, 0x72, 0x20, 0x72, 0x65, 0x73, 0x75, 0x6d, 0x65, 0x64,
  0x20, 0x69, 0x74, 0x2e, 0x01, 0x0c, 0x00, 0x00, 0x00, 0x72, 0x65, 0x73, 0x75, 0x6d, 0x65, 0x5f,
  0x65, 0x72, 0x72, 0x6f, 0x72, 0x01, 0x52, 0x00, 0x00, 0x00, 0x72, 0x65, 0x73, 0x75, 0x6d, 0x65,
  0x5f, 0x65, 0x72, 0x72, 0x6f, 0x72, 0x28, 0x63, 0x6f, 0x2c, 0x20, 0x65, 0x72, 0x72, 0x6f, 0x72,
  0x29, 0x20, 0x20, 0x54, 0x68, 0x72, 0x6f, 0x77, 0x20, 0x61, 0x6e, 0x20, 0x65, 0x72, 0x72, 0x6f,
  0x72, 0x20, 0x69, 0x6e, 0x73, 0x69, 0x64, 0x65, 0x20, 0x61, 0x20, 0x70, 0x61, 0x75, 0x73, 0x65,
  0x64, 0x20, 0x63, 0x6f, 0x72, 0x6f, 0x75, 0x74, 0x69, 0x6e, 0x65, 0x2c, 0x20, 0x61, 0x74, 0x20,
  0x69, 0x74, 0x73, 0x20, 0x79, 0x69, 0x65, 0x6c, 0x64, 0x28, 0x29, 0x2e, 0x01, 0x06, 0x00, 0x00,
  0x00, 0x73, 0x74, 0x61, 0x74, 0x75, 0x73, 0x01, 0x3e, 0x00, 0x00, 0x00, 0x73, 0x74, 0x61, 0x74,
  0x75, 0x73, 0x28, 0x63, 0x6f, 0x29, 0x20, 0x20, 0x22, 0x6e, 0x65, 0x77, 0x22, 0x2c, 0x20, 0x22,
  0x73, 0x75, 0x73, 0x70, 0x65, 0x6e, 0x64, 0x65, 0x64, 0x22, 0x2c, 0x20, 0x22, 0x72, 0x75, 0x6e,
  0x6e, 0x69, 0x6e, 0x67, 0x22, 0x2c, 0x20, 0x22, 0x64, 0x6f, 0x6e, 0x65, 0x22, 0x20, 0x6f, 0x72,
  0x20, 0x22, 0x66, 0x61, 0x69, 0x6c, 0x65, 0x64, 0x22, 0x2e, 0x01, 0x07, 0x00, 0x00, 0x00, 0x4d,
  0x45, 0x54, 0x48, 0x4f, 0x44, 0x53, 0x01, 0x06, 0x00, 0x00, 0x00, 0x73, 0x74, 0x72, 0x69, 0x6e,
  0x67, 0x01, 0x03, 0x00, 0x00, 0x00, 0x6c, 0x65, 0x6e, 0x01, 0x04, 0x00, 0x00, 0x00, 0x73, 0x69,
  0x7a, 0x65, 0x01, 0x05, 0x00, 0x00, 0x00, 0x75, 0x70, 0x70, 0x65, 0x72, 0x01, 0x05, 0x00, 0x00,
  0x00, 0x6c, 0x6f, 0x77, 0x65, 0x72, 0x01, 0x04, 0x00, 0x00, 0x00, 0x74, 0x72, 0x69, 0x6d, 0x01,
  0x06, 0x00, 0x00, 0x00, 0x6c, 0x73, 0x74, 0x72, 0x69, 0x70, 0x01, 0x06, 0x00, 0x00, 0x00, 0x72,
  0x73, 0x74, 0x72, 0x69, 0x70, 0x01, 0x08, 0x00, 0x00, 0x00, 0x63, 0x6f, 0x6e, 0x74, 0x61, 0x69,
  0x6e, 0x73, 0x01, 0x0b, 0x00, 0x00, 0x00, 0x73, 0x74, 0x61, 0x72, 0x74, 0x73, 0x5f, 0x77, 0x69,
  0x74, 0x68, 0x01, 0x09, 0x00, 0x00, 0x00, 0x65, 0x6e, 0x64, 0x73, 0x5f, 0x77, 0x69, 0x74, 0x68,
  0x01, 0x04, 0x00, 0x00, 0x00, 0x66, 0x69, 0x6e, 0x64, 0x01, 0x05, 0x00, 0x00, 0x00, 0x63, 0x6f,
  0x75, 0x6e, 0x74, 0x01, 0x07, 0x00, 0x00, 0x00, 0x72, 0x65, 0x70, 0x6c, 0x61, 0x63, 0x65, 0x01,
  0x05, 0x00, 0x00, 0x00, 0x73, 0x70, 0x6c, 0x69, 0x74, 0x01, 0x05, 0x00, 0x00, 0x00, 0x63, 0x68,
  0x61, 0x72, 0x73, 0x01, 0x05, 0x00, 0x00, 0x00, 0x6c, 0x69, 0x6e, 0x65, 0x73, 0x01, 0x06, 0x00,
  0x00, 0x00, 0x72, 0x65, 0x70, 0x65, 0x61, 0x74, 0x01, 0x07, 0x00, 0x00, 0x00, 0x72, 0x65, 0x76,
  0x65, 0x72, 0x73, 0x65, 0x01, 0x08, 0x00, 0x00, 0x00, 0x70, 0x61, 0x64, 0x5f, 0x6c, 0x65, 0x66,
  0x74, 0x01, 0x09, 0x00, 0x00, 0x00, 0x70, 0x61, 0x64, 0x5f, 0x72, 0x69, 0x67, 0x68, 0x74, 0x01,
  0x06, 0x00, 0x00, 0x00, 0x63, 0x65, 0x6e, 0x74, 0x65, 0x72, 0x01, 0x0a, 0x00, 0x00, 0x00, 0x63,
  0x61, 0x70, 0x69, 0x74, 0x61, 0x6c, 0x69, 0x7a, 0x65, 0x01, 0x08, 0x00, 0x00, 0x00, 0x69, 0x73,
  0x5f, 0x64, 0x69, 0x67, 0x69, 0x74, 0x01, 0x08, 0x00, 0x00, 0x00, 0x69, 0x73, 0x5f, 0x61, 0x6c,
  0x70, 0x68, 0x61, 0x01, 0x08, 0x00, 0x00, 0x00, 0x69, 0x73, 0x5f, 0x65, 0x6d, 0x70, 0x74, 0x79,
  0x01, 0x04, 0x00, 0x00, 0x00, 0x6c, 0x69, 0x73, 0x74, 0x01, 0x03, 0x00, 0x00, 0x00, 0x6c, 0x65,
  0x6e, 0x01, 0x04, 0x00, 0x00, 0x00, 0x70, 0x75, 0x73, 0x68, 0x01, 0x03, 0x00, 0x00, 0x00, 0x70,
  0x6f, 0x70, 0x01, 0x06, 0x00, 0x00, 0x00, 0x69, 0x6e, 0x73, 0x65, 0x72, 0x74, 0x01, 0x06, 0x00,
  0x00, 0x00, 0x72, 0x65, 0x6d, 0x6f, 0x76, 0x65, 0x01, 0x05, 0x00, 0x00, 0x00, 0x63, 0x6c, 0x65,
  0x61, 0x72, 0x01, 0x08, 0x00, 0x00, 0x00, 0x63, 0x6f, 0x6e, 0x74, 0x61, 0x69, 0x6e, 0x73, 0x01,
  0x08, 0x00, 0x00, 0x00, 0x69, 0x6e, 0x64, 0x65, 0x78, 0x5f, 0x6f, 0x66, 0x01, 0x04, 0x00, 0x00,
  0x00, 0x6a, 0x6f, 0x69, 0x6e, 0x01, 0x07, 0x00, 0x00, 0x00, 0x72, 0x65, 0x76, 0x65, 0x72, 0x73,
  0x65, 0x01, 0x04, 0x00, 0x00, 0x00, 0x73, 0x6f, 0x72, 0x74, 0x01, 0x05, 0x00, 0x00, 0x00, 0x73,
  0x6c, 0x69, 0x63, 0x65, 0x01, 0x04, 0x00, 0x00, 0x00, 0x63, 0x6f, 0x70, 0x79, 0x01, 0x03, 0x00,
  0x00, 0x00, 0x6d, 0x61, 0x70, 0x01, 0x06, 0x00, 0x00, 0x00, 0x66, 0x69, 0x6c, 0x74, 0x65, 0x72,
  0x01, 0x04, 0x00, 0x00, 0x00, 0x65, 0x61, 0x63, 0x68, 0x01, 0x06, 0x00, 0x00, 0x00, 0x72, 0x65,
  0x64, 0x75, 0x63, 0x65, 0x01, 0x05, 0x00, 0x00, 0x00, 0x66, 0x69, 0x72, 0x73, 0x74, 0x01, 0x04,
  0x00, 0x00, 0x00, 0x6c, 0x61, 0x73, 0x74, 0x01, 0x08, 0x00, 0x00, 0x00, 0x69, 0x73, 0x5f, 0x65,
  0x6d, 0x70, 0x74, 0x79, 0x01, 0x03, 0x00, 0x00, 0x00, 0x73, 0x75, 0x6d, 0x01, 0x03, 0x00, 0x00,
  0x00, 0x6d, 0x69, 0x6e, 0x01, 0x03, 0x00, 0x00, 0x00, 0x6d, 0x61, 0x78, 0x01, 0x03, 0x00, 0x00,
  0x00, 0x61, 0x6e, 0x79, 0x01, 0x03, 0x00, 0x00, 0x00, 0x61, 0x6c, 0x6c, 0x01, 0x04, 0x00, 0x00,
  0x00, 0x66, 0x69, 0x6e, 0x64, 0x01, 0x05, 0x00, 0x00, 0x00, 0x63, 0x6f, 0x75, 0x6e, 0x74, 0x01,
  0x06, 0x00, 0x00, 0x00, 0x65, 0x78, 0x74, 0x65, 0x6e, 0x64, 0x01, 0x06, 0x00, 0x00, 0x00, 0x75,
  0x6e, 0x69, 0x71, 0x75, 0x65, 0x01, 0x07, 0x00, 0x00, 0x00, 0x66, 0x6c, 0x61, 0x74, 0x74, 0x65,
  0x6e, 0x01, 0x06, 0x00, 0x00, 0x00, 0x73, 0x6f, 0x72, 0x74, 0x65, 0x64, 0x01, 0x08, 0x00, 0x00,
  0x00, 0x72, 0x65, 0x76, 0x65, 0x72, 0x73, 0x65, 0x64, 0x01, 0x09, 0x00, 0x00, 0x00, 0x63, 0x6f,
  0x72, 0x6f, 0x75, 0x74, 0x69, 0x6e, 0x65, 0x01, 0x06, 0x00, 0x00, 0x00, 0x72, 0x65, 0x73, 0x75,
  0x6d, 0x65, 0x01, 0x06, 0x00, 0x00, 0x00, 0x73, 0x74, 0x61, 0x74, 0x75, 0x73, 0x01, 0x07, 0x00,
  0x00, 0x00, 0x69, 0x73, 0x5f, 0x64, 0x6f, 0x6e, 0x65, 0x01, 0x07, 0x00, 0x00, 0x00, 0x74, 0x6f,
  0x5f, 0x6c, 0x69, 0x73, 0x74, 0x01, 0x03, 0x00, 0x00, 0x00, 0x6d, 0x61, 0x70, 0x01, 0x03, 0x00,
  0x00, 0x00, 0x6c, 0x65, 0x6e, 0x01, 0x04, 0x00, 0x00, 0x00, 0x6b, 0x65, 0x79, 0x73, 0x01, 0x06,
  0x00, 0x00, 0x00, 0x76, 0x61, 0x6c, 0x75, 0x65, 0x73, 0x01, 0x05, 0x00, 0x00, 0x00, 0x69, 0x74,
  0x65, 0x6d, 0x73, 0x01, 0x03, 0x00, 0x00, 0x00, 0x68, 0x61, 0x73, 0x01, 0x03, 0x00, 0x00, 0x00,
  0x67, 0x65, 0x74, 0x01, 0x06, 0x00, 0x00, 0x00, 0x72, 0x65, 0x6d, 0x6f, 0x76, 0x65, 0x01, 0x05,
  0x00, 0x00, 0x00, 0x63, 0x6c, 0x65, 0x61, 0x72, 0x01, 0x04, 0x00, 0x00, 0x00, 0x63, 0x6f, 0x70,
  0x79, 0x01, 0x08, 0x00, 0x00, 0x00, 0x69, 0x73, 0x5f, 0x65, 0x6d, 0x70, 0x74, 0x79, 0x01, 0x05,
  0x00, 0x00, 0x00, 0x6d, 0x65, 0x72, 0x67, 0x65, 0x01, 0x07, 0x00, 0x00, 0x00, 0x4d, 0x4f, 0x44,
  0x55, 0x4c, 0x45, 0x53, 0x01, 0x04, 0x00, 0x00, 0x00, 0x6d, 0x61, 0x74, 0x68, 0x01, 0x04, 0x00,
  0x00, 0x00, 0x6a, 0x73, 0x6f, 0x6e, 0x01, 0x04, 0x00, 0x00, 0x00, 0x74, 0x69, 0x6d, 0x65, 0x01,
  0x02, 0x00, 0x00, 0x00, 0x6f, 0x73, 0x01, 0x02, 0x00, 0x00, 0x00, 0x66, 0x73, 0x01, 0x0b, 0x00,
  0x00, 0x00, 0x53, 0x54, 0x44, 0x5f, 0x4d, 0x4f, 0x44, 0x55, 0x4c, 0x45, 0x53, 0x01, 0x09, 0x00,
  0x00, 0x00, 0x73, 0x74, 0x64, 0x2f, 0x74, 0x61, 0x73, 0x6b, 0x73, 0x01, 0x08, 0x00, 0x00, 0x00,
  0x73, 0x74, 0x64, 0x2f, 0x74, 0x65, 0x73, 0x74, 0x01, 0x0f, 0x00, 0x00, 0x00, 0x73, 0x74, 0x64,
  0x2f, 0x63, 0x6f, 0x6c, 0x6c, 0x65, 0x63, 0x74, 0x69, 0x6f, 0x6e, 0x73, 0x01, 0x08, 0x00, 0x00,
  0x00, 0x73, 0x74, 0x64, 0x2f, 0x69, 0x74, 0x65, 0x72, 0x01, 0x08, 0x00, 0x00, 0x00, 0x73, 0x74,
  0x64, 0x2f, 0x74, 0x65, 0x78, 0x74, 0x01, 0x0b, 0x00, 0x00, 0x00, 0x73, 0x74, 0x64, 0x2f, 0x6e,
  0x75, 0x6d, 0x62, 0x65, 0x72, 0x73, 0x01, 0x09, 0x00, 0x00, 0x00, 0x73, 0x74, 0x64, 0x2f, 0x63,
  0x6f, 0x6c, 0x6f, 0x72, 0x01, 0x09, 0x00, 0x00, 0x00, 0x73, 0x74, 0x64, 0x2f, 0x72, 0x65, 0x67,
  0x65, 0x78, 0x01, 0x0c, 0x00, 0x00, 0x00, 0x73, 0x74, 0x64, 0x2f, 0x64, 0x61, 0x74, 0x65, 0x74,
  0x69, 0x6d, 0x65, 0x01, 0x08, 0x00, 0x00, 0x00, 0x73, 0x74, 0x64, 0x2f, 0x70, 0x61, 0x74, 0x68,
  0x01, 0x07, 0x00, 0x00, 0x00, 0x73, 0x74, 0x64, 0x2f, 0x63, 0x73, 0x76, 0x01, 0x0a, 0x00, 0x00,
  0x00, 0x73, 0x74, 0x64, 0x2f, 0x72, 0x61, 0x6e, 0x64, 0x6f, 0x6d, 0x01, 0x07, 0x00, 0x00, 0x00,
  0x73, 0x74, 0x64, 0x2f, 0x6c, 0x65, 0x78, 0x01, 0x07, 0x00, 0x00, 0x00, 0x73, 0x74, 0x64, 0x2f,
  0x66, 0x6d, 0x74, 0x01, 0x0c, 0x00, 0x00, 0x00, 0x73, 0x74, 0x64, 0x2f, 0x62, 0x79, 0x74, 0x65,
  0x63, 0x6f, 0x64, 0x65, 0x01, 0x0c, 0x00, 0x00, 0x00, 0x73, 0x74, 0x64, 0x2f, 0x63, 0x6f, 0x6d,
  0x70, 0x69, 0x6c, 0x65, 0x72, 0x01, 0x12, 0x00, 0x00, 0x00, 0x70, 0x6f, 0x73, 0x69, 0x74, 0x69,
  0x6f, 0x6e, 0x5f, 0x74, 0x6f, 0x5f, 0x6f, 0x66, 0x66, 0x73, 0x65, 0x74, 0x02, 0x05, 0x00, 0x00,
  0x00, 0x01, 0x07, 0x00, 0x00, 0x00, 0x77, 0x6f, 0x72, 0x64, 0x5f, 0x61, 0x74, 0x02, 0x06, 0x00,
  0x00, 0x00, 0x01, 0x0d, 0x00, 0x00, 0x00, 0x5f, 0x69, 0x73, 0x5f, 0x77, 0x6f, 0x72, 0x64, 0x5f,
  0x63, 0x68, 0x61, 0x72, 0x02, 0x07, 0x00, 0x00, 0x00, 0x01, 0x07, 0x00, 0x00, 0x00, 0x73, 0x79,
  0x6d, 0x62, 0x6f, 0x6c, 0x73, 0x02, 0x08, 0x00, 0x00, 0x00, 0x01, 0x0a, 0x00, 0x00, 0x00, 0x5f,
  0x73, 0x69, 0x67, 0x6e, 0x61, 0x74, 0x75, 0x72, 0x65, 0x02, 0x09, 0x00, 0x00, 0x00, 0x01, 0x13,
  0x00, 0x00, 0x00, 0x70, 0x75, 0x62, 0x6c, 0x69, 0x73, 0x68, 0x5f, 0x64, 0x69, 0x61, 0x67, 0x6e,
  0x6f, 0x73, 0x74, 0x69, 0x63, 0x73, 0x02, 0x0a, 0x00, 0x00, 0x00, 0x01, 0x0a, 0x00, 0x00, 0x00,
  0x63, 0x6f, 0x6d, 0x70, 0x6c, 0x65, 0x74, 0x69, 0x6f, 0x6e, 0x02, 0x0c, 0x00, 0x00, 0x00, 0x01,
  0x05, 0x00, 0x00, 0x00, 0x68, 0x6f, 0x76, 0x65, 0x72, 0x02, 0x0d, 0x00, 0x00, 0x00, 0x01, 0x10,
  0x00, 0x00, 0x00, 0x64, 0x6f, 0x63, 0x75, 0x6d, 0x65, 0x6e, 0x74, 0x5f, 0x73, 0x79, 0x6d, 0x62,
  0x6f, 0x6c, 0x73, 0x02, 0x0e, 0x00, 0x00, 0x00, 0x01, 0x0a, 0x00, 0x00, 0x00, 0x66, 0x6f, 0x72,
  0x6d, 0x61, 0x74, 0x74, 0x69, 0x6e, 0x67, 0x02, 0x0f, 0x00, 0x00, 0x00, 0x01, 0x06, 0x00, 0x00,
  0x00, 0x68, 0x61, 0x6e, 0x64, 0x6c, 0x65, 0x02, 0x10, 0x00, 0x00, 0x00, 0x01, 0x02, 0x00, 0x00,
  0x00, 0x69, 0x64, 0x00, 0x00, 0x00, 0x00, 0x00, 0xc0, 0xd6, 0xdf, 0x40, 0x01, 0x10, 0x00, 0x00,
  0x00, 0x69, 0x6e, 0x74, 0x65, 0x72, 0x6e, 0x61, 0x6c, 0x20, 0x65, 0x72, 0x72, 0x6f, 0x72, 0x3a,
  0x20, 0xa6, 0x0a, 0x63, 0x1f,
};

/* tools/pkg */
static const unsigned char embedded_20[] = {
  0x7f, 0x46, 0x58, 0x43, 0x01, 0x00, 0x01, 0x00, 0x00, 0x00, 0x00, 0x00, 0x05, 0x00, 0x00, 0x00,
  0x31, 0x2e, 0x30, 0x2e, 0x30, 0x06, 0x00, 0x00, 0x00, 0x70, 0x6b, 0x67, 0x2e, 0x66, 0x78, 0x09,
  0x00, 0x00, 0x00, 0x05, 0x00, 0x00, 0x00, 0x75, 0x73, 0x61, 0x67, 0x65, 0x00, 0x00, 0x00, 0x00,
  0x00, 0x0b, 0x00, 0x00, 0x00, 0x09, 0x00, 0x00, 0x00, 0x00, 0x01, 0x23, 0x01, 0x04, 0x01, 0x27,
  0x02, 0x00, 0x00, 0x00, 0x11, 0x00, 0x00, 0x00, 0x09, 0x00, 0x00, 0x00, 0x12, 0x00, 0x00, 0x00,
  0x02, 0x00, 0x00, 0x00, 0x02, 0x00, 0x00, 0x00, 0x01, 0x05, 0x00, 0x00, 0x00, 0x70, 0x72, 0x69,
  0x6e, 0x74, 0x01, 0x41, 0x00, 0x00, 0x00, 0x75, 0x73, 0x61, 0x67, 0x65, 0x3a, 0x20, 0x66, 0x61,
  0x78, 0x61, 0x6c, 0x20, 0x61, 0x64, 0x64, 0x20, 0x3c, 0x73, 0x6f, 0x75, 0x72, 0x63, 0x65, 0x3e,
  0x20, 0x5b, 0x6e, 0x61, 0x6d, 0x65, 0x5d, 0x20, 0x7c, 0x20, 0x69, 0x6e, 0x73, 0x74, 0x61, 0x6c,
  0x6c, 0x20, 0x7c, 0x20, 0x72, 0x65, 0x6d, 0x6f, 0x76, 0x65, 0x20, 0x3c, 0x6e, 0x61, 0x6d, 0x65,
  0x3e, 0x20, 0x7c, 0x20, 0x6c, 0x69, 0x73, 0x74, 0x03, 0x00, 0x00, 0x00, 0x64, 0x69, 0x65, 0x01,
  0x01, 0x00, 0x00, 0x00, 0x21, 0x00, 0x00, 0x00, 0x09, 0x00, 0x00, 0x00, 0x00, 0x01, 0x09, 0x00,
  0x02, 0x16, 0x00, 0x00, 0x03, 0x16, 0x07, 0x01, 0x16, 0x23, 0x01, 0x04, 0x09, 0x00, 0x04, 0x00,
  0x00, 0x06, 0x24, 0x00, 0x05, 0x01, 0x04, 0x01, 0x27, 0x03, 0x00, 0x00, 0x00, 0x15, 0x00, 0x00,
  0x00, 0x14, 0x00, 0x00, 0x00, 0x16, 0x00, 0x00, 0x00, 0x0b, 0x00, 0x00, 0x00, 0x17, 0x00, 0x00,
  0x00, 0x02, 0x00, 0x00, 0x00, 0x07, 0x00, 0x00, 0x00, 0x01, 0x05, 0x00, 0x00, 0x00, 0x70, 0x72,
  0x69, 0x6e, 0x74, 0x01, 0x06, 0x00, 0x00, 0x00, 0x66, 0x61, 0x78, 0x61, 0x6c, 0x20, 0x01, 0x07,
  0x00, 0x00, 0x00, 0x63, 0x6f, 0x6d, 0x6d, 0x61, 0x6e, 0x64, 0x01, 0x02, 0x00, 0x00, 0x00, 0x3a,
  0x20, 0x01, 0x02, 0x00, 0x00, 0x00, 0x6f, 0x73, 0x01, 0x04, 0x00, 0x00, 0x00, 0x65, 0x78, 0x69,
  0x74, 0x00, 0x00, 0x00, 0x00, 0x00, 0x00, 0x00, 0xf0, 0x3f, 0x01, 0x00, 0x00, 0x00, 0x71, 0x01,
  0x01, 0x00, 0x00, 0x00, 0x17, 0x00, 0x00, 0x00, 0x00, 0x00, 0x00, 0x07, 0x01, 0x00, 0x00, 0x02,
  0x00, 0x00, 0x03, 0x24, 0x00, 0x01, 0x02, 0x16, 0x00, 0x00, 0x04, 0x16, 0x27, 0x01, 0x27, 0x01,
  0x00, 0x00, 0x00, 0x1a, 0x00, 0x00, 0x00, 0x17, 0x00, 0x00, 0x00, 0x05, 0x00, 0x00, 0x00, 0x01,
  0x01, 0x00, 0x00, 0x00, 0x27, 0x01, 0x07, 0x00, 0x00, 0x00, 0x72, 0x65, 0x70, 0x6c, 0x61, 0x63,
  0x65, 0x01, 0x01, 0x00, 0x00, 0x00, 0x27, 0x01, 0x04, 0x00, 0x00, 0x00, 0x27, 0x5c, 0x27, 0x27,
  0x01, 0x01, 0x00, 0x00, 0x00, 0x27, 0x0d, 0x00, 0x00, 0x00, 0x72, 0x65, 0x61, 0x64, 0x5f, 0x6d,
  0x61, 0x6e, 0x69, 0x66, 0x65, 0x73, 0x74, 0x00, 0x00, 0x00, 0x00, 0x00, 0x6d, 0x00, 0x00, 0x00,
  0x09, 0x00, 0x00, 0x00, 0x00, 0x02, 0x24, 0x00, 0x01, 0x01, 0x1d, 0x21, 0x00, 0x30, 0x04, 0x00,
  0x00, 0x03, 0x09, 0x00, 0x04, 0x24, 0x00, 0x05, 0x00, 0x00, 0x00, 0x07, 0x24, 0x00, 0x06, 0x01,
  0x00, 0x00, 0x08, 0x1c, 0x10, 0x00, 0x00, 0x09, 0x00, 0x00, 0x0a, 0x00, 0x00, 0x0b, 0x00, 0x00,
  0x0c, 0x00, 0x00, 0x0d, 0x29, 0x00, 0x00, 0x29, 0x00, 0x04, 0x27, 0x20, 0x00, 0x01, 0x04, 0x09,
  0x00, 0x0e, 0x09, 0x00, 0x00, 0x00, 0x00, 0x11, 0x24, 0x00, 0x10, 0x01, 0x24, 0x00, 0x0f, 0x01,
  0x07, 0x01, 0x0e, 0x00, 0x0d, 0x01, 0x13, 0x21, 0x00, 0x0d, 0x04, 0x07, 0x01, 0x29, 0x00, 0x00,
  0x0f, 0x00, 0x0d, 0x04, 0x20, 0x00, 0x01, 0x04, 0x07, 0x01, 0x27, 0x01, 0x27, 0x07, 0x00, 0x00,
  0x00, 0x1d, 0x00, 0x00, 0x00, 0x0f, 0x00, 0x00, 0x00, 0x1e, 0x00, 0x00, 0x00, 0x2c, 0x00, 0x00,
  0x00, 0x1f, 0x00, 0x00, 0x00, 0x04, 0x00, 0x00, 0x00, 0x20, 0x00, 0x00, 0x00, 0x11, 0x00, 0x00,
  0x00, 0x21, 0x00, 0x00, 0x00, 0x18, 0x00, 0x00, 0x00, 0x22, 0x00, 0x00, 0x00, 0x03, 0x00, 0x00,
  0x00, 0x23, 0x00, 0x00, 0x00, 0x02, 0x00, 0x00, 0x00, 0x12, 0x00, 0x00, 0x00, 0x01, 0x02, 0x00,
  0x00, 0x00, 0x66, 0x73, 0x01, 0x06, 0x00, 0x00, 0x00, 0x65, 0x78, 0x69, 0x73, 0x74, 0x73, 0x01,
  0x0a, 0x00, 0x00, 0x00, 0x66, 0x61, 0x78, 0x61, 0x6c, 0x2e, 0x6a, 0x73, 0x6f, 0x6e, 0x01, 0x04,
  0x00, 0x00, 0x00, 0x6e, 0x61, 0x6d, 0x65, 0x01, 0x02, 0x00, 0x00, 0x00, 0x6f, 0x73, 0x01, 0x03,
  0x00, 0x00, 0x00, 0x63, 0x77, 0x64, 0x01, 0x05, 0x00, 0x00, 0x00, 0x73, 0x70, 0x6c, 0x69, 0x74,
  0x01, 0x01, 0x00, 0x00, 0x00, 0x2f, 0x00, 0x00, 0x00, 0x00, 0x00, 0x00, 0x00, 0xf0, 0x3f, 0x01,
  0x07, 0x00, 0x00, 0x00, 0x76, 0x65, 0x72, 0x73, 0x69, 0x6f, 0x6e, 0x01, 0x05, 0x00, 0x00, 0x00,
  0x30, 0x2e, 0x31, 0x2e, 0x30, 0x01, 0x04, 0x00, 0x00, 0x00, 0x6d, 0x61, 0x69, 0x6e, 0x01, 0x07,
  0x00, 0x00, 0x00, 0x6d, 0x61, 0x69, 0x6e, 0x2e, 0x66, 0x78, 0x01, 0x0c, 0x00, 0x00, 0x00, 0x64,
  0x65, 0x70, 0x65, 0x6e, 0x64, 0x65, 0x6e, 0x63, 0x69, 0x65, 0x73, 0x01, 0x04, 0x00, 0x00, 0x00,
  0x6a, 0x73, 0x6f, 0x6e, 0x01, 0x06, 0x00, 0x00, 0x00, 0x64, 0x65, 0x63, 0x6f, 0x64, 0x65, 0x01,
  0x04, 0x00, 0x00, 0x00, 0x72, 0x65, 0x61, 0x64, 0x01, 0x0a, 0x00, 0x00, 0x00, 0x66, 0x61, 0x78,
  0x61, 0x6c, 0x2e, 0x6a, 0x73, 0x6f, 0x6e, 0x0e, 0x00, 0x00, 0x00, 0x77, 0x72, 0x69, 0x74, 0x65,
  0x5f, 0x6d, 0x61, 0x6e, 0x69, 0x66, 0x65, 0x73, 0x74, 0x01, 0x01, 0x00, 0x00, 0x00, 0x1d, 0x00,
  0x00, 0x00, 0x09, 0x00, 0x00, 0x00, 0x00, 0x02, 0x09, 0x00, 0x03, 0x07, 0x01, 0x00, 0x00, 0x05,
  0x24, 0x00, 0x04, 0x02, 0x00, 0x00, 0x06, 0x16, 0x24, 0x00, 0x01, 0x02, 0x04, 0x01, 0x27, 0x02,
  0x00, 0x00, 0x00, 0x26, 0x00, 0x00, 0x00, 0x1b, 0x00, 0x00, 0x00, 0x27, 0x00, 0x00, 0x00, 0x02,
  0x00, 0x00, 0x00, 0x07, 0x00, 0x00, 0x00, 0x01, 0x02, 0x00, 0x00, 0x00, 0x66, 0x73, 0x01, 0x05,
  0x00, 0x00, 0x00, 0x77, 0x72, 0x69, 0x74, 0x65, 0x01, 0x0a, 0x00, 0x00, 0x00, 0x66, 0x61, 0x78,
  0x61, 0x6c, 0x2e, 0x6a, 0x73, 0x6f, 0x6e, 0x01, 0x04, 0x00, 0x00, 0x00, 0x6a, 0x73, 0x6f, 0x6e,
  0x01, 0x06, 0x00, 0x00, 0x00, 0x65, 0x6e, 0x63, 0x6f, 0x64, 0x65, 0x00, 0x00, 0x00, 0x00, 0x00,
  0x00, 0x00, 0x00, 0x40, 0x01, 0x01, 0x00, 0x00, 0x00, 0x0a, 0xff, 0xff, 0xff, 0xff, 0x01, 0x01,
  0x00, 0x00, 0x00, 0x0e, 0x00, 0x00, 0x00, 0x09, 0x00, 0x00, 0x07, 0x01, 0x23, 0x01, 0x00, 0x00,
  0x01, 0x14, 0x27, 0x01, 0x27, 0x01, 0x00, 0x00, 0x00, 0x2a, 0x00, 0x00, 0x00, 0x0e, 0x00, 0x00,
  0x00, 0x02, 0x00, 0x00, 0x00, 0x01, 0x03, 0x00, 0x00, 0x00, 0x6c, 0x65, 0x6e, 0x00, 0x00, 0x00,
  0x00, 0x00, 0x00, 0x00, 0x00, 0x00, 0x0c, 0x00, 0x00, 0x00, 0x64, 0x65, 0x66, 0x61, 0x75, 0x6c,
  0x74, 0x5f, 0x6e, 0x61, 0x6d, 0x65, 0x01, 0x01, 0x00, 0x00, 0x00, 0x54, 0x00, 0x00, 0x00, 0x07,
  0x01, 0x00, 0x00, 0x01, 0x24, 0x00, 0x00, 0x01, 0x25, 0x00, 0x03, 0x24, 0x00, 0x02, 0x01, 0x07,
  0x02, 0x00, 0x00, 0x04, 0x1c, 0x10, 0x07, 0x03, 0x00, 0x00, 0x06, 0x24, 0x00, 0x05, 0x01, 0x21,
  0x00, 0x0f, 0x04, 0x07, 0x03, 0x01, 0x00, 0x00, 0x07, 0x1c, 0x12, 0x08, 0x03, 0x04, 0x20, 0x00,
  0x01, 0x04, 0x07, 0x03, 0x00, 0x00, 0x08, 0x24, 0x00, 0x05, 0x01, 0x21, 0x00, 0x0f, 0x04, 0x07,
  0x03, 0x01, 0x00, 0x00, 0x09, 0x1c, 0x12, 0x08, 0x03, 0x04, 0x20, 0x00, 0x01, 0x04, 0x07, 0x03,
  0x27, 0x01, 0x27, 0x06, 0x00, 0x00, 0x00, 0x2a, 0x00, 0x00, 0x00, 0x10, 0x00, 0x00, 0x00, 0x2b,
  0x00, 0x00, 0x00, 0x07, 0x00, 0x00, 0x00, 0x2c, 0x00, 0x00, 0x00, 0x1c, 0x00, 0x00, 0x00, 0x2d,
  0x00, 0x00, 0x00, 0x1c, 0x00, 0x00, 0x00, 0x2e, 0x00, 0x00, 0x00, 0x03, 0x00, 0x00, 0x00, 0x2f,
  0x00, 0x00, 0x00, 0x02, 0x00, 0x00, 0x00, 0x0a, 0x00, 0x00, 0x00, 0x01, 0x05, 0x00, 0x00, 0x00,
  0x73, 0x70, 0x6c, 0x69, 0x74, 0x01, 0x01, 0x00, 0x00, 0x00, 0x2f, 0x01, 0x06, 0x00, 0x00, 0x00,
  0x66, 0x69, 0x6c, 0x74, 0x65, 0x72, 0x02, 0x05, 0x00, 0x00, 0x00, 0x00, 0x00, 0x00, 0x00, 0x00,
  0x00, 0x00, 0xf0, 0x3f, 0x01, 0x09, 0x00, 0x00, 0x00, 0x65, 0x6e, 0x64, 0x73, 0x5f, 0x77, 0x69,
  0x74, 0x68, 0x01, 0x04, 0x00, 0x00, 0x00, 0x2e, 0x67, 0x69, 0x74, 0x00, 0x00, 0x00, 0x00, 0x00,
  0x00, 0x00, 0x10, 0x40, 0x01, 0x03, 0x00, 0x00, 0x00, 0x2e, 0x66, 0x78, 0x00, 0x00, 0x00, 0x00,
  0x00, 0x00, 0x00, 0x08, 0x40, 0x07, 0x00, 0x00, 0x00, 0x69, 0x6e, 0x73, 0x74, 0x61, 0x6c, 0x6c,
  0x02, 0x02, 0x00, 0x00, 0x00, 0x91, 0x01, 0x00, 0x00, 0x09, 0x00, 0x00, 0x00, 0x00, 0x02, 0x24,
  0x00, 0x01, 0x01, 0x04, 0x00, 0x00, 0x03, 0x07, 0x01, 0x16, 0x09, 0x00, 0x04, 0x00, 0x00, 0x06,
  0x09, 0x00, 0x07, 0x07, 0x03, 0x23, 0x01, 0x16, 0x00, 0x00, 0x08, 0x16, 0x09, 0x00, 0x07, 0x07,
  0x03, 0x00, 0x00, 0x09, 0x16, 0x23, 0x01, 0x16, 0x24, 0x00, 0x05, 0x01, 0x04, 0x09, 0x00, 0x00,
  0x07, 0x02, 0x24, 0x00, 0x0a, 0x01, 0x21, 0x00, 0x81, 0x04, 0x09, 0x00, 0x00, 0x07, 0x02, 0x24,
  0x00, 0x0b, 0x01, 0x21, 0x00, 0x18, 0x04, 0x00, 0x00, 0x0c, 0x09, 0x00, 0x07, 0x07, 0x02, 0x23,
  0x01, 0x16, 0x00, 0x00, 0x0d, 0x16, 0x09, 0x00, 0x07, 0x07, 0x03, 0x23, 0x01, 0x16, 0x21, 0x00,
  0x03, 0x20, 0x00, 0x1c, 0x04, 0x00, 0x00, 0x0e, 0x09, 0x00, 0x07, 0x07, 0x02, 0x23, 0x01, 0x16,
  0x00, 0x00, 0x0f, 0x16, 0x09, 0x00, 0x07, 0x07, 0x03, 0x00, 0x00, 0x10, 0x16, 0x23, 0x01, 0x16,
  0x09, 0x00, 0x04, 0x07, 0x04, 0x24, 0x00, 0x05, 0x01, 0x07, 0x05, 0x0e, 0x00, 0x11, 0x00, 0x00,
  0x12, 0x13, 0x1d, 0x21, 0x00, 0x1e, 0x04, 0x09, 0x00, 0x13, 0x00, 0x00, 0x14, 0x07, 0x02, 0x16,
  0x00, 0x00, 0x15, 0x16, 0x07, 0x05, 0x0e, 0x00, 0x16, 0x24, 0x00, 0x17, 0x00, 0x16, 0x23, 0x01,
  0x04, 0x20, 0x00, 0x01, 0x04, 0x04, 0x04, 0x20, 0x00, 0xbb, 0x04, 0x07, 0x02, 0x07, 0x02, 0x00,
  0x00, 0x19, 0x24, 0x00, 0x18, 0x01, 0x21, 0x00, 0x03, 0x20, 0x00, 0x0a, 0x04, 0x07, 0x02, 0x00,
  0x00, 0x1b, 0x24, 0x00, 0x1a, 0x01, 0x1d, 0x21, 0x00, 0x37, 0x04, 0x07, 0x02, 0x00, 0x00, 0x1d,
  0x24, 0x00, 0x1c, 0x01, 0x24, 0x00, 0x1e, 0x00, 0x00, 0x00, 0x1f, 0x13, 0x1d, 0x21, 0x00, 0x10,
  0x04, 0x09, 0x00, 0x13, 0x00, 0x00, 0x20, 0x07, 0x02, 0x16, 0x23, 0x01, 0x04, 0x20, 0x00, 0x01,
  0x04, 0x00, 0x00, 0x21, 0x07, 0x02, 0x16, 0x00, 0x00, 0x22, 0x16, 0x08, 0x04, 0x04, 0x20, 0x00,
  0x01, 0x04, 0x09, 0x00, 0x04, 0x00, 0x00, 0x23, 0x09, 0x00, 0x07, 0x07, 0x04, 0x23, 0x01, 0x16,
  0x00, 0x00, 0x24, 0x16, 0x09, 0x00, 0x07, 0x07, 0x03, 0x23, 0x01, 0x16, 0x24, 0x00, 0x05, 0x01,
  0x07, 0x05, 0x0e, 0x00, 0x11, 0x00, 0x00, 0x25, 0x13, 0x1d, 0x21, 0x00, 0x1e, 0x04, 0x09, 0x00,
  0x13, 0x00, 0x00, 0x26, 0x07, 0x04, 0x16, 0x00, 0x00, 0x27, 0x16, 0x07, 0x05, 0x0e, 0x00, 0x16,
  0x24, 0x00, 0x17, 0x00, 0x16, 0x23, 0x01, 0x04, 0x20, 0x00, 0x01, 0x04, 0x09, 0x00, 0x04, 0x00,
  0x00, 0x28, 0x09, 0x00, 0x07, 0x07, 0x03, 0x00, 0x00, 0x29, 0x16, 0x23, 0x01, 0x16, 0x24, 0x00,
  0x05, 0x01, 0x04, 0x04, 0x04, 0x09, 0x00, 0x2a, 0x00, 0x00, 0x2b, 0x07, 0x01, 0x16, 0x00, 0x00,
  0x2c, 0x16, 0x07, 0x02, 0x16, 0x23, 0x01, 0x04, 0x01, 0x27, 0x13, 0x00, 0x00, 0x00, 0x32, 0x00,
  0x00, 0x00, 0x0b, 0x00, 0x00, 0x00, 0x33, 0x00, 0x00, 0x00, 0x06, 0x00, 0x00, 0x00, 0x34, 0x00,
  0x00, 0x00, 0x23, 0x00, 0x00, 0x00, 0x36, 0x00, 0x00, 0x00, 0x0d, 0x00, 0x00, 0x00, 0x37, 0x00,
  0x00, 0x00, 0x46, 0x00, 0x00, 0x00, 0x38, 0x00, 0x00, 0x00, 0x09, 0x00, 0x00, 0x00, 0x39, 0x00,
  0x00, 0x00, 0x2c, 0x00, 0x00, 0x00, 0x3a, 0x00, 0x00, 0x00, 0x06, 0x00, 0x00, 0x00, 0x3b, 0x00,
  0x00, 0x00, 0x02, 0x00, 0x00, 0x00, 0x3c, 0x00, 0x00, 0x00, 0x1e, 0x00, 0x00, 0x00, 0x3d, 0x00,
  0x00, 0x00, 0x26, 0x00, 0x00, 0x00, 0x3e, 0x00, 0x00, 0x00, 0x0d, 0x00, 0x00, 0x00, 0x3f, 0x00,
  0x00, 0x00, 0x04, 0x00, 0x00, 0x00, 0x40, 0x00, 0x00, 0x00, 0x1e, 0x00, 0x00, 0x00, 0x41, 0x00,
  0x00, 0x00, 0x2c, 0x00, 0x00, 0x00, 0x42, 0x00, 0x00, 0x00, 0x17, 0x00, 0x00, 0x00, 0x43, 0x00,
  0x00, 0x00, 0x02, 0x00, 0x00, 0x00, 0x44, 0x00, 0x00, 0x00, 0x13, 0x00, 0x00, 0x00, 0x45, 0x00,
  0x00, 0x00, 0x02, 0x00, 0x00, 0x00, 0x2d, 0x00, 0x00, 0x00, 0x01, 0x02, 0x00, 0x00, 0x00, 0x66,
  0x73, 0x01, 0x05, 0x00, 0x00, 0x00, 0x6d, 0x6b, 0x64, 0x69, 0x72, 0x01, 0x0a, 0x00, 0x00, 0x00,
  0x66, 0x78, 0x5f, 0x6d, 0x6f, 0x64, 0x75, 0x6c, 0x65, 0x73, 0x01, 0x0b, 0x00, 0x00, 0x00, 0x66,
  0x78, 0x5f, 0x6d, 0x6f, 0x64, 0x75, 0x6c, 0x65, 0x73, 0x2f, 0x01, 0x02, 0x00, 0x00, 0x00, 0x6f,
  0x73, 0x01, 0x03, 0x00, 0x00, 0x00, 0x72, 0x75, 0x6e, 0x01, 0x07, 0x00, 0x00, 0x00, 0x72, 0x6d,
  0x20, 0x2d, 0x72, 0x66, 0x20, 0x01, 0x01, 0x00, 0x00, 0x00, 0x71, 0x01, 0x01, 0x00, 0x00, 0x00,
  0x20, 0x01, 0x03, 0x00, 0x00, 0x00, 0x2e, 0x66, 0x78, 0x01, 0x06, 0x00, 0x00, 0x00, 0x65, 0x78,
  0x69, 0x73, 0x74, 0x73, 0x01, 0x06, 0x00, 0x00, 0x00, 0x69, 0x73, 0x5f, 0x64, 0x69, 0x72, 0x01,
  0x06, 0x00, 0x00, 0x00, 0x63, 0x70, 0x20, 0x2d, 0x52, 0x20, 0x01, 0x01, 0x00, 0x00, 0x00, 0x20,
  0x01, 0x03, 0x00, 0x00, 0x00, 0x63, 0x70, 0x20, 0x01, 0x01, 0x00, 0x00, 0x00, 0x20, 0x01, 0x03,
  0x00, 0x00, 0x00, 0x2e, 0x66, 0x78, 0x01, 0x04, 0x00, 0x00, 0x00, 0x63, 0x6f, 0x64, 0x65, 0x00,
  0x00, 0x00, 0x00, 0x00, 0x00, 0x00, 0x00, 0x00, 0x01, 0x03, 0x00, 0x00, 0x00, 0x64, 0x69, 0x65,
  0x01, 0x0f, 0x00, 0x00, 0x00, 0x63, 0x6f, 0x75, 0x6c, 0x64, 0x20, 0x6e, 0x6f, 0x74, 0x20, 0x63,
  0x6f, 0x70, 0x79, 0x20, 0x01, 0x02, 0x00, 0x00, 0x00, 0x3a, 0x20, 0x01, 0x06, 0x00, 0x00, 0x00,
  0x6f, 0x75, 0x74, 0x70, 0x75, 0x74, 0x01, 0x04, 0x00, 0x00, 0x00, 0x74, 0x72, 0x69, 0x6d, 0x01,
  0x08, 0x00, 0x00, 0x00, 0x63, 0x6f, 0x6e, 0x74, 0x61, 0x69, 0x6e, 0x73, 0x01, 0x03, 0x00, 0x00,
  0x00, 0x3a, 0x2f, 0x2f, 0x01, 0x0b, 0x00, 0x00, 0x00, 0x73, 0x74, 0x61, 0x72, 0x74, 0x73, 0x5f,
  0x77, 0x69, 0x74, 0x68, 0x01, 0x04, 0x00, 0x00, 0x00, 0x67, 0x69, 0x74, 0x40, 0x01, 0x05, 0x00,
  0x00, 0x00, 0x73, 0x70, 0x6c, 0x69, 0x74, 0x01, 0x01, 0x00, 0x00, 0x00, 0x2f, 0x01, 0x03, 0x00,
  0x00, 0x00, 0x6c, 0x65, 0x6e, 0x00, 0x00, 0x00, 0x00, 0x00, 0x00, 0x00, 0x00, 0x40, 0x01, 0x0c,
  0x00, 0x00, 0x00, 0x63, 0x61, 0x6e, 0x6e, 0x6f, 0x74, 0x20, 0x66, 0x69, 0x6e, 0x64, 0x20, 0x01,
  0x13, 0x00, 0x00, 0x00, 0x68, 0x74, 0x74, 0x70, 0x73, 0x3a, 0x2f, 0x2f, 0x67, 0x69, 0x74, 0x68,
  0x75, 0x62, 0x2e, 0x63, 0x6f, 0x6d, 0x2f, 0x01, 0x04, 0x00, 0x00, 0x00, 0x2e, 0x67, 0x69, 0x74,
  0x01, 0x14, 0x00, 0x00, 0x00, 0x67, 0x69, 0x74, 0x20, 0x63, 0x6c, 0x6f, 0x6e, 0x65, 0x20, 0x2d,
  0x2d, 0x64, 0x65, 0x70, 0x74, 0x68, 0x20, 0x31, 0x20, 0x01, 0x01, 0x00, 0x00, 0x00, 0x20, 0x00,
  0x00, 0x00, 0x00, 0x00, 0x00, 0x00, 0x00, 0x00, 0x01, 0x14, 0x00, 0x00, 0x00, 0x67, 0x69, 0x74,
  0x20, 0x63, 0x6f, 0x75, 0x6c, 0x64, 0x20, 0x6e, 0x6f, 0x74, 0x20, 0x66, 0x65, 0x74, 0x63, 0x68,
  0x20, 0x01, 0x02, 0x00, 0x00, 0x00, 0x3a, 0x0a, 0x01, 0x07, 0x00, 0x00, 0x00, 0x72, 0x6d, 0x20,
  0x2d, 0x72, 0x66, 0x20, 0x01, 0x05, 0x00, 0x00, 0x00, 0x2f, 0x2e, 0x67, 0x69, 0x74, 0x01, 0x05,
  0x00, 0x00, 0x00, 0x70, 0x72, 0x69, 0x6e, 0x74, 0x01, 0x0c, 0x00, 0x00, 0x00, 0x20, 0x20, 0x69,
  0x6e, 0x73, 0x74, 0x61, 0x6c, 0x6c, 0x65, 0x64, 0x20, 0x01, 0x06, 0x00, 0x00, 0x00, 0x20, 0x66,
  0x72, 0x6f, 0x6d, 0x20, 0xff, 0xff, 0xff, 0xff, 0x00, 0x00, 0x00, 0x00, 0x01, 0x9b, 0x02, 0x00,
  0x00, 0x09, 0x00, 0x01, 0x0e, 0x00, 0x02, 0x00, 0x00, 0x03, 0x10, 0x0a, 0x00, 0x00, 0x09, 0x00,
  0x01, 0x0e, 0x00, 0x02, 0x00, 0x00, 0x06, 0x24, 0x00, 0x05, 0x01, 0x0a, 0x00, 0x04, 0x25, 0x00,
  0x08, 0x0a, 0x00, 0x07, 0x25, 0x00, 0x0a, 0x0a, 0x00, 0x09, 0x25, 0x00, 0x0c, 0x0a, 0x00, 0x0b,
  0x25, 0x00, 0x0e, 0x0a, 0x00, 0x0d, 0x25, 0x00, 0x10, 0x0a, 0x00, 0x0f, 0x25, 0x00, 0x12, 0x0a,
  0x00, 0x11, 0x25, 0x00, 0x14, 0x0a, 0x00, 0x13, 0x09, 0x00, 0x00, 0x00, 0x00, 0x15, 0x13, 0x21,
  0x00, 0x78, 0x04, 0x09, 0x00, 0x04, 0x24, 0x00, 0x16, 0x00, 0x00, 0x00, 0x17, 0x15, 0x21, 0x00,
  0x15, 0x04, 0x09, 0x00, 0x07, 0x23, 0x00, 0x04, 0x09, 0x00, 0x01, 0x00, 0x00, 0x19, 0x24, 0x00,
  0x18, 0x01, 0x04, 0x20, 0x00, 0x01, 0x04, 0x09, 0x00, 0x04, 0x00, 0x00, 0x1a, 0x10, 0x09, 0x00,
  0x04, 0x24, 0x00, 0x16, 0x00, 0x00, 0x00, 0x1b, 0x14, 0x21, 0x00, 0x08, 0x04, 0x09, 0x00, 0x04,
  0x00, 0x00, 0x1c, 0x10, 0x21, 0x00, 0x03, 0x20, 0x00, 0x08, 0x04, 0x09, 0x00, 0x11, 0x07, 0x01,
  0x23, 0x01, 0x09, 0x00, 0x13, 0x07, 0x02, 0x07, 0x01, 0x23, 0x02, 0x04, 0x09, 0x00, 0x0d, 0x23,
  0x00, 0x07, 0x03, 0x0e, 0x00, 0x1d, 0x07, 0x02, 0x07, 0x01, 0x11, 0x04, 0x09, 0x00, 0x0f, 0x07,
  0x03, 0x23, 0x01, 0x04, 0x04, 0x04, 0x04, 0x20, 0x01, 0xd0, 0x04, 0x09, 0x00, 0x00, 0x00, 0x00,
  0x1e, 0x13, 0x21, 0x00, 0x4e, 0x04, 0x09, 0x00, 0x0d, 0x23, 0x00, 0x07, 0x01, 0x0e, 0x00, 0x1d,
  0x24, 0x00, 0x1f, 0x00, 0x07, 0x02, 0x24, 0x00, 0x16, 0x00, 0x00, 0x00, 0x20, 0x13, 0x21, 0x00,
  0x0d, 0x04, 0x09, 0x00, 0x21, 0x00, 0x00, 0x22, 0x23, 0x01, 0x04, 0x20, 0x00, 0x01, 0x04, 0x07,
  0x02, 0x00, 0x00, 0x23, 0x2a, 0x03, 0x00, 0x14, 0x09, 0x00, 0x13, 0x07, 0x05, 0x07, 0x01, 0x0e,
  0x00, 0x1d, 0x07, 0x05, 0x10, 0x23, 0x02, 0x04, 0x04, 0x22, 0x00, 0x18, 0x04, 0x04, 0x04, 0x04,
  0x20, 0x01, 0x77, 0x04, 0x09, 0x00, 0x00, 0x00, 0x00, 0x24, 0x13, 0x21, 0x00, 0xb7, 0x04, 0x09,
  0x00, 0x04, 0x24, 0x00, 0x16, 0x00, 0x00, 0x00, 0x25, 0x15, 0x21, 0x00, 0x15, 0x04, 0x09, 0x00,
  0x07, 0x23, 0x00, 0x04, 0x09, 0x00, 0x01, 0x00, 0x00, 0x26, 0x24, 0x00, 0x18, 0x01, 0x04, 0x20,
  0x00, 0x01, 0x04, 0x09, 0x00, 0x0d, 0x23, 0x00, 0x07, 0x01, 0x0e, 0x00, 0x1d, 0x09, 0x00, 0x04,
  0x00, 0x00, 0x28, 0x10, 0x24, 0x00, 0x27, 0x01, 0x1d, 0x21, 0x00, 0x15, 0x04, 0x09, 0x00, 0x09,
  0x09, 0x00, 0x04, 0x00, 0x00, 0x29, 0x10, 0x00, 0x00, 0x2a, 0x16, 0x23, 0x01, 0x04, 0x20, 0x00,
  0x01, 0x04, 0x07, 0x01, 0x0e, 0x00, 0x1d, 0x09, 0x00, 0x04, 0x00, 0x00, 0x2b, 0x10, 0x24, 0x00,
  0x24, 0x01, 0x04, 0x09, 0x00, 0x01, 0x00, 0x00, 0x2d, 0x09, 0x00, 0x0b, 0x00, 0x00, 0x2e, 0x09,
  0x00, 0x04, 0x00, 0x00, 0x2f, 0x10, 0x16, 0x23, 0x01, 0x16, 0x00, 0x00, 0x30, 0x16, 0x09, 0x00,
  0x0b, 0x00, 0x00, 0x31, 0x09, 0x00, 0x04, 0x00, 0x00, 0x32, 0x10, 0x16, 0x00, 0x00, 0x33, 0x16,
  0x23, 0x01, 0x16, 0x24, 0x00, 0x2c, 0x01, 0x04, 0x09, 0x00, 0x0f, 0x07, 0x01, 0x23, 0x01, 0x04,
  0x09, 0x00, 0x21, 0x00, 0x00, 0x34, 0x09, 0x00, 0x04, 0x00, 0x00, 0x35, 0x10, 0x16, 0x23, 0x01,
  0x04, 0x04, 0x20, 0x00, 0xb5, 0x04, 0x09, 0x00, 0x00, 0x00, 0x00, 0x36, 0x13, 0x21, 0x00, 0x98,
  0x04, 0x09, 0x00, 0x0d, 0x23, 0x00, 0x07, 0x01, 0x0e, 0x00, 0x1d, 0x24, 0x00, 0x16, 0x00, 0x00,
  0x00, 0x37, 0x13, 0x21, 0x00, 0x0d, 0x04, 0x09, 0x00, 0x21, 0x00, 0x00, 0x38, 0x23, 0x01, 0x04,
  0x20, 0x00, 0x01, 0x04, 0x07, 0x01, 0x0e, 0x00, 0x1d, 0x24, 0x00, 0x1f, 0x00, 0x00, 0x00, 0x39,
  0x2a, 0x02, 0x00, 0x5e, 0x09, 0x00, 0x3a, 0x00, 0x00, 0x3c, 0x07, 0x04, 0x16, 0x24, 0x00, 0x3b,
  0x01, 0x21, 0x00, 0x03, 0x20, 0x00, 0x12, 0x04, 0x09, 0x00, 0x3a, 0x00, 0x00, 0x3d, 0x07, 0x04,
  0x16, 0x00, 0x00, 0x3e, 0x16, 0x24, 0x00, 0x3b, 0x01, 0x07, 0x05, 0x21, 0x00, 0x04, 0x04, 0x00,
  0x00, 0x3f, 0x21, 0x00, 0x03, 0x20, 0x00, 0x04, 0x04, 0x00, 0x00, 0x40, 0x09, 0x00, 0x21, 0x00,
  0x00, 0x41, 0x07, 0x04, 0x16, 0x00, 0x00, 0x42, 0x16, 0x07, 0x01, 0x0e, 0x00, 0x1d, 0x07, 0x04,
  0x10, 0x16, 0x00, 0x00, 0x43, 0x16, 0x07, 0x06, 0x16, 0x23, 0x01, 0x04, 0x04, 0x04, 0x04, 0x22,
  0x00, 0x62, 0x04, 0x04, 0x04, 0x20, 0x00, 0x12, 0x04, 0x09, 0x00, 0x07, 0x23, 0x00, 0x04, 0x09,
  0x00, 0x01, 0x00, 0x00, 0x44, 0x24, 0x00, 0x18, 0x01, 0x04, 0x01, 0x27, 0x2a, 0x00, 0x00, 0x00,
  0x0d, 0x00, 0x00, 0x00, 0x0d, 0x00, 0x00, 0x00, 0x0e, 0x00, 0x00, 0x00, 0x10, 0x00, 0x00, 0x00,
  0x12, 0x00, 0x00, 0x00, 0x06, 0x00, 0x00, 0x00, 0x17, 0x00, 0x00, 0x00, 0x06, 0x00, 0x00, 0x00,
  0x1a, 0x00, 0x00, 0x00, 0x06, 0x00, 0x00, 0x00, 0x23, 0x00, 0x00, 0x00, 0x06, 0x00, 0x00, 0x00,
  0x27, 0x00, 0x00, 0x00, 0x06, 0x00, 0x00, 0x00, 0x2f, 0x00, 0x00, 0x00, 0x06, 0x00, 0x00, 0x00,
  0x45, 0x00, 0x00, 0x00, 0x06, 0x00, 0x00, 0x00, 0x47, 0x00, 0x00, 0x00, 0x0b, 0x00, 0x00, 0x00,
  0x48, 0x00, 0x00, 0x00, 0x24, 0x00, 0x00, 0x00, 0x49, 0x00, 0x00, 0x00, 0x07, 0x00, 0x00, 0x00,
  0x4a, 0x00, 0x00, 0x00, 0x24, 0x00, 0x00, 0x00, 0x4b, 0x00, 0x00, 0x00, 0x0a, 0x00, 0x00, 0x00,
  0x4c, 0x00, 0x00, 0x00, 0x05, 0x00, 0x00, 0x00, 0x4d, 0x00, 0x00, 0x00, 0x0b, 0x00, 0x00, 0x00,
  0x4e, 0x00, 0x00, 0x00, 0x08, 0x00, 0x00, 0x00, 0x4f, 0x00, 0x00, 0x00, 0x12, 0x00, 0x00, 0x00,
  0x50, 0x00, 0x00, 0x00, 0x05, 0x00, 0x00, 0x00, 0x51, 0x00, 0x00, 0x00, 0x09, 0x00, 0x00, 0x00,
  0x52, 0x00, 0x00, 0x00, 0x1b, 0x00, 0x00, 0x00, 0x53, 0x00, 0x00, 0x00, 0x1f, 0x00, 0x00, 0x00,
  0x54, 0x00, 0x00, 0x00, 0x11, 0x00, 0x00, 0x00, 0x55, 0x00, 0x00, 0x00, 0x24, 0x00, 0x00, 0x00,
  0x56, 0x00, 0x00, 0x00, 0x05, 0x00, 0x00, 0x00, 0x57, 0x00, 0x00, 0x00, 0x2a, 0x00, 0x00, 0x00,
  0x58, 0x00, 0x00, 0x00, 0x11, 0x00, 0x00, 0x00, 0x59, 0x00, 0x00, 0x00, 0x35, 0x00, 0x00, 0x00,
  0x5a, 0x00, 0x00, 0x00, 0x08, 0x00, 0x00, 0x00, 0x5b, 0x00, 0x00, 0x00, 0x11, 0x00, 0x00, 0x00,
  0x5c, 0x00, 0x00, 0x00, 0x10, 0x00, 0x00, 0x00, 0x5d, 0x00, 0x00, 0x00, 0x05, 0x00, 0x00, 0x00,
  0x5e, 0x00, 0x00, 0x00, 0x1e, 0x00, 0x00, 0x00, 0x5f, 0x00, 0x00, 0x00, 0x10, 0x00, 0x00, 0x00,
  0x60, 0x00, 0x00, 0x00, 0x25, 0x00, 0x00, 0x00, 0x61, 0x00, 0x00, 0x00, 0x13, 0x00, 0x00, 0x00,
  0x62, 0x00, 0x00, 0x00, 0x20, 0x00, 0x00, 0x00, 0x63, 0x00, 0x00, 0x00, 0x08, 0x00, 0x00, 0x00,
  0x64, 0x00, 0x00, 0x00, 0x05, 0x00, 0x00, 0x00, 0x65, 0x00, 0x00, 0x00, 0x06, 0x00, 0x00, 0x00,
  0x66, 0x00, 0x00, 0x00, 0x0b, 0x00, 0x00, 0x00, 0x67, 0x00, 0x00, 0x00, 0x02, 0x00, 0x00, 0x00,
  0x45, 0x00, 0x00, 0x00, 0x01, 0x07, 0x00, 0x00, 0x00, 0x63, 0x6f, 0x6d, 0x6d, 0x61, 0x6e, 0x64,
  0x01, 0x02, 0x00, 0x00, 0x00, 0x6f, 0x73, 0x01, 0x04, 0x00, 0x00, 0x00, 0x61, 0x72, 0x67, 0x73,
  0x00, 0x00, 0x00, 0x00, 0x00, 0x00, 0x00, 0x00, 0x00, 0x01, 0x04, 0x00, 0x00, 0x00, 0x72, 0x65,
  0x73, 0x74, 0x01, 0x05, 0x00, 0x00, 0x00, 0x73, 0x6c, 0x69, 0x63, 0x65, 0x00, 0x00, 0x00, 0x00,
  0x00, 0x00, 0x00, 0xf0, 0x3f, 0x01, 0x05, 0x00, 0x00, 0x00, 0x75, 0x73, 0x61, 0x67, 0x65, 0x02,
  0x00, 0x00, 0x00, 0x00, 0x01, 0x03, 0x00, 0x00, 0x00, 0x64, 0x69, 0x65, 0x02, 0x01, 0x00, 0x00,
  0x00, 0x01, 0x01, 0x00, 0x00, 0x00, 0x71, 0x02, 0x02, 0x00, 0x00, 0x00, 0x01, 0x0d, 0x00, 0x00,
  0x00, 0x72, 0x65, 0x61, 0x64, 0x5f, 0x6d, 0x61, 0x6e, 0x69, 0x66, 0x65, 0x73, 0x74, 0x02, 0x03,
  0x00, 0x00, 0x00, 0x01, 0x0e, 0x00, 0x00, 0x00, 0x77, 0x72, 0x69, 0x74, 0x65, 0x5f, 0x6d, 0x61,
  0x6e, 0x69, 0x66, 0x65, 0x73, 0x74, 0x02, 0x04, 0x00, 0x00, 0x00, 0x01, 0x0c, 0x00, 0x00, 0x00,
  0x64, 0x65, 0x66, 0x61, 0x75, 0x6c, 0x74, 0x5f, 0x6e, 0x61, 0x6d, 0x65, 0x02, 0x06, 0x00, 0x00,
  0x00, 0x01, 0x07, 0x00, 0x00, 0x00, 0x69, 0x6e, 0x73, 0x74, 0x61, 0x6c, 0x6c, 0x02, 0x07, 0x00,
  0x00, 0x00, 0x01, 0x03, 0x00, 0x00, 0x00, 0x61, 0x64, 0x64, 0x01, 0x03, 0x00, 0x00, 0x00, 0x6c,
  0x65, 0x6e, 0x00, 0x00, 0x00, 0x00, 0x00, 0x00, 0x00, 0xf0, 0x3f, 0x01, 0x04, 0x00, 0x00, 0x00,
  0x65, 0x78, 0x69, 0x74, 0x00, 0x00, 0x00, 0x00, 0x00, 0x00, 0x00, 0x50, 0x40, 0x00, 0x00, 0x00,
  0x00, 0x00, 0x00, 0x00, 0x00, 0x00, 0x00, 0x00, 0x00, 0x00, 0x00, 0x00, 0x00, 0xf0, 0x3f, 0x00,
  0x00, 0x00, 0x00, 0x00, 0x00, 0x00, 0xf0, 0x3f, 0x01, 0x0c, 0x00, 0x00, 0x00, 0x64, 0x65, 0x70,
  0x65, 0x6e, 0x64, 0x65, 0x6e, 0x63, 0x69, 0x65, 0x73, 0x01, 0x07, 0x00, 0x00, 0x00, 0x69, 0x6e,
  0x73, 0x74, 0x61, 0x6c, 0x6c, 0x01, 0x04, 0x00, 0x00, 0x00, 0x6b, 0x65, 0x79, 0x73, 0x00, 0x00,
  0x00, 0x00, 0x00, 0x00, 0x00, 0x00, 0x00, 0x01, 0x05, 0x00, 0x00, 0x00, 0x70, 0x72, 0x69, 0x6e,
  0x74, 0x01, 0x33, 0x00, 0x00, 0x00, 0x4e, 0x6f, 0x74, 0x68, 0x69, 0x6e, 0x67, 0x20, 0x74, 0x6f,
  0x20, 0x69, 0x6e, 0x73, 0x74, 0x61, 0x6c, 0x6c, 0x3a, 0x20, 0x66, 0x61, 0x78, 0x61, 0x6c, 0x2e,
  0x6a, 0x73, 0x6f, 0x6e, 0x20, 0x68, 0x61, 0x73, 0x20, 0x6e, 0x6f, 0x20, 0x64, 0x65, 0x70, 0x65,
  0x6e, 0x64, 0x65, 0x6e, 0x63, 0x69, 0x65, 0x73, 0x2e, 0x00, 0x00, 0x00, 0x00, 0x00, 0x00, 0x00,
  0x00, 0x00, 0x01, 0x06, 0x00, 0x00, 0x00, 0x72, 0x65, 0x6d, 0x6f, 0x76, 0x65, 0x00, 0x00, 0x00,
  0x00, 0x00, 0x00, 0x00, 0xf0, 0x3f, 0x00, 0x00, 0x00, 0x00, 0x00, 0x00, 0x00, 0x50, 0x40, 0x01,
  0x03, 0x00, 0x00, 0x00, 0x68, 0x61, 0x73, 0x00, 0x00, 0x00, 0x00, 0x00, 0x00, 0x00, 0x00, 0x00,
  0x00, 0x00, 0x00, 0x00, 0x00, 0x00, 0x00, 0x00, 0x00, 0x01, 0x15, 0x00, 0x00, 0x00, 0x20, 0x69,
  0x73, 0x20, 0x6e, 0x6f, 0x74, 0x20, 0x69, 0x6e, 0x20, 0x66, 0x61, 0x78, 0x61, 0x6c, 0x2e, 0x6a,
  0x73, 0x6f, 0x6e, 0x00, 0x00, 0x00, 0x00, 0x00, 0x00, 0x00, 0x00, 0x00, 0x01, 0x03, 0x00, 0x00,
  0x00, 0x72, 0x75, 0x6e, 0x01, 0x07, 0x00, 0x00, 0x00, 0x72, 0x6d, 0x20, 0x2d, 0x72, 0x66, 0x20,
  0x01, 0x0b, 0x00, 0x00, 0x00, 0x66, 0x78, 0x5f, 0x6d, 0x6f, 0x64, 0x75, 0x6c, 0x65, 0x73, 0x2f,
  0x00, 0x00, 0x00, 0x00, 0x00, 0x00, 0x00, 0x00, 0x00, 0x01, 0x01, 0x00, 0x00, 0x00, 0x20, 0x01,
  0x0b, 0x00, 0x00, 0x00, 0x66, 0x78, 0x5f, 0x6d, 0x6f, 0x64, 0x75, 0x6c, 0x65, 0x73, 0x2f, 0x00,
  0x00, 0x00, 0x00, 0x00, 0x00, 0x00, 0x00, 0x00, 0x01, 0x03, 0x00, 0x00, 0x00, 0x2e, 0x66, 0x78,
  0x01, 0x0a, 0x00, 0x00, 0x00, 0x20, 0x20, 0x72, 0x65, 0x6d, 0x6f, 0x76, 0x65, 0x64, 0x20, 0x00,
  0x00, 0x00, 0x00, 0x00, 0x00, 0x00, 0x00, 0x00, 0x01, 0x04, 0x00, 0x00, 0x00, 0x6c, 0x69, 0x73,
  0x74, 0x00, 0x00, 0x00, 0x00, 0x00, 0x00, 0x00, 0x00, 0x00, 0x01, 0x2d, 0x00, 0x00, 0x00, 0x4e,
  0x6f, 0x20, 0x70, 0x61, 0x63, 0x6b, 0x61, 0x67, 0x65, 0x73, 0x2e, 0x20, 0x41, 0x64, 0x64, 0x20,
  0x6f, 0x6e, 0x65, 0x20, 0x77, 0x69, 0x74, 0x68, 0x3a, 0x20, 0x66, 0x61, 0x78, 0x61, 0x6c, 0x20,
  0x61, 0x64, 0x64, 0x20, 0x3c, 0x73, 0x6f, 0x75, 0x72, 0x63, 0x65, 0x3e, 0x00, 0x00, 0x00, 0x00,
  0x00, 0x00, 0x00, 0x00, 0x00, 0x01, 0x02, 0x00, 0x00, 0x00, 0x66, 0x73, 0x01, 0x06, 0x00, 0x00,
  0x00, 0x65, 0x78, 0x69, 0x73, 0x74, 0x73, 0x01, 0x0b, 0x00, 0x00, 0x00, 0x66, 0x78, 0x5f, 0x6d,
  0x6f, 0x64, 0x75, 0x6c, 0x65, 0x73, 0x2f, 0x01, 0x0b, 0x00, 0x00, 0x00, 0x66, 0x78, 0x5f, 0x6d,
  0x6f, 0x64, 0x75, 0x6c, 0x65, 0x73, 0x2f, 0x01, 0x03, 0x00, 0x00, 0x00, 0x2e, 0x66, 0x78, 0x01,
  0x0b, 0x00, 0x00, 0x00, 0x28, 0x69, 0x6e, 0x73, 0x74, 0x61, 0x6c, 0x6c, 0x65, 0x64, 0x29, 0x01,
  0x1c, 0x00, 0x00, 0x00, 0x28, 0x6d, 0x69, 0x73, 0x73, 0x69, 0x6e, 0x67, 0x3a, 0x20, 0x72, 0x75,
  0x6e, 0x20, 0x66, 0x61, 0x78, 0x61, 0x6c, 0x20, 0x69, 0x6e, 0x73, 0x74, 0x61, 0x6c, 0x6c, 0x29,
  0x01, 0x00, 0x00, 0x00, 0x00, 0x01, 0x02, 0x00, 0x00, 0x00, 0x20, 0x20, 0x01, 0x02, 0x00, 0x00,
  0x00, 0x20, 0x20, 0x00, 0x00, 0x00, 0x00, 0x00, 0x00, 0x00, 0x50, 0x40, 0xc4, 0xd7, 0x63, 0xcb,
};

/* tools/run */
static const unsigned char embedded_21[] = {
  0x7f, 0x46, 0x58, 0x43, 0x01, 0x00, 0x01, 0x00, 0x00, 0x00, 0x00, 0x00, 0x05, 0x00, 0x00, 0x00,
  0x31, 0x2e, 0x30, 0x2e, 0x30, 0x06, 0x00, 0x00, 0x00, 0x72, 0x75, 0x6e, 0x2e, 0x66, 0x78, 0x01,
  0x00, 0x00, 0x00, 0xff, 0xff, 0xff, 0xff, 0x00, 0x00, 0x00, 0x00, 0x01, 0x60, 0x00, 0x00, 0x00,
  0x09, 0x00, 0x00, 0x00, 0x00, 0x02, 0x24, 0x00, 0x01, 0x01, 0x1d, 0x21, 0x00, 0x21, 0x04, 0x09,
  0x00, 0x03, 0x00, 0x00, 0x04, 0x23, 0x01, 0x04, 0x09, 0x00, 0x03, 0x00, 0x00, 0x05, 0x23, 0x01,
  0x04, 0x09, 0x00, 0x06, 0x00, 0x00, 0x08, 0x24, 0x00, 0x07, 0x01, 0x04, 0x20, 0x00, 0x01, 0x04,
  0x09, 0x00, 0x0a, 0x09, 0x00, 0x00, 0x00, 0x00, 0x0d, 0x24, 0x00, 0x0c, 0x01, 0x24, 0x00, 0x0b,
  0x01, 0x0a, 0x00, 0x09, 0x09, 0x00, 0x0e, 0x00, 0x00, 0x0f, 0x09, 0x00, 0x09, 0x37, 0x00, 0x03,
  0x0e, 0x00, 0x10, 0x38, 0x00, 0x04, 0x04, 0x00, 0x00, 0x11, 0x16, 0x23, 0x01, 0x04, 0x01, 0x27,
  0x07, 0x00, 0x00, 0x00, 0x03, 0x00, 0x00, 0x00, 0x0f, 0x00, 0x00, 0x00, 0x04, 0x00, 0x00, 0x00,
  0x09, 0x00, 0x00, 0x00, 0x05, 0x00, 0x00, 0x00, 0x09, 0x00, 0x00, 0x00, 0x06, 0x00, 0x00, 0x00,
  0x0b, 0x00, 0x00, 0x00, 0x07, 0x00, 0x00, 0x00, 0x04, 0x00, 0x00, 0x00, 0x08, 0x00, 0x00, 0x00,
  0x14, 0x00, 0x00, 0x00, 0x09, 0x00, 0x00, 0x00, 0x1c, 0x00, 0x00, 0x00, 0x12, 0x00, 0x00, 0x00,
  0x01, 0x02, 0x00, 0x00, 0x00, 0x66, 0x73, 0x01, 0x06, 0x00, 0x00, 0x00, 0x65, 0x78, 0x69, 0x73,
  0x74, 0x73, 0x01, 0x0a, 0x00, 0x00, 0x00, 0x66, 0x61, 0x78, 0x61, 0x6c, 0x2e, 0x6a, 0x73, 0x6f,
  0x6e, 0x01, 0x05, 0x00, 0x00, 0x00, 0x70, 0x72, 0x69, 0x6e, 0x74, 0x01, 0x3d, 0x00, 0x00, 0x00,
  0x66, 0x61, 0x78, 0x61, 0x6c, 0x20, 0x72, 0x75, 0x6e, 0x3a, 0x20, 0x6e, 0x6f, 0x20, 0x66, 0x69,
  0x6c, 0x65, 0x20, 0x77, 0x61, 0x73, 0x20, 0x67, 0x69, 0x76, 0x65, 0x6e, 0x20, 0x61, 0x6e, 0x64,
  0x20, 0x74, 0x68, 0x65, 0x72, 0x65, 0x20, 0x69, 0x73, 0x20, 0x6e, 0x6f, 0x20, 0x66, 0x61, 0x78,
  0x61, 0x6c, 0x2e, 0x6a, 0x73, 0x6f, 0x6e, 0x20, 0x68, 0x65, 0x72, 0x65, 0x2e, 0x01, 0x21, 0x00,
  0x00, 0x00, 0x53, 0x74, 0x61, 0x72, 0x74, 0x20, 0x61, 0x20, 0x70, 0x72, 0x6f, 0x6a, 0x65, 0x63,
  0x74, 0x20, 0x77, 0x69, 0x74, 0x68, 0x3a, 0x20, 0x20, 0x66, 0x61, 0x78, 0x61, 0x6c, 0x20, 0x69,
  0x6e, 0x69, 0x74, 0x01, 0x02, 0x00, 0x00, 0x00, 0x6f, 0x73, 0x01, 0x04, 0x00, 0x00, 0x00, 0x65,
  0x78, 0x69, 0x74, 0x00, 0x00, 0x00, 0x00, 0x00, 0x00, 0x00, 0x50, 0x40, 0x01, 0x08, 0x00, 0x00,
  0x00, 0x6d, 0x61, 0x6e, 0x69, 0x66, 0x65, 0x73, 0x74, 0x01, 0x04, 0x00, 0x00, 0x00, 0x6a, 0x73,
  0x6f, 0x6e, 0x01, 0x06, 0x00, 0x00, 0x00, 0x64, 0x65, 0x63, 0x6f, 0x64, 0x65, 0x01, 0x04, 0x00,
  0x00, 0x00, 0x72, 0x65, 0x61, 0x64, 0x01, 0x0a, 0x00, 0x00, 0x00, 0x66, 0x61, 0x78, 0x61, 0x6c,
  0x2e, 0x6a, 0x73, 0x6f, 0x6e, 0x01, 0x04, 0x00, 0x00, 0x00, 0x6c, 0x6f, 0x61, 0x64, 0x01, 0x02,
  0x00, 0x00, 0x00, 0x2e, 0x2f, 0x01, 0x04, 0x00, 0x00, 0x00, 0x6d, 0x61, 0x69, 0x6e, 0x01, 0x07,
  0x00, 0x00, 0x00, 0x6d, 0x61, 0x69, 0x6e, 0x2e, 0x66, 0x78, 0xc3, 0x4d, 0x27, 0xae,
};

/* tools/test */
static const unsigned char embedded_22[] = {
  0x7f, 0x46, 0x58, 0x43, 0x01, 0x00, 0x01, 0x00, 0x00, 0x00, 0x00, 0x00, 0x05, 0x00, 0x00, 0x00,
  0x31, 0x2e, 0x30, 0x2e, 0x30, 0x07, 0x00, 0x00, 0x00, 0x74, 0x65, 0x73, 0x74, 0x2e, 0x66, 0x78,
  0x02, 0x00, 0x00, 0x00, 0x0a, 0x00, 0x00, 0x00, 0x66, 0x69, 0x6e, 0x64, 0x5f, 0x74, 0x65, 0x73,
  0x74, 0x73, 0x02, 0x02, 0x00, 0x00, 0x00, 0x83, 0x00, 0x00, 0x00, 0x09, 0x00, 0x00, 0x07, 0x01,
  0x24, 0x00, 0x01, 0x01, 0x21, 0x00, 0x5a, 0x04, 0x09, 0x00, 0x00, 0x07, 0x01, 0x24, 0x00, 0x02,
  0x01, 0x00, 0x00, 0x03, 0x2a, 0x03, 0x00, 0x44, 0x07, 0x05, 0x00, 0x00, 0x05, 0x24, 0x00, 0x04,
  0x01, 0x21, 0x00, 0x03, 0x20, 0x00, 0x07, 0x04, 0x07, 0x05, 0x00, 0x00, 0x06, 0x13, 0x21, 0x00,
  0x03, 0x20, 0x00, 0x07, 0x04, 0x07, 0x05, 0x00, 0x00, 0x07, 0x13, 0x21, 0x00, 0x08, 0x04, 0x04,
  0x22, 0x00, 0x2f, 0x20, 0x00, 0x01, 0x04, 0x09, 0x00, 0x08, 0x07, 0x01, 0x00, 0x00, 0x09, 0x16,
  0x07, 0x05, 0x16, 0x07, 0x02, 0x23, 0x02, 0x04, 0x04, 0x22, 0x00, 0x48, 0x04, 0x04, 0x20, 0x00,
  0x1b, 0x04, 0x07, 0x01, 0x00, 0x00, 0x0b, 0x24, 0x00, 0x0a, 0x01, 0x21, 0x00, 0x0d, 0x04, 0x07,
  0x02, 0x07, 0x01, 0x24, 0x00, 0x0c, 0x01, 0x04, 0x20, 0x00, 0x01, 0x04, 0x01, 0x27, 0x09, 0x00,
  0x00, 0x00, 0x19, 0x00, 0x00, 0x00, 0x0d, 0x00, 0x00, 0x00, 0x1a, 0x00, 0x00, 0x00, 0x10, 0x00,
  0x00, 0x00, 0x1b, 0x00, 0x00, 0x00, 0x2f, 0x00, 0x00, 0x00, 0x1c, 0x00, 0x00, 0x00, 0x11, 0x00,
  0x00, 0x00, 0x1d, 0x00, 0x00, 0x00, 0x06, 0x00, 0x00, 0x00, 0x1e, 0x00, 0x00, 0x00, 0x11, 0x00,
  0x00, 0x00, 0x1f, 0x00, 0x00, 0x00, 0x09, 0x00, 0x00, 0x00, 0x20, 0x00, 0x00, 0x00, 0x04, 0x00,
  0x00, 0x00, 0x21, 0x00, 0x00, 0x00, 0x02, 0x00, 0x00, 0x00, 0x0d, 0x00, 0x00, 0x00, 0x01, 0x02,
  0x00, 0x00, 0x00, 0x66, 0x73, 0x01, 0x06, 0x00, 0x00, 0x00, 0x69, 0x73, 0x5f, 0x64, 0x69, 0x72,
  0x01, 0x04, 0x00, 0x00, 0x00, 0x6c, 0x69, 0x73, 0x74, 0x00, 0x00, 0x00, 0x00, 0x00, 0x00, 0x00,
  0x00, 0x00, 0x01, 0x0b, 0x00, 0x00, 0x00, 0x73, 0x74, 0x61, 0x72, 0x74, 0x73, 0x5f, 0x77, 0x69,
  0x74, 0x68, 0x01, 0x01, 0x00, 0x00, 0x00, 0x2e, 0x01, 0x0a, 0x00, 0x00, 0x00, 0x66, 0x78, 0x5f,
  0x6d, 0x6f, 0x64, 0x75, 0x6c, 0x65, 0x73, 0x01, 0x0c, 0x00, 0x00, 0x00, 0x6e, 0x6f, 0x64, 0x65,
  0x5f, 0x6d, 0x6f, 0x64, 0x75, 0x6c, 0x65, 0x73, 0x01, 0x0a, 0x00, 0x00, 0x00, 0x66, 0x69, 0x6e,
  0x64, 0x5f, 0x74, 0x65, 0x73, 0x74, 0x73, 0x01, 0x01, 0x00, 0x00, 0x00, 0x2f, 0x01, 0x09, 0x00,
  0x00, 0x00, 0x65, 0x6e, 0x64, 0x73, 0x5f, 0x77, 0x69, 0x74, 0x68, 0x01, 0x08, 0x00, 0x00, 0x00,
  0x5f, 0x74, 0x65, 0x73, 0x74, 0x2e, 0x66, 0x78, 0x01, 0x04, 0x00, 0x00, 0x00, 0x70, 0x75, 0x73,
  0x68, 0xff, 0xff, 0xff, 0xff, 0x00, 0x00, 0x00, 0x00, 0x01, 0x71, 0x01, 0x00, 0x00, 0x00, 0x00,
  0x00, 0x2e, 0x0a, 0x00, 0x01, 0x00, 0x00, 0x03, 0x0a, 0x00, 0x02, 0x01, 0x0a, 0x00, 0x04, 0x09,
  0x00, 0x05, 0x0e, 0x00, 0x06, 0x00, 0x00, 0x08, 0x24, 0x00, 0x07, 0x01, 0x00, 0x00, 0x09, 0x2a,
  0x01, 0x00, 0x55, 0x07, 0x03, 0x00, 0x00, 0x0b, 0x24, 0x00, 0x0a, 0x01, 0x21, 0x00, 0x0f, 0x04,
  0x07, 0x03, 0x00, 0x00, 0x0c, 0x01, 0x12, 0x0b, 0x00, 0x04, 0x04, 0x20, 0x00, 0x36, 0x04, 0x07,
  0x03, 0x00, 0x00, 0x0d, 0x13, 0x21, 0x00, 0x03, 0x20, 0x00, 0x07, 0x04, 0x07, 0x03, 0x00, 0x00,
  0x0e, 0x13, 0x21, 0x00, 0x18, 0x04, 0x09, 0x00, 0x0f, 0x00, 0x00, 0x10, 0x23, 0x01, 0x04, 0x09,
  0x00, 0x05, 0x00, 0x00, 0x12, 0x24, 0x00, 0x11, 0x01, 0x04, 0x20, 0x00, 0x07, 0x04, 0x07, 0x03,
  0x0b, 0x00, 0x02, 0x04, 0x04, 0x22, 0x00, 0x59, 0x04, 0x04, 0x25, 0x00, 0x14, 0x0a, 0x00, 0x13,
  0x09, 0x00, 0x15, 0x09, 0x00, 0x02, 0x24, 0x00, 0x16, 0x01, 0x1d, 0x21, 0x00, 0x1c, 0x04, 0x09,
  0x00, 0x0f, 0x00, 0x00, 0x17, 0x09, 0x00, 0x02, 0x16, 0x23, 0x01, 0x04, 0x09, 0x00, 0x05, 0x00,
  0x00, 0x18, 0x24, 0x00, 0x11, 0x01, 0x04, 0x20, 0x00, 0x01, 0x04, 0x28, 0x00, 0x00, 0x0a, 0x00,
  0x19, 0x09, 0x00, 0x13, 0x09, 0x00, 0x02, 0x09, 0x00, 0x19, 0x23, 0x02, 0x04, 0x09, 0x00, 0x19,
  0x24, 0x00, 0x1a, 0x00, 0x00, 0x00, 0x1b, 0x13, 0x21, 0x00, 0x18, 0x04, 0x09, 0x00, 0x0f, 0x00,
  0x00, 0x1c, 0x23, 0x01, 0x04, 0x09, 0x00, 0x05, 0x00, 0x00, 0x1d, 0x24, 0x00, 0x11, 0x01, 0x04,
  0x20, 0x00, 0x01, 0x04, 0x00, 0x00, 0x1f, 0x0a, 0x00, 0x1e, 0x09, 0x00, 0x19, 0x00, 0x00, 0x20,
  0x2a, 0x01, 0x00, 0x3f, 0x09, 0x00, 0x01, 0x0e, 0x00, 0x21, 0x07, 0x03, 0x0f, 0x00, 0x22, 0x04,
  0x2b, 0x00, 0x0c, 0x09, 0x00, 0x23, 0x07, 0x03, 0x23, 0x01, 0x04, 0x2c, 0x20, 0x00, 0x20, 0x09,
  0x00, 0x1e, 0x00, 0x00, 0x24, 0x16, 0x0b, 0x00, 0x1e, 0x04, 0x09, 0x00, 0x0f, 0x07, 0x03, 0x23,
  0x01, 0x04, 0x09, 0x00, 0x0f, 0x00, 0x00, 0x25, 0x07, 0x04, 0x16, 0x23, 0x01, 0x04, 0x04, 0x04,
  0x22, 0x00, 0x43, 0x04, 0x04, 0x09, 0x00, 0x01, 0x09, 0x00, 0x04, 0x24, 0x00, 0x27, 0x01, 0x0a,
  0x00, 0x26, 0x09, 0x00, 0x26, 0x0e, 0x00, 0x28, 0x00, 0x00, 0x29, 0x14, 0x21, 0x00, 0x03, 0x20,
  0x00, 0x08, 0x04, 0x09, 0x00, 0x1e, 0x00, 0x00, 0x2a, 0x14, 0x21, 0x00, 0x0f, 0x04, 0x09, 0x00,
  0x05, 0x00, 0x00, 0x2b, 0x24, 0x00, 0x11, 0x01, 0x04, 0x20, 0x00, 0x01, 0x04, 0x01, 0x27, 0x23,
  0x00, 0x00, 0x00, 0x0b, 0x00, 0x00, 0x00, 0x07, 0x00, 0x00, 0x00, 0x0d, 0x00, 0x00, 0x00, 0x06,
  0x00, 0x00, 0x00, 0x0e, 0x00, 0x00, 0x00, 0x04, 0x00, 0x00, 0x00, 0x0f, 0x00, 0x00, 0x00, 0x14,
  0x00, 0x00, 0x00, 0x10, 0x00, 0x00, 0x00, 0x1c, 0x00, 0x00, 0x00, 0x11, 0x00, 0x00, 0x00, 0x17,
  0x00, 0x00, 0x00, 0x12, 0x00, 0x00, 0x00, 0x09, 0x00, 0x00, 0x00, 0x13, 0x00, 0x00, 0x00, 0x0b,
  0x00, 0x00, 0x00, 0x14, 0x00, 0x00, 0x00, 0x04, 0x00, 0x00, 0x00, 0x15, 0x00, 0x00, 0x00, 0x06,
  0x00, 0x00, 0x00, 0x16, 0x00, 0x00, 0x00, 0x06, 0x00, 0x00, 0x00, 0x21, 0x00, 0x00, 0x00, 0x06,
  0x00, 0x00, 0x00, 0x23, 0x00, 0x00, 0x00, 0x0f, 0x00, 0x00, 0x00, 0x24, 0x00, 0x00, 0x00, 0x0d,
  0x00, 0x00, 0x00, 0x25, 0x00, 0x00, 0x00, 0x0b, 0x00, 0x00, 0x00, 0x26, 0x00, 0x00, 0x00, 0x04,
  0x00, 0x00, 0x00, 0x27, 0x00, 0x00, 0x00, 0x06, 0x00, 0x00, 0x00, 0x28, 0x00, 0x00, 0x00, 0x0c,
  0x00, 0x00, 0x00, 0x29, 0x00, 0x00, 0x00, 0x0f, 0x00, 0x00, 0x00, 0x2a, 0x00, 0x00, 0x00, 0x09,
  0x00, 0x00, 0x00, 0x2b, 0x00, 0x00, 0x00, 0x0b, 0x00, 0x00, 0x00, 0x2c, 0x00, 0x00, 0x00, 0x04,
  0x00, 0x00, 0x00, 0x2e, 0x00, 0x00, 0x00, 0x06, 0x00, 0x00, 0x00, 0x2f, 0x00, 0x00, 0x00, 0x0a,
  0x00, 0x00, 0x00, 0x30, 0x00, 0x00, 0x00, 0x0c, 0x00, 0x00, 0x00, 0x31, 0x00, 0x00, 0x00, 0x03,
  0x00, 0x00, 0x00, 0x32, 0x00, 0x00, 0x00, 0x08, 0x00, 0x00, 0x00, 0x33, 0x00, 0x00, 0x00, 0x04,
  0x00, 0x00, 0x00, 0x34, 0x00, 0x00, 0x00, 0x0b, 0x00, 0x00, 0x00, 0x35, 0x00, 0x00, 0x00, 0x08,
  0x00, 0x00, 0x00, 0x36, 0x00, 0x00, 0x00, 0x0c, 0x00, 0x00, 0x00, 0x37, 0x00, 0x00, 0x00, 0x01,
  0x00, 0x00, 0x00, 0x38, 0x00, 0x00, 0x00, 0x06, 0x00, 0x00, 0x00, 0x3a, 0x00, 0x00, 0x00, 0x0d,
  0x00, 0x00, 0x00, 0x3b, 0x00, 0x00, 0x00, 0x2d, 0x00, 0x00, 0x00, 0x2c, 0x00, 0x00, 0x00, 0x01,
  0x08, 0x00, 0x00, 0x00, 0x73, 0x74, 0x64, 0x2f, 0x74, 0x65, 0x73, 0x74, 0x01, 0x01, 0x00, 0x00,
  0x00, 0x74, 0x01, 0x04, 0x00, 0x00, 0x00, 0x72, 0x6f, 0x6f, 0x74, 0x01, 0x01, 0x00, 0x00, 0x00,
  0x2e, 0x01, 0x06, 0x00, 0x00, 0x00, 0x66, 0x69, 0x6c, 0x74, 0x65, 0x72, 0x01, 0x02, 0x00, 0x00,
  0x00, 0x6f, 0x73, 0x01, 0x04, 0x00, 0x00, 0x00, 0x61, 0x72, 0x67, 0x73, 0x01, 0x05, 0x00, 0x00,
  0x00, 0x73, 0x6c, 0x69, 0x63, 0x65, 0x00, 0x00, 0x00, 0x00, 0x00, 0x00, 0x00, 0xf0, 0x3f, 0x00,
  0x00, 0x00, 0x00, 0x00, 0x00, 0x00, 0x00, 0x00, 0x01, 0x0b, 0x00, 0x00, 0x00, 0x73, 0x74, 0x61,
  0x72, 0x74, 0x73, 0x5f, 0x77, 0x69, 0x74, 0x68, 0x01, 0x09, 0x00, 0x00, 0x00, 0x2d, 0x2d, 0x66,
  0x69, 0x6c, 0x74, 0x65, 0x72, 0x3d, 0x00, 0x00, 0x00, 0x00, 0x00, 0x00, 0x00, 0x22, 0x40, 0x01,
  0x06, 0x00, 0x00, 0x00, 0x2d, 0x2d, 0x68, 0x65, 0x6c, 0x70, 0x01, 0x02, 0x00, 0x00, 0x00, 0x2d,
  0x68, 0x01, 0x05, 0x00, 0x00, 0x00, 0x70, 0x72, 0x69, 0x6e, 0x74, 0x01, 0x32, 0x00, 0x00, 0x00,
  0x75, 0x73, 0x61, 0x67, 0x65, 0x3a, 0x20, 0x66, 0x61, 0x78, 0x61, 0x6c, 0x20, 0x74, 0x65, 0x73,
  0x74, 0x20, 0x5b, 0x66, 0x6f, 0x6c, 0x64, 0x65, 0x72, 0x20, 0x6f, 0x72, 0x20, 0x66, 0x69, 0x6c,
  0x65, 0x5d, 0x20, 0x5b, 0x2d, 0x2d, 0x66, 0x69, 0x6c, 0x74, 0x65, 0x72, 0x3d, 0x74, 0x65, 0x78,
  0x74, 0x5d, 0x01, 0x04, 0x00, 0x00, 0x00, 0x65, 0x78, 0x69, 0x74, 0x00, 0x00, 0x00, 0x00, 0x00,
  0x00, 0x00, 0x00, 0x00, 0x01, 0x0a, 0x00, 0x00, 0x00, 0x66, 0x69, 0x6e, 0x64, 0x5f, 0x74, 0x65,
  0x73, 0x74, 0x73, 0x02, 0x00, 0x00, 0x00, 0x00, 0x01, 0x02, 0x00, 0x00, 0x00, 0x66, 0x73, 0x01,
  0x06, 0x00, 0x00, 0x00, 0x65, 0x78, 0x69, 0x73, 0x74, 0x73, 0x01, 0x18, 0x00, 0x00, 0x00, 0x66,
  0x61, 0x78, 0x61, 0x6c, 0x20, 0x74, 0x65, 0x73, 0x74, 0x3a, 0x20, 0x63, 0x61, 0x6e, 0x6e, 0x6f,
  0x74, 0x20, 0x66, 0x69, 0x6e, 0x64, 0x20, 0x00, 0x00, 0x00, 0x00, 0x00, 0x00, 0x80, 0x52, 0x40,
  0x01, 0x05, 0x00, 0x00, 0x00, 0x66, 0x69, 0x6c, 0x65, 0x73, 0x01, 0x03, 0x00, 0x00, 0x00, 0x6c,
  0x65, 0x6e, 0x00, 0x00, 0x00, 0x00, 0x00, 0x00, 0x00, 0x00, 0x00, 0x01, 0x3b, 0x00, 0x00, 0x00,
  0x4e, 0x6f, 0x20, 0x74, 0x65, 0x73, 0x74, 0x20, 0x66, 0x69, 0x6c, 0x65, 0x73, 0x20, 0x66, 0x6f,
  0x75, 0x6e, 0x64, 0x2e, 0x20, 0x54, 0x65, 0x73, 0x74, 0x20, 0x66, 0x69, 0x6c, 0x65, 0x73, 0x20,
  0x61, 0x72, 0x65, 0x20, 0x6e, 0x61, 0x6d, 0x65, 0x64, 0x20, 0x6c, 0x69, 0x6b, 0x65, 0x20, 0x6e,
  0x61, 0x6d, 0x65, 0x5f, 0x74, 0x65, 0x73, 0x74, 0x2e, 0x66, 0x78, 0x00, 0x00, 0x00, 0x00, 0x00,
  0x00, 0x00, 0x00, 0x00, 0x01, 0x0d, 0x00, 0x00, 0x00, 0x6c, 0x6f, 0x61, 0x64, 0x5f, 0x66, 0x61,
  0x69, 0x6c, 0x75, 0x72, 0x65, 0x73, 0x00, 0x00, 0x00, 0x00, 0x00, 0x00, 0x00, 0x00, 0x00, 0x00,
  0x00, 0x00, 0x00, 0x00, 0x00, 0x00, 0x00, 0x00, 0x01, 0x05, 0x00, 0x00, 0x00, 0x73, 0x74, 0x61,
  0x74, 0x65, 0x01, 0x04, 0x00, 0x00, 0x00, 0x66, 0x69, 0x6c, 0x65, 0x01, 0x04, 0x00, 0x00, 0x00,
  0x6c, 0x6f, 0x61, 0x64, 0x00, 0x00, 0x00, 0x00, 0x00, 0x00, 0x00, 0xf0, 0x3f, 0x01, 0x22, 0x00,
  0x00, 0x00, 0x20, 0x20, 0x46, 0x41, 0x49, 0x4c, 0x20, 0x20, 0x63, 0x6f, 0x75, 0x6c, 0x64, 0x20,
  0x6e, 0x6f, 0x74, 0x20, 0x6c, 0x6f, 0x61, 0x64, 0x20, 0x74, 0x68, 0x69, 0x73, 0x20, 0x66, 0x69,
  0x6c, 0x65, 0x3a, 0x20, 0x01, 0x06, 0x00, 0x00, 0x00, 0x72, 0x65, 0x73, 0x75, 0x6c, 0x74, 0x01,
  0x03, 0x00, 0x00, 0x00, 0x72, 0x75, 0x6e, 0x01, 0x06, 0x00, 0x00, 0x00, 0x66, 0x61, 0x69, 0x6c,
  0x65, 0x64, 0x00, 0x00, 0x00, 0x00, 0x00, 0x00, 0x00, 0x00, 0x00, 0x00, 0x00, 0x00, 0x00, 0x00,
  0x00, 0x00, 0x00, 0x00, 0x00, 0x00, 0x00, 0x00, 0x00, 0x00, 0x00, 0xf0, 0x3f, 0xf5, 0x2f, 0x89,
  0x54,
};

const EmbeddedFile embeddedFiles[] = {
  {"std/bytecode", embedded_0, sizeof embedded_0},
  {"std/collections", embedded_1, sizeof embedded_1},
  {"std/color", embedded_2, sizeof embedded_2},
  {"std/compiler", embedded_3, sizeof embedded_3},
  {"std/csv", embedded_4, sizeof embedded_4},
  {"std/datetime", embedded_5, sizeof embedded_5},
  {"std/fmt", embedded_6, sizeof embedded_6},
  {"std/iter", embedded_7, sizeof embedded_7},
  {"std/lex", embedded_8, sizeof embedded_8},
  {"std/numbers", embedded_9, sizeof embedded_9},
  {"std/path", embedded_10, sizeof embedded_10},
  {"std/random", embedded_11, sizeof embedded_11},
  {"std/regex", embedded_12, sizeof embedded_12},
  {"std/tasks", embedded_13, sizeof embedded_13},
  {"std/test", embedded_14, sizeof embedded_14},
  {"std/text", embedded_15, sizeof embedded_15},
  {"tools/fmt", embedded_16, sizeof embedded_16},
  {"tools/fxc", embedded_17, sizeof embedded_17},
  {"tools/init", embedded_18, sizeof embedded_18},
  {"tools/lsp", embedded_19, sizeof embedded_19},
  {"tools/pkg", embedded_20, sizeof embedded_20},
  {"tools/run", embedded_21, sizeof embedded_21},
  {"tools/test", embedded_22, sizeof embedded_22},
  {NULL, NULL, 0}
};
const int embeddedCount = 23;
